date,ghi_lead,cloud_lead,temp_lead,rh_lead,wind_lead,OT
2023-01-01 00:00:00,0.0000,0.0000,11.7000,83.0000,5.7000,0.0000
2023-01-01 01:00:00,0.0000,0.0000,11.1000,80.0000,5.2000,0.0000
2023-01-01 02:00:00,0.0000,0.0000,10.0000,83.0000,3.6000,0.0000
2023-01-01 03:00:00,0.0000,0.0000,10.0000,83.0000,2.6000,0.0000
2023-01-01 04:00:00,0.0000,0.0000,8.9000,89.0000,3.1000,0.0000
2023-01-01 05:00:00,0.0000,0.0000,8.3000,89.0000,2.6000,0.0000
2023-01-01 06:00:00,0.0000,40.0000,7.8000,93.0000,3.6000,0.0000
2023-01-01 07:00:00,40.0000,30.0000,8.3000,86.0000,3.6000,0.0000
2023-01-01 08:00:00,165.0000,30.0000,9.4000,83.0000,3.6000,0.3315
2023-01-01 09:00:00,367.0000,30.0000,11.1000,72.0000,3.6000,0.4955
2023-01-01 10:00:00,519.0000,0.0000,13.3000,64.0000,4.6000,0.5335
2023-01-01 11:00:00,613.0000,40.0000,15.0000,60.0000,4.1000,0.5549
2023-01-01 12:00:00,564.0000,60.0000,15.6000,60.0000,4.6000,0.6387
2023-01-01 13:00:00,418.0000,90.0000,15.6000,58.0000,7.2000,0.7138
2023-01-01 14:00:00,256.0000,80.0000,16.7000,54.0000,6.7000,0.5990
2023-01-01 15:00:00,260.0000,40.0000,16.7000,54.0000,8.8000,0.3650
2023-01-01 16:00:00,138.0000,20.0000,16.1000,58.0000,5.2000,0.1680
2023-01-01 17:00:00,29.0000,0.0000,15.0000,65.0000,5.2000,0.0209
2023-01-01 18:00:00,0.0000,0.0000,14.4000,65.0000,3.1000,0.0000
2023-01-01 19:00:00,0.0000,0.0000,13.3000,67.0000,3.6000,0.0000
2023-01-01 20:00:00,0.0000,0.0000,12.2000,69.0000,3.6000,0.0000
2023-01-01 21:00:00,0.0000,0.0000,11.7000,69.0000,3.1000,0.0000
2023-01-01 22:00:00,0.0000,0.0000,10.0000,74.0000,3.1000,0.0000
2023-01-01 23:00:00,0.0000,0.0000,8.9000,77.0000,2.6000,0.0000
2023-01-02 00:00:00,0.0000,0.0000,8.3000,80.0000,2.6000,0.0000
2023-01-02 01:00:00,0.0000,0.0000,7.2000,86.0000,3.6000,0.0000
2023-01-02 02:00:00,0.0000,0.0000,6.7000,89.0000,2.1000,0.0000
2023-01-02 03:00:00,0.0000,0.0000,6.1000,89.0000,2.6000,0.0000
2023-01-02 04:00:00,0.0000,0.0000,5.6000,93.0000,2.6000,0.0000
2023-01-02 05:00:00,0.0000,0.0000,4.4000,93.0000,2.1000,0.0000
2023-01-02 06:00:00,0.0000,0.0000,3.3000,93.0000,2.6000,0.0000
2023-01-02 07:00:00,57.0000,0.0000,5.6000,79.0000,2.6000,0.0000
2023-01-02 08:00:00,228.0000,20.0000,8.3000,58.0000,5.2000,1.0450
2023-01-02 09:00:00,424.0000,0.0000,10.6000,48.0000,5.7000,1.9221
2023-01-02 10:00:00,594.0000,20.0000,13.3000,37.0000,5.2000,2.4988
2023-01-02 11:00:00,685.0000,30.0000,15.0000,39.0000,3.1000,2.6442
2023-01-02 12:00:00,717.0000,30.0000,16.1000,29.0000,3.6000,2.2734
2023-01-02 13:00:00,627.0000,40.0000,16.7000,26.0000,2.6000,1.5206
2023-01-02 14:00:00,524.0000,80.0000,17.2000,24.0000,2.1000,1.1837
2023-01-02 15:00:00,383.0000,30.0000,17.8000,26.0000,2.1000,1.0470
2023-01-02 16:00:00,190.0000,30.0000,17.2000,28.0000,3.1000,0.4667
2023-01-02 17:00:00,38.0000,30.0000,14.4000,44.0000,2.1000,0.0610
2023-01-02 18:00:00,0.0000,30.0000,12.8000,55.0000,1.5000,0.0000
2023-01-02 19:00:00,0.0000,20.0000,12.2000,59.0000,2.1000,0.0000
2023-01-02 20:00:00,0.0000,0.0000,11.7000,55.0000,2.6000,0.0000
2023-01-02 21:00:00,0.0000,20.0000,10.6000,46.0000,3.1000,0.0000
2023-01-02 22:00:00,0.0000,10.0000,10.6000,46.0000,2.1000,0.0000
2023-01-02 23:00:00,0.0000,60.0000,11.1000,47.0000,2.6000,0.0000
2023-01-03 00:00:00,0.0000,70.0000,10.6000,50.0000,4.1000,0.0000
2023-01-03 01:00:00,0.0000,80.0000,10.6000,52.0000,3.1000,0.0000
2023-01-03 02:00:00,0.0000,90.0000,11.7000,55.0000,3.1000,0.0000
2023-01-03 03:00:00,0.0000,40.0000,10.6000,65.0000,1.5000,0.0000
2023-01-03 04:00:00,0.0000,80.0000,10.6000,66.0000,1.5000,0.0000
2023-01-03 05:00:00,0.0000,90.0000,11.1000,61.0000,2.1000,0.0000
2023-01-03 06:00:00,0.0000,90.0000,11.7000,57.0000,2.1000,0.0000
2023-01-03 07:00:00,30.0000,100.0000,12.2000,55.0000,2.1000,0.0000
2023-01-03 08:00:00,117.0000,100.0000,13.3000,51.0000,3.6000,1.2401
2023-01-03 09:00:00,168.0000,100.0000,15.0000,54.0000,4.1000,2.1605
2023-01-03 10:00:00,220.0000,100.0000,16.7000,54.0000,3.1000,2.7666
2023-01-03 11:00:00,210.0000,100.0000,18.3000,54.0000,2.6000,3.1210
2023-01-03 12:00:00,279.0000,100.0000,20.0000,53.0000,3.1000,3.1520
2023-01-03 13:00:00,317.0000,100.0000,20.6000,57.0000,5.2000,2.7413
2023-01-03 14:00:00,267.0000,100.0000,20.6000,59.0000,4.6000,2.3607
2023-01-03 15:00:00,170.0000,80.0000,20.6000,61.0000,4.1000,1.7288
2023-01-03 16:00:00,131.0000,80.0000,20.0000,63.0000,5.2000,0.7294
2023-01-03 17:00:00,20.0000,100.0000,20.0000,68.0000,2.6000,0.0961
2023-01-03 18:00:00,0.0000,100.0000,19.4000,70.0000,2.6000,0.0000
2023-01-03 19:00:00,0.0000,100.0000,20.0000,71.0000,3.6000,0.0000
2023-01-03 20:00:00,0.0000,80.0000,20.0000,73.0000,3.1000,0.0000
2023-01-03 21:00:00,0.0000,100.0000,20.6000,73.0000,3.1000,0.0000
2023-01-03 22:00:00,0.0000,100.0000,19.4000,84.0000,4.1000,0.0000
2023-01-03 23:00:00,0.0000,100.0000,20.0000,81.0000,3.1000,0.0000
2023-01-04 00:00:00,0.0000,90.0000,20.6000,78.0000,3.1000,0.0000
2023-01-04 01:00:00,0.0000,100.0000,20.6000,81.0000,4.1000,0.0000
2023-01-04 02:00:00,0.0000,90.0000,20.6000,81.0000,4.1000,0.0000
2023-01-04 03:00:00,0.0000,80.0000,20.6000,81.0000,4.6000,0.0000
2023-01-04 04:00:00,0.0000,40.0000,20.6000,84.0000,4.1000,0.0000
2023-01-04 05:00:00,0.0000,60.0000,21.1000,84.0000,4.6000,0.0000
2023-01-04 06:00:00,0.0000,40.0000,21.1000,87.0000,4.1000,0.0000
2023-01-04 07:00:00,44.0000,20.0000,21.1000,90.0000,4.6000,0.0000
2023-01-04 08:00:00,149.0000,40.0000,22.8000,82.0000,6.7000,0.5669
2023-01-04 09:00:00,360.0000,50.0000,24.4000,76.0000,6.7000,0.7832
2023-01-04 10:00:00,532.0000,50.0000,25.0000,76.0000,7.7000,0.9208
2023-01-04 11:00:00,295.0000,100.0000,24.4000,79.0000,7.2000,1.0258
2023-01-04 12:00:00,424.0000,100.0000,25.0000,76.0000,8.2000,1.2183
2023-01-04 13:00:00,381.0000,100.0000,25.0000,79.0000,7.7000,1.2189
2023-01-04 14:00:00,363.0000,70.0000,24.4000,79.0000,8.2000,0.9535
2023-01-04 15:00:00,277.0000,80.0000,24.4000,79.0000,7.2000,0.7261
2023-01-04 16:00:00,167.0000,60.0000,24.4000,82.0000,5.7000,0.3590
2023-01-04 17:00:00,37.0000,20.0000,23.3000,87.0000,4.1000,0.0317
2023-01-04 18:00:00,0.0000,0.0000,22.8000,90.0000,5.2000,0.0000
2023-01-04 19:00:00,0.0000,10.0000,22.8000,90.0000,5.2000,0.0000
2023-01-04 20:00:00,0.0000,0.0000,22.8000,90.0000,6.7000,0.0000
2023-01-04 21:00:00,0.0000,0.0000,22.8000,90.0000,6.2000,0.0000
2023-01-04 22:00:00,0.0000,40.0000,22.8000,90.0000,6.2000,0.0000
2023-01-04 23:00:00,0.0000,20.0000,22.8000,87.0000,6.2000,0.0000
2023-01-05 00:00:00,0.0000,50.0000,22.2000,90.0000,6.7000,0.0000
2023-01-05 01:00:00,0.0000,100.0000,22.8000,87.0000,5.7000,0.0000
2023-01-05 02:00:00,0.0000,30.0000,22.2000,87.0000,5.7000,0.0000
2023-01-05 03:00:00,0.0000,70.0000,22.2000,87.0000,5.2000,0.0000
2023-01-05 04:00:00,0.0000,90.0000,22.2000,90.0000,6.2000,0.0000
2023-01-05 05:00:00,0.0000,60.0000,22.2000,90.0000,5.7000,0.0000
2023-01-05 06:00:00,0.0000,70.0000,22.2000,90.0000,5.7000,0.0000
2023-01-05 07:00:00,38.0000,30.0000,22.2000,93.0000,5.2000,0.0000
2023-01-05 08:00:00,206.0000,50.0000,23.9000,87.0000,6.2000,0.9620
2023-01-05 09:00:00,227.0000,90.0000,25.0000,82.0000,7.7000,1.7910
2023-01-05 10:00:00,469.0000,90.0000,25.6000,79.0000,8.2000,1.7670
2023-01-05 11:00:00,466.0000,90.0000,26.7000,74.0000,11.8000,1.4665
2023-01-05 12:00:00,529.0000,90.0000,27.2000,69.0000,11.3000,1.6771
2023-01-05 13:00:00,496.0000,100.0000,26.7000,72.0000,8.8000,1.6409
2023-01-05 14:00:00,417.0000,100.0000,25.6000,77.0000,8.8000,1.5214
2023-01-05 15:00:00,298.0000,90.0000,25.6000,77.0000,8.8000,1.1281
2023-01-05 16:00:00,132.0000,100.0000,24.4000,85.0000,7.7000,0.5751
2023-01-05 17:00:00,13.0000,100.0000,23.9000,87.0000,7.2000,0.0877
2023-01-05 18:00:00,0.0000,100.0000,23.3000,90.0000,5.2000,0.0000
2023-01-05 19:00:00,0.0000,100.0000,23.3000,90.0000,6.2000,0.0000
2023-01-05 20:00:00,0.0000,100.0000,23.9000,87.0000,4.1000,0.0000
2023-01-05 21:00:00,0.0000,100.0000,17.8000,93.0000,7.7000,0.0000
2023-01-05 22:00:00,0.0000,80.0000,17.2000,90.0000,4.1000,0.0000
2023-01-05 23:00:00,0.0000,100.0000,16.7000,90.0000,3.1000,0.0000
2023-01-06 00:00:00,0.0000,100.0000,16.7000,90.0000,2.6000,0.0000
2023-01-06 01:00:00,0.0000,90.0000,16.7000,90.0000,0.0000,0.0000
2023-01-06 02:00:00,0.0000,100.0000,16.7000,90.0000,0.0000,0.0000
2023-01-06 03:00:00,0.0000,100.0000,16.7000,90.0000,0.0000,0.0000
2023-01-06 04:00:00,0.0000,100.0000,16.7000,90.0000,1.5000,0.0000
2023-01-06 05:00:00,0.0000,100.0000,16.7000,90.0000,0.0000,0.0000
2023-01-06 06:00:00,0.0000,90.0000,16.7000,93.0000,1.5000,0.0000
2023-01-06 07:00:00,39.0000,100.0000,17.2000,90.0000,0.0000,0.0000
2023-01-06 08:00:00,82.0000,90.0000,18.3000,81.0000,2.1000,0.7974
2023-01-06 09:00:00,150.0000,100.0000,18.9000,73.0000,1.5000,1.4071
2023-01-06 10:00:00,361.0000,100.0000,20.0000,68.0000,2.1000,2.0079
2023-01-06 11:00:00,349.0000,100.0000,21.1000,61.0000,1.5000,2.1440
2023-01-06 12:00:00,353.0000,100.0000,21.7000,61.0000,2.1000,2.2836
2023-01-06 13:00:00,277.0000,100.0000,21.1000,66.0000,3.6000,2.0793
2023-01-06 14:00:00,335.0000,100.0000,21.1000,68.0000,4.1000,1.7623
2023-01-06 15:00:00,321.0000,90.0000,21.7000,68.0000,4.1000,1.0523
2023-01-06 16:00:00,145.0000,70.0000,21.1000,68.0000,5.2000,0.3149
2023-01-06 17:00:00,32.0000,90.0000,20.0000,78.0000,3.6000,0.0158
2023-01-06 18:00:00,0.0000,100.0000,20.0000,78.0000,2.6000,0.0000
2023-01-06 19:00:00,0.0000,100.0000,20.0000,78.0000,2.6000,0.0000
2023-01-06 20:00:00,0.0000,100.0000,20.0000,78.0000,3.1000,0.0000
2023-01-06 21:00:00,0.0000,100.0000,20.0000,78.0000,3.6000,0.0000
2023-01-06 22:00:00,0.0000,70.0000,19.4000,84.0000,3.6000,0.0000
2023-01-06 23:00:00,0.0000,30.0000,18.9000,84.0000,3.1000,0.0000
2023-01-07 00:00:00,0.0000,70.0000,18.3000,87.0000,2.1000,0.0000
2023-01-07 01:00:00,0.0000,70.0000,18.3000,87.0000,1.5000,0.0000
2023-01-07 02:00:00,0.0000,90.0000,18.3000,84.0000,2.6000,0.0000
2023-01-07 03:00:00,0.0000,100.0000,18.9000,81.0000,1.5000,0.0000
2023-01-07 04:00:00,0.0000,100.0000,18.9000,84.0000,2.6000,0.0000
2023-01-07 05:00:00,0.0000,60.0000,18.9000,81.0000,2.6000,0.0000
2023-01-07 06:00:00,0.0000,30.0000,18.3000,84.0000,2.6000,0.0000
2023-01-07 07:00:00,45.0000,0.0000,18.3000,84.0000,1.5000,0.0000
2023-01-07 08:00:00,211.0000,0.0000,21.7000,76.0000,4.6000,0.4547
2023-01-07 09:00:00,406.0000,10.0000,23.9000,66.0000,3.1000,1.0054
2023-01-07 10:00:00,556.0000,20.0000,25.0000,58.0000,7.7000,1.4366
2023-01-07 11:00:00,574.0000,30.0000,25.6000,56.0000,9.3000,1.4434
2023-01-07 12:00:00,630.0000,10.0000,26.1000,47.0000,9.3000,1.3092
2023-01-07 13:00:00,661.0000,10.0000,27.2000,42.0000,5.2000,1.2314
2023-01-07 14:00:00,535.0000,10.0000,27.2000,46.0000,3.6000,1.4742
2023-01-07 15:00:00,375.0000,20.0000,26.7000,47.0000,7.2000,1.1780
2023-01-07 16:00:00,186.0000,10.0000,25.6000,52.0000,5.2000,0.4729
2023-01-07 17:00:00,40.0000,20.0000,23.3000,64.0000,4.6000,0.0615
2023-01-07 18:00:00,0.0000,0.0000,21.7000,73.0000,4.1000,0.0000
2023-01-07 19:00:00,0.0000,0.0000,20.0000,78.0000,3.6000,0.0000
2023-01-07 20:00:00,0.0000,0.0000,18.9000,73.0000,2.1000,0.0000
2023-01-07 21:00:00,0.0000,0.0000,18.3000,70.0000,4.1000,0.0000
2023-01-07 22:00:00,0.0000,0.0000,16.7000,70.0000,3.1000,0.0000
2023-01-07 23:00:00,0.0000,0.0000,15.6000,62.0000,3.1000,0.0000
2023-01-08 00:00:00,0.0000,0.0000,14.4000,55.0000,4.1000,0.0000
2023-01-08 01:00:00,0.0000,0.0000,12.8000,53.0000,5.2000,0.0000
2023-01-08 02:00:00,0.0000,0.0000,11.7000,55.0000,5.2000,0.0000
2023-01-08 03:00:00,0.0000,0.0000,11.1000,57.0000,2.6000,0.0000
2023-01-08 04:00:00,0.0000,0.0000,11.1000,61.0000,3.6000,0.0000
2023-01-08 05:00:00,0.0000,50.0000,10.6000,69.0000,2.6000,0.0000
2023-01-08 06:00:00,0.0000,30.0000,10.6000,74.0000,2.6000,0.0000
2023-01-08 07:00:00,44.0000,0.0000,11.1000,77.0000,2.6000,0.0000
2023-01-08 08:00:00,190.0000,0.0000,13.9000,72.0000,3.1000,1.0941
2023-01-08 09:00:00,356.0000,20.0000,18.9000,63.0000,3.1000,1.9146
2023-01-08 10:00:00,472.0000,30.0000,22.2000,64.0000,3.1000,2.4158
2023-01-08 11:00:00,533.0000,20.0000,24.4000,64.0000,5.7000,2.6484
2023-01-08 12:00:00,662.0000,20.0000,25.0000,58.0000,5.2000,2.9266
2023-01-08 13:00:00,606.0000,30.0000,25.6000,64.0000,6.7000,2.7903
2023-01-08 14:00:00,505.0000,30.0000,26.7000,62.0000,5.2000,2.2527
2023-01-08 15:00:00,225.0000,30.0000,25.0000,56.0000,5.7000,1.5534
2023-01-08 16:00:00,178.0000,20.0000,23.9000,64.0000,4.1000,0.7014
2023-01-08 17:00:00,32.0000,20.0000,22.8000,69.0000,3.1000,0.0973
2023-01-08 18:00:00,0.0000,0.0000,21.7000,73.0000,2.1000,0.0000
2023-01-08 19:00:00,0.0000,10.0000,20.6000,78.0000,2.6000,0.0000
2023-01-08 20:00:00,0.0000,10.0000,20.6000,84.0000,2.1000,0.0000
2023-01-08 21:00:00,0.0000,10.0000,20.6000,87.0000,2.6000,0.0000
2023-01-08 22:00:00,0.0000,10.0000,20.6000,87.0000,3.1000,0.0000
2023-01-08 23:00:00,0.0000,10.0000,21.1000,87.0000,2.6000,0.0000
2023-01-09 00:00:00,0.0000,10.0000,21.1000,90.0000,3.1000,0.0000
2023-01-09 01:00:00,0.0000,0.0000,21.7000,87.0000,3.6000,0.0000
2023-01-09 02:00:00,0.0000,10.0000,20.6000,93.0000,2.6000,0.0000
2023-01-09 03:00:00,0.0000,10.0000,21.7000,87.0000,2.6000,0.0000
2023-01-09 04:00:00,0.0000,80.0000,21.1000,87.0000,2.1000,0.0000
2023-01-09 05:00:00,0.0000,60.0000,21.1000,87.0000,2.6000,0.0000
2023-01-09 06:00:00,0.0000,90.0000,20.6000,90.0000,0.0000,0.0000
2023-01-09 07:00:00,48.0000,100.0000,21.1000,90.0000,1.5000,0.0000
2023-01-09 08:00:00,127.0000,100.0000,22.8000,84.0000,3.6000,1.0369
2023-01-09 09:00:00,225.0000,100.0000,24.4000,71.0000,5.2000,1.7079
2023-01-09 10:00:00,399.0000,100.0000,25.6000,64.0000,4.1000,2.1229
2023-01-09 11:00:00,385.0000,100.0000,25.6000,64.0000,4.6000,2.6055
2023-01-09 12:00:00,303.0000,100.0000,25.0000,67.0000,6.2000,2.8680
2023-01-09 13:00:00,326.0000,100.0000,25.6000,60.0000,4.6000,2.5832
2023-01-09 14:00:00,262.0000,100.0000,25.6000,60.0000,4.6000,1.8138
2023-01-09 15:00:00,190.0000,90.0000,24.4000,66.0000,4.1000,1.0442
2023-01-09 16:00:00,119.0000,80.0000,24.4000,66.0000,3.1000,0.6144
2023-01-09 17:00:00,38.0000,80.0000,23.3000,74.0000,2.1000,0.0752
2023-01-09 18:00:00,0.0000,80.0000,22.2000,79.0000,0.0000,0.0000
2023-01-09 19:00:00,0.0000,90.0000,22.2000,79.0000,2.1000,0.0000
2023-01-09 20:00:00,0.0000,70.0000,22.2000,79.0000,2.1000,0.0000
2023-01-09 21:00:00,0.0000,100.0000,21.1000,87.0000,5.7000,0.0000
2023-01-09 22:00:00,0.0000,70.0000,20.6000,84.0000,3.6000,0.0000
2023-01-09 23:00:00,0.0000,80.0000,20.6000,84.0000,3.1000,0.0000
2023-01-10 00:00:00,0.0000,100.0000,19.4000,90.0000,3.1000,0.0000
2023-01-10 01:00:00,0.0000,100.0000,18.3000,93.0000,6.2000,0.0000
2023-01-10 02:00:00,0.0000,100.0000,17.8000,93.0000,4.6000,0.0000
2023-01-10 03:00:00,0.0000,100.0000,17.2000,93.0000,4.6000,0.0000
2023-01-10 04:00:00,0.0000,100.0000,16.7000,93.0000,4.1000,0.0000
2023-01-10 05:00:00,0.0000,100.0000,16.7000,97.0000,3.6000,0.0000
2023-01-10 06:00:00,0.0000,100.0000,16.7000,97.0000,4.1000,0.0000
2023-01-10 07:00:00,37.0000,100.0000,16.7000,100.0000,3.1000,0.0000
2023-01-10 08:00:00,102.0000,100.0000,16.1000,97.0000,3.6000,0.6618
2023-01-10 09:00:00,202.0000,100.0000,16.7000,97.0000,3.1000,1.2043
2023-01-10 10:00:00,232.0000,100.0000,17.8000,93.0000,3.1000,1.5889
2023-01-10 11:00:00,334.0000,100.0000,19.4000,84.0000,3.1000,1.3960
2023-01-10 12:00:00,537.0000,30.0000,22.2000,73.0000,3.1000,1.2817
2023-01-10 13:00:00,627.0000,40.0000,24.4000,69.0000,3.1000,1.2125
2023-01-10 14:00:00,495.0000,40.0000,25.6000,67.0000,2.1000,0.9597
2023-01-10 15:00:00,336.0000,60.0000,25.0000,69.0000,3.6000,0.6550
2023-01-10 16:00:00,173.0000,50.0000,23.9000,74.0000,3.6000,0.3367
2023-01-10 17:00:00,33.0000,100.0000,23.3000,79.0000,4.1000,0.0891
2023-01-10 18:00:00,0.0000,90.0000,22.8000,82.0000,2.6000,0.0000
2023-01-10 19:00:00,0.0000,100.0000,21.1000,76.0000,4.1000,0.0000
2023-01-10 20:00:00,0.0000,100.0000,19.4000,93.0000,5.2000,0.0000
2023-01-10 21:00:00,0.0000,70.0000,18.3000,93.0000,5.2000,0.0000
2023-01-10 22:00:00,0.0000,50.0000,17.8000,93.0000,3.1000,0.0000
2023-01-10 23:00:00,0.0000,10.0000,17.2000,97.0000,2.1000,0.0000
2023-01-11 00:00:00,0.0000,100.0000,16.7000,97.0000,3.1000,0.0000
2023-01-11 01:00:00,0.0000,100.0000,16.1000,97.0000,4.6000,0.0000
2023-01-11 02:00:00,0.0000,100.0000,15.6000,96.0000,4.1000,0.0000
2023-01-11 03:00:00,0.0000,100.0000,15.0000,96.0000,3.1000,0.0000
2023-01-11 04:00:00,0.0000,100.0000,15.0000,96.0000,4.1000,0.0000
2023-01-11 05:00:00,0.0000,100.0000,14.4000,96.0000,6.2000,0.0000
2023-01-11 06:00:00,0.0000,100.0000,13.3000,96.0000,4.6000,0.0000
2023-01-11 07:00:00,13.0000,100.0000,11.7000,96.0000,6.7000,0.0000
2023-01-11 08:00:00,58.0000,100.0000,10.6000,96.0000,5.2000,0.6052
2023-01-11 09:00:00,135.0000,100.0000,10.0000,93.0000,8.2000,0.8769
2023-01-11 10:00:00,170.0000,100.0000,8.9000,96.0000,9.3000,1.1486
2023-01-11 11:00:00,213.0000,100.0000,9.4000,93.0000,7.7000,1.8592
2023-01-11 12:00:00,237.0000,100.0000,10.0000,93.0000,8.2000,2.5584
2023-01-11 13:00:00,261.0000,100.0000,10.6000,86.0000,8.2000,2.5902
2023-01-11 14:00:00,231.0000,100.0000,11.1000,86.0000,5.7000,2.0030
2023-01-11 15:00:00,184.0000,100.0000,12.2000,77.0000,6.7000,1.2992
2023-01-11 16:00:00,95.0000,80.0000,12.2000,77.0000,6.2000,0.5613
2023-01-11 17:00:00,38.0000,80.0000,11.7000,74.0000,6.2000,0.0619
2023-01-11 18:00:00,0.0000,80.0000,11.1000,74.0000,4.1000,0.0000
2023-01-11 19:00:00,0.0000,60.0000,11.1000,69.0000,4.1000,0.0000
2023-01-11 20:00:00,0.0000,0.0000,10.0000,74.0000,4.1000,0.0000
2023-01-11 21:00:00,0.0000,50.0000,9.4000,77.0000,2.6000,0.0000
2023-01-11 22:00:00,0.0000,0.0000,10.0000,56.0000,5.7000,0.0000
2023-01-11 23:00:00,0.0000,0.0000,8.9000,44.0000,5.2000,0.0000
2023-01-12 00:00:00,0.0000,0.0000,7.8000,40.0000,3.6000,0.0000
2023-01-12 01:00:00,0.0000,0.0000,6.7000,49.0000,3.6000,0.0000
2023-01-12 02:00:00,0.0000,0.0000,6.1000,53.0000,3.6000,0.0000
2023-01-12 03:00:00,0.0000,0.0000,5.6000,58.0000,3.6000,0.0000
2023-01-12 04:00:00,0.0000,0.0000,5.0000,53.0000,4.1000,0.0000
2023-01-12 05:00:00,0.0000,0.0000,4.4000,57.0000,4.1000,0.0000
2023-01-12 06:00:00,0.0000,0.0000,4.4000,60.0000,3.6000,0.0000
2023-01-12 07:00:00,38.0000,0.0000,3.9000,67.0000,4.1000,0.0000
2023-01-12 08:00:00,161.0000,30.0000,6.1000,68.0000,3.6000,0.3914
2023-01-12 09:00:00,387.0000,0.0000,10.0000,64.0000,4.6000,0.6409
2023-01-12 10:00:00,511.0000,0.0000,12.8000,62.0000,6.2000,0.8830
2023-01-12 11:00:00,576.0000,80.0000,15.0000,60.0000,5.2000,1.0552
2023-01-12 12:00:00,346.0000,90.0000,16.7000,58.0000,4.6000,1.0832
2023-01-12 13:00:00,378.0000,100.0000,17.2000,65.0000,5.2000,1.0477
2023-01-12 14:00:00,252.0000,100.0000,18.9000,68.0000,5.7000,0.8696
2023-01-12 15:00:00,148.0000,100.0000,19.4000,63.0000,6.7000,0.5852
2023-01-12 16:00:00,66.0000,100.0000,19.4000,63.0000,6.7000,0.2795
2023-01-12 17:00:00,17.0000,100.0000,19.4000,68.0000,5.7000,0.0845
2023-01-12 18:00:00,0.0000,100.0000,19.4000,70.0000,6.7000,0.0000
2023-01-12 19:00:00,0.0000,90.0000,19.4000,70.0000,6.7000,0.0000
2023-01-12 20:00:00,0.0000,80.0000,19.4000,70.0000,4.6000,0.0000
2023-01-12 21:00:00,0.0000,0.0000,19.4000,73.0000,6.2000,0.0000
2023-01-12 22:00:00,0.0000,20.0000,19.4000,76.0000,5.7000,0.0000
2023-01-12 23:00:00,0.0000,90.0000,20.0000,78.0000,5.7000,0.0000
2023-01-13 00:00:00,0.0000,90.0000,20.6000,76.0000,4.6000,0.0000
2023-01-13 01:00:00,0.0000,100.0000,20.6000,76.0000,6.2000,0.0000
2023-01-13 02:00:00,0.0000,100.0000,20.6000,78.0000,4.1000,0.0000
2023-01-13 03:00:00,0.0000,100.0000,20.6000,84.0000,4.6000,0.0000
2023-01-13 04:00:00,0.0000,90.0000,20.0000,90.0000,3.6000,0.0000
2023-01-13 05:00:00,0.0000,100.0000,19.4000,97.0000,1.5000,0.0000
2023-01-13 06:00:00,0.0000,100.0000,20.0000,93.0000,4.1000,0.0000
2023-01-13 07:00:00,23.0000,70.0000,20.6000,90.0000,2.6000,0.0000
2023-01-13 08:00:00,110.0000,80.0000,21.7000,90.0000,2.6000,1.1100
2023-01-13 09:00:00,294.0000,60.0000,23.3000,79.0000,6.7000,2.0042
2023-01-13 10:00:00,506.0000,40.0000,24.4000,74.0000,10.3000,2.4193
2023-01-13 11:00:00,647.0000,40.0000,25.6000,69.0000,10.3000,1.9593
2023-01-13 12:00:00,690.0000,50.0000,25.6000,69.0000,9.8000,1.5541
2023-01-13 13:00:00,536.0000,50.0000,25.0000,69.0000,7.7000,1.4424
2023-01-13 14:00:00,466.0000,40.0000,25.6000,71.0000,7.7000,0.9336
2023-01-13 15:00:00,371.0000,80.0000,24.4000,71.0000,7.7000,0.4989
2023-01-13 16:00:00,158.0000,80.0000,23.3000,82.0000,7.2000,0.1559
2023-01-13 17:00:00,35.0000,50.0000,22.8000,84.0000,7.2000,0.0780
2023-01-13 18:00:00,0.0000,50.0000,22.8000,82.0000,6.7000,0.0000
2023-01-13 19:00:00,0.0000,50.0000,22.8000,82.0000,5.2000,0.0000
2023-01-13 20:00:00,0.0000,20.0000,22.2000,84.0000,6.2000,0.0000
2023-01-13 21:00:00,0.0000,0.0000,22.2000,84.0000,5.2000,0.0000
2023-01-13 22:00:00,0.0000,40.0000,22.8000,82.0000,5.7000,0.0000
2023-01-13 23:00:00,0.0000,50.0000,22.8000,84.0000,5.2000,0.0000
2023-01-14 00:00:00,0.0000,50.0000,22.2000,87.0000,4.6000,0.0000
2023-01-14 01:00:00,0.0000,50.0000,22.2000,87.0000,3.6000,0.0000
2023-01-14 02:00:00,0.0000,70.0000,22.2000,87.0000,4.1000,0.0000
2023-01-14 03:00:00,0.0000,0.0000,21.7000,87.0000,2.6000,0.0000
2023-01-14 04:00:00,0.0000,10.0000,20.6000,90.0000,2.1000,0.0000
2023-01-14 05:00:00,0.0000,10.0000,20.6000,90.0000,2.1000,0.0000
2023-01-14 06:00:00,0.0000,10.0000,20.0000,93.0000,1.5000,0.0000
2023-01-14 07:00:00,47.0000,0.0000,20.0000,90.0000,2.1000,0.0000
2023-01-14 08:00:00,174.0000,10.0000,23.9000,76.0000,2.6000,0.7748
2023-01-14 09:00:00,386.0000,30.0000,25.0000,71.0000,4.6000,1.6503
2023-01-14 10:00:00,580.0000,50.0000,25.6000,69.0000,4.6000,2.4818
2023-01-14 11:00:00,469.0000,50.0000,26.1000,65.0000,2.1000,2.9383
2023-01-14 12:00:00,583.0000,50.0000,25.6000,64.0000,4.1000,2.8580
2023-01-14 13:00:00,679.0000,40.0000,26.1000,62.0000,5.7000,2.3314
2023-01-14 14:00:00,564.0000,40.0000,26.1000,60.0000,3.1000,2.0089
2023-01-14 15:00:00,408.0000,20.0000,26.1000,62.0000,3.1000,1.3385
2023-01-14 16:00:00,208.0000,20.0000,25.0000,69.0000,3.1000,0.4843
2023-01-14 17:00:00,51.0000,10.0000,23.9000,76.0000,3.1000,0.0793
2023-01-14 18:00:00,0.0000,10.0000,22.8000,82.0000,3.1000,0.0000
2023-01-14 19:00:00,0.0000,10.0000,21.7000,87.0000,3.1000,0.0000
2023-01-14 20:00:00,0.0000,60.0000,21.7000,90.0000,3.1000,0.0000
2023-01-14 21:00:00,0.0000,70.0000,21.7000,90.0000,2.1000,0.0000
2023-01-14 22:00:00,0.0000,90.0000,21.7000,90.0000,2.6000,0.0000
2023-01-14 23:00:00,0.0000,0.0000,20.6000,93.0000,1.5000,0.0000
2023-01-15 00:00:00,0.0000,0.0000,20.6000,90.0000,2.1000,0.0000
2023-01-15 01:00:00,0.0000,0.0000,19.4000,90.0000,2.1000,0.0000
2023-01-15 02:00:00,0.0000,0.0000,18.9000,93.0000,3.6000,0.0000
2023-01-15 03:00:00,0.0000,0.0000,18.3000,93.0000,2.6000,0.0000
2023-01-15 04:00:00,0.0000,100.0000,17.2000,100.0000,2.6000,0.0000
2023-01-15 05:00:00,0.0000,100.0000,17.2000,97.0000,2.1000,0.0000
2023-01-15 06:00:00,0.0000,20.0000,17.2000,97.0000,0.0000,0.0000
2023-01-15 07:00:00,39.0000,0.0000,18.3000,93.0000,3.1000,0.0000
2023-01-15 08:00:00,195.0000,0.0000,20.6000,84.0000,2.6000,1.0649
2023-01-15 09:00:00,372.0000,10.0000,22.8000,76.0000,3.1000,1.8640
2023-01-15 10:00:00,496.0000,10.0000,25.6000,62.0000,3.1000,2.1347
2023-01-15 11:00:00,598.0000,30.0000,25.6000,62.0000,2.1000,2.2512
2023-01-15 12:00:00,712.0000,50.0000,26.7000,56.0000,4.1000,2.7288
2023-01-15 13:00:00,657.0000,30.0000,27.2000,58.0000,5.7000,2.8867
2023-01-15 14:00:00,479.0000,30.0000,26.1000,60.0000,5.2000,2.3763
2023-01-15 15:00:00,389.0000,0.0000,26.1000,65.0000,5.7000,1.7018
2023-01-15 16:00:00,187.0000,0.0000,25.0000,71.0000,4.1000,0.8174
2023-01-15 17:00:00,38.0000,30.0000,24.4000,74.0000,3.6000,0.1557
2023-01-15 18:00:00,0.0000,20.0000,23.9000,82.0000,3.1000,0.0000
2023-01-15 19:00:00,0.0000,20.0000,23.3000,84.0000,3.1000,0.0000
2023-01-15 20:00:00,0.0000,80.0000,22.2000,90.0000,4.1000,0.0000
2023-01-15 21:00:00,0.0000,60.0000,21.7000,93.0000,3.6000,0.0000
2023-01-15 22:00:00,0.0000,80.0000,19.4000,93.0000,5.2000,0.0000
2023-01-15 23:00:00,0.0000,40.0000,18.9000,93.0000,6.2000,0.0000
2023-01-16 00:00:00,0.0000,20.0000,18.3000,97.0000,5.2000,0.0000
2023-01-16 01:00:00,0.0000,40.0000,18.3000,93.0000,4.1000,0.0000
2023-01-16 02:00:00,0.0000,50.0000,18.3000,93.0000,2.1000,0.0000
2023-01-16 03:00:00,0.0000,30.0000,17.2000,97.0000,2.6000,0.0000
2023-01-16 04:00:00,0.0000,30.0000,17.2000,93.0000,3.6000,0.0000
2023-01-16 05:00:00,0.0000,20.0000,16.7000,93.0000,2.1000,0.0000
2023-01-16 06:00:00,0.0000,0.0000,15.6000,93.0000,4.1000,0.0000
2023-01-16 07:00:00,48.0000,0.0000,15.6000,90.0000,5.2000,0.0000
2023-01-16 08:00:00,193.0000,10.0000,17.8000,81.0000,2.6000,1.0475
2023-01-16 09:00:00,390.0000,40.0000,20.0000,76.0000,4.6000,1.7489
2023-01-16 10:00:00,547.0000,30.0000,22.8000,69.0000,5.7000,2.2620
2023-01-16 11:00:00,658.0000,40.0000,25.0000,64.0000,5.2000,2.7284
2023-01-16 12:00:00,603.0000,70.0000,25.0000,67.0000,5.7000,3.0327
2023-01-16 13:00:00,538.0000,40.0000,25.6000,62.0000,5.7000,2.6143
2023-01-16 14:00:00,406.0000,60.0000,24.4000,66.0000,8.2000,2.0951
2023-01-16 15:00:00,238.0000,80.0000,24.4000,66.0000,7.2000,1.6060
2023-01-16 16:00:00,149.0000,80.0000,23.3000,71.0000,8.2000,0.6688
2023-01-16 17:00:00,43.0000,50.0000,22.8000,71.0000,8.2000,0.0892
2023-01-16 18:00:00,0.0000,40.0000,22.2000,73.0000,5.7000,0.0000
2023-01-16 19:00:00,0.0000,0.0000,22.2000,73.0000,4.1000,0.0000
2023-01-16 20:00:00,0.0000,60.0000,21.7000,73.0000,4.1000,0.0000
2023-01-16 21:00:00,0.0000,70.0000,21.7000,76.0000,4.6000,0.0000
2023-01-16 22:00:00,0.0000,90.0000,21.7000,76.0000,4.6000,0.0000
2023-01-16 23:00:00,0.0000,80.0000,21.7000,76.0000,4.1000,0.0000
2023-01-17 00:00:00,0.0000,30.0000,21.7000,79.0000,3.6000,0.0000
2023-01-17 01:00:00,0.0000,50.0000,21.1000,79.0000,2.6000,0.0000
2023-01-17 02:00:00,0.0000,70.0000,17.8000,90.0000,2.6000,0.0000
2023-01-17 03:00:00,0.0000,50.0000,17.2000,90.0000,2.6000,0.0000
2023-01-17 04:00:00,0.0000,40.0000,16.7000,90.0000,2.1000,0.0000
2023-01-17 05:00:00,0.0000,40.0000,16.7000,90.0000,2.6000,0.0000
2023-01-17 06:00:00,0.0000,50.0000,16.7000,87.0000,0.0000,0.0000
2023-01-17 07:00:00,34.0000,20.0000,16.7000,87.0000,2.1000,0.0000
2023-01-17 08:00:00,150.0000,40.0000,21.1000,84.0000,2.6000,1.1056
2023-01-17 09:00:00,308.0000,60.0000,23.3000,71.0000,4.6000,1.8976
2023-01-17 10:00:00,457.0000,60.0000,24.4000,62.0000,4.6000,2.5022
2023-01-17 11:00:00,483.0000,60.0000,24.4000,62.0000,6.2000,2.7606
2023-01-17 12:00:00,454.0000,60.0000,25.0000,60.0000,4.6000,2.5812
2023-01-17 13:00:00,652.0000,40.0000,24.4000,62.0000,6.2000,2.1841
2023-01-17 14:00:00,370.0000,50.0000,25.0000,62.0000,7.2000,1.4299
2023-01-17 15:00:00,311.0000,50.0000,24.4000,64.0000,5.7000,0.8409
2023-01-17 16:00:00,166.0000,40.0000,24.4000,66.0000,7.2000,0.4589
2023-01-17 17:00:00,53.0000,20.0000,23.3000,66.0000,4.1000,0.0976
2023-01-17 18:00:00,0.0000,20.0000,22.8000,71.0000,3.1000,0.0000
2023-01-17 19:00:00,0.0000,20.0000,21.7000,79.0000,3.1000,0.0000
2023-01-17 20:00:00,0.0000,10.0000,21.1000,84.0000,3.1000,0.0000
2023-01-17 21:00:00,0.0000,10.0000,21.1000,84.0000,3.1000,0.0000
2023-01-17 22:00:00,0.0000,0.0000,21.7000,84.0000,2.6000,0.0000
2023-01-17 23:00:00,0.0000,0.0000,21.7000,84.0000,3.1000,0.0000
2023-01-18 00:00:00,0.0000,70.0000,20.6000,87.0000,3.1000,0.0000
2023-01-18 01:00:00,0.0000,90.0000,20.0000,90.0000,0.0000,0.0000
2023-01-18 02:00:00,0.0000,90.0000,20.6000,90.0000,0.0000,0.0000
2023-01-18 03:00:00,0.0000,90.0000,20.0000,90.0000,2.1000,0.0000
2023-01-18 04:00:00,0.0000,90.0000,20.0000,93.0000,2.1000,0.0000
2023-01-18 05:00:00,0.0000,90.0000,20.0000,93.0000,0.0000,0.0000
2023-01-18 06:00:00,0.0000,90.0000,20.6000,93.0000,1.5000,0.0000
2023-01-18 07:00:00,34.0000,90.0000,19.4000,93.0000,2.1000,0.0000
2023-01-18 08:00:00,121.0000,80.0000,21.7000,87.0000,0.0000,0.8386
2023-01-18 09:00:00,240.0000,80.0000,22.8000,84.0000,2.1000,1.4875
2023-01-18 10:00:00,323.0000,90.0000,24.4000,74.0000,2.1000,1.9431
2023-01-18 11:00:00,450.0000,80.0000,26.1000,65.0000,2.1000,1.9717
2023-01-18 12:00:00,492.0000,80.0000,26.7000,58.0000,4.1000,2.3762
2023-01-18 13:00:00,628.0000,80.0000,25.6000,69.0000,5.2000,2.3289
2023-01-18 14:00:00,345.0000,80.0000,25.6000,67.0000,5.2000,1.5186
2023-01-18 15:00:00,269.0000,80.0000,25.0000,69.0000,5.2000,1.1200
2023-01-18 16:00:00,122.0000,80.0000,25.0000,71.0000,4.1000,0.5624
2023-01-18 17:00:00,37.0000,80.0000,23.9000,76.0000,3.1000,0.1597
2023-01-18 18:00:00,0.0000,80.0000,23.3000,82.0000,2.1000,0.0000
2023-01-18 19:00:00,0.0000,90.0000,22.8000,87.0000,2.6000,0.0000
2023-01-18 20:00:00,0.0000,90.0000,22.8000,84.0000,2.6000,0.0000
2023-01-18 21:00:00,0.0000,100.0000,22.2000,87.0000,2.1000,0.0000
2023-01-18 22:00:00,0.0000,100.0000,22.2000,84.0000,2.6000,0.0000
2023-01-18 23:00:00,0.0000,70.0000,22.2000,84.0000,3.1000,0.0000
2023-01-19 00:00:00,0.0000,80.0000,21.1000,87.0000,1.5000,0.0000
2023-01-19 01:00:00,0.0000,50.0000,21.1000,84.0000,0.0000,0.0000
2023-01-19 02:00:00,0.0000,50.0000,20.6000,84.0000,0.0000,0.0000
2023-01-19 03:00:00,0.0000,70.0000,20.0000,90.0000,0.0000,0.0000
2023-01-19 04:00:00,0.0000,20.0000,20.0000,87.0000,0.0000,0.0000
2023-01-19 05:00:00,0.0000,0.0000,19.4000,90.0000,1.5000,0.0000
2023-01-19 06:00:00,0.0000,40.0000,19.4000,90.0000,1.5000,0.0000
2023-01-19 07:00:00,28.0000,50.0000,20.0000,87.0000,2.1000,0.0000
2023-01-19 08:00:00,172.0000,30.0000,21.7000,84.0000,2.6000,0.6789
2023-01-19 09:00:00,383.0000,70.0000,23.9000,74.0000,1.5000,1.1084
2023-01-19 10:00:00,501.0000,80.0000,25.6000,64.0000,1.5000,1.5530
2023-01-19 11:00:00,407.0000,70.0000,25.6000,64.0000,2.6000,1.9486
2023-01-19 12:00:00,471.0000,80.0000,26.7000,62.0000,4.1000,2.3726
2023-01-19 13:00:00,479.0000,80.0000,26.1000,62.0000,4.6000,2.1921
2023-01-19 14:00:00,271.0000,80.0000,26.1000,67.0000,5.2000,1.3323
2023-01-19 15:00:00,242.0000,80.0000,25.6000,71.0000,6.2000,0.8870
2023-01-19 16:00:00,168.0000,90.0000,25.0000,71.0000,5.2000,0.3661
2023-01-19 17:00:00,48.0000,90.0000,23.9000,76.0000,4.6000,0.0932
2023-01-19 18:00:00,0.0000,90.0000,23.9000,76.0000,4.1000,0.0000
2023-01-19 19:00:00,0.0000,80.0000,23.3000,76.0000,4.6000,0.0000
2023-01-19 20:00:00,0.0000,80.0000,23.3000,76.0000,3.6000,0.0000
2023-01-19 21:00:00,0.0000,80.0000,23.3000,79.0000,4.1000,0.0000
2023-01-19 22:00:00,0.0000,30.0000,23.3000,76.0000,5.7000,0.0000
2023-01-19 23:00:00,0.0000,10.0000,23.3000,74.0000,6.2000,0.0000
2023-01-20 00:00:00,0.0000,10.0000,22.8000,76.0000,7.2000,0.0000
2023-01-20 01:00:00,0.0000,10.0000,22.8000,79.0000,5.7000,0.0000
2023-01-20 02:00:00,0.0000,10.0000,22.8000,73.0000,5.7000,0.0000
2023-01-20 03:00:00,0.0000,10.0000,22.8000,76.0000,5.7000,0.0000
2023-01-20 04:00:00,0.0000,10.0000,22.8000,73.0000,5.7000,0.0000
2023-01-20 05:00:00,0.0000,10.0000,22.8000,73.0000,5.7000,0.0000
2023-01-20 06:00:00,0.0000,10.0000,22.8000,71.0000,5.7000,0.0000
2023-01-20 07:00:00,39.0000,20.0000,22.8000,76.0000,6.7000,0.0000
2023-01-20 08:00:00,180.0000,30.0000,24.4000,69.0000,7.7000,1.0012
2023-01-20 09:00:00,349.0000,70.0000,25.0000,67.0000,8.2000,1.7169
2023-01-20 10:00:00,276.0000,90.0000,25.6000,64.0000,8.2000,1.8722
2023-01-20 11:00:00,361.0000,90.0000,25.0000,69.0000,9.8000,1.7865
2023-01-20 12:00:00,456.0000,90.0000,24.4000,74.0000,8.2000,1.9973
2023-01-20 13:00:00,241.0000,90.0000,22.2000,87.0000,5.2000,1.6675
2023-01-20 14:00:00,353.0000,100.0000,23.3000,84.0000,8.2000,1.1039
2023-01-20 15:00:00,208.0000,100.0000,21.7000,90.0000,5.2000,0.9105
2023-01-20 16:00:00,75.0000,100.0000,21.7000,90.0000,8.8000,0.5476
2023-01-20 17:00:00,10.0000,100.0000,21.7000,90.0000,7.2000,0.1268
2023-01-20 18:00:00,0.0000,80.0000,21.7000,90.0000,5.7000,0.0000
2023-01-20 19:00:00,0.0000,40.0000,22.8000,82.0000,4.1000,0.0000
2023-01-20 20:00:00,0.0000,100.0000,22.8000,82.0000,7.2000,0.0000
2023-01-20 21:00:00,0.0000,90.0000,23.3000,79.0000,7.2000,0.0000
2023-01-20 22:00:00,0.0000,90.0000,23.3000,76.0000,6.7000,0.0000
2023-01-20 23:00:00,0.0000,100.0000,22.8000,76.0000,6.2000,0.0000
2023-01-21 00:00:00,0.0000,100.0000,23.3000,74.0000,5.7000,0.0000
2023-01-21 01:00:00,0.0000,90.0000,22.8000,76.0000,6.2000,0.0000
2023-01-21 02:00:00,0.0000,100.0000,22.8000,76.0000,6.2000,0.0000
2023-01-21 03:00:00,0.0000,80.0000,22.8000,76.0000,5.7000,0.0000
2023-01-21 04:00:00,0.0000,80.0000,22.8000,76.0000,5.2000,0.0000
2023-01-21 05:00:00,0.0000,100.0000,23.3000,76.0000,6.7000,0.0000
2023-01-21 06:00:00,0.0000,100.0000,23.3000,76.0000,6.7000,0.0000
2023-01-21 07:00:00,44.0000,70.0000,23.3000,79.0000,6.2000,0.0000
2023-01-21 08:00:00,184.0000,50.0000,24.4000,74.0000,7.2000,0.9801
2023-01-21 09:00:00,386.0000,40.0000,25.0000,71.0000,8.8000,1.2605
2023-01-21 10:00:00,503.0000,40.0000,25.6000,69.0000,9.8000,1.3002
2023-01-21 11:00:00,494.0000,70.0000,26.1000,69.0000,8.8000,1.6836
2023-01-21 12:00:00,538.0000,50.0000,25.6000,71.0000,6.7000,1.4806
2023-01-21 13:00:00,717.0000,60.0000,25.6000,69.0000,7.7000,1.2192
2023-01-21 14:00:00,544.0000,60.0000,26.1000,69.0000,7.7000,1.1462
2023-01-21 15:00:00,365.0000,80.0000,25.6000,71.0000,7.7000,0.5915
2023-01-21 16:00:00,197.0000,70.0000,25.0000,71.0000,7.2000,0.1732
2023-01-21 17:00:00,42.0000,70.0000,23.9000,76.0000,7.2000,0.0182
2023-01-21 18:00:00,0.0000,70.0000,23.9000,79.0000,5.7000,0.0000
2023-01-21 19:00:00,0.0000,50.0000,23.9000,79.0000,4.6000,0.0000
2023-01-21 20:00:00,0.0000,20.0000,23.3000,82.0000,5.2000,0.0000
2023-01-21 21:00:00,0.0000,20.0000,23.3000,82.0000,5.2000,0.0000
2023-01-21 22:00:00,0.0000,20.0000,23.3000,82.0000,5.2000,0.0000
2023-01-21 23:00:00,0.0000,20.0000,22.8000,84.0000,5.2000,0.0000
2023-01-22 00:00:00,0.0000,10.0000,22.8000,84.0000,5.7000,0.0000
2023-01-22 01:00:00,0.0000,20.0000,22.8000,84.0000,4.6000,0.0000
2023-01-22 02:00:00,0.0000,20.0000,22.8000,84.0000,4.1000,0.0000
2023-01-22 03:00:00,0.0000,10.0000,22.8000,84.0000,5.2000,0.0000
2023-01-22 04:00:00,0.0000,10.0000,22.2000,87.0000,4.6000,0.0000
2023-01-22 05:00:00,0.0000,0.0000,22.2000,84.0000,4.1000,0.0000
2023-01-22 06:00:00,0.0000,40.0000,22.8000,84.0000,3.6000,0.0000
2023-01-22 07:00:00,41.0000,60.0000,22.8000,87.0000,3.1000,0.0000
2023-01-22 08:00:00,178.0000,40.0000,24.4000,79.0000,4.6000,1.0254
2023-01-22 09:00:00,410.0000,50.0000,25.6000,71.0000,5.7000,1.7818
2023-01-22 10:00:00,601.0000,50.0000,26.1000,69.0000,6.7000,2.1235
2023-01-22 11:00:00,665.0000,60.0000,26.1000,69.0000,6.2000,2.2093
2023-01-22 12:00:00,527.0000,70.0000,26.7000,67.0000,5.7000,2.7195
2023-01-22 13:00:00,527.0000,80.0000,26.1000,67.0000,6.2000,2.8402
2023-01-22 14:00:00,497.0000,50.0000,25.6000,69.0000,5.2000,2.1595
2023-01-22 15:00:00,430.0000,30.0000,25.6000,71.0000,5.7000,1.4360
2023-01-22 16:00:00,221.0000,30.0000,25.0000,74.0000,5.7000,0.6317
2023-01-22 17:00:00,57.0000,30.0000,23.9000,79.0000,4.6000,0.0922
2023-01-22 18:00:00,0.0000,30.0000,23.3000,82.0000,2.6000,0.0000
2023-01-22 19:00:00,0.0000,20.0000,22.8000,84.0000,2.6000,0.0000
2023-01-22 20:00:00,0.0000,30.0000,22.8000,84.0000,3.6000,0.0000
2023-01-22 21:00:00,0.0000,40.0000,22.8000,84.0000,2.6000,0.0000
2023-01-22 22:00:00,0.0000,40.0000,22.8000,84.0000,2.6000,0.0000
2023-01-22 23:00:00,0.0000,50.0000,22.8000,84.0000,0.0000,0.0000
2023-01-23 00:00:00,0.0000,30.0000,22.2000,87.0000,1.5000,0.0000
2023-01-23 01:00:00,0.0000,0.0000,20.6000,90.0000,1.5000,0.0000
2023-01-23 02:00:00,0.0000,10.0000,20.0000,93.0000,0.0000,0.0000
2023-01-23 03:00:00,0.0000,10.0000,20.0000,90.0000,0.0000,0.0000
2023-01-23 04:00:00,0.0000,10.0000,20.6000,90.0000,2.1000,0.0000
2023-01-23 05:00:00,0.0000,10.0000,19.4000,93.0000,2.1000,0.0000
2023-01-23 06:00:00,0.0000,10.0000,18.9000,93.0000,1.5000,0.0000
2023-01-23 07:00:00,46.0000,10.0000,20.0000,90.0000,2.1000,0.0000
2023-01-23 08:00:00,193.0000,20.0000,23.3000,79.0000,1.5000,1.0663
2023-01-23 09:00:00,401.0000,30.0000,25.0000,69.0000,5.2000,1.9915
2023-01-23 10:00:00,561.0000,30.0000,25.6000,69.0000,5.2000,2.6282
2023-01-23 11:00:00,647.0000,40.0000,25.6000,64.0000,5.2000,2.5619
2023-01-23 12:00:00,648.0000,50.0000,25.6000,67.0000,4.6000,2.2292
2023-01-23 13:00:00,623.0000,50.0000,26.7000,62.0000,5.7000,2.2828
2023-01-23 14:00:00,462.0000,70.0000,25.0000,67.0000,5.2000,2.2287
2023-01-23 15:00:00,271.0000,90.0000,25.0000,67.0000,6.2000,1.7788
2023-01-23 16:00:00,143.0000,90.0000,24.4000,69.0000,5.7000,0.8479
2023-01-23 17:00:00,45.0000,90.0000,24.4000,74.0000,2.6000,0.1933
2023-01-23 18:00:00,0.0000,90.0000,23.3000,76.0000,3.6000,0.0000
2023-01-23 19:00:00,0.0000,80.0000,23.3000,76.0000,2.1000,0.0000
2023-01-23 20:00:00,0.0000,80.0000,22.8000,82.0000,2.1000,0.0000
2023-01-23 21:00:00,0.0000,80.0000,22.8000,82.0000,2.1000,0.0000
2023-01-23 22:00:00,0.0000,80.0000,22.8000,82.0000,2.6000,0.0000
2023-01-23 23:00:00,0.0000,80.0000,22.8000,82.0000,2.6000,0.0000
2023-01-24 00:00:00,0.0000,80.0000,22.2000,81.0000,2.1000,0.0000
2023-01-24 01:00:00,0.0000,90.0000,22.8000,82.0000,3.1000,0.0000
2023-01-24 02:00:00,0.0000,100.0000,22.8000,79.0000,2.6000,0.0000
2023-01-24 03:00:00,0.0000,100.0000,22.8000,79.0000,1.5000,0.0000
2023-01-24 04:00:00,0.0000,100.0000,22.8000,82.0000,2.1000,0.0000
2023-01-24 05:00:00,0.0000,30.0000,21.1000,87.0000,2.1000,0.0000
2023-01-24 06:00:00,0.0000,20.0000,21.1000,87.0000,2.1000,0.0000
2023-01-24 07:00:00,27.0000,80.0000,21.1000,87.0000,1.5000,0.0000
2023-01-24 08:00:00,207.0000,70.0000,23.9000,74.0000,3.1000,1.0990
2023-01-24 09:00:00,426.0000,40.0000,24.4000,66.0000,4.1000,1.8885
2023-01-24 10:00:00,566.0000,40.0000,25.0000,58.0000,3.6000,2.5706
2023-01-24 11:00:00,706.0000,30.0000,26.1000,58.0000,4.1000,2.7620
2023-01-24 12:00:00,696.0000,30.0000,26.1000,58.0000,3.6000,2.7517
2023-01-24 13:00:00,688.0000,50.0000,25.6000,60.0000,3.1000,2.4946
2023-01-24 14:00:00,589.0000,40.0000,25.6000,58.0000,5.2000,1.7231
2023-01-24 15:00:00,441.0000,30.0000,25.0000,60.0000,4.6000,0.9196
2023-01-24 16:00:00,241.0000,0.0000,24.4000,62.0000,5.2000,0.4234
2023-01-24 17:00:00,57.0000,0.0000,23.3000,69.0000,4.1000,0.1055
2023-01-24 18:00:00,0.0000,0.0000,22.8000,71.0000,3.6000,0.0000
2023-01-24 19:00:00,0.0000,0.0000,21.7000,76.0000,2.6000,0.0000
2023-01-24 20:00:00,0.0000,0.0000,21.7000,73.0000,2.6000,0.0000
2023-01-24 21:00:00,0.0000,0.0000,21.1000,79.0000,3.1000,0.0000
2023-01-24 22:00:00,0.0000,0.0000,21.7000,76.0000,2.6000,0.0000
2023-01-24 23:00:00,0.0000,0.0000,21.7000,76.0000,3.6000,0.0000
2023-01-25 00:00:00,0.0000,10.0000,21.7000,76.0000,3.6000,0.0000
2023-01-25 01:00:00,0.0000,20.0000,21.7000,73.0000,4.1000,0.0000
2023-01-25 02:00:00,0.0000,10.0000,21.1000,71.0000,3.6000,0.0000
2023-01-25 03:00:00,0.0000,0.0000,20.6000,68.0000,3.6000,0.0000
2023-01-25 04:00:00,0.0000,0.0000,20.0000,73.0000,3.1000,0.0000
2023-01-25 05:00:00,0.0000,0.0000,20.0000,73.0000,3.1000,0.0000
2023-01-25 06:00:00,0.0000,0.0000,20.0000,76.0000,2.6000,0.0000
2023-01-25 07:00:00,51.0000,0.0000,20.6000,78.0000,2.6000,0.0000
2023-01-25 08:00:00,214.0000,20.0000,23.9000,71.0000,4.1000,1.0882
2023-01-25 09:00:00,408.0000,30.0000,24.4000,66.0000,6.2000,1.8912
2023-01-25 10:00:00,538.0000,30.0000,25.0000,67.0000,6.7000,2.5307
2023-01-25 11:00:00,717.0000,40.0000,26.1000,65.0000,6.7000,2.8979
2023-01-25 12:00:00,670.0000,40.0000,26.1000,65.0000,7.2000,2.9956
2023-01-25 13:00:00,683.0000,50.0000,26.1000,67.0000,7.2000,2.8120
2023-01-25 14:00:00,414.0000,50.0000,25.0000,69.0000,6.7000,2.4386
2023-01-25 15:00:00,312.0000,50.0000,25.0000,69.0000,7.2000,1.8244
2023-01-25 16:00:00,225.0000,50.0000,24.4000,71.0000,6.7000,0.9067
2023-01-25 17:00:00,59.0000,50.0000,23.9000,76.0000,5.2000,0.1831
2023-01-25 18:00:00,0.0000,50.0000,23.3000,82.0000,4.1000,0.0000
2023-01-25 19:00:00,0.0000,20.0000,23.3000,82.0000,4.1000,0.0000
2023-01-25 20:00:00,0.0000,20.0000,22.8000,84.0000,3.1000,0.0000
2023-01-25 21:00:00,0.0000,10.0000,22.8000,84.0000,3.6000,0.0000
2023-01-25 22:00:00,0.0000,60.0000,22.8000,84.0000,3.1000,0.0000
2023-01-25 23:00:00,0.0000,10.0000,22.8000,82.0000,4.6000,0.0000
2023-01-26 00:00:00,0.0000,10.0000,22.8000,82.0000,4.1000,0.0000
2023-01-26 01:00:00,0.0000,20.0000,22.8000,79.0000,3.6000,0.0000
2023-01-26 02:00:00,0.0000,10.0000,22.2000,81.0000,2.6000,0.0000
2023-01-26 03:00:00,0.0000,10.0000,22.2000,81.0000,3.6000,0.0000
2023-01-26 04:00:00,0.0000,20.0000,22.8000,82.0000,4.6000,0.0000
2023-01-26 05:00:00,0.0000,20.0000,22.8000,82.0000,3.6000,0.0000
2023-01-26 06:00:00,0.0000,60.0000,22.8000,84.0000,3.6000,0.0000
2023-01-26 07:00:00,25.0000,90.0000,23.3000,76.0000,4.1000,0.0000
2023-01-26 08:00:00,106.0000,90.0000,23.3000,69.0000,5.7000,1.1119
2023-01-26 09:00:00,235.0000,80.0000,25.0000,58.0000,5.7000,1.8314
2023-01-26 10:00:00,344.0000,80.0000,24.4000,64.0000,6.2000,2.5007
2023-01-26 11:00:00,454.0000,90.0000,25.0000,71.0000,6.7000,2.8842
2023-01-26 12:00:00,542.0000,90.0000,26.1000,67.0000,6.7000,3.0130
2023-01-26 13:00:00,510.0000,90.0000,26.7000,65.0000,6.2000,2.5120
2023-01-26 14:00:00,405.0000,100.0000,26.1000,69.0000,6.7000,1.6658
2023-01-26 15:00:00,258.0000,80.0000,25.0000,71.0000,7.2000,1.3864
2023-01-26 16:00:00,129.0000,70.0000,25.0000,64.0000,5.2000,0.8396
2023-01-26 17:00:00,40.0000,70.0000,24.4000,64.0000,4.1000,0.1770
2023-01-26 18:00:00,0.0000,50.0000,23.3000,71.0000,3.1000,0.0000
2023-01-26 19:00:00,0.0000,60.0000,22.8000,76.0000,2.1000,0.0000
2023-01-26 20:00:00,0.0000,30.0000,21.7000,81.0000,2.6000,0.0000
2023-01-26 21:00:00,0.0000,0.0000,21.1000,87.0000,3.1000,0.0000
2023-01-26 22:00:00,0.0000,0.0000,21.1000,84.0000,2.6000,0.0000
2023-01-26 23:00:00,0.0000,0.0000,20.6000,90.0000,2.6000,0.0000
2023-01-27 00:00:00,0.0000,0.0000,20.0000,93.0000,3.1000,0.0000
2023-01-27 01:00:00,0.0000,0.0000,21.1000,93.0000,3.6000,0.0000
2023-01-27 02:00:00,0.0000,0.0000,21.1000,90.0000,3.6000,0.0000
2023-01-27 03:00:00,0.0000,10.0000,21.1000,93.0000,3.6000,0.0000
2023-01-27 04:00:00,0.0000,0.0000,21.1000,93.0000,4.1000,0.0000
2023-01-27 05:00:00,0.0000,60.0000,21.1000,93.0000,4.1000,0.0000
2023-01-27 06:00:00,0.0000,100.0000,21.7000,93.0000,4.1000,0.0000
2023-01-27 07:00:00,22.0000,100.0000,20.6000,90.0000,5.7000,0.0000
2023-01-27 08:00:00,59.0000,100.0000,20.6000,90.0000,3.1000,0.6410
2023-01-27 09:00:00,164.0000,100.0000,21.1000,84.0000,6.7000,1.1332
2023-01-27 10:00:00,396.0000,70.0000,22.2000,79.0000,6.7000,1.5934
2023-01-27 11:00:00,574.0000,80.0000,24.4000,64.0000,7.7000,1.9989
2023-01-27 12:00:00,592.0000,70.0000,24.4000,64.0000,8.2000,2.2255
2023-01-27 13:00:00,674.0000,40.0000,26.1000,58.0000,6.7000,1.9878
2023-01-27 14:00:00,590.0000,40.0000,25.6000,52.0000,8.2000,1.4819
2023-01-27 15:00:00,443.0000,0.0000,25.0000,50.0000,9.8000,0.8730
2023-01-27 16:00:00,248.0000,0.0000,23.9000,46.0000,9.3000,0.3386
2023-01-27 17:00:00,59.0000,0.0000,22.2000,51.0000,6.7000,0.0774
2023-01-27 18:00:00,0.0000,0.0000,20.6000,57.0000,5.2000,0.0000
2023-01-27 19:00:00,0.0000,0.0000,18.3000,68.0000,5.2000,0.0000
2023-01-27 20:00:00,0.0000,0.0000,17.8000,70.0000,5.2000,0.0000
2023-01-27 21:00:00,0.0000,0.0000,17.2000,70.0000,5.2000,0.0000
2023-01-27 22:00:00,0.0000,0.0000,16.1000,75.0000,5.7000,0.0000
2023-01-27 23:00:00,0.0000,0.0000,16.7000,70.0000,5.2000,0.0000
2023-01-28 00:00:00,0.0000,0.0000,15.0000,78.0000,4.1000,0.0000
2023-01-28 01:00:00,0.0000,0.0000,14.4000,81.0000,5.2000,0.0000
2023-01-28 02:00:00,0.0000,0.0000,13.3000,80.0000,4.6000,0.0000
2023-01-28 03:00:00,0.0000,10.0000,12.8000,77.0000,5.7000,0.0000
2023-01-28 04:00:00,0.0000,100.0000,13.9000,78.0000,4.1000,0.0000
2023-01-28 05:00:00,0.0000,60.0000,13.3000,72.0000,5.2000,0.0000
2023-01-28 06:00:00,0.0000,60.0000,12.8000,75.0000,4.1000,0.0000
2023-01-28 07:00:00,58.0000,0.0000,12.2000,77.0000,5.2000,0.0000
2023-01-28 08:00:00,221.0000,10.0000,13.9000,62.0000,8.8000,0.4401
2023-01-28 09:00:00,436.0000,20.0000,15.6000,62.0000,8.2000,1.1085
2023-01-28 10:00:00,607.0000,0.0000,17.2000,54.0000,5.7000,2.0222
2023-01-28 11:00:00,719.0000,0.0000,18.9000,51.0000,6.2000,2.4590
2023-01-28 12:00:00,754.0000,0.0000,20.0000,49.0000,4.6000,2.8019
2023-01-28 13:00:00,683.0000,20.0000,21.1000,47.0000,5.7000,2.9332
2023-01-28 14:00:00,554.0000,30.0000,21.7000,46.0000,4.6000,2.6360
2023-01-28 15:00:00,445.0000,30.0000,21.7000,44.0000,6.2000,1.9048
2023-01-28 16:00:00,235.0000,10.0000,20.6000,55.0000,5.7000,0.9047
2023-01-28 17:00:00,65.0000,10.0000,18.9000,63.0000,6.7000,0.1913
2023-01-28 18:00:00,0.0000,0.0000,18.3000,68.0000,6.2000,0.0000
2023-01-28 19:00:00,0.0000,0.0000,17.2000,70.0000,5.7000,0.0000
2023-01-28 20:00:00,0.0000,0.0000,16.1000,72.0000,7.7000,0.0000
2023-01-28 21:00:00,0.0000,20.0000,15.0000,78.0000,8.2000,0.0000
2023-01-28 22:00:00,0.0000,0.0000,14.4000,78.0000,7.2000,0.0000
2023-01-28 23:00:00,0.0000,0.0000,13.3000,83.0000,6.7000,0.0000
2023-01-29 00:00:00,0.0000,0.0000,13.3000,86.0000,5.2000,0.0000
2023-01-29 01:00:00,0.0000,0.0000,12.8000,90.0000,5.2000,0.0000
2023-01-29 02:00:00,0.0000,10.0000,12.8000,90.0000,6.2000,0.0000
2023-01-29 03:00:00,0.0000,0.0000,12.8000,86.0000,6.7000,0.0000
2023-01-29 04:00:00,0.0000,0.0000,12.8000,86.0000,5.2000,0.0000
2023-01-29 05:00:00,0.0000,0.0000,12.2000,90.0000,3.6000,0.0000
2023-01-29 06:00:00,0.0000,0.0000,11.7000,90.0000,3.6000,0.0000
2023-01-29 07:00:00,51.0000,0.0000,11.7000,86.0000,2.6000,0.0000
2023-01-29 08:00:00,233.0000,0.0000,14.4000,69.0000,4.6000,1.2009
2023-01-29 09:00:00,439.0000,0.0000,17.8000,65.0000,4.6000,2.1350
2023-01-29 10:00:00,606.0000,0.0000,19.4000,57.0000,5.7000,2.8257
2023-01-29 11:00:00,718.0000,30.0000,21.7000,49.0000,6.7000,3.2942
2023-01-29 12:00:00,601.0000,60.0000,22.8000,46.0000,4.6000,3.2522
2023-01-29 13:00:00,720.0000,60.0000,23.9000,42.0000,3.6000,2.8641
2023-01-29 14:00:00,551.0000,70.0000,23.3000,41.0000,3.6000,2.4351
2023-01-29 15:00:00,401.0000,50.0000,23.3000,38.0000,5.2000,1.8064
2023-01-29 16:00:00,224.0000,50.0000,22.2000,44.0000,4.1000,0.8989
2023-01-29 17:00:00,63.0000,30.0000,21.1000,47.0000,2.6000,0.2380
2023-01-29 18:00:00,0.0000,30.0000,19.4000,53.0000,3.1000,0.0000
2023-01-29 19:00:00,0.0000,40.0000,18.9000,54.0000,2.1000,0.0000
2023-01-29 20:00:00,0.0000,50.0000,16.7000,73.0000,1.5000,0.0000
2023-01-29 21:00:00,0.0000,50.0000,15.0000,72.0000,2.1000,0.0000
2023-01-29 22:00:00,0.0000,30.0000,15.0000,65.0000,4.1000,0.0000
2023-01-29 23:00:00,0.0000,50.0000,14.4000,60.0000,3.6000,0.0000
2023-01-30 00:00:00,0.0000,30.0000,12.8000,67.0000,4.1000,0.0000
2023-01-30 01:00:00,0.0000,30.0000,12.2000,69.0000,5.2000,0.0000
2023-01-30 02:00:00,0.0000,30.0000,11.1000,72.0000,3.6000,0.0000
2023-01-30 03:00:00,0.0000,30.0000,10.6000,77.0000,3.6000,0.0000
2023-01-30 04:00:00,0.0000,30.0000,9.4000,77.0000,3.6000,0.0000
2023-01-30 05:00:00,0.0000,0.0000,9.4000,77.0000,4.1000,0.0000
2023-01-30 06:00:00,0.0000,0.0000,10.0000,77.0000,3.6000,0.0000
2023-01-30 07:00:00,56.0000,0.0000,11.1000,77.0000,1.5000,0.0000
2023-01-30 08:00:00,248.0000,0.0000,13.9000,67.0000,3.6000,1.2187
2023-01-30 09:00:00,454.0000,0.0000,16.7000,63.0000,4.6000,2.1482
2023-01-30 10:00:00,625.0000,0.0000,18.9000,52.0000,4.6000,2.8108
2023-01-30 11:00:00,740.0000,10.0000,20.6000,38.0000,5.2000,2.8060
2023-01-30 12:00:00,777.0000,10.0000,21.7000,29.0000,4.6000,2.8090
2023-01-30 13:00:00,745.0000,20.0000,22.2000,28.0000,3.6000,2.8211
2023-01-30 14:00:00,635.0000,30.0000,22.8000,30.0000,2.1000,2.2735
2023-01-30 15:00:00,469.0000,30.0000,22.2000,33.0000,4.1000,1.6131
2023-01-30 16:00:00,243.0000,80.0000,21.1000,29.0000,4.6000,0.8179
2023-01-30 17:00:00,62.0000,80.0000,20.0000,38.0000,3.6000,0.1940
2023-01-30 18:00:00,0.0000,50.0000,17.4000,54.0000,0.4000,0.0000
2023-01-30 19:00:00,0.0000,20.0000,16.6000,61.0000,2.3000,0.0000
2023-01-30 20:00:00,0.0000,0.0000,16.0000,65.0000,3.8000,0.0000
2023-01-30 21:00:00,0.0000,0.0000,15.3000,73.0000,2.9000,0.0000
2023-01-30 22:00:00,0.0000,0.0000,14.8000,78.0000,2.9000,0.0000
2023-01-30 23:00:00,0.0000,0.0000,15.0000,77.0000,3.0000,0.0000
2023-01-31 00:00:00,0.0000,50.0000,15.0000,77.0000,2.6000,0.0000
2023-01-31 01:00:00,0.0000,40.0000,14.8000,78.0000,2.4000,0.0000
2023-01-31 02:00:00,0.0000,30.0000,14.5000,79.0000,1.6000,0.0000
2023-01-31 03:00:00,0.0000,50.0000,14.7000,79.0000,2.4000,0.0000
2023-01-31 04:00:00,0.0000,60.0000,15.0000,77.0000,1.9000,0.0000
2023-01-31 05:00:00,0.0000,70.0000,15.5000,77.0000,1.7000,0.0000
2023-01-31 06:00:00,0.0000,30.0000,14.4000,83.0000,2.6000,0.0000
2023-01-31 07:00:00,48.0000,20.0000,14.4000,83.0000,1.5000,0.0000
2023-01-31 08:00:00,188.0000,10.0000,17.8000,73.0000,1.0000,1.2534
2023-01-31 09:00:00,417.0000,20.0000,21.7000,61.0000,1.0000,2.1412
2023-01-31 10:00:00,602.0000,50.0000,22.8000,53.0000,1.5000,2.8330
2023-01-31 11:00:00,694.0000,60.0000,23.3000,50.0000,1.5000,3.2550
2023-01-31 12:00:00,640.0000,70.0000,23.9000,52.0000,3.6000,3.3977
2023-01-31 13:00:00,636.0000,70.0000,23.3000,52.0000,2.1000,3.1991
2023-01-31 14:00:00,543.0000,60.0000,22.8000,57.0000,4.1000,2.6848
2023-01-31 15:00:00,482.0000,40.0000,22.8000,57.0000,5.2000,1.9045
2023-01-31 16:00:00,261.0000,30.0000,22.2000,62.0000,5.2000,0.9061
2023-01-31 17:00:00,61.0000,20.0000,21.1000,64.0000,5.2000,0.1870
2023-01-31 18:00:00,0.0000,10.0000,20.6000,68.0000,2.6000,0.0000
2023-01-31 19:00:00,0.0000,0.0000,20.0000,71.0000,2.6000,0.0000
2023-01-31 20:00:00,0.0000,0.0000,19.4000,76.0000,2.1000,0.0000
2023-01-31 21:00:00,0.0000,0.0000,18.9000,76.0000,3.1000,0.0000
2023-01-31 22:00:00,0.0000,0.0000,18.3000,78.0000,3.1000,0.0000
2023-01-31 23:00:00,0.0000,0.0000,18.3000,75.0000,0.0000,0.0000
2023-02-01 00:00:00,0.0000,20.0000,17.2000,84.0000,1.5000,0.0000
2023-02-01 01:00:00,0.0000,0.0000,17.2000,81.0000,1.5000,0.0000
2023-02-01 02:00:00,0.0000,20.0000,17.2000,81.0000,3.1000,0.0000
2023-02-01 03:00:00,0.0000,80.0000,17.8000,78.0000,2.1000,0.0000
2023-02-01 04:00:00,0.0000,20.0000,17.2000,81.0000,3.1000,0.0000
2023-02-01 05:00:00,0.0000,10.0000,15.6000,87.0000,2.1000,0.0000
2023-02-01 06:00:00,0.0000,40.0000,15.0000,87.0000,3.1000,0.0000
2023-02-01 07:00:00,28.0000,90.0000,16.1000,81.0000,2.1000,0.0000
2023-02-01 08:00:00,201.0000,80.0000,19.4000,70.0000,1.5000,1.1435
2023-02-01 09:00:00,314.0000,80.0000,21.7000,68.0000,1.5000,2.0116
2023-02-01 10:00:00,484.0000,80.0000,23.9000,56.0000,3.6000,2.6490
2023-02-01 11:00:00,439.0000,80.0000,24.4000,54.0000,5.2000,2.8327
2023-02-01 12:00:00,491.0000,80.0000,24.4000,54.0000,4.6000,2.7407
2023-02-01 13:00:00,476.0000,100.0000,23.9000,64.0000,4.1000,2.6605
2023-02-01 14:00:00,269.0000,100.0000,23.9000,66.0000,4.1000,2.3908
2023-02-01 15:00:00,216.0000,100.0000,23.3000,71.0000,3.6000,1.9493
2023-02-01 16:00:00,110.0000,100.0000,22.8000,76.0000,4.1000,0.9770
2023-02-01 17:00:00,44.0000,100.0000,22.8000,76.0000,2.6000,0.2040
2023-02-01 18:00:00,0.0000,90.0000,22.2000,79.0000,2.6000,0.0000
2023-02-01 19:00:00,0.0000,100.0000,21.7000,81.0000,2.6000,0.0000
2023-02-01 20:00:00,0.0000,100.0000,20.0000,84.0000,4.6000,0.0000
2023-02-01 21:00:00,0.0000,100.0000,19.4000,84.0000,5.2000,0.0000
2023-02-01 22:00:00,0.0000,100.0000,20.0000,87.0000,3.1000,0.0000
2023-02-01 23:00:00,0.0000,40.0000,20.0000,87.0000,3.1000,0.0000
2023-02-02 00:00:00,0.0000,10.0000,20.0000,84.0000,2.6000,0.0000
2023-02-02 01:00:00,0.0000,20.0000,20.6000,90.0000,4.1000,0.0000
2023-02-02 02:00:00,0.0000,80.0000,21.1000,90.0000,3.6000,0.0000
2023-02-02 03:00:00,0.0000,90.0000,21.1000,90.0000,4.1000,0.0000
2023-02-02 04:00:00,0.0000,100.0000,21.7000,84.0000,5.7000,0.0000
2023-02-02 05:00:00,0.0000,100.0000,21.7000,87.0000,3.6000,0.0000
2023-02-02 06:00:00,0.0000,100.0000,21.7000,87.0000,3.6000,0.0000
2023-02-02 07:00:00,27.0000,100.0000,21.1000,87.0000,4.6000,0.0000
2023-02-02 08:00:00,114.0000,90.0000,21.7000,84.0000,6.2000,0.9550
2023-02-02 09:00:00,220.0000,90.0000,23.3000,79.0000,6.7000,1.5582
2023-02-02 10:00:00,370.0000,90.0000,23.3000,82.0000,6.7000,1.9122
2023-02-02 11:00:00,564.0000,100.0000,24.4000,74.0000,6.2000,1.8979
2023-02-02 12:00:00,704.0000,100.0000,25.6000,71.0000,8.2000,2.0311
2023-02-02 13:00:00,639.0000,100.0000,25.0000,71.0000,5.7000,1.6241
2023-02-02 14:00:00,520.0000,90.0000,25.0000,74.0000,6.2000,1.0370
2023-02-02 15:00:00,312.0000,90.0000,24.4000,71.0000,6.2000,0.6784
2023-02-02 16:00:00,142.0000,90.0000,24.4000,71.0000,4.6000,0.3115
2023-02-02 17:00:00,54.0000,90.0000,23.9000,66.0000,2.6000,0.0890
2023-02-02 18:00:00,1.0000,90.0000,22.8000,71.0000,1.5000,0.0000
2023-02-02 19:00:00,0.0000,100.0000,22.2000,81.0000,0.0000,0.0000
2023-02-02 20:00:00,0.0000,100.0000,20.6000,87.0000,2.1000,0.0000
2023-02-02 21:00:00,0.0000,100.0000,20.0000,90.0000,2.1000,0.0000
2023-02-02 22:00:00,0.0000,100.0000,19.4000,93.0000,3.1000,0.0000
2023-02-02 23:00:00,0.0000,100.0000,19.4000,90.0000,2.1000,0.0000
2023-02-03 00:00:00,0.0000,100.0000,19.4000,90.0000,2.1000,0.0000
2023-02-03 01:00:00,0.0000,100.0000,19.4000,90.0000,3.1000,0.0000
2023-02-03 02:00:00,0.0000,100.0000,19.4000,90.0000,3.1000,0.0000
2023-02-03 03:00:00,0.0000,100.0000,19.4000,93.0000,0.0000,0.0000
2023-02-03 04:00:00,0.0000,100.0000,18.9000,93.0000,3.1000,0.0000
2023-02-03 05:00:00,0.0000,100.0000,18.9000,90.0000,3.1000,0.0000
2023-02-03 06:00:00,0.0000,100.0000,18.3000,93.0000,3.1000,0.0000
2023-02-03 07:00:00,21.0000,100.0000,18.3000,93.0000,4.1000,0.0000
2023-02-03 08:00:00,105.0000,100.0000,18.3000,93.0000,4.6000,0.6579
2023-02-03 09:00:00,67.0000,100.0000,18.3000,90.0000,4.1000,1.1560
2023-02-03 10:00:00,115.0000,100.0000,17.2000,90.0000,6.2000,1.8912
2023-02-03 11:00:00,358.0000,100.0000,18.3000,87.0000,3.6000,2.6524
2023-02-03 12:00:00,367.0000,100.0000,20.0000,81.0000,3.1000,2.9857
2023-02-03 13:00:00,322.0000,80.0000,21.7000,73.0000,3.1000,2.6312
2023-02-03 14:00:00,211.0000,100.0000,21.7000,73.0000,5.2000,1.9432
2023-02-03 15:00:00,234.0000,90.0000,21.1000,76.0000,4.6000,1.0621
2023-02-03 16:00:00,111.0000,80.0000,20.6000,76.0000,4.1000,0.4837
2023-02-03 17:00:00,54.0000,100.0000,20.6000,76.0000,3.1000,0.1506
2023-02-03 18:00:00,0.0000,80.0000,20.0000,78.0000,5.2000,0.0000
2023-02-03 19:00:00,0.0000,80.0000,19.4000,78.0000,5.2000,0.0000
2023-02-03 20:00:00,0.0000,80.0000,18.3000,81.0000,6.2000,0.0000
2023-02-03 21:00:00,0.0000,80.0000,17.2000,84.0000,3.1000,0.0000
2023-02-03 22:00:00,0.0000,80.0000,17.2000,81.0000,5.2000,0.0000
2023-02-03 23:00:00,0.0000,80.0000,17.2000,81.0000,3.6000,0.0000
2023-02-04 00:00:00,0.0000,90.0000,16.7000,84.0000,4.6000,0.0000
2023-02-04 01:00:00,0.0000,90.0000,16.7000,84.0000,4.1000,0.0000
2023-02-04 02:00:00,0.0000,100.0000,16.7000,84.0000,2.1000,0.0000
2023-02-04 03:00:00,0.0000,90.0000,16.1000,87.0000,4.1000,0.0000
2023-02-04 04:00:00,0.0000,100.0000,16.7000,84.0000,2.1000,0.0000
2023-02-04 05:00:00,0.0000,100.0000,17.2000,84.0000,1.5000,0.0000
2023-02-04 06:00:00,0.0000,100.0000,16.7000,90.0000,2.6000,0.0000
2023-02-04 07:00:00,29.0000,100.0000,19.4000,78.0000,2.6000,0.0000
2023-02-04 08:00:00,134.0000,90.0000,20.6000,73.0000,6.7000,0.3382
2023-02-04 09:00:00,308.0000,80.0000,21.1000,68.0000,7.2000,0.4080
2023-02-04 10:00:00,437.0000,80.0000,21.7000,66.0000,8.2000,1.0064
2023-02-04 11:00:00,483.0000,80.0000,22.2000,62.0000,8.2000,1.4661
2023-02-04 12:00:00,476.0000,100.0000,21.7000,61.0000,7.2000,1.4490
2023-02-04 13:00:00,304.0000,100.0000,21.1000,64.0000,4.6000,1.1240
2023-02-04 14:00:00,289.0000,100.0000,21.7000,59.0000,8.8000,0.9476
2023-02-04 15:00:00,263.0000,100.0000,21.1000,61.0000,9.3000,0.7927
2023-02-04 16:00:00,173.0000,90.0000,20.6000,59.0000,8.8000,0.3832
2023-02-04 17:00:00,67.0000,70.0000,20.6000,61.0000,6.7000,0.1146
2023-02-04 18:00:00,1.0000,100.0000,20.6000,63.0000,6.2000,0.0000
2023-02-04 19:00:00,0.0000,30.0000,20.0000,61.0000,6.2000,0.0000
2023-02-04 20:00:00,0.0000,10.0000,19.4000,63.0000,7.7000,0.0000
2023-02-04 21:00:00,0.0000,0.0000,19.4000,61.0000,7.2000,0.0000
2023-02-04 22:00:00,0.0000,10.0000,18.9000,61.0000,6.2000,0.0000
2023-02-04 23:00:00,0.0000,0.0000,18.9000,61.0000,5.2000,0.0000
2023-02-05 00:00:00,0.0000,30.0000,19.4000,61.0000,5.7000,0.0000
2023-02-05 01:00:00,0.0000,20.0000,19.4000,61.0000,6.2000,0.0000
2023-02-05 02:00:00,0.0000,20.0000,19.4000,63.0000,4.6000,0.0000
2023-02-05 03:00:00,0.0000,30.0000,19.4000,66.0000,6.7000,0.0000
2023-02-05 04:00:00,0.0000,10.0000,19.4000,63.0000,7.2000,0.0000
2023-02-05 05:00:00,0.0000,0.0000,19.4000,66.0000,6.2000,0.0000
2023-02-05 06:00:00,0.0000,40.0000,19.4000,66.0000,6.7000,0.0000
2023-02-05 07:00:00,48.0000,50.0000,19.4000,63.0000,6.2000,0.0000
2023-02-05 08:00:00,175.0000,100.0000,20.6000,61.0000,8.2000,0.8116
2023-02-05 09:00:00,381.0000,80.0000,21.1000,61.0000,8.2000,1.4898
2023-02-05 10:00:00,597.0000,80.0000,22.2000,59.0000,10.3000,1.8865
2023-02-05 11:00:00,730.0000,70.0000,22.8000,55.0000,8.8000,1.9822
2023-02-05 12:00:00,746.0000,90.0000,22.2000,57.0000,10.3000,1.5814
2023-02-05 13:00:00,656.0000,90.0000,22.8000,59.0000,7.7000,1.2173
2023-02-05 14:00:00,462.0000,100.0000,22.2000,62.0000,7.2000,1.1442
2023-02-05 15:00:00,300.0000,90.0000,22.8000,59.0000,6.7000,0.9898
2023-02-05 16:00:00,170.0000,90.0000,21.7000,66.0000,8.2000,0.5577
2023-02-05 17:00:00,47.0000,90.0000,21.7000,66.0000,6.2000,0.1858
2023-02-05 18:00:00,0.0000,100.0000,21.1000,71.0000,7.7000,0.0000
2023-02-05 19:00:00,0.0000,100.0000,21.1000,71.0000,6.7000,0.0000
2023-02-05 20:00:00,0.0000,100.0000,21.1000,73.0000,7.7000,0.0000
2023-02-05 21:00:00,0.0000,100.0000,21.1000,73.0000,8.2000,0.0000
2023-02-05 22:00:00,0.0000,100.0000,21.7000,71.0000,7.2000,0.0000
2023-02-05 23:00:00,0.0000,100.0000,21.7000,73.0000,8.8000,0.0000
2023-02-06 00:00:00,0.0000,30.0000,21.1000,79.0000,7.7000,0.0000
2023-02-06 01:00:00,0.0000,100.0000,21.7000,79.0000,8.2000,0.0000
2023-02-06 02:00:00,0.0000,100.0000,21.7000,81.0000,7.2000,0.0000
2023-02-06 03:00:00,0.0000,90.0000,21.7000,81.0000,7.2000,0.0000
2023-02-06 04:00:00,0.0000,50.0000,21.7000,84.0000,7.7000,0.0000
2023-02-06 05:00:00,0.0000,80.0000,22.2000,81.0000,6.7000,0.0000
2023-02-06 06:00:00,0.0000,30.0000,21.7000,84.0000,7.2000,0.0000
2023-02-06 07:00:00,31.0000,100.0000,22.2000,84.0000,9.3000,0.0000
2023-02-06 08:00:00,168.0000,80.0000,23.3000,79.0000,7.2000,1.0863
2023-02-06 09:00:00,334.0000,80.0000,23.9000,79.0000,7.2000,2.0267
2023-02-06 10:00:00,448.0000,80.0000,25.0000,74.0000,8.2000,2.7202
2023-02-06 11:00:00,590.0000,80.0000,25.6000,77.0000,8.8000,3.1377
2023-02-06 12:00:00,667.0000,80.0000,26.7000,69.0000,9.3000,3.1678
2023-02-06 13:00:00,667.0000,50.0000,26.7000,67.0000,8.8000,2.5566
2023-02-06 14:00:00,490.0000,40.0000,26.1000,69.0000,7.2000,1.7505
2023-02-06 15:00:00,311.0000,60.0000,26.7000,60.0000,8.2000,1.0836
2023-02-06 16:00:00,183.0000,60.0000,26.1000,67.0000,7.2000,0.5209
2023-02-06 17:00:00,70.0000,60.0000,25.0000,71.0000,3.1000,0.1241
2023-02-06 18:00:00,0.0000,90.0000,24.4000,76.0000,3.1000,0.0000
2023-02-06 19:00:00,0.0000,100.0000,23.3000,84.0000,4.1000,0.0000
2023-02-06 20:00:00,0.0000,100.0000,23.3000,84.0000,3.6000,0.0000
2023-02-06 21:00:00,0.0000,100.0000,21.1000,90.0000,4.1000,0.0000
2023-02-06 22:00:00,0.0000,100.0000,21.1000,93.0000,4.6000,0.0000
2023-02-06 23:00:00,0.0000,100.0000,21.1000,90.0000,2.6000,0.0000
2023-02-07 00:00:00,0.0000,90.0000,21.1000,90.0000,3.1000,0.0000
2023-02-07 01:00:00,0.0000,30.0000,20.6000,90.0000,3.1000,0.0000
2023-02-07 02:00:00,0.0000,60.0000,20.6000,90.0000,3.1000,0.0000
2023-02-07 03:00:00,0.0000,100.0000,20.6000,90.0000,2.6000,0.0000
2023-02-07 04:00:00,0.0000,90.0000,20.6000,87.0000,4.1000,0.0000
2023-02-07 05:00:00,0.0000,90.0000,19.4000,84.0000,3.6000,0.0000
2023-02-07 06:00:00,0.0000,100.0000,18.9000,87.0000,4.1000,0.0000
2023-02-07 07:00:00,59.0000,60.0000,18.9000,84.0000,4.1000,0.0000
2023-02-07 08:00:00,222.0000,70.0000,19.4000,78.0000,7.2000,0.9568
2023-02-07 09:00:00,341.0000,60.0000,18.9000,73.0000,8.8000,1.5678
2023-02-07 10:00:00,583.0000,30.0000,19.4000,66.0000,5.7000,2.1534
2023-02-07 11:00:00,771.0000,10.0000,20.0000,57.0000,7.2000,2.6835
2023-02-07 12:00:00,803.0000,0.0000,21.1000,51.0000,6.7000,2.8849
2023-02-07 13:00:00,779.0000,0.0000,22.2000,48.0000,5.7000,2.6197
2023-02-07 14:00:00,687.0000,0.0000,22.8000,41.0000,5.7000,1.8054
2023-02-07 15:00:00,516.0000,0.0000,22.8000,40.0000,5.2000,1.1459
2023-02-07 16:00:00,297.0000,0.0000,22.8000,43.0000,5.2000,0.6616
2023-02-07 17:00:00,97.0000,0.0000,21.1000,46.0000,3.6000,0.2123
2023-02-07 18:00:00,9.0000,0.0000,19.4000,51.0000,4.1000,0.0000
2023-02-07 19:00:00,0.0000,0.0000,17.8000,61.0000,4.1000,0.0000
2023-02-07 20:00:00,0.0000,0.0000,17.2000,68.0000,4.6000,0.0000
2023-02-07 21:00:00,0.0000,0.0000,16.1000,72.0000,6.2000,0.0000
2023-02-07 22:00:00,0.0000,0.0000,15.0000,75.0000,6.2000,0.0000
2023-02-07 23:00:00,0.0000,0.0000,13.9000,78.0000,4.1000,0.0000
2023-02-08 00:00:00,0.0000,0.0000,13.9000,78.0000,3.6000,0.0000
2023-02-08 01:00:00,0.0000,0.0000,13.3000,83.0000,4.1000,0.0000
2023-02-08 02:00:00,0.0000,0.0000,12.8000,83.0000,3.6000,0.0000
2023-02-08 03:00:00,0.0000,90.0000,12.8000,83.0000,5.7000,0.0000
2023-02-08 04:00:00,0.0000,80.0000,12.8000,80.0000,4.1000,0.0000
2023-02-08 05:00:00,0.0000,10.0000,12.2000,83.0000,3.6000,0.0000
2023-02-08 06:00:00,0.0000,0.0000,12.2000,80.0000,3.1000,0.0000
2023-02-08 07:00:00,63.0000,20.0000,12.2000,80.0000,3.6000,0.0000
2023-02-08 08:00:00,265.0000,20.0000,13.9000,72.0000,5.2000,1.0231
2023-02-08 09:00:00,484.0000,40.0000,15.6000,60.0000,7.7000,1.8363
2023-02-08 10:00:00,647.0000,40.0000,16.1000,60.0000,8.2000,2.8113
2023-02-08 11:00:00,785.0000,0.0000,16.7000,58.0000,4.1000,3.3942
2023-02-08 12:00:00,812.0000,0.0000,17.8000,52.0000,6.2000,3.4633
2023-02-08 13:00:00,781.0000,0.0000,18.9000,49.0000,4.1000,3.3382
2023-02-08 14:00:00,682.0000,0.0000,19.4000,47.0000,5.7000,2.9285
2023-02-08 15:00:00,514.0000,0.0000,20.0000,44.0000,5.2000,2.1664
2023-02-08 16:00:00,294.0000,0.0000,20.0000,44.0000,4.6000,1.2319
2023-02-08 17:00:00,85.0000,0.0000,19.4000,45.0000,4.1000,0.3442
2023-02-08 18:00:00,4.0000,20.0000,17.8000,52.0000,2.6000,0.0000
2023-02-08 19:00:00,0.0000,0.0000,16.1000,58.0000,2.1000,0.0000
2023-02-08 20:00:00,0.0000,0.0000,15.0000,65.0000,4.1000,0.0000
2023-02-08 21:00:00,0.0000,0.0000,14.4000,69.0000,4.6000,0.0000
2023-02-08 22:00:00,0.0000,0.0000,13.9000,75.0000,3.6000,0.0000
2023-02-08 23:00:00,0.0000,0.0000,12.8000,77.0000,3.6000,0.0000
2023-02-09 00:00:00,0.0000,0.0000,11.7000,77.0000,2.6000,0.0000
2023-02-09 01:00:00,0.0000,0.0000,11.1000,80.0000,3.1000,0.0000
2023-02-09 02:00:00,0.0000,0.0000,10.6000,83.0000,4.6000,0.0000
2023-02-09 03:00:00,0.0000,40.0000,10.0000,83.0000,5.7000,0.0000
2023-02-09 04:00:00,0.0000,30.0000,10.0000,80.0000,5.2000,0.0000
2023-02-09 05:00:00,0.0000,80.0000,9.4000,86.0000,5.7000,0.0000
2023-02-09 06:00:00,0.0000,90.0000,9.4000,86.0000,3.6000,0.0000
2023-02-09 07:00:00,47.0000,20.0000,8.9000,89.0000,3.1000,0.0000
2023-02-09 08:00:00,237.0000,20.0000,11.1000,74.0000,3.6000,1.3041
2023-02-09 09:00:00,393.0000,30.0000,13.3000,57.0000,5.7000,2.2218
2023-02-09 10:00:00,676.0000,20.0000,15.0000,48.0000,5.2000,2.9985
2023-02-09 11:00:00,590.0000,60.0000,16.7000,48.0000,3.6000,3.3813
2023-02-09 12:00:00,686.0000,70.0000,17.2000,45.0000,4.6000,3.5682
2023-02-09 13:00:00,564.0000,90.0000,16.7000,45.0000,6.7000,3.4152
2023-02-09 14:00:00,592.0000,30.0000,17.2000,41.0000,5.2000,2.9648
2023-02-09 15:00:00,451.0000,90.0000,17.2000,43.0000,3.6000,2.1646
2023-02-09 16:00:00,210.0000,80.0000,16.7000,43.0000,3.1000,1.1630
2023-02-09 17:00:00,57.0000,80.0000,15.0000,46.0000,3.6000,0.2999
2023-02-09 18:00:00,0.0000,80.0000,13.9000,47.0000,3.6000,0.0000
2023-02-09 19:00:00,0.0000,50.0000,13.3000,49.0000,2.6000,0.0000
2023-02-09 20:00:00,0.0000,60.0000,12.2000,53.0000,2.6000,0.0000
2023-02-09 21:00:00,0.0000,80.0000,12.2000,55.0000,2.1000,0.0000
2023-02-09 22:00:00,0.0000,80.0000,12.8000,55.0000,2.1000,0.0000
2023-02-09 23:00:00,0.0000,90.0000,12.8000,53.0000,1.5000,0.0000
2023-02-10 00:00:00,0.0000,100.0000,12.8000,55.0000,2.1000,0.0000
2023-02-10 01:00:00,0.0000,100.0000,12.8000,64.0000,3.1000,0.0000
2023-02-10 02:00:00,0.0000,100.0000,12.2000,69.0000,3.6000,0.0000
2023-02-10 03:00:00,0.0000,100.0000,12.2000,62.0000,3.1000,0.0000
2023-02-10 04:00:00,0.0000,100.0000,11.7000,61.0000,4.1000,0.0000
2023-02-10 05:00:00,0.0000,100.0000,11.7000,61.0000,4.1000,0.0000
2023-02-10 06:00:00,0.0000,100.0000,11.7000,61.0000,4.6000,0.0000
2023-02-10 07:00:00,27.0000,100.0000,11.7000,64.0000,2.1000,0.0000
2023-02-10 08:00:00,117.0000,100.0000,12.2000,62.0000,5.2000,1.1951
2023-02-10 09:00:00,278.0000,100.0000,13.9000,60.0000,4.1000,2.1075
2023-02-10 10:00:00,316.0000,100.0000,15.0000,54.0000,5.2000,2.6479
2023-02-10 11:00:00,320.0000,100.0000,15.6000,46.0000,6.2000,2.7690
2023-02-10 12:00:00,436.0000,100.0000,16.1000,46.0000,3.6000,2.7170
2023-02-10 13:00:00,386.0000,100.0000,17.2000,46.0000,4.6000,2.6561
2023-02-10 14:00:00,375.0000,100.0000,17.2000,45.0000,5.2000,2.5060
2023-02-10 15:00:00,281.0000,100.0000,16.7000,50.0000,4.1000,1.6364
2023-02-10 16:00:00,154.0000,100.0000,16.7000,52.0000,3.6000,0.6852
2023-02-10 17:00:00,59.0000,100.0000,16.1000,56.0000,2.1000,0.1445
2023-02-10 18:00:00,3.0000,100.0000,15.6000,58.0000,2.1000,0.0000
2023-02-10 19:00:00,0.0000,100.0000,15.0000,70.0000,1.5000,0.0000
2023-02-10 20:00:00,0.0000,60.0000,13.3000,75.0000,2.1000,0.0000
2023-02-10 21:00:00,0.0000,40.0000,13.3000,72.0000,1.5000,0.0000
2023-02-10 22:00:00,0.0000,30.0000,12.8000,77.0000,0.0000,0.0000
2023-02-10 23:00:00,0.0000,30.0000,11.7000,86.0000,3.1000,0.0000
2023-02-11 00:00:00,0.0000,70.0000,11.7000,86.0000,1.5000,0.0000
2023-02-11 01:00:00,0.0000,70.0000,11.7000,80.0000,2.1000,0.0000
2023-02-11 02:00:00,0.0000,60.0000,11.7000,80.0000,1.5000,0.0000
2023-02-11 03:00:00,0.0000,50.0000,11.1000,80.0000,2.1000,0.0000
2023-02-11 04:00:00,0.0000,10.0000,9.4000,77.0000,2.1000,0.0000
2023-02-11 05:00:00,0.0000,10.0000,8.9000,80.0000,1.5000,0.0000
2023-02-11 06:00:00,0.0000,30.0000,8.9000,74.0000,1.5000,0.0000
2023-02-11 07:00:00,49.0000,50.0000,8.9000,74.0000,1.5000,0.0000
2023-02-11 08:00:00,205.0000,30.0000,11.7000,61.0000,2.6000,0.7674
2023-02-11 09:00:00,453.0000,10.0000,15.0000,50.0000,3.1000,1.2338
2023-02-11 10:00:00,659.0000,10.0000,17.8000,38.0000,2.1000,1.3058
2023-02-11 11:00:00,766.0000,10.0000,20.6000,46.0000,3.1000,1.5672
2023-02-11 12:00:00,810.0000,20.0000,20.6000,47.0000,4.6000,1.7343
2023-02-11 13:00:00,770.0000,0.0000,21.7000,43.0000,4.1000,1.5943
2023-02-11 14:00:00,664.0000,10.0000,21.7000,44.0000,1.5000,1.4396
2023-02-11 15:00:00,493.0000,30.0000,21.7000,44.0000,1.0000,0.9446
2023-02-11 16:00:00,295.0000,30.0000,21.1000,53.0000,4.1000,0.4642
2023-02-11 17:00:00,76.0000,20.0000,20.0000,57.0000,3.1000,0.1409
2023-02-11 18:00:00,2.0000,40.0000,18.9000,65.0000,2.6000,0.0000
2023-02-11 19:00:00,0.0000,40.0000,17.8000,73.0000,1.0000,0.0000
2023-02-11 20:00:00,0.0000,0.0000,16.1000,84.0000,0.0000,0.0000
2023-02-11 21:00:00,0.0000,0.0000,15.6000,84.0000,0.0000,0.0000
2023-02-11 22:00:00,0.0000,0.0000,15.0000,84.0000,0.0000,0.0000
2023-02-11 23:00:00,0.0000,0.0000,14.4000,87.0000,0.0000,0.0000
2023-02-12 00:00:00,0.0000,0.0000,14.4000,83.0000,1.0000,0.0000
2023-02-12 01:00:00,0.0000,0.0000,13.3000,90.0000,1.5000,0.0000
2023-02-12 02:00:00,0.0000,0.0000,13.3000,86.0000,2.1000,0.0000
2023-02-12 03:00:00,0.0000,0.0000,13.3000,83.0000,0.0000,0.0000
2023-02-12 04:00:00,0.0000,0.0000,12.8000,69.0000,3.6000,0.0000
2023-02-12 05:00:00,0.0000,0.0000,11.7000,66.0000,2.6000,0.0000
2023-02-12 06:00:00,0.0000,10.0000,12.2000,69.0000,2.1000,0.0000
2023-02-12 07:00:00,60.0000,10.0000,13.3000,60.0000,2.6000,0.4354
2023-02-12 08:00:00,263.0000,0.0000,16.7000,58.0000,3.1000,1.2352
2023-02-12 09:00:00,477.0000,0.0000,19.4000,57.0000,3.1000,2.1973
2023-02-12 10:00:00,662.0000,10.0000,21.7000,57.0000,5.7000,2.9058
2023-02-12 11:00:00,801.0000,10.0000,22.8000,53.0000,7.7000,3.3127
2023-02-12 12:00:00,864.0000,10.0000,22.8000,50.0000,5.2000,3.4051
2023-02-12 13:00:00,808.0000,10.0000,22.8000,51.0000,6.2000,3.2531
2023-02-12 14:00:00,669.0000,10.0000,22.8000,53.0000,5.7000,2.7061
2023-02-12 15:00:00,469.0000,10.0000,22.2000,53.0000,5.7000,1.9475
2023-02-12 16:00:00,298.0000,0.0000,22.2000,53.0000,4.1000,0.9866
2023-02-12 17:00:00,93.0000,0.0000,21.1000,59.0000,5.2000,0.2112
2023-02-12 18:00:00,4.0000,0.0000,20.0000,61.0000,4.1000,0.0000
2023-02-12 19:00:00,0.0000,0.0000,19.4000,68.0000,3.1000,0.0000
2023-02-12 20:00:00,0.0000,0.0000,18.9000,70.0000,3.1000,0.0000
2023-02-12 21:00:00,0.0000,0.0000,18.9000,68.0000,3.6000,0.0000
2023-02-12 22:00:00,0.0000,0.0000,18.3000,70.0000,2.6000,0.0000
2023-02-12 23:00:00,0.0000,20.0000,18.3000,73.0000,2.6000,0.0000
2023-02-13 00:00:00,0.0000,30.0000,18.3000,73.0000,3.1000,0.0000
2023-02-13 01:00:00,0.0000,40.0000,18.9000,73.0000,2.6000,0.0000
2023-02-13 02:00:00,0.0000,40.0000,18.3000,75.0000,2.1000,0.0000
2023-02-13 03:00:00,0.0000,40.0000,17.8000,78.0000,1.5000,0.0000
2023-02-13 04:00:00,0.0000,30.0000,16.7000,81.0000,2.6000,0.0000
2023-02-13 05:00:00,0.0000,0.0000,15.0000,87.0000,2.1000,0.0000
2023-02-13 06:00:00,0.0000,40.0000,16.1000,84.0000,2.6000,0.0000
2023-02-13 07:00:00,65.0000,50.0000,16.7000,84.0000,1.0000,0.5017
2023-02-13 08:00:00,247.0000,40.0000,21.1000,68.0000,3.6000,1.3375
2023-02-13 09:00:00,439.0000,50.0000,22.2000,59.0000,5.7000,2.2009
2023-02-13 10:00:00,588.0000,40.0000,23.3000,55.0000,5.7000,2.9547
2023-02-13 11:00:00,604.0000,40.0000,23.3000,54.0000,6.7000,3.3537
2023-02-13 12:00:00,674.0000,60.0000,23.3000,55.0000,6.2000,3.5014
2023-02-13 13:00:00,730.0000,50.0000,23.9000,50.0000,6.7000,3.3359
2023-02-13 14:00:00,586.0000,90.0000,23.9000,52.0000,6.2000,2.6915
2023-02-13 15:00:00,396.0000,100.0000,23.3000,54.0000,5.2000,1.9881
2023-02-13 16:00:00,265.0000,80.0000,23.3000,55.0000,6.2000,1.1422
2023-02-13 17:00:00,83.0000,80.0000,22.2000,57.0000,5.2000,0.2952
2023-02-13 18:00:00,6.0000,70.0000,21.1000,64.0000,4.1000,0.0000
2023-02-13 19:00:00,0.0000,20.0000,21.1000,66.0000,3.1000,0.0000
2023-02-13 20:00:00,0.0000,70.0000,20.6000,71.0000,3.6000,0.0000
2023-02-13 21:00:00,0.0000,30.0000,20.6000,68.0000,3.6000,0.0000
2023-02-13 22:00:00,0.0000,30.0000,20.6000,71.0000,3.1000,0.0000
2023-02-13 23:00:00,0.0000,30.0000,20.6000,73.0000,3.1000,0.0000
2023-02-14 00:00:00,0.0000,60.0000,19.4000,78.0000,1.5000,0.0000
2023-02-14 01:00:00,0.0000,80.0000,19.4000,81.0000,2.6000,0.0000
2023-02-14 02:00:00,0.0000,100.0000,19.4000,81.0000,1.0000,0.0000
2023-02-14 03:00:00,0.0000,80.0000,18.9000,84.0000,2.6000,0.0000
2023-02-14 04:00:00,0.0000,70.0000,18.3000,84.0000,2.1000,0.0000
2023-02-14 05:00:00,0.0000,30.0000,17.2000,90.0000,0.0000,0.0000
2023-02-14 06:00:00,0.0000,70.0000,17.8000,87.0000,0.0000,0.0000
2023-02-14 07:00:00,59.0000,70.0000,19.4000,84.0000,0.0000,0.4642
2023-02-14 08:00:00,153.0000,70.0000,23.3000,66.0000,5.2000,1.2213
2023-02-14 09:00:00,428.0000,40.0000,23.9000,64.0000,4.1000,2.0331
2023-02-14 10:00:00,676.0000,40.0000,24.4000,58.0000,5.2000,2.4432
2023-02-14 11:00:00,628.0000,50.0000,24.4000,60.0000,5.2000,2.6791
2023-02-14 12:00:00,359.0000,80.0000,23.9000,60.0000,4.1000,2.9759
2023-02-14 13:00:00,399.0000,90.0000,24.4000,60.0000,6.2000,2.9339
2023-02-14 14:00:00,503.0000,90.0000,24.4000,62.0000,5.7000,2.2705
2023-02-14 15:00:00,435.0000,70.0000,24.4000,60.0000,4.6000,1.5938
2023-02-14 16:00:00,299.0000,30.0000,23.9000,62.0000,5.7000,0.9259
2023-02-14 17:00:00,90.0000,10.0000,22.8000,66.0000,4.1000,0.2381
2023-02-14 18:00:00,6.0000,0.0000,22.2000,68.0000,4.1000,0.0000
2023-02-14 19:00:00,0.0000,0.0000,21.7000,71.0000,3.1000,0.0000
2023-02-14 20:00:00,0.0000,0.0000,21.1000,73.0000,3.1000,0.0000
2023-02-14 21:00:00,0.0000,0.0000,21.1000,73.0000,3.1000,0.0000
2023-02-14 22:00:00,0.0000,0.0000,20.6000,76.0000,2.6000,0.0000
2023-02-14 23:00:00,0.0000,0.0000,20.0000,78.0000,2.6000,0.0000
2023-02-15 00:00:00,0.0000,0.0000,19.4000,81.0000,3.1000,0.0000
2023-02-15 01:00:00,0.0000,0.0000,18.9000,84.0000,2.1000,0.0000
2023-02-15 02:00:00,0.0000,10.0000,18.9000,84.0000,2.1000,0.0000
2023-02-15 03:00:00,0.0000,60.0000,18.3000,84.0000,1.5000,0.0000
2023-02-15 04:00:00,0.0000,80.0000,17.8000,87.0000,2.1000,0.0000
2023-02-15 05:00:00,0.0000,60.0000,17.8000,87.0000,1.5000,0.0000
2023-02-15 06:00:00,0.0000,60.0000,17.8000,87.0000,2.1000,0.0000
2023-02-15 07:00:00,48.0000,60.0000,17.8000,87.0000,3.1000,0.3530
2023-02-15 08:00:00,265.0000,50.0000,20.6000,73.0000,2.6000,1.0554
2023-02-15 09:00:00,323.0000,50.0000,23.3000,62.0000,2.6000,1.8645
2023-02-15 10:00:00,502.0000,50.0000,24.4000,54.0000,6.2000,1.9011
2023-02-15 11:00:00,678.0000,50.0000,25.0000,56.0000,5.7000,1.9377
2023-02-15 12:00:00,541.0000,80.0000,25.0000,62.0000,5.2000,1.5644
2023-02-15 13:00:00,386.0000,90.0000,23.9000,64.0000,5.7000,1.8776
2023-02-15 14:00:00,422.0000,100.0000,24.4000,60.0000,6.7000,2.0789
2023-02-15 15:00:00,372.0000,100.0000,24.4000,60.0000,6.2000,1.7724
2023-02-15 16:00:00,270.0000,100.0000,23.3000,62.0000,6.7000,1.0654
2023-02-15 17:00:00,75.0000,100.0000,22.8000,64.0000,5.7000,0.2584
2023-02-15 18:00:00,11.0000,80.0000,22.2000,62.0000,4.1000,0.0000
2023-02-15 19:00:00,0.0000,0.0000,21.1000,68.0000,3.6000,0.0000
2023-02-15 20:00:00,0.0000,0.0000,21.1000,68.0000,3.6000,0.0000
2023-02-15 21:00:00,0.0000,20.0000,21.7000,68.0000,4.1000,0.0000
2023-02-15 22:00:00,0.0000,30.0000,22.2000,66.0000,4.1000,0.0000
2023-02-15 23:00:00,0.0000,20.0000,21.7000,73.0000,3.6000,0.0000
2023-02-16 00:00:00,0.0000,40.0000,21.7000,79.0000,3.6000,0.0000
2023-02-16 01:00:00,0.0000,30.0000,21.7000,81.0000,4.6000,0.0000
2023-02-16 02:00:00,0.0000,20.0000,21.7000,79.0000,3.6000,0.0000
2023-02-16 03:00:00,0.0000,20.0000,21.7000,81.0000,4.6000,0.0000
2023-02-16 04:00:00,0.0000,30.0000,21.7000,81.0000,4.1000,0.0000
2023-02-16 05:00:00,0.0000,40.0000,21.7000,81.0000,4.6000,0.0000
2023-02-16 06:00:00,1.0000,70.0000,21.7000,81.0000,4.6000,0.0000
2023-02-16 07:00:00,44.0000,90.0000,22.2000,79.0000,5.7000,0.4981
2023-02-16 08:00:00,155.0000,90.0000,22.8000,73.0000,6.7000,1.0366
2023-02-16 09:00:00,347.0000,90.0000,23.9000,69.0000,6.2000,1.6104
2023-02-16 10:00:00,526.0000,80.0000,24.4000,66.0000,8.8000,2.3583
2023-02-16 11:00:00,574.0000,80.0000,25.0000,62.0000,6.7000,2.5517
2023-02-16 12:00:00,451.0000,70.0000,24.4000,62.0000,8.8000,1.9559
2023-02-16 13:00:00,408.0000,80.0000,25.0000,60.0000,7.2000,1.7125
2023-02-16 14:00:00,378.0000,80.0000,23.3000,64.0000,7.7000,1.7360
2023-02-16 15:00:00,328.0000,60.0000,23.9000,64.0000,7.7000,1.4867
2023-02-16 16:00:00,297.0000,30.0000,23.3000,66.0000,6.2000,0.9037
2023-02-16 17:00:00,94.0000,30.0000,23.3000,69.0000,7.2000,0.1667
2023-02-16 18:00:00,12.0000,20.0000,22.2000,71.0000,6.7000,0.0042
2023-02-16 19:00:00,0.0000,0.0000,22.2000,64.0000,5.2000,0.0000
2023-02-16 20:00:00,0.0000,20.0000,22.2000,68.0000,6.2000,0.0000
2023-02-16 21:00:00,0.0000,20.0000,22.2000,71.0000,6.2000,0.0000
2023-02-16 22:00:00,0.0000,20.0000,22.2000,71.0000,6.2000,0.0000
2023-02-16 23:00:00,0.0000,10.0000,22.2000,73.0000,6.7000,0.0000
2023-02-17 00:00:00,0.0000,10.0000,22.2000,73.0000,5.7000,0.0000
2023-02-17 01:00:00,0.0000,40.0000,22.2000,79.0000,7.2000,0.0000
2023-02-17 02:00:00,0.0000,40.0000,22.8000,76.0000,6.7000,0.0000
2023-02-17 03:00:00,0.0000,50.0000,22.2000,79.0000,6.7000,0.0000
2023-02-17 04:00:00,0.0000,30.0000,22.2000,81.0000,6.7000,0.0000
2023-02-17 05:00:00,0.0000,30.0000,22.2000,81.0000,6.2000,0.0000
2023-02-17 06:00:00,2.0000,30.0000,22.2000,81.0000,6.2000,0.0000
2023-02-17 07:00:00,64.0000,20.0000,22.8000,79.0000,6.2000,0.3413
2023-02-17 08:00:00,272.0000,10.0000,23.9000,74.0000,8.2000,0.9489
2023-02-17 09:00:00,493.0000,30.0000,25.0000,69.0000,8.2000,1.7488
2023-02-17 10:00:00,599.0000,50.0000,25.6000,69.0000,8.2000,2.2718
2023-02-17 11:00:00,521.0000,60.0000,25.6000,69.0000,8.2000,2.2709
2023-02-17 12:00:00,527.0000,80.0000,25.6000,69.0000,7.2000,1.9132
2023-02-17 13:00:00,788.0000,40.0000,26.7000,62.0000,7.2000,1.6604
2023-02-17 14:00:00,601.0000,50.0000,25.6000,67.0000,7.7000,1.5273
2023-02-17 15:00:00,312.0000,50.0000,25.0000,69.0000,7.7000,1.4873
2023-02-17 16:00:00,210.0000,50.0000,25.0000,69.0000,6.7000,1.0692
2023-02-17 17:00:00,80.0000,20.0000,24.4000,74.0000,5.2000,0.3152
2023-02-17 18:00:00,9.0000,10.0000,23.9000,79.0000,3.1000,0.0029
2023-02-17 19:00:00,0.0000,10.0000,23.3000,82.0000,3.1000,0.0000
2023-02-17 20:00:00,0.0000,50.0000,23.3000,82.0000,2.6000,0.0000
2023-02-17 21:00:00,0.0000,30.0000,22.8000,84.0000,2.6000,0.0000
2023-02-17 22:00:00,0.0000,20.0000,23.3000,82.0000,3.1000,0.0000
2023-02-17 23:00:00,0.0000,40.0000,23.3000,84.0000,3.6000,0.0000
2023-02-18 00:00:00,0.0000,40.0000,23.3000,82.0000,5.7000,0.0000
2023-02-18 01:00:00,0.0000,30.0000,23.3000,84.0000,7.2000,0.0000
2023-02-18 02:00:00,0.0000,80.0000,23.3000,84.0000,6.7000,0.0000
2023-02-18 03:00:00,0.0000,70.0000,23.3000,84.0000,5.2000,0.0000
2023-02-18 04:00:00,0.0000,90.0000,23.3000,85.0000,4.6000,0.0000
2023-02-18 05:00:00,0.0000,50.0000,23.3000,84.0000,5.2000,0.0000
2023-02-18 06:00:00,2.0000,40.0000,23.3000,84.0000,7.2000,0.0000
2023-02-18 07:00:00,73.0000,40.0000,23.9000,82.0000,6.7000,0.5090
2023-02-18 08:00:00,247.0000,70.0000,25.0000,76.0000,7.2000,1.3322
2023-02-18 09:00:00,272.0000,80.0000,25.6000,74.0000,7.7000,2.1397
2023-02-18 10:00:00,556.0000,80.0000,26.1000,74.0000,8.2000,2.3112
2023-02-18 11:00:00,550.0000,90.0000,26.7000,72.0000,7.7000,2.1425
2023-02-18 12:00:00,542.0000,80.0000,25.6000,74.0000,7.2000,2.7163
2023-02-18 13:00:00,581.0000,80.0000,26.1000,69.0000,7.7000,3.0402
2023-02-18 14:00:00,706.0000,40.0000,27.2000,67.0000,6.2000,2.0743
2023-02-18 15:00:00,475.0000,40.0000,26.7000,67.0000,5.7000,1.1376
2023-02-18 16:00:00,213.0000,80.0000,25.6000,71.0000,4.6000,0.6663
2023-02-18 17:00:00,62.0000,80.0000,25.6000,74.0000,4.1000,0.2105
2023-02-18 18:00:00,11.0000,50.0000,25.0000,76.0000,4.1000,0.0000
2023-02-18 19:00:00,0.0000,40.0000,24.4000,85.0000,3.6000,0.0000
2023-02-18 20:00:00,0.0000,10.0000,23.9000,85.0000,3.6000,0.0000
2023-02-18 21:00:00,0.0000,0.0000,23.9000,85.0000,4.6000,0.0000
2023-02-18 22:00:00,0.0000,0.0000,23.9000,85.0000,7.2000,0.0000
2023-02-18 23:00:00,0.0000,40.0000,23.9000,85.0000,5.7000,0.0000
2023-02-19 00:00:00,0.0000,50.0000,23.3000,84.0000,5.2000,0.0000
2023-02-19 01:00:00,0.0000,60.0000,23.9000,82.0000,5.2000,0.0000
2023-02-19 02:00:00,0.0000,60.0000,23.3000,82.0000,6.2000,0.0000
2023-02-19 03:00:00,0.0000,50.0000,23.9000,79.0000,6.2000,0.0000
2023-02-19 04:00:00,0.0000,70.0000,23.3000,82.0000,4.1000,0.0000
2023-02-19 05:00:00,0.0000,60.0000,23.3000,82.0000,5.7000,0.0000
2023-02-19 06:00:00,2.0000,70.0000,23.3000,82.0000,4.6000,0.0000
2023-02-19 07:00:00,69.0000,60.0000,23.9000,79.0000,5.7000,0.4929
2023-02-19 08:00:00,262.0000,50.0000,25.0000,76.0000,7.7000,0.9350
2023-02-19 09:00:00,467.0000,70.0000,25.6000,71.0000,8.8000,1.6053
2023-02-19 10:00:00,614.0000,70.0000,26.1000,69.0000,8.8000,2.2342
2023-02-19 11:00:00,674.0000,70.0000,25.6000,69.0000,7.7000,2.2802
2023-02-19 12:00:00,717.0000,70.0000,26.1000,67.0000,7.7000,2.3653
2023-02-19 13:00:00,687.0000,60.0000,26.1000,67.0000,8.2000,2.7786
2023-02-19 14:00:00,605.0000,50.0000,26.1000,69.0000,8.2000,2.7141
2023-02-19 15:00:00,463.0000,70.0000,26.1000,69.0000,8.2000,1.6596
2023-02-19 16:00:00,195.0000,80.0000,25.0000,74.0000,6.7000,0.6212
2023-02-19 17:00:00,57.0000,90.0000,24.4000,79.0000,6.2000,0.1366
2023-02-19 18:00:00,5.0000,90.0000,24.4000,82.0000,5.2000,0.0079
2023-02-19 19:00:00,0.0000,80.0000,24.4000,82.0000,7.2000,0.0000
2023-02-19 20:00:00,0.0000,60.0000,23.9000,82.0000,8.2000,0.0000
2023-02-19 21:00:00,0.0000,80.0000,23.9000,82.0000,6.2000,0.0000
2023-02-19 22:00:00,0.0000,80.0000,23.9000,82.0000,6.7000,0.0000
2023-02-19 23:00:00,0.0000,80.0000,23.9000,82.0000,7.2000,0.0000
2023-02-20 00:00:00,0.0000,60.0000,23.9000,79.0000,6.2000,0.0000
2023-02-20 01:00:00,0.0000,60.0000,23.9000,79.0000,4.6000,0.0000
2023-02-20 02:00:00,0.0000,40.0000,23.3000,82.0000,4.1000,0.0000
2023-02-20 03:00:00,0.0000,40.0000,23.3000,79.0000,6.2000,0.0000
2023-02-20 04:00:00,0.0000,90.0000,23.3000,79.0000,5.2000,0.0000
2023-02-20 05:00:00,0.0000,70.0000,23.3000,79.0000,5.2000,0.0000
2023-02-20 06:00:00,2.0000,90.0000,23.3000,79.0000,5.2000,0.0000
2023-02-20 07:00:00,47.0000,90.0000,23.9000,79.0000,4.1000,0.5219
2023-02-20 08:00:00,200.0000,90.0000,24.4000,76.0000,6.7000,1.3339
2023-02-20 09:00:00,420.0000,70.0000,25.6000,77.0000,8.2000,2.1511
2023-02-20 10:00:00,605.0000,70.0000,25.6000,74.0000,8.8000,2.6050
2023-02-20 11:00:00,667.0000,80.0000,26.1000,72.0000,9.3000,2.8866
2023-02-20 12:00:00,691.0000,80.0000,25.6000,71.0000,8.8000,2.9760
2023-02-20 13:00:00,642.0000,80.0000,26.7000,69.0000,8.8000,2.8200
2023-02-20 14:00:00,509.0000,90.0000,26.1000,69.0000,7.7000,2.4941
2023-02-20 15:00:00,398.0000,90.0000,26.1000,72.0000,7.2000,1.5823
2023-02-20 16:00:00,267.0000,80.0000,25.6000,74.0000,7.2000,0.5478
2023-02-20 17:00:00,88.0000,70.0000,25.0000,76.0000,6.2000,0.1253
2023-02-20 18:00:00,6.0000,70.0000,24.4000,82.0000,6.7000,0.0000
2023-02-20 19:00:00,0.0000,50.0000,23.9000,82.0000,5.7000,0.0000
2023-02-20 20:00:00,0.0000,60.0000,23.9000,82.0000,6.7000,0.0000
2023-02-20 21:00:00,0.0000,70.0000,23.9000,85.0000,5.2000,0.0000
2023-02-20 22:00:00,0.0000,80.0000,23.9000,85.0000,7.7000,0.0000
2023-02-20 23:00:00,0.0000,60.0000,23.3000,84.0000,6.7000,0.0000
2023-02-21 00:00:00,0.0000,40.0000,23.9000,82.0000,5.2000,0.0000
2023-02-21 01:00:00,0.0000,80.0000,23.9000,82.0000,6.7000,0.0000
2023-02-21 02:00:00,0.0000,70.0000,23.3000,84.0000,5.7000,0.0000
2023-02-21 03:00:00,0.0000,40.0000,23.3000,82.0000,5.2000,0.0000
2023-02-21 04:00:00,0.0000,50.0000,23.3000,79.0000,5.2000,0.0000
2023-02-21 05:00:00,0.0000,40.0000,23.3000,82.0000,6.7000,0.0000
2023-02-21 06:00:00,1.0000,30.0000,23.3000,82.0000,4.6000,0.0000
2023-02-21 07:00:00,65.0000,50.0000,23.9000,82.0000,5.7000,0.4040
2023-02-21 08:00:00,232.0000,50.0000,25.0000,74.0000,6.2000,1.1319
2023-02-21 09:00:00,413.0000,80.0000,25.6000,71.0000,8.8000,1.9895
2023-02-21 10:00:00,596.0000,70.0000,26.1000,69.0000,8.8000,2.6196
2023-02-21 11:00:00,778.0000,40.0000,27.2000,65.0000,9.8000,2.8058
2023-02-21 12:00:00,869.0000,60.0000,26.7000,67.0000,8.8000,2.8560
2023-02-21 13:00:00,773.0000,40.0000,27.8000,61.0000,8.2000,2.5139
2023-02-21 14:00:00,572.0000,40.0000,26.7000,65.0000,7.2000,2.0457
2023-02-21 15:00:00,555.0000,30.0000,27.2000,65.0000,7.2000,1.5861
2023-02-21 16:00:00,306.0000,50.0000,25.6000,69.0000,6.7000,0.9066
2023-02-21 17:00:00,109.0000,20.0000,25.0000,71.0000,5.7000,0.2448
2023-02-21 18:00:00,12.0000,0.0000,24.4000,74.0000,4.1000,0.0000
2023-02-21 19:00:00,0.0000,0.0000,23.9000,74.0000,3.1000,0.0000
2023-02-21 20:00:00,0.0000,0.0000,23.9000,76.0000,3.1000,0.0000
2023-02-21 21:00:00,0.0000,0.0000,23.3000,79.0000,3.1000,0.0000
2023-02-21 22:00:00,0.0000,10.0000,23.3000,82.0000,3.1000,0.0000
2023-02-21 23:00:00,0.0000,20.0000,23.3000,84.0000,4.1000,0.0000
2023-02-22 00:00:00,0.0000,10.0000,23.9000,79.0000,7.7000,0.0000
2023-02-22 01:00:00,0.0000,20.0000,23.9000,79.0000,6.2000,0.0000
2023-02-22 02:00:00,0.0000,40.0000,23.9000,79.0000,6.7000,0.0000
2023-02-22 03:00:00,0.0000,20.0000,23.9000,79.0000,7.2000,0.0000
2023-02-22 04:00:00,0.0000,30.0000,23.9000,79.0000,7.2000,0.0000
2023-02-22 05:00:00,0.0000,10.0000,23.9000,79.0000,7.2000,0.0000
2023-02-22 06:00:00,1.0000,10.0000,23.9000,79.0000,6.7000,0.0000
2023-02-22 07:00:00,76.0000,10.0000,24.4000,76.0000,4.6000,0.4546
2023-02-22 08:00:00,280.0000,20.0000,25.6000,74.0000,9.3000,1.1286
2023-02-22 09:00:00,519.0000,30.0000,26.7000,69.0000,8.8000,1.9565
2023-02-22 10:00:00,726.0000,30.0000,27.2000,69.0000,9.3000,2.7524
2023-02-22 11:00:00,815.0000,50.0000,27.8000,67.0000,7.2000,3.3160
2023-02-22 12:00:00,707.0000,80.0000,27.2000,69.0000,7.7000,3.4090
2023-02-22 13:00:00,539.0000,90.0000,27.2000,67.0000,9.3000,2.9579
2023-02-22 14:00:00,237.0000,100.0000,26.1000,72.0000,6.7000,2.3941
2023-02-22 15:00:00,321.0000,100.0000,26.7000,69.0000,7.2000,1.8303
2023-02-22 16:00:00,131.0000,100.0000,25.6000,74.0000,6.7000,1.0805
2023-02-22 17:00:00,52.0000,90.0000,25.0000,76.0000,7.7000,0.3292
2023-02-22 18:00:00,4.0000,90.0000,24.4000,76.0000,3.6000,0.0045
2023-02-22 19:00:00,0.0000,70.0000,24.4000,79.0000,3.6000,0.0000
2023-02-22 20:00:00,0.0000,90.0000,23.9000,82.0000,1.5000,0.0000
2023-02-22 21:00:00,0.0000,20.0000,23.3000,84.0000,0.0000,0.0000
2023-02-22 22:00:00,0.0000,70.0000,22.2000,90.0000,0.0000,0.0000
2023-02-22 23:00:00,0.0000,100.0000,22.8000,87.0000,1.5000,0.0000
2023-02-23 00:00:00,0.0000,60.0000,22.2000,90.0000,2.1000,0.0000
2023-02-23 01:00:00,0.0000,90.0000,21.7000,93.0000,2.6000,0.0000
2023-02-23 02:00:00,0.0000,40.0000,22.8000,87.0000,2.6000,0.0000
2023-02-23 03:00:00,0.0000,70.0000,23.3000,87.0000,3.1000,0.0000
2023-02-23 04:00:00,0.0000,60.0000,23.3000,84.0000,4.1000,0.0000
2023-02-23 05:00:00,0.0000,60.0000,23.3000,82.0000,4.6000,0.0000
2023-02-23 06:00:00,6.0000,70.0000,23.3000,82.0000,4.6000,0.0000
2023-02-23 07:00:00,73.0000,70.0000,23.9000,79.0000,4.1000,0.5510
2023-02-23 08:00:00,266.0000,70.0000,25.0000,74.0000,5.7000,1.3778
2023-02-23 09:00:00,428.0000,80.0000,25.0000,71.0000,7.2000,2.2684
2023-02-23 10:00:00,634.0000,40.0000,26.7000,62.0000,7.2000,2.8763
2023-02-23 11:00:00,826.0000,40.0000,27.8000,61.0000,6.7000,3.0101
2023-02-23 12:00:00,861.0000,30.0000,27.8000,56.0000,7.2000,2.6054
2023-02-23 13:00:00,808.0000,20.0000,26.7000,62.0000,6.2000,1.6346
2023-02-23 14:00:00,638.0000,30.0000,26.7000,65.0000,5.7000,1.1350
2023-02-23 15:00:00,491.0000,40.0000,26.1000,69.0000,5.2000,0.9984
2023-02-23 16:00:00,346.0000,30.0000,25.6000,69.0000,5.2000,0.3714
2023-02-23 17:00:00,117.0000,10.0000,25.0000,74.0000,5.2000,0.1038
2023-02-23 18:00:00,12.0000,0.0000,23.9000,79.0000,3.1000,0.0000
2023-02-23 19:00:00,0.0000,0.0000,23.3000,82.0000,4.1000,0.0000
2023-02-23 20:00:00,0.0000,10.0000,23.9000,79.0000,5.2000,0.0000
2023-02-23 21:00:00,0.0000,20.0000,23.3000,79.0000,5.7000,0.0000
2023-02-23 22:00:00,0.0000,0.0000,23.3000,79.0000,5.7000,0.0000
2023-02-23 23:00:00,0.0000,10.0000,23.3000,82.0000,5.7000,0.0000
2023-02-24 00:00:00,0.0000,30.0000,23.3000,79.0000,5.2000,0.0000
2023-02-24 01:00:00,0.0000,50.0000,23.9000,76.0000,4.1000,0.0000
2023-02-24 02:00:00,0.0000,50.0000,23.3000,79.0000,5.7000,0.0000
2023-02-24 03:00:00,0.0000,90.0000,23.9000,76.0000,6.7000,0.0000
2023-02-24 04:00:00,0.0000,90.0000,23.9000,79.0000,5.7000,0.0000
2023-02-24 05:00:00,0.0000,100.0000,23.9000,79.0000,4.6000,0.0000
2023-02-24 06:00:00,0.0000,100.0000,24.4000,79.0000,5.2000,0.0000
2023-02-24 07:00:00,68.0000,100.0000,24.4000,82.0000,6.7000,0.5193
2023-02-24 08:00:00,186.0000,100.0000,25.6000,74.0000,7.7000,1.2314
2023-02-24 09:00:00,187.0000,100.0000,26.7000,69.0000,5.2000,2.0299
2023-02-24 10:00:00,281.0000,100.0000,27.2000,65.0000,8.2000,2.8016
2023-02-24 11:00:00,629.0000,80.0000,28.3000,61.0000,7.2000,3.3365
2023-02-24 12:00:00,707.0000,80.0000,29.4000,53.0000,9.8000,3.4815
2023-02-24 13:00:00,714.0000,80.0000,30.0000,48.0000,8.2000,3.1949
2023-02-24 14:00:00,335.0000,90.0000,26.7000,62.0000,8.2000,2.5808
2023-02-24 15:00:00,280.0000,90.0000,25.0000,64.0000,9.8000,2.0060
2023-02-24 16:00:00,213.0000,90.0000,23.3000,64.0000,8.8000,1.2520
2023-02-24 17:00:00,51.0000,100.0000,22.2000,64.0000,6.7000,0.3857
2023-02-24 18:00:00,4.0000,100.0000,21.7000,57.0000,6.7000,0.0074
2023-02-24 19:00:00,0.0000,70.0000,20.6000,61.0000,6.7000,0.0000
2023-02-24 20:00:00,0.0000,70.0000,18.9000,56.0000,4.1000,0.0000
2023-02-24 21:00:00,0.0000,0.0000,17.8000,63.0000,4.1000,0.0000
2023-02-24 22:00:00,0.0000,0.0000,16.7000,58.0000,4.1000,0.0000
2023-02-24 23:00:00,0.0000,0.0000,15.0000,65.0000,7.2000,0.0000
2023-02-25 00:00:00,0.0000,0.0000,13.9000,67.0000,4.6000,0.0000
2023-02-25 01:00:00,0.0000,0.0000,13.3000,72.0000,2.6000,0.0000
2023-02-25 02:00:00,0.0000,0.0000,12.8000,75.0000,3.1000,0.0000
2023-02-25 03:00:00,0.0000,0.0000,12.8000,72.0000,4.1000,0.0000
2023-02-25 04:00:00,0.0000,0.0000,12.2000,74.0000,4.6000,0.0000
2023-02-25 05:00:00,0.0000,0.0000,11.1000,80.0000,2.1000,0.0000
2023-02-25 06:00:00,10.0000,0.0000,10.6000,80.0000,3.1000,0.0000
2023-02-25 07:00:00,103.0000,20.0000,11.7000,77.0000,3.1000,0.4387
2023-02-25 08:00:00,345.0000,20.0000,13.9000,51.0000,7.7000,0.7087
2023-02-25 09:00:00,574.0000,20.0000,15.6000,41.0000,7.2000,0.9099
2023-02-25 10:00:00,750.0000,10.0000,17.2000,40.0000,7.7000,1.7742
2023-02-25 11:00:00,867.0000,0.0000,18.9000,33.0000,5.2000,2.7478
2023-02-25 12:00:00,906.0000,0.0000,21.1000,32.0000,4.6000,2.9805
2023-02-25 13:00:00,884.0000,0.0000,21.7000,25.0000,3.1000,2.3511
2023-02-25 14:00:00,785.0000,20.0000,22.8000,20.0000,4.1000,1.2912
2023-02-25 15:00:00,615.0000,0.0000,22.2000,37.0000,3.6000,0.9880
2023-02-25 16:00:00,400.0000,0.0000,21.7000,39.0000,4.6000,0.5562
2023-02-25 17:00:00,139.0000,0.0000,20.6000,42.0000,5.2000,0.1051
2023-02-25 18:00:00,21.0000,10.0000,18.9000,49.0000,4.1000,0.0000
2023-02-25 19:00:00,0.0000,0.0000,18.3000,54.0000,2.6000,0.0000
2023-02-25 20:00:00,0.0000,0.0000,17.2000,56.0000,2.6000,0.0000
2023-02-25 21:00:00,0.0000,0.0000,16.7000,63.0000,2.6000,0.0000
2023-02-25 22:00:00,0.0000,0.0000,16.7000,58.0000,2.1000,0.0000
2023-02-25 23:00:00,0.0000,0.0000,16.1000,60.0000,1.5000,0.0000
2023-02-26 00:00:00,0.0000,0.0000,15.0000,67.0000,2.1000,0.0000
2023-02-26 01:00:00,0.0000,0.0000,13.9000,75.0000,1.5000,0.0000
2023-02-26 02:00:00,0.0000,40.0000,13.3000,77.0000,2.1000,0.0000
2023-02-26 03:00:00,0.0000,50.0000,13.3000,77.0000,1.0000,0.0000
2023-02-26 04:00:00,0.0000,40.0000,13.3000,77.0000,1.5000,0.0000
2023-02-26 05:00:00,0.0000,20.0000,13.3000,77.0000,1.5000,0.0000
2023-02-26 06:00:00,3.0000,20.0000,13.3000,80.0000,2.1000,0.0000
2023-02-26 07:00:00,78.0000,70.0000,16.1000,72.0000,2.1000,0.5839
2023-02-26 08:00:00,218.0000,70.0000,21.1000,61.0000,2.1000,1.5454
2023-02-26 09:00:00,438.0000,70.0000,22.8000,57.0000,5.7000,2.4790
2023-02-26 10:00:00,643.0000,40.0000,23.3000,55.0000,5.7000,3.1920
2023-02-26 11:00:00,805.0000,50.0000,23.3000,55.0000,7.2000,3.5850
2023-02-26 12:00:00,829.0000,50.0000,24.4000,54.0000,4.1000,3.7282
2023-02-26 13:00:00,872.0000,30.0000,23.9000,56.0000,6.2000,3.5022
2023-02-26 14:00:00,740.0000,10.0000,23.9000,58.0000,5.7000,3.1445
2023-02-26 15:00:00,440.0000,70.0000,23.9000,62.0000,6.7000,2.4217
2023-02-26 16:00:00,136.0000,100.0000,22.8000,71.0000,5.2000,1.4533
2023-02-26 17:00:00,49.0000,100.0000,22.8000,71.0000,5.2000,0.4814
2023-02-26 18:00:00,10.0000,100.0000,22.8000,73.0000,4.6000,0.0138
2023-02-26 19:00:00,0.0000,90.0000,22.8000,76.0000,4.6000,0.0000
2023-02-26 20:00:00,0.0000,90.0000,22.8000,79.0000,4.1000,0.0000
2023-02-26 21:00:00,0.0000,40.0000,22.8000,79.0000,2.6000,0.0000
2023-02-26 22:00:00,0.0000,70.0000,22.8000,84.0000,3.6000,0.0000
2023-02-26 23:00:00,0.0000,60.0000,23.3000,84.0000,4.1000,0.0000
2023-02-27 00:00:00,0.0000,20.0000,22.8000,84.0000,4.1000,0.0000
2023-02-27 01:00:00,0.0000,20.0000,22.8000,84.0000,3.6000,0.0000
2023-02-27 02:00:00,0.0000,10.0000,22.8000,84.0000,3.1000,0.0000
2023-02-27 03:00:00,0.0000,0.0000,22.2000,87.0000,2.1000,0.0000
2023-02-27 04:00:00,0.0000,10.0000,21.7000,87.0000,2.6000,0.0000
2023-02-27 05:00:00,0.0000,0.0000,22.2000,87.0000,3.1000,0.0000
2023-02-27 06:00:00,4.0000,20.0000,22.2000,87.0000,2.6000,0.0000
2023-02-27 07:00:00,91.0000,20.0000,23.3000,82.0000,3.6000,0.4902
2023-02-27 08:00:00,321.0000,20.0000,25.0000,74.0000,7.2000,1.2128
2023-02-27 09:00:00,551.0000,20.0000,26.1000,65.0000,7.7000,2.1104
2023-02-27 10:00:00,722.0000,30.0000,26.7000,62.0000,6.7000,2.9041
2023-02-27 11:00:00,830.0000,30.0000,26.7000,60.0000,7.2000,3.3000
2023-02-27 12:00:00,870.0000,20.0000,27.2000,58.0000,7.7000,3.5060
2023-02-27 13:00:00,844.0000,30.0000,26.7000,60.0000,8.2000,3.4833
2023-02-27 14:00:00,753.0000,20.0000,26.1000,62.0000,7.7000,2.6858
2023-02-27 15:00:00,601.0000,20.0000,26.7000,62.0000,7.2000,1.2898
2023-02-27 16:00:00,331.0000,10.0000,25.6000,62.0000,5.2000,0.3852
2023-02-27 17:00:00,113.0000,20.0000,25.6000,67.0000,3.1000,0.1035
2023-02-27 18:00:00,10.0000,40.0000,23.6000,72.0000,2.6000,0.0071
2023-02-27 19:00:00,0.0000,0.0000,22.0000,76.0000,3.4000,0.0000
2023-02-27 20:00:00,0.0000,0.0000,21.0000,77.0000,2.7000,0.0000
2023-02-27 21:00:00,0.0000,0.0000,20.4000,77.0000,3.0000,0.0000
2023-02-27 22:00:00,0.0000,0.0000,19.8000,77.0000,2.6000,0.0000
2023-02-27 23:00:00,0.0000,20.0000,19.2000,77.0000,2.8000,0.0000
2023-02-28 00:00:00,0.0000,0.0000,18.0000,76.0000,2.9000,0.0000
2023-02-28 01:00:00,0.0000,0.0000,17.4000,76.0000,3.1000,0.0000
2023-02-28 02:00:00,0.0000,0.0000,16.6000,77.0000,2.7000,0.0000
2023-02-28 03:00:00,0.0000,0.0000,15.6000,78.0000,3.0000,0.0000
2023-02-28 04:00:00,0.0000,0.0000,14.8000,81.0000,3.0000,0.0000
2023-02-28 05:00:00,0.0000,0.0000,13.6000,84.0000,1.7000,0.0000
2023-02-28 06:00:00,11.0000,0.0000,12.8000,90.0000,2.1000,0.0000
2023-02-28 07:00:00,115.0000,0.0000,14.4000,87.0000,3.1000,0.5751
2023-02-28 08:00:00,345.0000,0.0000,17.2000,75.0000,5.7000,1.4672
2023-02-28 09:00:00,564.0000,0.0000,19.4000,70.0000,5.2000,2.3494
2023-02-28 10:00:00,739.0000,0.0000,20.0000,66.0000,6.2000,2.9966
2023-02-28 11:00:00,854.0000,0.0000,22.8000,48.0000,4.6000,3.3826
2023-02-28 12:00:00,849.0000,10.0000,23.3000,45.0000,5.2000,3.6170
2023-02-28 13:00:00,823.0000,20.0000,23.3000,45.0000,4.1000,3.4075
2023-02-28 14:00:00,732.0000,20.0000,24.4000,42.0000,6.7000,2.9950
2023-02-28 15:00:00,508.0000,20.0000,25.0000,37.0000,4.1000,2.2126
2023-02-28 16:00:00,342.0000,20.0000,24.4000,39.0000,4.6000,1.1832
2023-02-28 17:00:00,141.0000,30.0000,23.3000,43.0000,3.1000,0.3427
2023-02-28 18:00:00,20.0000,10.0000,21.1000,55.0000,3.6000,0.0064
2023-02-28 19:00:00,0.0000,20.0000,20.6000,57.0000,2.6000,0.0000
2023-02-28 20:00:00,0.0000,20.0000,19.4000,66.0000,2.1000,0.0000
2023-02-28 21:00:00,0.0000,20.0000,17.8000,73.0000,1.0000,0.0000
2023-02-28 22:00:00,0.0000,10.0000,16.7000,78.0000,2.1000,0.0000
2023-02-28 23:00:00,0.0000,10.0000,17.8000,68.0000,2.1000,0.0000
2023-03-01 00:00:00,0.0000,30.0000,16.7000,73.0000,2.1000,0.0000
2023-03-01 01:00:00,0.0000,10.0000,15.0000,84.0000,0.0000,0.0000
2023-03-01 02:00:00,0.0000,10.0000,15.0000,84.0000,0.0000,0.0000
2023-03-01 03:00:00,0.0000,10.0000,15.0000,87.0000,0.0000,0.0000
2023-03-01 04:00:00,0.0000,0.0000,14.4000,90.0000,1.0000,0.0000
2023-03-01 05:00:00,0.0000,0.0000,15.0000,90.0000,2.6000,0.0000
2023-03-01 06:00:00,9.0000,10.0000,15.0000,87.0000,2.1000,0.0000
2023-03-01 07:00:00,103.0000,40.0000,16.1000,81.0000,1.5000,0.5985
2023-03-01 08:00:00,334.0000,10.0000,22.2000,59.0000,2.1000,1.5354
2023-03-01 09:00:00,534.0000,20.0000,23.9000,48.0000,6.2000,2.5071
2023-03-01 10:00:00,704.0000,10.0000,24.4000,45.0000,7.2000,3.1637
2023-03-01 11:00:00,830.0000,10.0000,24.4000,45.0000,7.2000,3.4818
2023-03-01 12:00:00,828.0000,20.0000,25.0000,42.0000,8.2000,3.5101
2023-03-01 13:00:00,745.0000,40.0000,25.6000,44.0000,7.7000,3.3626
2023-03-01 14:00:00,766.0000,20.0000,24.4000,47.0000,7.7000,2.8387
2023-03-01 15:00:00,383.0000,30.0000,23.3000,50.0000,7.2000,2.0476
2023-03-01 16:00:00,339.0000,50.0000,23.3000,48.0000,7.2000,1.2745
2023-03-01 17:00:00,93.0000,80.0000,22.2000,55.0000,7.2000,0.4217
2023-03-01 18:00:00,15.0000,70.0000,21.7000,61.0000,6.7000,0.0194
2023-03-01 19:00:00,0.0000,40.0000,21.1000,66.0000,5.7000,0.0000
2023-03-01 20:00:00,0.0000,60.0000,21.1000,66.0000,4.6000,0.0000
2023-03-01 21:00:00,0.0000,40.0000,20.6000,66.0000,4.1000,0.0000
2023-03-01 22:00:00,0.0000,80.0000,21.1000,64.0000,5.7000,0.0000
2023-03-01 23:00:00,0.0000,50.0000,20.6000,66.0000,5.7000,0.0000
2023-03-02 00:00:00,0.0000,50.0000,20.6000,66.0000,5.7000,0.0000
2023-03-02 01:00:00,0.0000,30.0000,20.6000,63.0000,7.2000,0.0000
2023-03-02 02:00:00,0.0000,30.0000,20.6000,61.0000,6.7000,0.0000
2023-03-02 03:00:00,0.0000,60.0000,20.6000,61.0000,6.7000,0.0000
2023-03-02 04:00:00,0.0000,60.0000,21.1000,66.0000,7.2000,0.0000
2023-03-02 05:00:00,0.0000,70.0000,21.1000,66.0000,6.2000,0.0000
2023-03-02 06:00:00,11.0000,70.0000,21.1000,68.0000,6.2000,0.0000
2023-03-02 07:00:00,98.0000,50.0000,22.2000,66.0000,7.2000,0.6170
2023-03-02 08:00:00,301.0000,80.0000,23.9000,64.0000,8.8000,1.4360
2023-03-02 09:00:00,479.0000,50.0000,24.4000,64.0000,8.8000,2.3510
2023-03-02 10:00:00,540.0000,80.0000,25.0000,62.0000,7.2000,3.0186
2023-03-02 11:00:00,645.0000,80.0000,26.1000,60.0000,9.3000,3.4141
2023-03-02 12:00:00,578.0000,80.0000,26.1000,62.0000,6.7000,3.3870
2023-03-02 13:00:00,750.0000,90.0000,25.6000,64.0000,9.3000,3.2714
2023-03-02 14:00:00,752.0000,90.0000,25.6000,64.0000,8.2000,2.6736
2023-03-02 15:00:00,436.0000,90.0000,25.6000,67.0000,8.8000,1.7114
2023-03-02 16:00:00,260.0000,90.0000,24.4000,74.0000,7.7000,1.1080
2023-03-02 17:00:00,95.0000,90.0000,24.4000,74.0000,7.2000,0.2481
2023-03-02 18:00:00,16.0000,60.0000,23.9000,76.0000,7.2000,0.0176
2023-03-02 19:00:00,0.0000,50.0000,23.3000,82.0000,5.7000,0.0000
2023-03-02 20:00:00,0.0000,80.0000,23.3000,82.0000,6.2000,0.0000
2023-03-02 21:00:00,0.0000,90.0000,23.3000,82.0000,6.7000,0.0000
2023-03-02 22:00:00,0.0000,40.0000,23.3000,82.0000,6.7000,0.0000
2023-03-02 23:00:00,0.0000,30.0000,23.3000,82.0000,7.7000,0.0000
2023-03-03 00:00:00,0.0000,40.0000,23.3000,82.0000,8.8000,0.0000
2023-03-03 01:00:00,0.0000,50.0000,23.3000,82.0000,7.2000,0.0000
2023-03-03 02:00:00,0.0000,80.0000,22.8000,84.0000,6.7000,0.0000
2023-03-03 03:00:00,0.0000,40.0000,22.8000,84.0000,6.2000,0.0000
2023-03-03 04:00:00,0.0000,30.0000,22.8000,84.0000,6.2000,0.0000
2023-03-03 05:00:00,0.0000,40.0000,22.8000,84.0000,5.7000,0.0000
2023-03-03 06:00:00,6.0000,40.0000,22.8000,87.0000,6.2000,0.0000
2023-03-03 07:00:00,93.0000,70.0000,23.9000,85.0000,7.7000,0.6054
2023-03-03 08:00:00,329.0000,70.0000,24.4000,82.0000,7.7000,1.3898
2023-03-03 09:00:00,371.0000,80.0000,25.6000,77.0000,6.2000,2.0105
2023-03-03 10:00:00,543.0000,80.0000,26.7000,72.0000,6.2000,2.3874
2023-03-03 11:00:00,831.0000,80.0000,27.2000,69.0000,6.2000,2.5436
2023-03-03 12:00:00,652.0000,80.0000,26.7000,72.0000,9.3000,2.7631
2023-03-03 13:00:00,686.0000,90.0000,27.8000,67.0000,9.3000,3.2821
2023-03-03 14:00:00,475.0000,100.0000,27.8000,63.0000,8.2000,2.6475
2023-03-03 15:00:00,409.0000,90.0000,27.8000,63.0000,8.2000,1.5972
2023-03-03 16:00:00,250.0000,100.0000,26.1000,69.0000,7.7000,0.8045
2023-03-03 17:00:00,94.0000,100.0000,25.6000,74.0000,7.7000,0.2357
2023-03-03 18:00:00,12.0000,90.0000,23.9000,85.0000,5.7000,0.0177
2023-03-03 19:00:00,0.0000,60.0000,23.9000,87.0000,4.6000,0.0000
2023-03-03 20:00:00,0.0000,80.0000,23.3000,90.0000,4.1000,0.0000
2023-03-03 21:00:00,0.0000,80.0000,23.3000,90.0000,4.6000,0.0000
2023-03-03 22:00:00,0.0000,50.0000,23.3000,90.0000,3.6000,0.0000
2023-03-03 23:00:00,0.0000,60.0000,23.3000,90.0000,5.2000,0.0000
2023-03-04 00:00:00,0.0000,90.0000,22.8000,90.0000,4.1000,0.0000
2023-03-04 01:00:00,0.0000,100.0000,22.8000,90.0000,4.6000,0.0000
2023-03-04 02:00:00,0.0000,100.0000,22.8000,90.0000,5.2000,0.0000
2023-03-04 03:00:00,0.0000,100.0000,23.3000,90.0000,5.2000,0.0000
2023-03-04 04:00:00,0.0000,100.0000,23.3000,90.0000,5.2000,0.0000
2023-03-04 05:00:00,0.0000,100.0000,22.8000,94.0000,4.1000,0.0000
2023-03-04 06:00:00,8.0000,90.0000,22.8000,94.0000,3.6000,0.0000
2023-03-04 07:00:00,58.0000,100.0000,23.9000,90.0000,4.6000,0.6884
2023-03-04 08:00:00,132.0000,100.0000,24.4000,88.0000,3.1000,1.2588
2023-03-04 09:00:00,276.0000,100.0000,25.0000,82.0000,4.1000,1.7737
2023-03-04 10:00:00,314.0000,100.0000,26.7000,74.0000,5.2000,2.6901
2023-03-04 11:00:00,689.0000,90.0000,28.3000,67.0000,5.2000,3.0256
2023-03-04 12:00:00,430.0000,100.0000,27.8000,69.0000,5.7000,2.7327
2023-03-04 13:00:00,376.0000,100.0000,28.3000,67.0000,6.7000,2.3929
2023-03-04 14:00:00,353.0000,100.0000,27.8000,69.0000,6.7000,1.9260
2023-03-04 15:00:00,205.0000,80.0000,27.2000,74.0000,7.7000,1.4787
2023-03-04 16:00:00,213.0000,90.0000,26.7000,74.0000,7.2000,0.7489
2023-03-04 17:00:00,101.0000,90.0000,25.0000,82.0000,7.2000,0.2135
2023-03-04 18:00:00,14.0000,100.0000,24.4000,85.0000,5.7000,0.0133
2023-03-04 19:00:00,0.0000,90.0000,23.9000,87.0000,5.2000,0.0000
2023-03-04 20:00:00,0.0000,90.0000,23.9000,87.0000,4.6000,0.0000
2023-03-04 21:00:00,0.0000,70.0000,23.3000,90.0000,4.6000,0.0000
2023-03-04 22:00:00,0.0000,80.0000,23.3000,90.0000,3.6000,0.0000
2023-03-04 23:00:00,0.0000,100.0000,22.8000,87.0000,3.6000,0.0000
2023-03-05 00:00:00,0.0000,100.0000,22.2000,94.0000,3.6000,0.0000
2023-03-05 01:00:00,0.0000,100.0000,22.8000,94.0000,4.6000,0.0000
2023-03-05 02:00:00,0.0000,70.0000,22.8000,94.0000,5.2000,0.0000
2023-03-05 03:00:00,0.0000,50.0000,22.2000,97.0000,4.6000,0.0000
2023-03-05 04:00:00,0.0000,70.0000,22.8000,94.0000,4.6000,0.0000
2023-03-05 05:00:00,0.0000,100.0000,22.8000,94.0000,5.2000,0.0000
2023-03-05 06:00:00,6.0000,100.0000,22.8000,90.0000,5.7000,0.0000
2023-03-05 07:00:00,76.0000,100.0000,23.3000,87.0000,6.2000,0.3566
2023-03-05 08:00:00,180.0000,100.0000,23.9000,87.0000,4.6000,0.7833
2023-03-05 09:00:00,290.0000,100.0000,24.4000,85.0000,5.2000,1.1415
2023-03-05 10:00:00,287.0000,100.0000,25.0000,82.0000,4.1000,1.9346
2023-03-05 11:00:00,217.0000,100.0000,24.4000,88.0000,5.7000,2.2887
2023-03-05 12:00:00,390.0000,100.0000,23.9000,87.0000,5.7000,1.5784
2023-03-05 13:00:00,371.0000,100.0000,25.0000,79.0000,6.2000,1.4728
2023-03-05 14:00:00,326.0000,100.0000,24.4000,79.0000,7.2000,1.1418
2023-03-05 15:00:00,284.0000,100.0000,25.6000,72.0000,7.2000,0.8877
2023-03-05 16:00:00,193.0000,100.0000,25.0000,74.0000,7.2000,0.6928
2023-03-05 17:00:00,90.0000,100.0000,23.3000,82.0000,4.6000,0.2432
2023-03-05 18:00:00,12.0000,90.0000,22.8000,82.0000,4.6000,0.0158
2023-03-05 19:00:00,0.0000,70.0000,22.8000,79.0000,3.1000,0.0000
2023-03-05 20:00:00,0.0000,100.0000,22.8000,82.0000,2.6000,0.0000
2023-03-05 21:00:00,0.0000,100.0000,22.2000,84.0000,4.6000,0.0000
2023-03-05 22:00:00,0.0000,100.0000,22.2000,84.0000,4.1000,0.0000
2023-03-05 23:00:00,0.0000,90.0000,21.7000,87.0000,2.6000,0.0000
2023-03-06 00:00:00,0.0000,100.0000,21.1000,90.0000,4.6000,0.0000
2023-03-06 01:00:00,0.0000,100.0000,21.1000,90.0000,3.6000,0.0000
2023-03-06 02:00:00,0.0000,100.0000,20.6000,90.0000,2.6000,0.0000
2023-03-06 03:00:00,0.0000,90.0000,20.6000,90.0000,4.1000,0.0000
2023-03-06 04:00:00,0.0000,100.0000,20.6000,87.0000,3.6000,0.0000
2023-03-06 05:00:00,0.0000,100.0000,20.0000,90.0000,4.1000,0.0000
2023-03-06 06:00:00,8.0000,100.0000,20.0000,90.0000,5.2000,0.0000
2023-03-06 07:00:00,70.0000,100.0000,20.6000,87.0000,3.6000,0.4765
2023-03-06 08:00:00,135.0000,100.0000,21.1000,84.0000,4.6000,0.9172
2023-03-06 09:00:00,226.0000,100.0000,22.2000,79.0000,4.6000,1.1490
2023-03-06 10:00:00,327.0000,100.0000,22.8000,79.0000,5.2000,1.0098
2023-03-06 11:00:00,358.0000,100.0000,22.8000,79.0000,4.1000,1.1850
2023-03-06 12:00:00,356.0000,100.0000,24.4000,69.0000,4.1000,1.5105
2023-03-06 13:00:00,344.0000,100.0000,24.4000,69.0000,5.7000,1.4032
2023-03-06 14:00:00,528.0000,90.0000,25.0000,64.0000,6.2000,1.2258
2023-03-06 15:00:00,380.0000,90.0000,24.4000,64.0000,6.2000,0.9711
2023-03-06 16:00:00,248.0000,80.0000,24.4000,64.0000,5.7000,0.5782
2023-03-06 17:00:00,98.0000,80.0000,23.9000,69.0000,5.2000,0.1990
2023-03-06 18:00:00,11.0000,90.0000,23.3000,71.0000,5.2000,0.0137
2023-03-06 19:00:00,0.0000,70.0000,23.3000,71.0000,5.2000,0.0000
2023-03-06 20:00:00,0.0000,70.0000,23.3000,71.0000,4.6000,0.0000
2023-03-06 21:00:00,0.0000,60.0000,22.8000,71.0000,4.6000,0.0000
2023-03-06 22:00:00,0.0000,30.0000,22.8000,71.0000,5.2000,0.0000
2023-03-06 23:00:00,0.0000,30.0000,22.2000,73.0000,5.2000,0.0000
2023-03-07 00:00:00,0.0000,30.0000,22.2000,76.0000,5.7000,0.0000
2023-03-07 01:00:00,0.0000,10.0000,22.2000,73.0000,5.2000,0.0000
2023-03-07 02:00:00,0.0000,20.0000,21.7000,76.0000,5.2000,0.0000
2023-03-07 03:00:00,0.0000,30.0000,21.7000,76.0000,4.6000,0.0000
2023-03-07 04:00:00,0.0000,20.0000,21.7000,73.0000,5.2000,0.0000
2023-03-07 05:00:00,0.0000,60.0000,21.7000,73.0000,5.2000,0.0000
2023-03-07 06:00:00,15.0000,20.0000,21.7000,71.0000,6.2000,0.0000
2023-03-07 07:00:00,126.0000,20.0000,22.8000,69.0000,7.2000,0.3980
2023-03-07 08:00:00,241.0000,60.0000,23.3000,66.0000,7.7000,0.7170
2023-03-07 09:00:00,485.0000,70.0000,24.4000,62.0000,6.7000,1.0991
2023-03-07 10:00:00,518.0000,90.0000,23.9000,66.0000,7.2000,1.3690
2023-03-07 11:00:00,743.0000,80.0000,24.4000,62.0000,5.7000,1.4040
2023-03-07 12:00:00,577.0000,90.0000,24.4000,60.0000,7.2000,1.3717
2023-03-07 13:00:00,564.0000,70.0000,25.0000,58.0000,4.1000,1.7643
2023-03-07 14:00:00,647.0000,60.0000,25.0000,58.0000,7.2000,1.9699
2023-03-07 15:00:00,572.0000,50.0000,25.0000,60.0000,8.8000,1.3994
2023-03-07 16:00:00,228.0000,90.0000,24.4000,64.0000,3.6000,0.7879
2023-03-07 17:00:00,111.0000,80.0000,23.3000,69.0000,4.6000,0.2316
2023-03-07 18:00:00,19.0000,50.0000,22.8000,69.0000,5.2000,0.0090
2023-03-07 19:00:00,0.0000,40.0000,22.8000,69.0000,5.2000,0.0000
2023-03-07 20:00:00,0.0000,40.0000,22.8000,69.0000,6.7000,0.0000
2023-03-07 21:00:00,0.0000,30.0000,22.2000,69.0000,6.2000,0.0000
2023-03-07 22:00:00,0.0000,20.0000,22.2000,73.0000,7.2000,0.0000
2023-03-07 23:00:00,0.0000,10.0000,22.2000,73.0000,7.2000,0.0000
2023-03-08 00:00:00,0.0000,80.0000,22.2000,76.0000,5.7000,0.0000
2023-03-08 01:00:00,0.0000,100.0000,22.2000,76.0000,6.2000,0.0000
2023-03-08 02:00:00,0.0000,100.0000,22.2000,82.0000,4.6000,0.0000
2023-03-08 03:00:00,0.0000,100.0000,22.8000,79.0000,5.7000,0.0000
2023-03-08 04:00:00,0.0000,100.0000,22.8000,79.0000,5.7000,0.0000
2023-03-08 05:00:00,0.0000,100.0000,22.8000,82.0000,6.7000,0.0000
2023-03-08 06:00:00,12.0000,100.0000,22.8000,79.0000,7.7000,0.0000
2023-03-08 07:00:00,114.0000,90.0000,22.8000,82.0000,7.2000,0.5182
2023-03-08 08:00:00,321.0000,90.0000,23.9000,79.0000,8.8000,1.3105
2023-03-08 09:00:00,484.0000,60.0000,25.0000,74.0000,8.2000,1.9704
2023-03-08 10:00:00,488.0000,90.0000,25.0000,79.0000,9.3000,2.5074
2023-03-08 11:00:00,258.0000,100.0000,25.6000,79.0000,8.8000,2.6974
2023-03-08 12:00:00,387.0000,90.0000,25.6000,74.0000,7.2000,2.3441
2023-03-08 13:00:00,652.0000,80.0000,26.7000,72.0000,8.2000,2.5586
2023-03-08 14:00:00,572.0000,70.0000,26.7000,72.0000,9.3000,2.7433
2023-03-08 15:00:00,553.0000,60.0000,27.2000,69.0000,9.3000,1.8887
2023-03-08 16:00:00,308.0000,30.0000,26.7000,67.0000,7.7000,0.7457
2023-03-08 17:00:00,133.0000,40.0000,25.6000,74.0000,6.2000,0.2795
2023-03-08 18:00:00,13.0000,30.0000,24.4000,82.0000,5.2000,0.0242
2023-03-08 19:00:00,0.0000,20.0000,23.9000,85.0000,5.2000,0.0000
2023-03-08 20:00:00,0.0000,20.0000,23.9000,87.0000,3.6000,0.0000
2023-03-08 21:00:00,0.0000,0.0000,23.3000,90.0000,4.6000,0.0000
2023-03-08 22:00:00,0.0000,0.0000,23.3000,90.0000,5.2000,0.0000
2023-03-08 23:00:00,0.0000,60.0000,23.3000,90.0000,5.7000,0.0000
2023-03-09 00:00:00,0.0000,50.0000,23.3000,90.0000,5.2000,0.0000
2023-03-09 01:00:00,0.0000,50.0000,23.9000,87.0000,5.2000,0.0000
2023-03-09 02:00:00,0.0000,60.0000,23.3000,90.0000,5.7000,0.0000
2023-03-09 03:00:00,0.0000,40.0000,23.3000,90.0000,5.7000,0.0000
2023-03-09 04:00:00,0.0000,60.0000,23.3000,90.0000,6.2000,0.0000
2023-03-09 05:00:00,0.0000,60.0000,23.3000,90.0000,6.2000,0.0000
2023-03-09 06:00:00,14.0000,70.0000,23.3000,90.0000,7.2000,0.0000
2023-03-09 07:00:00,79.0000,100.0000,23.9000,87.0000,5.2000,0.6977
2023-03-09 08:00:00,118.0000,100.0000,24.4000,85.0000,7.7000,1.4394
2023-03-09 09:00:00,139.0000,100.0000,23.9000,90.0000,8.8000,1.9109
2023-03-09 10:00:00,277.0000,100.0000,22.2000,90.0000,8.2000,1.5484
2023-03-09 11:00:00,407.0000,100.0000,20.0000,87.0000,7.2000,1.2880
2023-03-09 12:00:00,277.0000,100.0000,19.4000,90.0000,6.7000,2.0807
2023-03-09 13:00:00,711.0000,60.0000,21.1000,66.0000,6.7000,2.5961
2023-03-09 14:00:00,679.0000,30.0000,22.8000,46.0000,8.2000,2.5119
2023-03-09 15:00:00,561.0000,20.0000,23.9000,39.0000,7.7000,2.0077
2023-03-09 16:00:00,382.0000,40.0000,22.8000,36.0000,9.8000,1.0862
2023-03-09 17:00:00,108.0000,70.0000,21.1000,44.0000,8.8000,0.3725
2023-03-09 18:00:00,18.0000,70.0000,19.4000,51.0000,6.7000,0.0123
2023-03-09 19:00:00,0.0000,60.0000,19.4000,51.0000,7.2000,0.0000
2023-03-09 20:00:00,0.0000,20.0000,18.3000,59.0000,6.2000,0.0000
2023-03-09 21:00:00,0.0000,30.0000,17.8000,61.0000,7.7000,0.0000
2023-03-09 22:00:00,0.0000,50.0000,17.2000,65.0000,5.7000,0.0000
2023-03-09 23:00:00,0.0000,0.0000,16.7000,70.0000,4.6000,0.0000
2023-03-10 00:00:00,0.0000,30.0000,16.1000,70.0000,5.2000,0.0000
2023-03-10 01:00:00,0.0000,70.0000,15.0000,72.0000,6.2000,0.0000
2023-03-10 02:00:00,0.0000,50.0000,14.4000,72.0000,4.6000,0.0000
2023-03-10 03:00:00,0.0000,70.0000,13.9000,75.0000,4.6000,0.0000
2023-03-10 04:00:00,0.0000,40.0000,13.3000,75.0000,3.6000,0.0000
2023-03-10 05:00:00,0.0000,30.0000,13.3000,75.0000,3.6000,0.0000
2023-03-10 06:00:00,19.0000,40.0000,12.8000,75.0000,3.6000,0.0000
2023-03-10 07:00:00,138.0000,30.0000,13.9000,69.0000,4.1000,0.3463
2023-03-10 08:00:00,290.0000,80.0000,15.0000,58.0000,6.7000,0.4985
2023-03-10 09:00:00,542.0000,40.0000,16.1000,50.0000,6.2000,0.8108
2023-03-10 10:00:00,658.0000,80.0000,17.8000,48.0000,3.1000,1.3322
2023-03-10 11:00:00,496.0000,50.0000,20.0000,44.0000,5.2000,1.4322
2023-03-10 12:00:00,760.0000,40.0000,21.7000,43.0000,5.2000,2.0129
2023-03-10 13:00:00,807.0000,30.0000,22.2000,44.0000,5.7000,3.0437
2023-03-10 14:00:00,800.0000,0.0000,22.8000,48.0000,6.2000,2.8485
2023-03-10 15:00:00,595.0000,20.0000,22.8000,50.0000,5.7000,2.3001
2023-03-10 16:00:00,341.0000,50.0000,22.2000,57.0000,4.6000,1.2328
2023-03-10 17:00:00,139.0000,30.0000,21.7000,57.0000,5.7000,0.2938
2023-03-10 18:00:00,24.0000,70.0000,21.7000,61.0000,5.2000,0.0235
2023-03-10 19:00:00,0.0000,100.0000,21.7000,53.0000,5.2000,0.0000
2023-03-10 20:00:00,0.0000,100.0000,21.7000,55.0000,4.6000,0.0000
2023-03-10 21:00:00,0.0000,100.0000,21.7000,55.0000,5.2000,0.0000
2023-03-10 22:00:00,0.0000,100.0000,21.1000,55.0000,4.6000,0.0000
2023-03-10 23:00:00,0.0000,100.0000,21.1000,59.0000,4.1000,0.0000
2023-03-11 00:00:00,0.0000,100.0000,21.7000,55.0000,7.2000,0.0000
2023-03-11 01:00:00,0.0000,100.0000,21.1000,57.0000,5.2000,0.0000
2023-03-11 02:00:00,0.0000,90.0000,21.1000,55.0000,5.7000,0.0000
2023-03-11 03:00:00,0.0000,90.0000,21.1000,57.0000,4.6000,0.0000
2023-03-11 04:00:00,0.0000,40.0000,20.6000,57.0000,5.2000,0.0000
2023-03-11 05:00:00,0.0000,30.0000,18.9000,65.0000,2.1000,0.0000
2023-03-11 06:00:00,18.0000,30.0000,18.3000,68.0000,2.1000,0.0000
2023-03-11 07:00:00,160.0000,40.0000,21.1000,64.0000,3.6000,0.6566
2023-03-11 08:00:00,168.0000,80.0000,22.2000,57.0000,6.2000,1.5230
2023-03-11 09:00:00,415.0000,60.0000,22.8000,57.0000,8.2000,2.3399
2023-03-11 10:00:00,755.0000,40.0000,23.3000,56.0000,7.7000,2.3760
2023-03-11 11:00:00,703.0000,40.0000,23.9000,54.0000,6.7000,2.5531
2023-03-11 12:00:00,756.0000,40.0000,24.4000,56.0000,7.2000,3.3026
2023-03-11 13:00:00,828.0000,30.0000,25.0000,52.0000,5.2000,3.5193
2023-03-11 14:00:00,755.0000,10.0000,24.4000,54.0000,5.2000,3.1620
2023-03-11 15:00:00,589.0000,10.0000,24.4000,56.0000,5.2000,2.2703
2023-03-11 16:00:00,386.0000,0.0000,24.4000,58.0000,6.2000,1.2344
2023-03-11 17:00:00,159.0000,0.0000,22.8000,69.0000,5.7000,0.4184
2023-03-11 18:00:00,25.0000,0.0000,22.2000,69.0000,6.2000,0.0359
2023-03-11 19:00:00,0.0000,0.0000,22.2000,69.0000,5.7000,0.0000
2023-03-11 20:00:00,0.0000,0.0000,22.2000,71.0000,5.2000,0.0000
2023-03-11 21:00:00,0.0000,0.0000,21.7000,73.0000,4.6000,0.0000
2023-03-11 22:00:00,0.0000,0.0000,21.7000,79.0000,4.1000,0.0000
2023-03-11 23:00:00,0.0000,30.0000,21.7000,79.0000,4.1000,0.0000
2023-03-12 00:00:00,0.0000,40.0000,22.2000,79.0000,5.7000,0.0000
2023-03-12 01:00:00,0.0000,0.0000,21.7000,81.0000,5.7000,0.0000
2023-03-12 02:00:00,0.0000,30.0000,21.7000,81.0000,5.2000,0.0000
2023-03-12 03:00:00,0.0000,30.0000,21.7000,84.0000,5.2000,0.0000
2023-03-12 04:00:00,0.0000,60.0000,21.7000,84.0000,4.6000,0.0000
2023-03-12 05:00:00,0.0000,40.0000,22.2000,87.0000,4.1000,0.0000
2023-03-12 06:00:00,18.0000,10.0000,21.7000,93.0000,3.1000,0.0000
2023-03-12 07:00:00,149.0000,0.0000,23.3000,85.0000,5.7000,0.5023
2023-03-12 08:00:00,290.0000,40.0000,25.0000,79.0000,7.7000,1.0796
2023-03-12 09:00:00,502.0000,50.0000,23.3000,94.0000,7.2000,2.2651
2023-03-12 10:00:00,468.0000,80.0000,27.2000,72.0000,5.7000,2.9108
2023-03-12 11:00:00,493.0000,80.0000,27.8000,69.0000,6.7000,2.9966
2023-03-12 12:00:00,649.0000,70.0000,27.8000,72.0000,6.7000,3.2542
2023-03-12 13:00:00,591.0000,90.0000,27.8000,69.0000,7.7000,3.3731
2023-03-12 14:00:00,454.0000,90.0000,28.9000,63.0000,6.2000,3.0576
2023-03-12 15:00:00,528.0000,80.0000,29.4000,55.0000,6.2000,2.3875
2023-03-12 16:00:00,357.0000,70.0000,28.9000,55.0000,9.3000,1.4449
2023-03-12 17:00:00,115.0000,70.0000,28.3000,59.0000,6.7000,0.4921
2023-03-12 18:00:00,21.0000,50.0000,26.1000,74.0000,5.7000,0.0285
2023-03-12 19:00:00,0.0000,70.0000,25.6000,77.0000,4.1000,0.0000
2023-03-12 20:00:00,0.0000,80.0000,25.0000,79.0000,3.1000,0.0000
2023-03-12 21:00:00,0.0000,90.0000,25.0000,79.0000,4.1000,0.0000
2023-03-12 22:00:00,0.0000,100.0000,24.4000,88.0000,5.2000,0.0000
2023-03-12 23:00:00,0.0000,80.0000,23.9000,90.0000,5.7000,0.0000
2023-03-13 00:00:00,0.0000,40.0000,23.9000,90.0000,6.7000,0.0000
2023-03-13 01:00:00,0.0000,80.0000,23.9000,90.0000,5.7000,0.0000
2023-03-13 02:00:00,0.0000,40.0000,23.9000,87.0000,5.7000,0.0000
2023-03-13 03:00:00,0.0000,90.0000,23.9000,90.0000,5.7000,0.0000
2023-03-13 04:00:00,0.0000,50.0000,23.3000,90.0000,6.2000,0.0000
2023-03-13 05:00:00,0.0000,50.0000,23.3000,94.0000,6.2000,0.0000
2023-03-13 06:00:00,12.0000,80.0000,23.3000,94.0000,6.2000,0.0000
2023-03-13 07:00:00,82.0000,100.0000,24.4000,88.0000,8.2000,0.6119
2023-03-13 08:00:00,131.0000,100.0000,25.0000,88.0000,8.8000,1.4208
2023-03-13 09:00:00,575.0000,60.0000,26.7000,79.0000,11.3000,1.8686
2023-03-13 10:00:00,548.0000,70.0000,26.7000,77.0000,10.3000,1.9062
2023-03-13 11:00:00,299.0000,100.0000,22.8000,87.0000,8.8000,2.2543
2023-03-13 12:00:00,440.0000,100.0000,23.3000,74.0000,7.7000,2.5140
2023-03-13 13:00:00,343.0000,100.0000,24.4000,64.0000,7.7000,2.1707
2023-03-13 14:00:00,668.0000,70.0000,25.0000,52.0000,4.6000,2.0698
2023-03-13 15:00:00,565.0000,20.0000,26.1000,44.0000,6.2000,2.0234
2023-03-13 16:00:00,355.0000,30.0000,25.6000,41.0000,8.2000,1.1138
2023-03-13 17:00:00,138.0000,20.0000,24.4000,35.0000,6.7000,0.2818
2023-03-13 18:00:00,16.0000,20.0000,22.8000,33.0000,6.7000,0.0289
2023-03-13 19:00:00,0.0000,0.0000,21.1000,36.0000,5.7000,0.0000
2023-03-13 20:00:00,0.0000,0.0000,20.6000,41.0000,6.7000,0.0000
2023-03-13 21:00:00,0.0000,0.0000,17.8000,43.0000,6.7000,0.0000
2023-03-13 22:00:00,0.0000,0.0000,16.1000,54.0000,7.7000,0.0000
2023-03-13 23:00:00,0.0000,0.0000,14.4000,56.0000,7.2000,0.0000
2023-03-14 00:00:00,0.0000,0.0000,13.9000,58.0000,8.2000,0.0000
2023-03-14 01:00:00,0.0000,0.0000,12.8000,64.0000,7.7000,0.0000
2023-03-14 02:00:00,0.0000,0.0000,12.2000,64.0000,8.2000,0.0000
2023-03-14 03:00:00,0.0000,0.0000,12.2000,64.0000,7.7000,0.0000
2023-03-14 04:00:00,0.0000,0.0000,12.2000,64.0000,7.7000,0.0000
2023-03-14 05:00:00,0.0000,0.0000,11.7000,64.0000,7.2000,0.0000
2023-03-14 06:00:00,27.0000,0.0000,11.1000,64.0000,6.7000,0.0000
2023-03-14 07:00:00,171.0000,0.0000,11.7000,43.0000,8.2000,0.4064
2023-03-14 08:00:00,410.0000,0.0000,12.2000,38.0000,8.2000,1.2568
2023-03-14 09:00:00,635.0000,0.0000,12.8000,39.0000,7.2000,2.1448
2023-03-14 10:00:00,811.0000,0.0000,13.3000,39.0000,5.2000,1.7613
2023-03-14 11:00:00,930.0000,0.0000,14.4000,32.0000,8.2000,1.4595
2023-03-14 12:00:00,972.0000,0.0000,15.6000,35.0000,7.2000,1.6050
2023-03-14 13:00:00,934.0000,0.0000,16.7000,31.0000,6.7000,2.0384
2023-03-14 14:00:00,822.0000,0.0000,17.2000,30.0000,4.6000,2.7027
2023-03-14 15:00:00,649.0000,0.0000,17.8000,29.0000,6.2000,2.1549
2023-03-14 16:00:00,423.0000,0.0000,17.8000,34.0000,7.7000,1.2545
2023-03-14 17:00:00,177.0000,0.0000,17.2000,33.0000,5.7000,0.3972
2023-03-14 18:00:00,30.0000,0.0000,16.1000,35.0000,4.1000,0.0174
2023-03-14 19:00:00,0.0000,0.0000,15.0000,38.0000,3.6000,0.0000
2023-03-14 20:00:00,0.0000,0.0000,14.4000,41.0000,3.1000,0.0000
2023-03-14 21:00:00,0.0000,0.0000,13.3000,51.0000,3.6000,0.0000
2023-03-14 22:00:00,0.0000,0.0000,11.7000,49.0000,5.7000,0.0000
2023-03-14 23:00:00,0.0000,0.0000,10.6000,50.0000,6.7000,0.0000
2023-03-15 00:00:00,0.0000,0.0000,9.4000,54.0000,7.2000,0.0000
2023-03-15 01:00:00,0.0000,0.0000,8.3000,61.0000,7.2000,0.0000
2023-03-15 02:00:00,0.0000,0.0000,7.8000,66.0000,5.7000,0.0000
2023-03-15 03:00:00,0.0000,0.0000,7.8000,66.0000,4.6000,0.0000
2023-03-15 04:00:00,0.0000,0.0000,6.7000,71.0000,4.6000,0.0000
2023-03-15 05:00:00,0.0000,0.0000,6.7000,71.0000,6.2000,0.0000
2023-03-15 06:00:00,23.0000,0.0000,6.7000,68.0000,3.1000,0.0000
2023-03-15 07:00:00,167.0000,0.0000,8.3000,58.0000,4.6000,0.7637
2023-03-15 08:00:00,411.0000,0.0000,10.6000,43.0000,6.2000,1.8379
2023-03-15 09:00:00,640.0000,0.0000,12.8000,29.0000,5.7000,2.7739
2023-03-15 10:00:00,819.0000,0.0000,14.4000,26.0000,5.7000,3.5390
2023-03-15 11:00:00,932.0000,0.0000,15.6000,30.0000,6.7000,3.9412
2023-03-15 12:00:00,970.0000,0.0000,17.2000,24.0000,3.1000,3.9859
2023-03-15 13:00:00,932.0000,0.0000,18.3000,23.0000,3.6000,3.8548
2023-03-15 14:00:00,728.0000,20.0000,18.3000,25.0000,5.2000,3.4091
2023-03-15 15:00:00,587.0000,40.0000,19.4000,27.0000,5.2000,2.6437
2023-03-15 16:00:00,309.0000,50.0000,18.9000,28.0000,4.6000,1.6257
2023-03-15 17:00:00,155.0000,30.0000,18.3000,28.0000,2.6000,0.5703
2023-03-15 18:00:00,22.0000,30.0000,17.8000,32.0000,3.6000,0.0351
2023-03-15 19:00:00,0.0000,80.0000,16.7000,35.0000,5.2000,0.0000
2023-03-15 20:00:00,0.0000,80.0000,16.1000,37.0000,4.6000,0.0000
2023-03-15 21:00:00,0.0000,100.0000,15.6000,39.0000,3.6000,0.0000
2023-03-15 22:00:00,0.0000,90.0000,15.6000,39.0000,4.6000,0.0000
2023-03-15 23:00:00,0.0000,100.0000,15.0000,52.0000,3.1000,0.0000
2023-03-16 00:00:00,0.0000,90.0000,15.0000,56.0000,2.6000,0.0000
2023-03-16 01:00:00,0.0000,90.0000,14.4000,56.0000,3.6000,0.0000
2023-03-16 02:00:00,0.0000,90.0000,14.4000,53.0000,2.6000,0.0000
2023-03-16 03:00:00,0.0000,60.0000,14.4000,51.0000,4.1000,0.0000
2023-03-16 04:00:00,0.0000,10.0000,13.3000,55.0000,4.6000,0.0000
2023-03-16 05:00:00,0.0000,20.0000,13.3000,55.0000,4.6000,0.0000
2023-03-16 06:00:00,29.0000,30.0000,13.3000,53.0000,3.6000,0.0000
2023-03-16 07:00:00,162.0000,20.0000,14.4000,32.0000,4.6000,0.7967
2023-03-16 08:00:00,409.0000,30.0000,16.7000,41.0000,5.2000,1.8377
2023-03-16 09:00:00,566.0000,30.0000,19.4000,35.0000,7.7000,2.8151
2023-03-16 10:00:00,779.0000,30.0000,21.1000,49.0000,6.2000,3.4949
2023-03-16 11:00:00,970.0000,30.0000,21.1000,51.0000,6.2000,3.8882
2023-03-16 12:00:00,893.0000,30.0000,21.1000,51.0000,4.6000,3.9087
2023-03-16 13:00:00,961.0000,60.0000,21.7000,48.0000,5.2000,3.5834
2023-03-16 14:00:00,794.0000,50.0000,21.7000,48.0000,5.7000,2.9981
2023-03-16 15:00:00,470.0000,40.0000,21.1000,49.0000,5.2000,2.1451
2023-03-16 16:00:00,298.0000,40.0000,20.6000,55.0000,6.2000,1.1393
2023-03-16 17:00:00,166.0000,20.0000,20.0000,55.0000,5.7000,0.4535
2023-03-16 18:00:00,26.0000,10.0000,19.4000,57.0000,4.1000,0.0289
2023-03-16 19:00:00,0.0000,20.0000,19.4000,57.0000,4.6000,0.0000
2023-03-16 20:00:00,0.0000,0.0000,19.4000,57.0000,5.2000,0.0000
2023-03-16 21:00:00,0.0000,10.0000,18.9000,61.0000,5.2000,0.0000
2023-03-16 22:00:00,0.0000,20.0000,18.9000,63.0000,5.2000,0.0000
2023-03-16 23:00:00,0.0000,30.0000,18.9000,65.0000,5.7000,0.0000
2023-03-17 00:00:00,0.0000,30.0000,18.9000,68.0000,5.2000,0.0000
2023-03-17 01:00:00,0.0000,30.0000,18.9000,70.0000,5.2000,0.0000
2023-03-17 02:00:00,0.0000,30.0000,18.9000,70.0000,5.7000,0.0000
2023-03-17 03:00:00,0.0000,20.0000,18.9000,70.0000,6.7000,0.0000
2023-03-17 04:00:00,0.0000,20.0000,19.4000,68.0000,7.2000,0.0000
2023-03-17 05:00:00,0.0000,20.0000,19.4000,68.0000,7.2000,0.0000
2023-03-17 06:00:00,21.0000,20.0000,20.0000,68.0000,7.2000,0.0000
2023-03-17 07:00:00,135.0000,70.0000,21.1000,68.0000,6.7000,0.8002
2023-03-17 08:00:00,360.0000,20.0000,22.2000,64.0000,7.7000,1.6993
2023-03-17 09:00:00,315.0000,100.0000,22.8000,66.0000,6.7000,2.5664
2023-03-17 10:00:00,258.0000,100.0000,22.8000,71.0000,6.2000,3.4067
2023-03-17 11:00:00,352.0000,100.0000,23.3000,71.0000,8.8000,3.7745
2023-03-17 12:00:00,389.0000,100.0000,23.3000,74.0000,8.8000,3.7697
2023-03-17 13:00:00,331.0000,100.0000,23.9000,74.0000,8.8000,3.6896
2023-03-17 14:00:00,295.0000,100.0000,24.4000,74.0000,8.2000,2.8697
2023-03-17 15:00:00,348.0000,90.0000,25.0000,76.0000,6.7000,1.8069
2023-03-17 16:00:00,238.0000,90.0000,25.0000,76.0000,6.2000,1.1600
2023-03-17 17:00:00,62.0000,100.0000,24.4000,82.0000,6.2000,0.5100
2023-03-17 18:00:00,16.0000,50.0000,24.4000,79.0000,6.2000,0.0307
2023-03-17 19:00:00,0.0000,100.0000,23.3000,87.0000,4.6000,0.0000
2023-03-17 20:00:00,0.0000,90.0000,23.3000,87.0000,6.2000,0.0000
2023-03-17 21:00:00,0.0000,100.0000,23.3000,90.0000,6.7000,0.0000
2023-03-17 22:00:00,0.0000,60.0000,23.3000,90.0000,6.7000,0.0000
2023-03-17 23:00:00,0.0000,50.0000,23.3000,90.0000,6.7000,0.0000
2023-03-18 00:00:00,0.0000,30.0000,23.3000,90.0000,7.7000,0.0000
2023-03-18 01:00:00,0.0000,10.0000,23.3000,90.0000,7.7000,0.0000
2023-03-18 02:00:00,0.0000,60.0000,23.3000,90.0000,7.7000,0.0000
2023-03-18 03:00:00,0.0000,90.0000,23.9000,87.0000,7.2000,0.0000
2023-03-18 04:00:00,0.0000,90.0000,23.9000,87.0000,7.7000,0.0000
2023-03-18 05:00:00,0.0000,100.0000,23.9000,87.0000,6.2000,0.0000
2023-03-18 06:00:00,13.0000,100.0000,23.9000,87.0000,6.2000,0.0000
2023-03-18 07:00:00,44.0000,100.0000,21.1000,97.0000,8.2000,0.7739
2023-03-18 08:00:00,112.0000,100.0000,21.1000,93.0000,8.2000,1.2643
2023-03-18 09:00:00,323.0000,100.0000,18.9000,87.0000,8.2000,1.1527
2023-03-18 10:00:00,210.0000,100.0000,18.3000,90.0000,6.2000,1.2109
2023-03-18 11:00:00,244.0000,100.0000,16.7000,97.0000,7.7000,1.5001
2023-03-18 12:00:00,240.0000,100.0000,15.6000,93.0000,7.2000,1.4455
2023-03-18 13:00:00,271.0000,100.0000,16.1000,81.0000,8.2000,1.2510
2023-03-18 14:00:00,393.0000,100.0000,16.7000,81.0000,6.2000,1.3060
2023-03-18 15:00:00,316.0000,100.0000,17.2000,78.0000,5.2000,1.2595
2023-03-18 16:00:00,258.0000,90.0000,18.3000,73.0000,4.6000,0.6570
2023-03-18 17:00:00,95.0000,80.0000,18.9000,65.0000,5.7000,0.1486
2023-03-18 18:00:00,19.0000,70.0000,17.8000,65.0000,4.1000,0.0177
2023-03-18 19:00:00,0.0000,60.0000,16.7000,70.0000,5.2000,0.0000
2023-03-18 20:00:00,0.0000,70.0000,16.1000,72.0000,6.7000,0.0000
2023-03-18 21:00:00,0.0000,70.0000,15.6000,70.0000,4.6000,0.0000
2023-03-18 22:00:00,0.0000,80.0000,15.0000,70.0000,4.6000,0.0000
2023-03-18 23:00:00,0.0000,80.0000,13.9000,78.0000,5.7000,0.0000
2023-03-19 00:00:00,0.0000,80.0000,13.3000,67.0000,6.2000,0.0000
2023-03-19 01:00:00,0.0000,70.0000,12.8000,69.0000,5.7000,0.0000
2023-03-19 02:00:00,0.0000,80.0000,12.8000,67.0000,5.7000,0.0000
2023-03-19 03:00:00,0.0000,40.0000,12.2000,69.0000,5.2000,0.0000
2023-03-19 04:00:00,0.0000,20.0000,12.2000,67.0000,5.2000,0.0000
2023-03-19 05:00:00,0.0000,10.0000,10.6000,77.0000,4.1000,0.0000
2023-03-19 06:00:00,28.0000,0.0000,10.0000,80.0000,3.1000,0.0000
2023-03-19 07:00:00,178.0000,0.0000,11.1000,74.0000,3.6000,0.2915
2023-03-19 08:00:00,391.0000,20.0000,12.2000,64.0000,5.7000,0.8441
2023-03-19 09:00:00,607.0000,10.0000,13.9000,55.0000,6.7000,1.1144
2023-03-19 10:00:00,604.0000,30.0000,15.6000,44.0000,5.2000,0.9288
2023-03-19 11:00:00,927.0000,30.0000,16.7000,41.0000,6.7000,1.0080
2023-03-19 12:00:00,855.0000,20.0000,18.3000,36.0000,6.2000,1.0761
2023-03-19 13:00:00,714.0000,60.0000,18.9000,34.0000,4.1000,1.3447
2023-03-19 14:00:00,533.0000,80.0000,19.4000,28.0000,4.6000,1.4706
2023-03-19 15:00:00,550.0000,80.0000,19.4000,28.0000,4.6000,1.2129
2023-03-19 16:00:00,274.0000,70.0000,20.6000,32.0000,3.6000,0.8037
2023-03-19 17:00:00,127.0000,80.0000,18.9000,45.0000,4.1000,0.2398
2023-03-19 18:00:00,21.0000,70.0000,17.8000,48.0000,4.1000,0.0234
2023-03-19 19:00:00,0.0000,70.0000,17.2000,52.0000,3.1000,0.0000
2023-03-19 20:00:00,0.0000,60.0000,16.1000,60.0000,3.1000,0.0000
2023-03-19 21:00:00,0.0000,40.0000,15.0000,56.0000,3.6000,0.0000
2023-03-19 22:00:00,0.0000,20.0000,14.4000,58.0000,3.1000,0.0000
2023-03-19 23:00:00,0.0000,0.0000,13.3000,62.0000,2.6000,0.0000
2023-03-20 00:00:00,0.0000,0.0000,12.8000,64.0000,2.6000,0.0000
2023-03-20 01:00:00,0.0000,0.0000,12.2000,69.0000,2.1000,0.0000
2023-03-20 02:00:00,0.0000,0.0000,11.7000,74.0000,1.5000,0.0000
2023-03-20 03:00:00,0.0000,0.0000,12.2000,72.0000,2.1000,0.0000
2023-03-20 04:00:00,0.0000,0.0000,11.7000,74.0000,2.1000,0.0000
2023-03-20 05:00:00,0.0000,0.0000,10.6000,80.0000,2.6000,0.0000
2023-03-20 06:00:00,32.0000,0.0000,10.6000,74.0000,4.1000,0.0000
2023-03-20 07:00:00,191.0000,0.0000,12.2000,75.0000,4.6000,0.7880
2023-03-20 08:00:00,436.0000,0.0000,14.4000,67.0000,4.6000,1.7419
2023-03-20 09:00:00,659.0000,0.0000,17.2000,56.0000,5.2000,2.3795
2023-03-20 10:00:00,840.0000,10.0000,18.9000,47.0000,3.6000,3.0606
2023-03-20 11:00:00,946.0000,10.0000,21.1000,39.0000,2.6000,3.6099
2023-03-20 12:00:00,992.0000,0.0000,22.2000,38.0000,5.7000,3.3132
2023-03-20 13:00:00,934.0000,10.0000,22.8000,41.0000,3.6000,2.6749
2023-03-20 14:00:00,789.0000,20.0000,22.8000,43.0000,5.7000,2.3645
2023-03-20 15:00:00,606.0000,20.0000,22.8000,46.0000,5.2000,1.8818
2023-03-20 16:00:00,426.0000,0.0000,22.2000,51.0000,3.6000,0.8918
2023-03-20 17:00:00,180.0000,0.0000,21.1000,57.0000,5.2000,0.3323
2023-03-20 18:00:00,31.0000,0.0000,20.6000,57.0000,4.1000,0.0337
2023-03-20 19:00:00,0.0000,0.0000,19.4000,61.0000,3.1000,0.0000
2023-03-20 20:00:00,0.0000,0.0000,18.3000,70.0000,3.1000,0.0000
2023-03-20 21:00:00,0.0000,10.0000,18.3000,65.0000,2.6000,0.0000
2023-03-20 22:00:00,0.0000,70.0000,17.8000,68.0000,2.6000,0.0000
2023-03-20 23:00:00,0.0000,20.0000,16.7000,73.0000,2.1000,0.0000
2023-03-21 00:00:00,0.0000,0.0000,15.6000,78.0000,1.0000,0.0000
2023-03-21 01:00:00,0.0000,0.0000,15.6000,81.0000,2.1000,0.0000
2023-03-21 02:00:00,0.0000,0.0000,14.4000,84.0000,1.5000,0.0000
2023-03-21 03:00:00,0.0000,0.0000,13.9000,87.0000,1.0000,0.0000
2023-03-21 04:00:00,0.0000,0.0000,13.9000,87.0000,2.1000,0.0000
2023-03-21 05:00:00,0.0000,30.0000,13.3000,93.0000,2.1000,0.0000
2023-03-21 06:00:00,29.0000,80.0000,13.3000,83.0000,1.5000,0.0000
2023-03-21 07:00:00,167.0000,80.0000,15.6000,75.0000,2.6000,0.8355
2023-03-21 08:00:00,313.0000,90.0000,18.3000,61.0000,4.1000,1.8643
2023-03-21 09:00:00,546.0000,90.0000,21.1000,59.0000,3.1000,2.7571
2023-03-21 10:00:00,630.0000,90.0000,22.2000,57.0000,6.2000,3.4412
2023-03-21 11:00:00,515.0000,90.0000,23.3000,50.0000,5.2000,3.8243
2023-03-21 12:00:00,848.0000,100.0000,23.3000,50.0000,7.2000,3.8953
2023-03-21 13:00:00,546.0000,80.0000,23.3000,58.0000,6.2000,3.6662
2023-03-21 14:00:00,734.0000,80.0000,22.8000,60.0000,6.7000,3.0974
2023-03-21 15:00:00,572.0000,70.0000,23.3000,52.0000,6.7000,2.4588
2023-03-21 16:00:00,407.0000,50.0000,23.3000,54.0000,5.7000,1.5583
2023-03-21 17:00:00,108.0000,50.0000,22.2000,55.0000,7.2000,0.5503
2023-03-21 18:00:00,27.0000,40.0000,22.2000,55.0000,5.2000,0.0416
2023-03-21 19:00:00,0.0000,30.0000,21.1000,64.0000,4.6000,0.0000
2023-03-21 20:00:00,0.0000,20.0000,21.1000,64.0000,4.6000,0.0000
2023-03-21 21:00:00,0.0000,60.0000,21.1000,66.0000,4.1000,0.0000
2023-03-21 22:00:00,0.0000,80.0000,21.1000,66.0000,5.7000,0.0000
2023-03-21 23:00:00,0.0000,90.0000,21.1000,66.0000,5.2000,0.0000
2023-03-22 00:00:00,0.0000,50.0000,20.6000,68.0000,5.7000,0.0000
2023-03-22 01:00:00,0.0000,70.0000,20.6000,68.0000,5.2000,0.0000
2023-03-22 02:00:00,0.0000,90.0000,21.1000,64.0000,4.1000,0.0000
2023-03-22 03:00:00,0.0000,30.0000,21.1000,66.0000,5.7000,0.0000
2023-03-22 04:00:00,0.0000,30.0000,21.1000,66.0000,5.2000,0.0000
2023-03-22 05:00:00,0.0000,40.0000,21.7000,61.0000,6.7000,0.0000
2023-03-22 06:00:00,30.0000,80.0000,21.7000,61.0000,5.7000,0.0000
2023-03-22 07:00:00,145.0000,50.0000,22.2000,57.0000,7.7000,0.7759
2023-03-22 08:00:00,390.0000,50.0000,22.8000,57.0000,11.3000,1.5904
2023-03-22 09:00:00,468.0000,80.0000,23.9000,56.0000,8.2000,2.2778
2023-03-22 10:00:00,756.0000,80.0000,23.9000,56.0000,9.8000,2.2915
2023-03-22 11:00:00,761.0000,90.0000,23.9000,58.0000,10.3000,2.6777
2023-03-22 12:00:00,873.0000,60.0000,25.0000,48.0000,9.3000,2.8926
2023-03-22 13:00:00,862.0000,40.0000,25.0000,56.0000,9.8000,2.6585
2023-03-22 14:00:00,599.0000,60.0000,25.6000,50.0000,9.8000,2.8681
2023-03-22 15:00:00,578.0000,90.0000,25.0000,52.0000,8.8000,2.2653
2023-03-22 16:00:00,328.0000,90.0000,24.4000,52.0000,7.7000,1.2414
2023-03-22 17:00:00,138.0000,100.0000,23.9000,58.0000,7.7000,0.2963
2023-03-22 18:00:00,25.0000,90.0000,23.3000,64.0000,6.2000,0.0405
2023-03-22 19:00:00,0.0000,60.0000,22.8000,66.0000,7.2000,0.0000
2023-03-22 20:00:00,0.0000,80.0000,22.8000,69.0000,8.2000,0.0000
2023-03-22 21:00:00,0.0000,80.0000,22.8000,66.0000,7.7000,0.0000
2023-03-22 22:00:00,0.0000,90.0000,22.8000,71.0000,6.7000,0.0000
2023-03-22 23:00:00,0.0000,90.0000,22.2000,71.0000,6.7000,0.0000
2023-03-23 00:00:00,0.0000,80.0000,22.2000,76.0000,6.7000,0.0000
2023-03-23 01:00:00,0.0000,70.0000,22.2000,76.0000,7.2000,0.0000
2023-03-23 02:00:00,0.0000,30.0000,22.2000,73.0000,7.2000,0.0000
2023-03-23 03:00:00,0.0000,60.0000,21.7000,76.0000,6.2000,0.0000
2023-03-23 04:00:00,0.0000,40.0000,21.7000,76.0000,7.7000,0.0000
2023-03-23 05:00:00,0.0000,30.0000,22.2000,71.0000,5.2000,0.0000
2023-03-23 06:00:00,29.0000,30.0000,22.2000,69.0000,4.6000,0.0000
2023-03-23 07:00:00,180.0000,40.0000,23.3000,69.0000,7.7000,0.8168
2023-03-23 08:00:00,405.0000,30.0000,23.3000,69.0000,7.7000,1.5576
2023-03-23 09:00:00,509.0000,40.0000,23.9000,66.0000,6.2000,2.3325
2023-03-23 10:00:00,781.0000,30.0000,25.6000,60.0000,6.7000,2.9985
2023-03-23 11:00:00,887.0000,20.0000,26.1000,58.0000,6.7000,3.2857
2023-03-23 12:00:00,904.0000,30.0000,26.1000,56.0000,8.8000,3.5571
2023-03-23 13:00:00,694.0000,70.0000,26.1000,56.0000,7.2000,3.1448
2023-03-23 14:00:00,368.0000,100.0000,25.0000,62.0000,6.2000,2.6021
2023-03-23 15:00:00,375.0000,90.0000,25.0000,64.0000,6.7000,2.1273
2023-03-23 16:00:00,282.0000,80.0000,24.4000,69.0000,6.7000,1.1031
2023-03-23 17:00:00,90.0000,90.0000,23.9000,69.0000,6.7000,0.3654
2023-03-23 18:00:00,32.0000,30.0000,23.3000,74.0000,6.2000,0.0379
2023-03-23 19:00:00,0.0000,10.0000,23.3000,71.0000,6.7000,0.0000
2023-03-23 20:00:00,0.0000,20.0000,22.8000,76.0000,5.7000,0.0000
2023-03-23 21:00:00,0.0000,10.0000,22.8000,74.0000,7.2000,0.0000
2023-03-23 22:00:00,0.0000,30.0000,22.8000,74.0000,6.7000,0.0000
2023-03-23 23:00:00,0.0000,30.0000,22.2000,76.0000,6.2000,0.0000
2023-03-24 00:00:00,0.0000,40.0000,22.2000,76.0000,4.6000,0.0000
2023-03-24 01:00:00,0.0000,20.0000,22.2000,76.0000,5.7000,0.0000
2023-03-24 02:00:00,0.0000,10.0000,22.2000,76.0000,4.6000,0.0000
2023-03-24 03:00:00,0.0000,30.0000,21.7000,79.0000,3.6000,0.0000
2023-03-24 04:00:00,0.0000,10.0000,21.7000,79.0000,5.7000,0.0000
2023-03-24 05:00:00,0.0000,10.0000,21.7000,79.0000,4.6000,0.0000
2023-03-24 06:00:00,35.0000,70.0000,22.2000,76.0000,4.1000,0.0000
2023-03-24 07:00:00,173.0000,50.0000,23.3000,71.0000,6.7000,0.8118
2023-03-24 08:00:00,325.0000,70.0000,24.4000,69.0000,6.7000,1.6055
2023-03-24 09:00:00,443.0000,70.0000,25.0000,64.0000,5.2000,2.3829
2023-03-24 10:00:00,643.0000,70.0000,25.0000,67.0000,6.7000,3.2303
2023-03-24 11:00:00,709.0000,90.0000,25.6000,67.0000,6.2000,3.5260
2023-03-24 12:00:00,741.0000,80.0000,25.6000,67.0000,6.2000,3.3576
2023-03-24 13:00:00,725.0000,90.0000,25.6000,67.0000,6.2000,2.2250
2023-03-24 14:00:00,761.0000,60.0000,26.7000,60.0000,5.7000,1.5306
2023-03-24 15:00:00,608.0000,80.0000,25.6000,62.0000,6.2000,1.4008
2023-03-24 16:00:00,374.0000,90.0000,25.6000,64.0000,5.7000,0.8512
2023-03-24 17:00:00,157.0000,90.0000,24.4000,71.0000,6.2000,0.2461
2023-03-24 18:00:00,27.0000,70.0000,23.9000,76.0000,6.2000,0.0479
2023-03-24 19:00:00,0.0000,70.0000,23.3000,79.0000,5.2000,0.0000
2023-03-24 20:00:00,0.0000,60.0000,23.3000,82.0000,5.2000,0.0000
2023-03-24 21:00:00,0.0000,50.0000,23.3000,82.0000,4.6000,0.0000
2023-03-24 22:00:00,0.0000,50.0000,23.3000,82.0000,5.2000,0.0000
2023-03-24 23:00:00,0.0000,90.0000,23.3000,82.0000,5.2000,0.0000
2023-03-25 00:00:00,0.0000,90.0000,23.3000,82.0000,6.2000,0.0000
2023-03-25 01:00:00,0.0000,90.0000,22.8000,84.0000,4.1000,0.0000
2023-03-25 02:00:00,0.0000,40.0000,22.8000,84.0000,4.1000,0.0000
2023-03-25 03:00:00,0.0000,40.0000,22.8000,84.0000,2.6000,0.0000
2023-03-25 04:00:00,0.0000,30.0000,22.2000,87.0000,2.6000,0.0000
2023-03-25 05:00:00,0.0000,0.0000,22.2000,87.0000,2.1000,0.0000
2023-03-25 06:00:00,28.0000,90.0000,22.8000,82.0000,2.1000,0.0000
2023-03-25 07:00:00,181.0000,90.0000,23.9000,79.0000,5.7000,0.7933
2023-03-25 08:00:00,314.0000,80.0000,24.4000,76.0000,6.7000,1.3932
2023-03-25 09:00:00,535.0000,80.0000,25.6000,69.0000,7.7000,2.0865
2023-03-25 10:00:00,668.0000,70.0000,25.6000,69.0000,7.2000,2.6153
2023-03-25 11:00:00,588.0000,80.0000,26.1000,72.0000,6.2000,2.8550
2023-03-25 12:00:00,701.0000,50.0000,27.2000,65.0000,7.2000,2.9738
2023-03-25 13:00:00,918.0000,60.0000,27.8000,63.0000,5.2000,3.0728
2023-03-25 14:00:00,717.0000,40.0000,27.8000,59.0000,6.7000,2.9572
2023-03-25 15:00:00,390.0000,80.0000,25.6000,69.0000,6.7000,2.2541
2023-03-25 16:00:00,213.0000,100.0000,25.0000,74.0000,6.2000,1.2626
2023-03-25 17:00:00,104.0000,90.0000,24.4000,79.0000,5.7000,0.4413
2023-03-25 18:00:00,8.0000,90.0000,24.4000,79.0000,2.6000,0.0417
2023-03-25 19:00:00,0.0000,100.0000,23.9000,85.0000,2.6000,0.0000
2023-03-25 20:00:00,0.0000,100.0000,23.3000,90.0000,1.5000,0.0000
2023-03-25 21:00:00,0.0000,100.0000,22.8000,94.0000,1.5000,0.0000
2023-03-25 22:00:00,0.0000,100.0000,22.2000,97.0000,3.1000,0.0000
2023-03-25 23:00:00,0.0000,90.0000,22.2000,94.0000,2.6000,0.0000
2023-03-26 00:00:00,0.0000,70.0000,21.7000,97.0000,2.1000,0.0000
2023-03-26 01:00:00,0.0000,20.0000,21.7000,97.0000,1.0000,0.0000
2023-03-26 02:00:00,0.0000,70.0000,21.7000,97.0000,2.1000,0.0000
2023-03-26 03:00:00,0.0000,80.0000,20.6000,97.0000,1.5000,0.0000
2023-03-26 04:00:00,0.0000,50.0000,20.6000,97.0000,1.5000,0.0000
2023-03-26 05:00:00,0.0000,40.0000,20.0000,97.0000,5.2000,0.0000
2023-03-26 06:00:00,34.0000,60.0000,20.6000,81.0000,4.6000,0.0000
2023-03-26 07:00:00,184.0000,20.0000,21.7000,84.0000,3.1000,0.8039
2023-03-26 08:00:00,426.0000,10.0000,23.9000,82.0000,2.1000,1.5470
2023-03-26 09:00:00,545.0000,50.0000,25.0000,74.0000,1.5000,2.3195
2023-03-26 10:00:00,776.0000,50.0000,26.7000,65.0000,2.1000,2.5074
2023-03-26 11:00:00,474.0000,70.0000,26.1000,69.0000,2.6000,2.5628
2023-03-26 12:00:00,784.0000,40.0000,27.8000,63.0000,5.7000,3.2189
2023-03-26 13:00:00,869.0000,30.0000,26.7000,65.0000,5.2000,3.3297
2023-03-26 14:00:00,784.0000,20.0000,27.8000,63.0000,4.6000,2.3910
2023-03-26 15:00:00,614.0000,20.0000,27.2000,65.0000,5.7000,1.3060
2023-03-26 16:00:00,411.0000,30.0000,26.7000,67.0000,5.7000,0.6646
2023-03-26 17:00:00,122.0000,60.0000,25.6000,69.0000,4.6000,0.2324
2023-03-26 18:00:00,19.0000,70.0000,25.6000,69.0000,4.6000,0.0043
2023-03-26 19:00:00,0.0000,30.0000,24.4000,74.0000,4.1000,0.0000
2023-03-26 20:00:00,0.0000,60.0000,25.0000,76.0000,4.1000,0.0000
2023-03-26 21:00:00,0.0000,70.0000,24.4000,79.0000,3.6000,0.0000
2023-03-26 22:00:00,0.0000,30.0000,23.9000,79.0000,2.6000,0.0000
2023-03-26 23:00:00,0.0000,0.0000,23.3000,79.0000,3.6000,0.0000
2023-03-27 00:00:00,0.0000,0.0000,23.3000,79.0000,3.6000,0.0000
2023-03-27 01:00:00,0.0000,0.0000,22.8000,82.0000,3.1000,0.0000
2023-03-27 02:00:00,0.0000,10.0000,22.8000,82.0000,3.1000,0.0000
2023-03-27 03:00:00,0.0000,0.0000,22.8000,82.0000,3.1000,0.0000
2023-03-27 04:00:00,0.0000,10.0000,21.7000,84.0000,1.5000,0.0000
2023-03-27 05:00:00,0.0000,10.0000,21.1000,90.0000,1.0000,0.0000
2023-03-27 06:00:00,35.0000,20.0000,20.6000,90.0000,2.1000,0.0000
2023-03-27 07:00:00,190.0000,40.0000,22.8000,82.0000,3.6000,0.8456
2023-03-27 08:00:00,294.0000,60.0000,24.4000,71.0000,5.2000,1.6182
2023-03-27 09:00:00,410.0000,90.0000,26.1000,65.0000,6.2000,2.4450
2023-03-27 10:00:00,603.0000,90.0000,26.1000,62.0000,7.7000,2.3951
2023-03-27 11:00:00,715.0000,80.0000,27.2000,58.0000,6.7000,2.4578
2023-03-27 12:00:00,568.0000,60.0000,27.2000,54.0000,8.2000,3.2433
2023-03-27 13:00:00,836.0000,70.0000,27.2000,56.0000,7.7000,3.4127
2023-03-27 14:00:00,786.0000,40.0000,26.7000,58.0000,6.7000,2.9873
2023-03-27 15:00:00,556.0000,40.0000,26.1000,62.0000,8.8000,2.3460
2023-03-27 16:00:00,389.0000,30.0000,26.1000,62.0000,6.2000,1.2754
2023-03-27 17:00:00,199.0000,30.0000,25.0000,69.0000,9.3000,0.3113
2023-03-27 18:00:00,25.0000,40.0000,24.4000,71.0000,6.2000,0.0280
2023-03-27 19:00:00,0.0000,30.0000,23.9000,76.0000,8.2000,0.0000
2023-03-27 20:00:00,0.0000,40.0000,24.4000,74.0000,5.2000,0.0000
2023-03-27 21:00:00,0.0000,20.0000,23.9000,71.0000,7.2000,0.0000
2023-03-27 22:00:00,0.0000,30.0000,23.3000,74.0000,5.7000,0.0000
2023-03-27 23:00:00,0.0000,10.0000,23.3000,74.0000,5.2000,0.0000
2023-03-28 00:00:00,0.0000,10.0000,23.3000,71.0000,5.7000,0.0000
2023-03-28 01:00:00,0.0000,10.0000,22.8000,71.0000,5.2000,0.0000
2023-03-28 02:00:00,0.0000,40.0000,22.8000,71.0000,5.7000,0.0000
2023-03-28 03:00:00,0.0000,10.0000,22.8000,71.0000,5.7000,0.0000
2023-03-28 04:00:00,0.0000,10.0000,22.8000,69.0000,4.6000,0.0000
2023-03-28 05:00:00,0.0000,20.0000,22.2000,73.0000,3.6000,0.0000
2023-03-28 06:00:00,42.0000,30.0000,22.8000,74.0000,5.2000,0.0000
2023-03-28 07:00:00,216.0000,10.0000,23.9000,66.0000,6.7000,0.7628
2023-03-28 08:00:00,354.0000,60.0000,24.4000,67.0000,7.7000,1.3089
2023-03-28 09:00:00,559.0000,80.0000,25.6000,62.0000,7.2000,1.9514
2023-03-28 10:00:00,436.0000,90.0000,25.6000,67.0000,7.2000,2.5560
2023-03-28 11:00:00,627.0000,90.0000,25.0000,67.0000,7.2000,2.5414
2023-03-28 12:00:00,630.0000,80.0000,25.6000,64.0000,6.7000,2.8042
2023-03-28 13:00:00,876.0000,60.0000,26.7000,58.0000,7.7000,3.3599
2023-03-28 14:00:00,750.0000,70.0000,26.7000,58.0000,5.7000,2.9633
2023-03-28 15:00:00,427.0000,50.0000,26.1000,60.0000,6.2000,2.1581
2023-03-28 16:00:00,301.0000,40.0000,25.6000,64.0000,4.1000,1.4300
2023-03-28 17:00:00,143.0000,30.0000,25.0000,67.0000,4.6000,0.5676
2023-03-28 18:00:00,34.0000,40.0000,24.4000,69.0000,6.2000,0.0422
2023-03-28 19:00:00,0.0000,20.0000,23.9000,74.0000,5.7000,0.0000
2023-03-28 20:00:00,0.0000,20.0000,23.9000,74.0000,7.2000,0.0000
2023-03-28 21:00:00,0.0000,50.0000,23.9000,74.0000,4.6000,0.0000
2023-03-28 22:00:00,0.0000,30.0000,23.3000,76.0000,7.2000,0.0000
2023-03-28 23:00:00,0.0000,20.0000,23.3000,74.0000,6.2000,0.0000
2023-03-29 00:00:00,0.0000,40.0000,23.3000,74.0000,7.7000,0.0000
2023-03-29 01:00:00,0.0000,30.0000,22.8000,76.0000,6.2000,0.0000
2023-03-29 02:00:00,0.0000,30.0000,22.8000,74.0000,6.7000,0.0000
2023-03-29 03:00:00,0.0000,30.0000,22.8000,74.0000,4.6000,0.0000
2023-03-29 04:00:00,0.0000,30.0000,22.8000,74.0000,5.2000,0.0000
2023-03-29 05:00:00,0.0000,30.0000,22.8000,74.0000,4.6000,0.0000
2023-03-29 06:00:00,39.0000,10.0000,23.3000,69.0000,4.6000,0.0000
2023-03-29 07:00:00,189.0000,20.0000,23.9000,71.0000,6.7000,0.7744
2023-03-29 08:00:00,398.0000,50.0000,24.4000,67.0000,7.2000,1.6155
2023-03-29 09:00:00,682.0000,60.0000,25.0000,62.0000,6.7000,1.8957
2023-03-29 10:00:00,727.0000,60.0000,26.1000,60.0000,6.2000,2.0661
2023-03-29 11:00:00,931.0000,70.0000,26.1000,58.0000,6.2000,2.4762
2023-03-29 12:00:00,811.0000,60.0000,26.7000,54.0000,6.2000,2.9832
2023-03-29 13:00:00,899.0000,60.0000,26.7000,58.0000,6.2000,3.3179
2023-03-29 14:00:00,535.0000,60.0000,26.1000,60.0000,5.2000,2.5630
2023-03-29 15:00:00,658.0000,40.0000,26.1000,54.0000,6.2000,1.5898
2023-03-29 16:00:00,374.0000,30.0000,25.0000,64.0000,6.7000,1.0344
2023-03-29 17:00:00,163.0000,40.0000,25.0000,60.0000,5.7000,0.4081
2023-03-29 18:00:00,28.0000,20.0000,23.9000,66.0000,5.7000,0.0503
2023-03-29 19:00:00,0.0000,10.0000,23.9000,69.0000,5.7000,0.0000
2023-03-29 20:00:00,0.0000,30.0000,23.9000,69.0000,5.2000,0.0000
2023-03-29 21:00:00,0.0000,30.0000,23.9000,71.0000,4.6000,0.0000
2023-03-29 22:00:00,0.0000,40.0000,23.3000,71.0000,7.7000,0.0000
2023-03-29 23:00:00,0.0000,40.0000,23.3000,69.0000,6.7000,0.0000
2023-03-30 00:00:00,0.0000,40.0000,23.3000,66.0000,5.7000,0.0000
2023-03-30 01:00:00,0.0000,20.0000,22.8000,71.0000,7.2000,0.0000
2023-03-30 02:00:00,0.0000,80.0000,22.8000,71.0000,7.2000,0.0000
2023-03-30 03:00:00,0.0000,40.0000,22.8000,71.0000,6.7000,0.0000
2023-03-30 04:00:00,0.0000,50.0000,22.2000,73.0000,6.2000,0.0000
2023-03-30 05:00:00,0.0000,40.0000,22.2000,73.0000,5.2000,0.0000
2023-03-30 06:00:00,32.0000,40.0000,22.8000,71.0000,4.6000,0.0000
2023-03-30 07:00:00,207.0000,30.0000,23.3000,71.0000,5.7000,0.8886
2023-03-30 08:00:00,400.0000,40.0000,23.9000,69.0000,6.2000,1.8747
2023-03-30 09:00:00,663.0000,30.0000,24.4000,60.0000,6.2000,2.5875
2023-03-30 10:00:00,723.0000,30.0000,25.0000,56.0000,6.7000,3.1130
2023-03-30 11:00:00,884.0000,40.0000,25.0000,60.0000,6.2000,3.4171
2023-03-30 12:00:00,638.0000,50.0000,25.6000,56.0000,7.2000,3.3761
2023-03-30 13:00:00,769.0000,50.0000,25.0000,52.0000,7.2000,3.0169
2023-03-30 14:00:00,797.0000,50.0000,25.6000,49.0000,7.7000,2.5469
2023-03-30 15:00:00,590.0000,50.0000,26.7000,49.0000,7.2000,2.3626
2023-03-30 16:00:00,320.0000,60.0000,24.4000,60.0000,6.2000,1.2722
2023-03-30 17:00:00,134.0000,60.0000,23.9000,62.0000,7.2000,0.4392
2023-03-30 18:00:00,25.0000,40.0000,23.2000,62.0000,6.4000,0.0413
2023-03-30 19:00:00,0.0000,30.0000,23.2000,64.0000,6.8000,0.0000
2023-03-30 20:00:00,0.0000,20.0000,23.1000,62.0000,6.1000,0.0000
2023-03-30 21:00:00,0.0000,40.0000,22.8000,65.0000,5.9000,0.0000
2023-03-30 22:00:00,0.0000,70.0000,22.8000,66.0000,5.6000,0.0000
2023-03-30 23:00:00,0.0000,40.0000,22.8000,66.0000,5.0000,0.0000
2023-03-31 00:00:00,0.0000,30.0000,22.8000,67.0000,4.2000,0.0000
2023-03-31 01:00:00,0.0000,30.0000,22.5000,70.0000,3.7000,0.0000
2023-03-31 02:00:00,0.0000,30.0000,22.1000,73.0000,3.3000,0.0000
2023-03-31 03:00:00,0.0000,30.0000,21.8000,76.0000,2.8000,0.0000
2023-03-31 04:00:00,0.0000,20.0000,21.6000,80.0000,2.8000,0.0000
2023-03-31 05:00:00,0.0000,10.0000,21.3000,84.0000,1.5000,0.0000
2023-03-31 06:00:00,41.0000,10.0000,21.7000,87.0000,1.0000,0.0000
2023-03-31 07:00:00,170.0000,20.0000,23.9000,76.0000,2.1000,0.8867
2023-03-31 08:00:00,396.0000,20.0000,25.6000,69.0000,4.6000,1.8489
2023-03-31 09:00:00,624.0000,40.0000,27.2000,63.0000,4.6000,2.5738
2023-03-31 10:00:00,813.0000,10.0000,28.3000,59.0000,5.2000,3.0924
2023-03-31 11:00:00,945.0000,10.0000,28.9000,61.0000,3.6000,3.0347
2023-03-31 12:00:00,990.0000,30.0000,29.4000,61.0000,4.6000,2.8136
2023-03-31 13:00:00,962.0000,30.0000,29.4000,63.0000,7.7000,3.2245
2023-03-31 14:00:00,849.0000,30.0000,29.4000,63.0000,5.2000,2.9784
2023-03-31 15:00:00,657.0000,10.0000,29.4000,63.0000,5.7000,2.0468
2023-03-31 16:00:00,423.0000,10.0000,28.9000,65.0000,7.2000,1.0258
2023-03-31 17:00:00,175.0000,10.0000,28.3000,67.0000,6.7000,0.3409
2023-03-31 18:00:00,29.0000,10.0000,27.2000,72.0000,5.2000,0.0372
2023-03-31 19:00:00,0.0000,0.0000,26.7000,74.0000,5.2000,0.0000
2023-03-31 20:00:00,0.0000,0.0000,25.6000,79.0000,5.2000,0.0000
2023-03-31 21:00:00,0.0000,0.0000,25.6000,82.0000,6.2000,0.0000
2023-03-31 22:00:00,0.0000,0.0000,25.6000,77.0000,4.6000,0.0000
2023-03-31 23:00:00,0.0000,0.0000,25.6000,77.0000,4.6000,0.0000
2023-04-01 00:00:00,0.0000,10.0000,25.0000,79.0000,5.2000,0.0000
2023-04-01 01:00:00,0.0000,60.0000,25.0000,79.0000,6.2000,0.0000
2023-04-01 02:00:00,0.0000,40.0000,25.0000,79.0000,6.7000,0.0000
2023-04-01 03:00:00,0.0000,40.0000,25.0000,82.0000,5.2000,0.0000
2023-04-01 04:00:00,0.0000,50.0000,25.0000,79.0000,4.6000,0.0000
2023-04-01 05:00:00,0.0000,40.0000,25.0000,79.0000,3.6000,0.0000
2023-04-01 06:00:00,22.0000,30.0000,25.0000,79.0000,5.2000,0.0000
2023-04-01 07:00:00,126.0000,70.0000,26.1000,74.0000,5.2000,0.8990
2023-04-01 08:00:00,334.0000,80.0000,27.2000,69.0000,7.2000,1.7492
2023-04-01 09:00:00,548.0000,80.0000,27.2000,67.0000,7.2000,2.5993
2023-04-01 10:00:00,746.0000,80.0000,28.3000,65.0000,5.7000,3.2157
2023-04-01 11:00:00,849.0000,70.0000,28.9000,63.0000,6.2000,3.5899
2023-04-01 12:00:00,835.0000,70.0000,29.4000,57.0000,5.7000,3.7767
2023-04-01 13:00:00,839.0000,50.0000,30.0000,55.0000,4.1000,3.6064
2023-04-01 14:00:00,766.0000,70.0000,30.0000,50.0000,8.2000,3.1106
2023-04-01 15:00:00,594.0000,80.0000,29.4000,53.0000,5.7000,2.4048
2023-04-01 16:00:00,384.0000,60.0000,28.9000,57.0000,4.1000,1.4566
2023-04-01 17:00:00,167.0000,60.0000,28.3000,59.0000,6.2000,0.4989
2023-04-01 18:00:00,28.0000,60.0000,27.8000,61.0000,3.1000,0.0400
2023-04-01 19:00:00,0.0000,60.0000,26.7000,67.0000,3.1000,0.0000
2023-04-01 20:00:00,0.0000,60.0000,26.1000,72.0000,2.1000,0.0000
2023-04-01 21:00:00,0.0000,60.0000,25.6000,77.0000,1.5000,0.0000
2023-04-01 22:00:00,0.0000,40.0000,25.6000,77.0000,2.6000,0.0000
2023-04-01 23:00:00,0.0000,80.0000,25.6000,77.0000,4.1000,0.0000
2023-04-02 00:00:00,0.0000,80.0000,25.6000,77.0000,4.6000,0.0000
2023-04-02 01:00:00,0.0000,50.0000,25.6000,77.0000,5.2000,0.0000
2023-04-02 02:00:00,0.0000,20.0000,25.6000,71.0000,4.1000,0.0000
2023-04-02 03:00:00,0.0000,20.0000,25.0000,71.0000,4.1000,0.0000
2023-04-02 04:00:00,0.0000,20.0000,25.0000,69.0000,4.6000,0.0000
2023-04-02 05:00:00,0.0000,40.0000,25.0000,69.0000,4.1000,0.0000
2023-04-02 06:00:00,25.0000,80.0000,25.0000,69.0000,6.2000,0.0000
2023-04-02 07:00:00,158.0000,50.0000,26.1000,62.0000,6.2000,0.8098
2023-04-02 08:00:00,407.0000,50.0000,27.2000,56.0000,8.2000,1.6241
2023-04-02 09:00:00,610.0000,40.0000,28.3000,57.0000,7.7000,2.3030
2023-04-02 10:00:00,776.0000,50.0000,28.9000,57.0000,6.2000,2.9079
2023-04-02 11:00:00,930.0000,30.0000,28.9000,55.0000,6.2000,3.2752
2023-04-02 12:00:00,932.0000,40.0000,29.4000,55.0000,6.2000,3.2333
2023-04-02 13:00:00,842.0000,70.0000,29.4000,63.0000,7.7000,3.2182
2023-04-02 14:00:00,675.0000,70.0000,29.4000,57.0000,4.1000,2.8760
2023-04-02 15:00:00,476.0000,90.0000,28.9000,61.0000,4.1000,2.1644
2023-04-02 16:00:00,322.0000,90.0000,28.9000,61.0000,7.7000,1.2857
2023-04-02 17:00:00,133.0000,90.0000,28.3000,65.0000,5.2000,0.4472
2023-04-02 18:00:00,33.0000,70.0000,27.2000,69.0000,4.1000,0.0379
2023-04-02 19:00:00,0.0000,30.0000,27.2000,69.0000,5.7000,0.0000
2023-04-02 20:00:00,0.0000,20.0000,26.7000,74.0000,5.2000,0.0000
2023-04-02 21:00:00,0.0000,0.0000,26.1000,77.0000,5.2000,0.0000
2023-04-02 22:00:00,0.0000,0.0000,26.1000,77.0000,5.7000,0.0000
2023-04-02 23:00:00,0.0000,80.0000,26.1000,79.0000,6.7000,0.0000
2023-04-03 00:00:00,0.0000,60.0000,26.1000,77.0000,5.7000,0.0000
2023-04-03 01:00:00,0.0000,70.0000,25.0000,82.0000,7.7000,0.0000
2023-04-03 02:00:00,0.0000,70.0000,25.0000,82.0000,5.7000,0.0000
2023-04-03 03:00:00,0.0000,50.0000,25.0000,82.0000,5.2000,0.0000
2023-04-03 04:00:00,0.0000,70.0000,25.0000,82.0000,6.7000,0.0000
2023-04-03 05:00:00,0.0000,80.0000,25.0000,82.0000,5.7000,0.0000
2023-04-03 06:00:00,29.0000,90.0000,24.4000,90.0000,5.7000,0.0000
2023-04-03 07:00:00,154.0000,90.0000,25.6000,85.0000,4.1000,0.8738
2023-04-03 08:00:00,267.0000,90.0000,26.7000,72.0000,6.2000,1.7506
2023-04-03 09:00:00,354.0000,100.0000,26.7000,77.0000,7.7000,2.4588
2023-04-03 10:00:00,503.0000,100.0000,27.8000,69.0000,5.2000,3.2148
2023-04-03 11:00:00,829.0000,80.0000,28.3000,67.0000,8.2000,3.5589
2023-04-03 12:00:00,647.0000,80.0000,28.9000,61.0000,5.2000,3.5009
2023-04-03 13:00:00,965.0000,30.0000,29.4000,59.0000,8.2000,3.0792
2023-04-03 14:00:00,552.0000,30.0000,28.3000,61.0000,5.2000,2.3727
2023-04-03 15:00:00,605.0000,30.0000,28.9000,61.0000,4.1000,1.7067
2023-04-03 16:00:00,442.0000,20.0000,28.9000,63.0000,8.8000,1.0105
2023-04-03 17:00:00,182.0000,10.0000,28.3000,65.0000,6.2000,0.3529
2023-04-03 18:00:00,37.0000,10.0000,27.2000,69.0000,6.2000,0.0521
2023-04-03 19:00:00,0.0000,0.0000,26.7000,72.0000,5.7000,0.0000
2023-04-03 20:00:00,0.0000,0.0000,26.7000,74.0000,4.6000,0.0000
2023-04-03 21:00:00,0.0000,0.0000,26.1000,77.0000,5.7000,0.0000
2023-04-03 22:00:00,0.0000,0.0000,26.1000,77.0000,5.2000,0.0000
2023-04-03 23:00:00,0.0000,30.0000,26.1000,77.0000,6.7000,0.0000
2023-04-04 00:00:00,0.0000,20.0000,26.1000,77.0000,6.7000,0.0000
2023-04-04 01:00:00,0.0000,30.0000,26.1000,74.0000,4.6000,0.0000
2023-04-04 02:00:00,0.0000,70.0000,26.1000,74.0000,3.6000,0.0000
2023-04-04 03:00:00,0.0000,60.0000,25.6000,74.0000,5.7000,0.0000
2023-04-04 04:00:00,0.0000,90.0000,25.6000,82.0000,3.6000,0.0000
2023-04-04 05:00:00,0.0000,50.0000,25.6000,77.0000,4.1000,0.0000
2023-04-04 06:00:00,23.0000,90.0000,25.6000,79.0000,3.1000,0.0000
2023-04-04 07:00:00,108.0000,100.0000,25.6000,79.0000,4.1000,0.7532
2023-04-04 08:00:00,171.0000,100.0000,26.7000,72.0000,4.1000,1.0998
2023-04-04 09:00:00,228.0000,100.0000,26.7000,72.0000,3.6000,1.5594
2023-04-04 10:00:00,313.0000,100.0000,27.2000,72.0000,5.2000,2.4552
2023-04-04 11:00:00,419.0000,100.0000,28.3000,70.0000,8.2000,2.8679
2023-04-04 12:00:00,311.0000,100.0000,28.3000,70.0000,4.1000,3.1112
2023-04-04 13:00:00,351.0000,100.0000,27.8000,56.0000,6.2000,3.1233
2023-04-04 14:00:00,309.0000,100.0000,27.2000,60.0000,5.7000,2.4404
2023-04-04 15:00:00,301.0000,100.0000,27.2000,60.0000,6.7000,2.3405
2023-04-04 16:00:00,258.0000,80.0000,26.7000,72.0000,5.2000,1.5298
2023-04-04 17:00:00,133.0000,90.0000,26.1000,67.0000,7.2000,0.5207
2023-04-04 18:00:00,12.0000,100.0000,25.6000,71.0000,3.1000,0.0700
2023-04-04 19:00:00,0.0000,80.0000,25.0000,76.0000,5.2000,0.0000
2023-04-04 20:00:00,0.0000,70.0000,25.0000,79.0000,5.2000,0.0000
2023-04-04 21:00:00,0.0000,60.0000,25.0000,79.0000,4.6000,0.0000
2023-04-04 22:00:00,0.0000,70.0000,24.4000,76.0000,3.6000,0.0000
2023-04-04 23:00:00,0.0000,100.0000,23.3000,84.0000,3.6000,0.0000
2023-04-05 00:00:00,0.0000,100.0000,21.7000,90.0000,5.2000,0.0000
2023-04-05 01:00:00,0.0000,100.0000,21.1000,90.0000,5.2000,0.0000
2023-04-05 02:00:00,0.0000,90.0000,19.4000,68.0000,7.2000,0.0000
2023-04-05 03:00:00,0.0000,70.0000,18.3000,68.0000,7.2000,0.0000
2023-04-05 04:00:00,0.0000,60.0000,17.8000,65.0000,7.7000,0.0000
2023-04-05 05:00:00,0.0000,90.0000,17.2000,68.0000,8.2000,0.0000
2023-04-05 06:00:00,42.0000,20.0000,16.1000,70.0000,9.8000,0.0000
2023-04-05 07:00:00,163.0000,70.0000,16.1000,46.0000,8.2000,0.5185
2023-04-05 08:00:00,427.0000,60.0000,17.8000,34.0000,9.3000,0.7697
2023-04-05 09:00:00,664.0000,70.0000,18.3000,36.0000,8.8000,1.1364
2023-04-05 10:00:00,797.0000,40.0000,18.9000,39.0000,8.2000,1.5208
2023-04-05 11:00:00,887.0000,20.0000,20.0000,39.0000,8.2000,1.4588
2023-04-05 12:00:00,972.0000,10.0000,21.1000,32.0000,9.3000,1.2828
2023-04-05 13:00:00,839.0000,20.0000,21.7000,28.0000,9.8000,1.3179
2023-04-05 14:00:00,808.0000,10.0000,23.3000,27.0000,7.2000,1.2132
2023-04-05 15:00:00,609.0000,10.0000,23.3000,25.0000,7.7000,1.1525
2023-04-05 16:00:00,405.0000,10.0000,23.3000,26.0000,8.2000,0.8444
2023-04-05 17:00:00,178.0000,40.0000,21.1000,25.0000,6.7000,0.3134
2023-04-05 18:00:00,30.0000,20.0000,20.0000,26.0000,5.2000,0.0133
2023-04-05 19:00:00,0.0000,10.0000,18.9000,34.0000,4.1000,0.0000
2023-04-05 20:00:00,0.0000,10.0000,18.3000,40.0000,3.6000,0.0000
2023-04-05 21:00:00,0.0000,0.0000,17.2000,46.0000,3.1000,0.0000
2023-04-05 22:00:00,0.0000,0.0000,17.8000,43.0000,3.1000,0.0000
2023-04-05 23:00:00,0.0000,0.0000,17.2000,43.0000,2.6000,0.0000
2023-04-06 00:00:00,0.0000,0.0000,16.7000,41.0000,4.1000,0.0000
2023-04-06 01:00:00,0.0000,0.0000,16.7000,40.0000,4.1000,0.0000
2023-04-06 02:00:00,0.0000,0.0000,16.1000,41.0000,3.6000,0.0000
2023-04-06 03:00:00,0.0000,0.0000,15.6000,43.0000,4.1000,0.0000
2023-04-06 04:00:00,0.0000,0.0000,15.0000,50.0000,2.6000,0.0000
2023-04-06 05:00:00,0.0000,10.0000,14.4000,58.0000,3.6000,0.0000
2023-04-06 06:00:00,53.0000,20.0000,15.0000,58.0000,2.1000,0.0000
2023-04-06 07:00:00,220.0000,10.0000,16.1000,54.0000,3.6000,0.9834
2023-04-06 08:00:00,358.0000,30.0000,18.9000,57.0000,3.6000,1.9405
2023-04-06 09:00:00,601.0000,40.0000,22.2000,48.0000,7.7000,2.7837
2023-04-06 10:00:00,871.0000,50.0000,23.3000,50.0000,8.2000,3.3215
2023-04-06 11:00:00,978.0000,60.0000,23.3000,46.0000,7.7000,3.7703
2023-04-06 12:00:00,1037.0000,50.0000,22.2000,53.0000,6.2000,3.7622
2023-04-06 13:00:00,853.0000,40.0000,24.4000,42.0000,4.6000,3.5416
2023-04-06 14:00:00,520.0000,40.0000,23.9000,46.0000,6.2000,3.1237
2023-04-06 15:00:00,511.0000,40.0000,23.9000,45.0000,4.6000,2.3592
2023-04-06 16:00:00,430.0000,40.0000,23.3000,50.0000,5.7000,1.3953
2023-04-06 17:00:00,141.0000,50.0000,22.8000,51.0000,6.2000,0.4297
2023-04-06 18:00:00,33.0000,30.0000,21.7000,51.0000,4.1000,0.0460
2023-04-06 19:00:00,0.0000,50.0000,21.7000,53.0000,4.1000,0.0000
2023-04-06 20:00:00,0.0000,40.0000,21.7000,55.0000,4.1000,0.0000
2023-04-06 21:00:00,0.0000,60.0000,21.7000,55.0000,5.7000,0.0000
2023-04-06 22:00:00,0.0000,10.0000,21.7000,55.0000,4.6000,0.0000
2023-04-06 23:00:00,0.0000,10.0000,21.1000,55.0000,4.1000,0.0000
2023-04-07 00:00:00,0.0000,10.0000,20.0000,63.0000,2.6000,0.0000
2023-04-07 01:00:00,0.0000,20.0000,20.0000,63.0000,2.6000,0.0000
2023-04-07 02:00:00,0.0000,80.0000,20.0000,63.0000,1.5000,0.0000
2023-04-07 03:00:00,0.0000,50.0000,19.4000,70.0000,1.5000,0.0000
2023-04-07 04:00:00,0.0000,70.0000,20.0000,66.0000,2.6000,0.0000
2023-04-07 05:00:00,0.0000,20.0000,20.0000,66.0000,2.6000,0.0000
2023-04-07 06:00:00,47.0000,10.0000,18.9000,73.0000,0.0000,0.0000
2023-04-07 07:00:00,227.0000,10.0000,22.8000,57.0000,3.1000,0.8880
2023-04-07 08:00:00,509.0000,20.0000,25.0000,48.0000,5.2000,1.7487
2023-04-07 09:00:00,667.0000,20.0000,25.6000,49.0000,4.1000,2.6941
2023-04-07 10:00:00,822.0000,20.0000,26.1000,49.0000,4.1000,3.4742
2023-04-07 11:00:00,1000.0000,10.0000,27.2000,46.0000,6.2000,3.9178
2023-04-07 12:00:00,1006.0000,10.0000,27.8000,46.0000,5.2000,3.7715
2023-04-07 13:00:00,952.0000,10.0000,27.2000,49.0000,5.2000,2.8824
2023-04-07 14:00:00,815.0000,10.0000,27.2000,51.0000,7.2000,2.2102
2023-04-07 15:00:00,618.0000,10.0000,27.2000,53.0000,5.7000,2.0435
2023-04-07 16:00:00,383.0000,10.0000,26.7000,56.0000,5.7000,1.3127
2023-04-07 17:00:00,173.0000,10.0000,25.6000,62.0000,4.6000,0.3750
2023-04-07 18:00:00,29.0000,10.0000,24.4000,66.0000,3.1000,0.0533
2023-04-07 19:00:00,0.0000,0.0000,23.3000,71.0000,3.1000,0.0000
2023-04-07 20:00:00,0.0000,0.0000,23.3000,64.0000,3.1000,0.0000
2023-04-07 21:00:00,0.0000,0.0000,22.8000,64.0000,3.1000,0.0000
2023-04-07 22:00:00,0.0000,0.0000,21.7000,68.0000,3.1000,0.0000
2023-04-07 23:00:00,0.0000,0.0000,20.0000,76.0000,4.1000,0.0000
2023-04-08 00:00:00,0.0000,0.0000,19.4000,78.0000,2.6000,0.0000
2023-04-08 01:00:00,0.0000,0.0000,18.9000,81.0000,2.1000,0.0000
2023-04-08 02:00:00,0.0000,0.0000,18.9000,81.0000,1.0000,0.0000
2023-04-08 03:00:00,0.0000,0.0000,18.3000,84.0000,2.6000,0.0000
2023-04-08 04:00:00,0.0000,0.0000,18.3000,84.0000,3.1000,0.0000
2023-04-08 05:00:00,0.0000,0.0000,17.8000,87.0000,2.6000,0.0000
2023-04-08 06:00:00,51.0000,10.0000,19.4000,78.0000,2.1000,0.0000
2023-04-08 07:00:00,215.0000,10.0000,22.8000,64.0000,4.1000,1.0017
2023-04-08 08:00:00,404.0000,20.0000,24.4000,58.0000,5.7000,1.9344
2023-04-08 09:00:00,636.0000,30.0000,26.1000,56.0000,4.1000,2.6290
2023-04-08 10:00:00,827.0000,30.0000,28.3000,51.0000,6.7000,3.3210
2023-04-08 11:00:00,910.0000,40.0000,29.4000,46.0000,7.2000,3.7943
2023-04-08 12:00:00,694.0000,90.0000,30.0000,45.0000,7.7000,3.8771
2023-04-08 13:00:00,518.0000,90.0000,27.8000,55.0000,8.8000,3.6051
2023-04-08 14:00:00,564.0000,60.0000,30.0000,46.0000,6.7000,3.0888
2023-04-08 15:00:00,422.0000,60.0000,29.4000,48.0000,6.7000,2.2209
2023-04-08 16:00:00,310.0000,60.0000,30.0000,43.0000,6.2000,1.3010
2023-04-08 17:00:00,166.0000,30.0000,27.8000,49.0000,8.8000,0.4757
2023-04-08 18:00:00,33.0000,10.0000,26.7000,51.0000,6.2000,0.0452
2023-04-08 19:00:00,0.0000,0.0000,24.4000,52.0000,5.2000,0.0000
2023-04-08 20:00:00,0.0000,0.0000,22.2000,48.0000,4.6000,0.0000
2023-04-08 21:00:00,0.0000,0.0000,20.0000,53.0000,6.2000,0.0000
2023-04-08 22:00:00,0.0000,0.0000,18.3000,59.0000,4.1000,0.0000
2023-04-08 23:00:00,0.0000,0.0000,17.2000,60.0000,5.7000,0.0000
2023-04-09 00:00:00,0.0000,0.0000,16.7000,58.0000,5.2000,0.0000
2023-04-09 01:00:00,0.0000,0.0000,15.0000,67.0000,5.7000,0.0000
2023-04-09 02:00:00,0.0000,0.0000,13.9000,75.0000,3.6000,0.0000
2023-04-09 03:00:00,0.0000,0.0000,13.3000,78.0000,2.6000,0.0000
2023-04-09 04:00:00,0.0000,0.0000,12.8000,80.0000,3.1000,0.0000
2023-04-09 05:00:00,0.0000,0.0000,12.8000,80.0000,3.6000,0.0000
2023-04-09 06:00:00,36.0000,0.0000,12.8000,80.0000,3.1000,0.0000
2023-04-09 07:00:00,203.0000,0.0000,16.1000,72.0000,4.6000,0.9015
2023-04-09 08:00:00,421.0000,0.0000,19.4000,63.0000,5.2000,1.7890
2023-04-09 09:00:00,665.0000,0.0000,23.3000,58.0000,4.6000,2.6490
2023-04-09 10:00:00,866.0000,20.0000,26.1000,54.0000,8.8000,3.2439
2023-04-09 11:00:00,557.0000,50.0000,27.2000,49.0000,6.7000,3.1345
2023-04-09 12:00:00,917.0000,40.0000,27.8000,47.0000,7.2000,2.4345
2023-04-09 13:00:00,619.0000,60.0000,27.8000,47.0000,9.3000,2.1816
2023-04-09 14:00:00,756.0000,60.0000,26.7000,49.0000,7.2000,2.0021
2023-04-09 15:00:00,481.0000,60.0000,25.6000,52.0000,8.2000,1.5172
2023-04-09 16:00:00,314.0000,40.0000,25.0000,54.0000,9.3000,1.0527
2023-04-09 17:00:00,129.0000,30.0000,23.9000,58.0000,7.7000,0.4446
2023-04-09 18:00:00,16.0000,20.0000,23.9000,58.0000,7.2000,0.0479
2023-04-09 19:00:00,0.0000,10.0000,23.3000,60.0000,6.2000,0.0000
2023-04-09 20:00:00,0.0000,10.0000,23.3000,60.0000,7.7000,0.0000
2023-04-09 21:00:00,0.0000,10.0000,23.3000,58.0000,7.2000,0.0000
2023-04-09 22:00:00,0.0000,30.0000,22.8000,57.0000,6.7000,0.0000
2023-04-09 23:00:00,0.0000,20.0000,22.8000,55.0000,6.7000,0.0000
2023-04-10 00:00:00,0.0000,20.0000,22.8000,51.0000,8.2000,0.0000
2023-04-10 01:00:00,0.0000,10.0000,22.8000,55.0000,6.2000,0.0000
2023-04-10 02:00:00,0.0000,10.0000,22.8000,59.0000,4.6000,0.0000
2023-04-10 03:00:00,0.0000,40.0000,22.8000,57.0000,5.2000,0.0000
2023-04-10 04:00:00,0.0000,10.0000,22.8000,57.0000,5.7000,0.0000
2023-04-10 05:00:00,0.0000,30.0000,22.8000,55.0000,5.2000,0.0000
2023-04-10 06:00:00,37.0000,10.0000,22.8000,64.0000,5.7000,0.0000
2023-04-10 07:00:00,164.0000,40.0000,23.9000,66.0000,6.7000,1.0067
2023-04-10 08:00:00,396.0000,40.0000,25.0000,60.0000,9.3000,1.9610
2023-04-10 09:00:00,598.0000,70.0000,25.6000,60.0000,11.3000,2.8076
2023-04-10 10:00:00,750.0000,80.0000,26.1000,58.0000,8.8000,2.7270
2023-04-10 11:00:00,603.0000,80.0000,26.1000,60.0000,10.3000,2.8433
2023-04-10 12:00:00,630.0000,80.0000,26.7000,58.0000,9.8000,3.0656
2023-04-10 13:00:00,397.0000,80.0000,26.7000,58.0000,7.7000,2.7761
2023-04-10 14:00:00,342.0000,80.0000,26.1000,62.0000,7.7000,2.5853
2023-04-10 15:00:00,282.0000,90.0000,26.1000,62.0000,7.7000,1.7039
2023-04-10 16:00:00,185.0000,60.0000,26.1000,65.0000,6.7000,1.0153
2023-04-10 17:00:00,92.0000,80.0000,25.6000,69.0000,7.2000,0.3266
2023-04-10 18:00:00,29.0000,90.0000,25.6000,69.0000,7.7000,0.0341
2023-04-10 19:00:00,0.0000,80.0000,25.0000,71.0000,8.2000,0.0000
2023-04-10 20:00:00,0.0000,70.0000,25.0000,69.0000,8.2000,0.0000
2023-04-10 21:00:00,0.0000,50.0000,25.0000,69.0000,8.2000,0.0000
2023-04-10 22:00:00,0.0000,50.0000,25.0000,69.0000,6.7000,0.0000
2023-04-10 23:00:00,0.0000,50.0000,25.0000,69.0000,8.8000,0.0000
2023-04-11 00:00:00,0.0000,30.0000,25.0000,69.0000,8.2000,0.0000
2023-04-11 01:00:00,0.0000,30.0000,24.4000,69.0000,7.2000,0.0000
2023-04-11 02:00:00,0.0000,20.0000,24.4000,69.0000,9.3000,0.0000
2023-04-11 03:00:00,0.0000,70.0000,24.4000,69.0000,8.8000,0.0000
2023-04-11 04:00:00,0.0000,30.0000,24.4000,69.0000,8.2000,0.0000
2023-04-11 05:00:00,0.0000,80.0000,24.4000,66.0000,9.3000,0.0000
2023-04-11 06:00:00,38.0000,90.0000,24.4000,69.0000,9.3000,0.0000
2023-04-11 07:00:00,128.0000,100.0000,25.0000,67.0000,8.2000,0.9687
2023-04-11 08:00:00,298.0000,90.0000,25.0000,67.0000,7.7000,1.7818
2023-04-11 09:00:00,563.0000,80.0000,26.7000,62.0000,9.8000,2.5153
2023-04-11 10:00:00,717.0000,80.0000,26.7000,62.0000,9.8000,2.6825
2023-04-11 11:00:00,658.0000,80.0000,26.7000,65.0000,11.8000,2.4688
2023-04-11 12:00:00,671.0000,80.0000,27.2000,65.0000,11.3000,2.0820
2023-04-11 13:00:00,646.0000,80.0000,27.2000,65.0000,9.3000,1.5022
2023-04-11 14:00:00,468.0000,80.0000,27.8000,65.0000,10.3000,1.2711
2023-04-11 15:00:00,290.0000,90.0000,27.8000,65.0000,11.3000,0.9947
2023-04-11 16:00:00,218.0000,70.0000,27.2000,67.0000,7.2000,0.6099
2023-04-11 17:00:00,88.0000,70.0000,26.7000,69.0000,6.7000,0.2416
2023-04-11 18:00:00,33.0000,60.0000,26.1000,72.0000,7.2000,0.0520
2023-04-11 19:00:00,0.0000,60.0000,26.1000,74.0000,6.2000,0.0000
2023-04-11 20:00:00,0.0000,0.0000,25.6000,77.0000,7.2000,0.0000
2023-04-11 21:00:00,0.0000,40.0000,25.6000,77.0000,7.7000,0.0000
2023-04-11 22:00:00,0.0000,30.0000,25.6000,77.0000,6.7000,0.0000
2023-04-11 23:00:00,0.0000,0.0000,25.6000,74.0000,8.2000,0.0000
2023-04-12 00:00:00,0.0000,10.0000,25.0000,76.0000,8.2000,0.0000
2023-04-12 01:00:00,0.0000,40.0000,25.0000,76.0000,7.7000,0.0000
2023-04-12 02:00:00,0.0000,60.0000,25.0000,76.0000,9.3000,0.0000
2023-04-12 03:00:00,0.0000,40.0000,25.0000,74.0000,7.2000,0.0000
2023-04-12 04:00:00,0.0000,40.0000,25.0000,74.0000,6.7000,0.0000
2023-04-12 05:00:00,0.0000,50.0000,25.0000,74.0000,6.7000,0.0000
2023-04-12 06:00:00,30.0000,40.0000,25.0000,74.0000,6.7000,0.0000
2023-04-12 07:00:00,175.0000,40.0000,25.6000,74.0000,7.2000,0.7874
2023-04-12 08:00:00,378.0000,50.0000,26.7000,69.0000,7.7000,1.5960
2023-04-12 09:00:00,591.0000,70.0000,27.2000,67.0000,7.7000,2.4078
2023-04-12 10:00:00,840.0000,80.0000,27.8000,65.0000,8.8000,2.6471
2023-04-12 11:00:00,824.0000,80.0000,28.3000,61.0000,8.8000,2.6147
2023-04-12 12:00:00,921.0000,70.0000,28.9000,59.0000,9.3000,2.6452
2023-04-12 13:00:00,918.0000,50.0000,28.9000,57.0000,8.2000,2.2875
2023-04-12 14:00:00,754.0000,40.0000,28.9000,57.0000,8.2000,1.5447
2023-04-12 15:00:00,628.0000,40.0000,28.9000,57.0000,8.2000,1.0388
2023-04-12 16:00:00,368.0000,70.0000,28.3000,59.0000,6.2000,0.6453
2023-04-12 17:00:00,159.0000,60.0000,27.8000,61.0000,5.2000,0.2368
2023-04-12 18:00:00,33.0000,60.0000,26.7000,67.0000,5.2000,0.0545
2023-04-12 19:00:00,0.0000,20.0000,26.1000,69.0000,4.6000,0.0000
2023-04-12 20:00:00,0.0000,0.0000,25.6000,74.0000,4.1000,0.0000
2023-04-12 21:00:00,0.0000,0.0000,25.6000,74.0000,4.1000,0.0000
2023-04-12 22:00:00,0.0000,0.0000,25.0000,76.0000,4.1000,0.0000
2023-04-12 23:00:00,0.0000,60.0000,25.0000,74.0000,3.6000,0.0000
2023-04-13 00:00:00,0.0000,40.0000,25.0000,79.0000,5.2000,0.0000
2023-04-13 01:00:00,0.0000,20.0000,25.0000,79.0000,5.2000,0.0000
2023-04-13 02:00:00,0.0000,20.0000,24.4000,82.0000,6.2000,0.0000
2023-04-13 03:00:00,0.0000,20.0000,24.4000,82.0000,6.2000,0.0000
2023-04-13 04:00:00,0.0000,10.0000,24.4000,82.0000,5.2000,0.0000
2023-04-13 05:00:00,0.0000,50.0000,24.4000,82.0000,4.1000,0.0000
2023-04-13 06:00:00,57.0000,60.0000,24.4000,82.0000,5.2000,0.0000
2023-04-13 07:00:00,249.0000,20.0000,25.6000,77.0000,6.7000,0.9212
2023-04-13 08:00:00,389.0000,40.0000,26.7000,69.0000,7.2000,1.7450
2023-04-13 09:00:00,624.0000,50.0000,27.2000,67.0000,7.2000,2.5963
2023-04-13 10:00:00,800.0000,30.0000,27.8000,63.0000,7.7000,3.1048
2023-04-13 11:00:00,975.0000,30.0000,28.3000,61.0000,6.7000,3.3760
2023-04-13 12:00:00,777.0000,30.0000,28.3000,61.0000,8.2000,3.6539
2023-04-13 13:00:00,815.0000,50.0000,28.3000,61.0000,5.2000,3.4551
2023-04-13 14:00:00,700.0000,50.0000,28.3000,61.0000,6.2000,2.9076
2023-04-13 15:00:00,628.0000,40.0000,28.3000,61.0000,6.2000,2.2078
2023-04-13 16:00:00,401.0000,30.0000,28.3000,59.0000,6.7000,1.2066
2023-04-13 17:00:00,186.0000,10.0000,27.8000,61.0000,5.7000,0.4365
2023-04-13 18:00:00,35.0000,0.0000,26.7000,67.0000,5.2000,0.0532
2023-04-13 19:00:00,0.0000,0.0000,26.1000,69.0000,5.7000,0.0000
2023-04-13 20:00:00,0.0000,0.0000,26.1000,69.0000,4.6000,0.0000
2023-04-13 21:00:00,0.0000,0.0000,26.1000,69.0000,4.1000,0.0000
2023-04-13 22:00:00,0.0000,0.0000,25.6000,71.0000,4.1000,0.0000
2023-04-13 23:00:00,0.0000,0.0000,25.0000,76.0000,3.6000,0.0000
2023-04-14 00:00:00,0.0000,50.0000,25.0000,76.0000,2.6000,0.0000
2023-04-14 01:00:00,0.0000,50.0000,24.4000,82.0000,2.1000,0.0000
2023-04-14 02:00:00,0.0000,40.0000,24.4000,76.0000,2.1000,0.0000
2023-04-14 03:00:00,0.0000,30.0000,24.4000,76.0000,2.1000,0.0000
2023-04-14 04:00:00,0.0000,30.0000,24.4000,76.0000,1.5000,0.0000
2023-04-14 05:00:00,0.0000,40.0000,24.4000,74.0000,2.1000,0.0000
2023-04-14 06:00:00,54.0000,50.0000,23.9000,76.0000,2.1000,0.0000
2023-04-14 07:00:00,209.0000,70.0000,25.6000,69.0000,5.2000,0.9665
2023-04-14 08:00:00,424.0000,70.0000,27.2000,63.0000,5.2000,1.8077
2023-04-14 09:00:00,665.0000,50.0000,27.8000,58.0000,6.7000,2.6238
2023-04-14 10:00:00,892.0000,40.0000,28.3000,57.0000,4.6000,3.3011
2023-04-14 11:00:00,1011.0000,30.0000,28.9000,55.0000,6.2000,3.4283
2023-04-14 12:00:00,1010.0000,30.0000,29.4000,55.0000,5.2000,3.1228
2023-04-14 13:00:00,968.0000,20.0000,30.0000,55.0000,5.2000,3.0385
2023-04-14 14:00:00,859.0000,10.0000,29.4000,57.0000,7.2000,2.7562
2023-04-14 15:00:00,670.0000,0.0000,29.4000,59.0000,6.2000,2.2579
2023-04-14 16:00:00,440.0000,0.0000,28.9000,61.0000,5.2000,1.3349
2023-04-14 17:00:00,188.0000,10.0000,27.8000,63.0000,4.6000,0.5104
2023-04-14 18:00:00,32.0000,10.0000,27.2000,65.0000,3.1000,0.0573
2023-04-14 19:00:00,0.0000,0.0000,26.7000,69.0000,2.6000,0.0000
2023-04-14 20:00:00,0.0000,20.0000,26.1000,72.0000,2.1000,0.0000
2023-04-14 21:00:00,0.0000,30.0000,25.6000,74.0000,1.5000,0.0000
2023-04-14 22:00:00,0.0000,70.0000,25.0000,76.0000,3.6000,0.0000
2023-04-14 23:00:00,0.0000,60.0000,25.0000,76.0000,1.5000,0.0000
2023-04-15 00:00:00,0.0000,60.0000,23.9000,82.0000,2.6000,0.0000
2023-04-15 01:00:00,0.0000,60.0000,23.3000,82.0000,1.0000,0.0000
2023-04-15 02:00:00,0.0000,60.0000,23.3000,82.0000,2.1000,0.0000
2023-04-15 03:00:00,0.0000,60.0000,23.3000,82.0000,1.5000,0.0000
2023-04-15 04:00:00,0.0000,40.0000,22.8000,84.0000,1.0000,0.0000
2023-04-15 05:00:00,0.0000,20.0000,22.8000,84.0000,1.5000,0.0000
2023-04-15 06:00:00,42.0000,10.0000,22.8000,87.0000,2.1000,0.3574
2023-04-15 07:00:00,222.0000,20.0000,25.0000,76.0000,4.1000,1.0252
2023-04-15 08:00:00,377.0000,60.0000,27.2000,67.0000,3.1000,1.8684
2023-04-15 09:00:00,649.0000,50.0000,28.9000,57.0000,4.6000,2.7172
2023-04-15 10:00:00,705.0000,50.0000,29.4000,51.0000,5.2000,3.3443
2023-04-15 11:00:00,789.0000,50.0000,30.0000,57.0000,6.2000,3.6836
2023-04-15 12:00:00,396.0000,90.0000,24.4000,76.0000,5.2000,3.7310
2023-04-15 13:00:00,205.0000,90.0000,25.0000,76.0000,4.6000,3.5896
2023-04-15 14:00:00,359.0000,80.0000,26.1000,67.0000,4.6000,3.2102
2023-04-15 15:00:00,394.0000,80.0000,27.2000,72.0000,5.2000,2.4613
2023-04-15 16:00:00,274.0000,80.0000,26.7000,62.0000,6.7000,1.4606
2023-04-15 17:00:00,148.0000,80.0000,26.7000,60.0000,6.7000,0.4944
2023-04-15 18:00:00,24.0000,80.0000,26.7000,65.0000,3.1000,0.0477
2023-04-15 19:00:00,0.0000,80.0000,26.1000,69.0000,2.6000,0.0000
2023-04-15 20:00:00,0.0000,60.0000,26.1000,74.0000,2.1000,0.0000
2023-04-15 21:00:00,0.0000,30.0000,25.0000,79.0000,3.1000,0.0000
2023-04-15 22:00:00,0.0000,30.0000,24.4000,82.0000,3.1000,0.0000
2023-04-15 23:00:00,0.0000,20.0000,23.9000,82.0000,3.1000,0.0000
2023-04-16 00:00:00,0.0000,0.0000,22.8000,84.0000,2.6000,0.0000
2023-04-16 01:00:00,0.0000,0.0000,22.8000,84.0000,3.1000,0.0000
2023-04-16 02:00:00,0.0000,90.0000,22.2000,84.0000,4.1000,0.0000
2023-04-16 03:00:00,0.0000,20.0000,21.7000,84.0000,3.6000,0.0000
2023-04-16 04:00:00,0.0000,100.0000,21.1000,87.0000,3.1000,0.0000
2023-04-16 05:00:00,0.0000,50.0000,20.6000,90.0000,2.6000,0.0000
2023-04-16 06:00:00,28.0000,100.0000,20.6000,93.0000,3.1000,0.3580
2023-04-16 07:00:00,173.0000,90.0000,21.1000,90.0000,2.6000,0.9795
2023-04-16 08:00:00,484.0000,10.0000,22.8000,87.0000,2.6000,1.8071
2023-04-16 09:00:00,643.0000,10.0000,25.6000,74.0000,4.1000,2.4634
2023-04-16 10:00:00,841.0000,10.0000,27.8000,58.0000,4.1000,2.8274
2023-04-16 11:00:00,939.0000,30.0000,29.4000,46.0000,1.5000,2.3940
2023-04-16 12:00:00,598.0000,90.0000,30.6000,57.0000,3.1000,1.2394
2023-04-16 13:00:00,439.0000,80.0000,29.4000,55.0000,3.6000,1.1163
2023-04-16 14:00:00,358.0000,100.0000,23.9000,79.0000,6.2000,1.4945
2023-04-16 15:00:00,152.0000,100.0000,23.3000,87.0000,6.7000,1.3825
2023-04-16 16:00:00,159.0000,100.0000,23.3000,82.0000,4.1000,0.8955
2023-04-16 17:00:00,140.0000,90.0000,23.3000,74.0000,3.6000,0.3802
2023-04-16 18:00:00,32.0000,70.0000,23.3000,84.0000,3.1000,0.0392
2023-04-16 19:00:00,0.0000,60.0000,22.8000,84.0000,3.1000,0.0000
2023-04-16 20:00:00,0.0000,60.0000,22.8000,87.0000,3.1000,0.0000
2023-04-16 21:00:00,0.0000,60.0000,22.8000,87.0000,3.6000,0.0000
2023-04-16 22:00:00,0.0000,60.0000,22.8000,87.0000,4.1000,0.0000
2023-04-16 23:00:00,0.0000,80.0000,22.8000,82.0000,3.6000,0.0000
2023-04-17 00:00:00,0.0000,90.0000,22.8000,82.0000,3.1000,0.0000
2023-04-17 01:00:00,0.0000,90.0000,22.2000,82.0000,4.6000,0.0000
2023-04-17 02:00:00,0.0000,90.0000,22.2000,76.0000,4.1000,0.0000
2023-04-17 03:00:00,0.0000,90.0000,22.2000,71.0000,6.2000,0.0000
2023-04-17 04:00:00,0.0000,90.0000,21.7000,64.0000,5.2000,0.0000
2023-04-17 05:00:00,0.0000,80.0000,21.7000,66.0000,5.2000,0.0000
2023-04-17 06:00:00,45.0000,40.0000,21.7000,66.0000,5.2000,0.2852
2023-04-17 07:00:00,259.0000,20.0000,21.7000,66.0000,7.2000,0.9936
2023-04-17 08:00:00,425.0000,20.0000,23.3000,60.0000,4.6000,1.9211
2023-04-17 09:00:00,633.0000,20.0000,25.6000,56.0000,5.2000,2.6744
2023-04-17 10:00:00,805.0000,30.0000,26.7000,52.0000,6.7000,3.1981
2023-04-17 11:00:00,958.0000,30.0000,26.7000,51.0000,5.7000,2.9127
2023-04-17 12:00:00,876.0000,60.0000,27.2000,49.0000,8.2000,2.0580
2023-04-17 13:00:00,875.0000,30.0000,27.2000,49.0000,7.2000,1.5823
2023-04-17 14:00:00,829.0000,10.0000,27.2000,47.0000,7.2000,1.0638
2023-04-17 15:00:00,648.0000,50.0000,27.2000,46.0000,6.2000,0.6267
2023-04-17 16:00:00,396.0000,20.0000,27.2000,46.0000,6.7000,0.6164
2023-04-17 17:00:00,162.0000,70.0000,25.6000,50.0000,6.2000,0.3632
2023-04-17 18:00:00,36.0000,40.0000,25.0000,50.0000,5.7000,0.0534
2023-04-17 19:00:00,0.0000,0.0000,24.4000,52.0000,5.2000,0.0000
2023-04-17 20:00:00,0.0000,0.0000,24.4000,54.0000,5.2000,0.0000
2023-04-17 21:00:00,0.0000,0.0000,24.4000,52.0000,5.7000,0.0000
2023-04-17 22:00:00,0.0000,0.0000,23.9000,54.0000,5.7000,0.0000
2023-04-17 23:00:00,0.0000,0.0000,23.3000,58.0000,4.6000,0.0000
2023-04-18 00:00:00,0.0000,0.0000,23.3000,55.0000,4.1000,0.0000
2023-04-18 01:00:00,0.0000,0.0000,23.3000,58.0000,3.6000,0.0000
2023-04-18 02:00:00,0.0000,0.0000,22.8000,62.0000,4.1000,0.0000
2023-04-18 03:00:00,0.0000,10.0000,22.8000,62.0000,3.6000,0.0000
2023-04-18 04:00:00,0.0000,10.0000,22.8000,62.0000,3.6000,0.0000
2023-04-18 05:00:00,3.0000,20.0000,22.8000,62.0000,3.6000,0.0000
2023-04-18 06:00:00,70.0000,20.0000,22.2000,62.0000,3.6000,0.3749
2023-04-18 07:00:00,240.0000,20.0000,23.3000,57.0000,6.7000,1.0249
2023-04-18 08:00:00,419.0000,20.0000,23.9000,56.0000,6.2000,1.8573
2023-04-18 09:00:00,660.0000,20.0000,25.0000,48.0000,4.1000,2.6237
2023-04-18 10:00:00,881.0000,10.0000,26.1000,47.0000,7.2000,3.2779
2023-04-18 11:00:00,996.0000,20.0000,26.1000,45.0000,5.2000,3.5420
2023-04-18 12:00:00,1030.0000,10.0000,26.1000,45.0000,6.2000,3.4605
2023-04-18 13:00:00,984.0000,10.0000,26.1000,45.0000,6.7000,3.4893
2023-04-18 14:00:00,870.0000,0.0000,26.7000,42.0000,6.2000,3.0598
2023-04-18 15:00:00,691.0000,10.0000,26.1000,42.0000,8.2000,2.2629
2023-04-18 16:00:00,460.0000,10.0000,26.1000,41.0000,7.7000,1.2985
2023-04-18 17:00:00,209.0000,40.0000,25.0000,45.0000,7.7000,0.4341
2023-04-18 18:00:00,43.0000,20.0000,24.4000,45.0000,5.7000,0.0619
2023-04-18 19:00:00,0.0000,0.0000,23.9000,48.0000,5.7000,0.0000
2023-04-18 20:00:00,0.0000,10.0000,23.3000,50.0000,6.2000,0.0000
2023-04-18 21:00:00,0.0000,0.0000,23.3000,54.0000,4.1000,0.0000
2023-04-18 22:00:00,0.0000,0.0000,22.8000,55.0000,4.1000,0.0000
2023-04-18 23:00:00,0.0000,10.0000,22.8000,57.0000,3.6000,0.0000
2023-04-19 00:00:00,0.0000,20.0000,21.1000,64.0000,3.6000,0.0000
2023-04-19 01:00:00,0.0000,0.0000,20.0000,66.0000,3.1000,0.0000
2023-04-19 02:00:00,0.0000,10.0000,20.0000,76.0000,3.1000,0.0000
2023-04-19 03:00:00,0.0000,10.0000,19.4000,76.0000,2.6000,0.0000
2023-04-19 04:00:00,0.0000,40.0000,19.4000,73.0000,2.6000,0.0000
2023-04-19 05:00:00,0.0000,80.0000,19.4000,73.0000,3.6000,0.0000
2023-04-19 06:00:00,22.0000,90.0000,21.7000,68.0000,4.6000,0.3171
2023-04-19 07:00:00,122.0000,90.0000,22.2000,62.0000,5.7000,0.9650
2023-04-19 08:00:00,285.0000,100.0000,24.4000,58.0000,4.6000,1.8353
2023-04-19 09:00:00,579.0000,90.0000,26.1000,56.0000,7.2000,2.7809
2023-04-19 10:00:00,693.0000,90.0000,26.7000,54.0000,8.2000,3.4179
2023-04-19 11:00:00,758.0000,90.0000,26.7000,54.0000,9.8000,3.8639
2023-04-19 12:00:00,870.0000,80.0000,26.7000,52.0000,10.3000,3.8762
2023-04-19 13:00:00,785.0000,50.0000,26.7000,49.0000,7.7000,3.7582
2023-04-19 14:00:00,712.0000,50.0000,26.7000,47.0000,8.2000,3.3069
2023-04-19 15:00:00,620.0000,30.0000,26.7000,47.0000,7.7000,2.5635
2023-04-19 16:00:00,438.0000,20.0000,26.7000,47.0000,7.7000,1.5697
2023-04-19 17:00:00,207.0000,20.0000,25.6000,50.0000,8.8000,0.5879
2023-04-19 18:00:00,34.0000,30.0000,25.0000,52.0000,9.8000,0.0613
2023-04-19 19:00:00,0.0000,0.0000,24.4000,50.0000,7.2000,0.0000
2023-04-19 20:00:00,0.0000,10.0000,24.4000,50.0000,7.2000,0.0000
2023-04-19 21:00:00,0.0000,0.0000,24.4000,56.0000,7.7000,0.0000
2023-04-19 22:00:00,0.0000,0.0000,24.4000,58.0000,8.2000,0.0000
2023-04-19 23:00:00,0.0000,0.0000,24.4000,58.0000,7.2000,0.0000
2023-04-20 00:00:00,0.0000,10.0000,24.4000,58.0000,6.7000,0.0000
2023-04-20 01:00:00,0.0000,10.0000,23.9000,58.0000,5.2000,0.0000
2023-04-20 02:00:00,0.0000,10.0000,23.9000,60.0000,6.7000,0.0000
2023-04-20 03:00:00,0.0000,30.0000,23.9000,62.0000,6.7000,0.0000
2023-04-20 04:00:00,0.0000,60.0000,23.3000,64.0000,6.7000,0.0000
2023-04-20 05:00:00,0.0000,40.0000,23.3000,62.0000,8.2000,0.0000
2023-04-20 06:00:00,69.0000,30.0000,23.9000,58.0000,7.2000,0.2716
2023-04-20 07:00:00,238.0000,20.0000,24.4000,54.0000,9.3000,0.7765
2023-04-20 08:00:00,407.0000,20.0000,25.6000,49.0000,11.3000,1.5685
2023-04-20 09:00:00,660.0000,10.0000,26.7000,45.0000,8.2000,2.3676
2023-04-20 10:00:00,896.0000,20.0000,27.2000,46.0000,9.3000,2.7907
2023-04-20 11:00:00,786.0000,70.0000,27.2000,49.0000,8.2000,3.1057
2023-04-20 12:00:00,479.0000,100.0000,25.6000,56.0000,8.2000,3.2590
2023-04-20 13:00:00,656.0000,40.0000,27.2000,51.0000,11.8000,3.0336
2023-04-20 14:00:00,731.0000,40.0000,26.7000,51.0000,10.3000,2.8505
2023-04-20 15:00:00,496.0000,40.0000,26.1000,50.0000,9.3000,2.3021
2023-04-20 16:00:00,287.0000,50.0000,25.6000,52.0000,7.7000,1.4604
2023-04-20 17:00:00,132.0000,50.0000,25.6000,52.0000,6.7000,0.5250
2023-04-20 18:00:00,15.0000,90.0000,24.4000,62.0000,7.7000,0.0502
2023-04-20 19:00:00,0.0000,70.0000,23.3000,71.0000,8.8000,0.0000
2023-04-20 20:00:00,0.0000,70.0000,23.3000,71.0000,7.7000,0.0000
2023-04-20 21:00:00,0.0000,70.0000,23.3000,69.0000,9.3000,0.0000
2023-04-20 22:00:00,0.0000,80.0000,22.8000,71.0000,7.2000,0.0000
2023-04-20 23:00:00,0.0000,70.0000,22.8000,64.0000,8.2000,0.0000
2023-04-21 00:00:00,0.0000,30.0000,22.8000,57.0000,8.2000,0.0000
2023-04-21 01:00:00,0.0000,30.0000,22.2000,64.0000,6.2000,0.0000
2023-04-21 02:00:00,0.0000,80.0000,22.8000,62.0000,6.7000,0.0000
2023-04-21 03:00:00,0.0000,50.0000,22.8000,66.0000,7.2000,0.0000
2023-04-21 04:00:00,0.0000,20.0000,22.2000,68.0000,5.7000,0.0000
2023-04-21 05:00:00,2.0000,40.0000,22.2000,73.0000,4.6000,0.0000
2023-04-21 06:00:00,81.0000,30.0000,23.3000,69.0000,6.7000,0.3784
2023-04-21 07:00:00,253.0000,20.0000,24.4000,62.0000,6.2000,1.0184
2023-04-21 08:00:00,536.0000,0.0000,26.1000,58.0000,8.2000,1.8746
2023-04-21 09:00:00,581.0000,60.0000,25.6000,62.0000,8.2000,2.8065
2023-04-21 10:00:00,962.0000,70.0000,27.2000,58.0000,7.7000,3.2523
2023-04-21 11:00:00,801.0000,60.0000,27.2000,58.0000,7.7000,2.5053
2023-04-21 12:00:00,970.0000,60.0000,27.8000,58.0000,7.7000,2.2300
2023-04-21 13:00:00,905.0000,50.0000,27.2000,60.0000,9.8000,2.8841
2023-04-21 14:00:00,853.0000,50.0000,27.2000,63.0000,8.2000,2.5927
2023-04-21 15:00:00,643.0000,40.0000,27.2000,63.0000,9.8000,1.6754
2023-04-21 16:00:00,266.0000,30.0000,27.2000,65.0000,7.2000,0.7581
2023-04-21 17:00:00,220.0000,50.0000,26.1000,69.0000,5.7000,0.3090
2023-04-21 18:00:00,42.0000,40.0000,26.1000,72.0000,5.2000,0.0164
2023-04-21 19:00:00,0.0000,50.0000,25.6000,74.0000,5.2000,0.0000
2023-04-21 20:00:00,0.0000,20.0000,25.6000,71.0000,6.2000,0.0000
2023-04-21 21:00:00,0.0000,30.0000,25.6000,74.0000,6.7000,0.0000
2023-04-21 22:00:00,0.0000,30.0000,25.0000,76.0000,6.2000,0.0000
2023-04-21 23:00:00,0.0000,30.0000,25.0000,76.0000,5.2000,0.0000
2023-04-22 00:00:00,0.0000,40.0000,25.0000,79.0000,6.2000,0.0000
2023-04-22 01:00:00,0.0000,30.0000,25.0000,76.0000,5.2000,0.0000
2023-04-22 02:00:00,0.0000,30.0000,25.0000,76.0000,5.2000,0.0000
2023-04-22 03:00:00,0.0000,20.0000,25.0000,74.0000,4.1000,0.0000
2023-04-22 04:00:00,0.0000,20.0000,24.4000,76.0000,3.6000,0.0000
2023-04-22 05:00:00,1.0000,40.0000,24.4000,79.0000,3.6000,0.0000
2023-04-22 06:00:00,64.0000,40.0000,24.4000,79.0000,4.1000,0.3561
2023-04-22 07:00:00,267.0000,40.0000,25.6000,74.0000,6.2000,1.0868
2023-04-22 08:00:00,397.0000,40.0000,26.1000,72.0000,6.2000,1.8958
2023-04-22 09:00:00,602.0000,80.0000,27.2000,67.0000,3.6000,2.8149
2023-04-22 10:00:00,794.0000,80.0000,27.2000,67.0000,5.2000,3.3556
2023-04-22 11:00:00,854.0000,100.0000,28.3000,63.0000,4.1000,3.3898
2023-04-22 12:00:00,355.0000,100.0000,28.9000,61.0000,6.2000,3.6950
2023-04-22 13:00:00,569.0000,100.0000,28.3000,63.0000,5.2000,3.5810
2023-04-22 14:00:00,406.0000,100.0000,28.3000,63.0000,4.6000,3.1819
2023-04-22 15:00:00,230.0000,100.0000,27.2000,67.0000,3.6000,2.0275
2023-04-22 16:00:00,224.0000,100.0000,27.2000,69.0000,8.8000,1.0825
2023-04-22 17:00:00,146.0000,90.0000,24.4000,79.0000,4.1000,0.5833
2023-04-22 18:00:00,19.0000,60.0000,24.4000,76.0000,3.6000,0.0678
2023-04-22 19:00:00,0.0000,80.0000,24.4000,76.0000,3.1000,0.0000
2023-04-22 20:00:00,0.0000,60.0000,24.4000,79.0000,2.6000,0.0000
2023-04-22 21:00:00,0.0000,80.0000,24.4000,79.0000,3.1000,0.0000
2023-04-22 22:00:00,0.0000,60.0000,23.9000,82.0000,2.6000,0.0000
2023-04-22 23:00:00,0.0000,60.0000,23.9000,85.0000,2.6000,0.0000
2023-04-23 00:00:00,0.0000,40.0000,23.9000,85.0000,2.6000,0.0000
2023-04-23 01:00:00,0.0000,60.0000,23.3000,87.0000,2.1000,0.0000
2023-04-23 02:00:00,0.0000,60.0000,22.8000,90.0000,3.1000,0.0000
2023-04-23 03:00:00,0.0000,80.0000,22.8000,90.0000,3.1000,0.0000
2023-04-23 04:00:00,0.0000,40.0000,22.2000,93.0000,2.6000,0.0000
2023-04-23 05:00:00,0.0000,100.0000,21.7000,97.0000,4.1000,0.0000
2023-04-23 06:00:00,53.0000,80.0000,21.7000,100.0000,4.1000,0.3569
2023-04-23 07:00:00,248.0000,50.0000,22.2000,97.0000,5.2000,0.9870
2023-04-23 08:00:00,404.0000,20.0000,23.9000,87.0000,3.1000,1.7772
2023-04-23 09:00:00,633.0000,10.0000,26.1000,69.0000,3.6000,2.5946
2023-04-23 10:00:00,858.0000,20.0000,27.8000,55.0000,3.1000,3.0468
2023-04-23 11:00:00,923.0000,70.0000,29.4000,49.0000,4.1000,2.3915
2023-04-23 12:00:00,763.0000,80.0000,30.6000,45.0000,4.1000,1.7090
2023-04-23 13:00:00,567.0000,80.0000,30.6000,45.0000,4.6000,1.8293
2023-04-23 14:00:00,525.0000,90.0000,28.3000,61.0000,6.2000,1.2925
2023-04-23 15:00:00,434.0000,80.0000,27.8000,67.0000,4.6000,0.8943
2023-04-23 16:00:00,96.0000,100.0000,27.2000,69.0000,3.1000,0.7534
2023-04-23 17:00:00,52.0000,90.0000,26.7000,65.0000,5.2000,0.3496
2023-04-23 18:00:00,33.0000,80.0000,26.1000,69.0000,3.1000,0.0272
2023-04-23 19:00:00,0.0000,50.0000,25.6000,77.0000,3.1000,0.0000
2023-04-23 20:00:00,0.0000,20.0000,24.4000,74.0000,3.1000,0.0000
2023-04-23 21:00:00,0.0000,60.0000,24.4000,76.0000,3.6000,0.0000
2023-04-23 22:00:00,0.0000,30.0000,23.3000,82.0000,4.1000,0.0000
2023-04-23 23:00:00,0.0000,0.0000,22.2000,66.0000,6.2000,0.0000
2023-04-24 00:00:00,0.0000,0.0000,21.1000,61.0000,5.2000,0.0000
2023-04-24 01:00:00,0.0000,70.0000,20.0000,63.0000,4.6000,0.0000
2023-04-24 02:00:00,0.0000,80.0000,19.4000,73.0000,3.6000,0.0000
2023-04-24 03:00:00,0.0000,40.0000,18.9000,78.0000,3.1000,0.0000
2023-04-24 04:00:00,0.0000,40.0000,18.3000,90.0000,2.1000,0.0000
2023-04-24 05:00:00,2.0000,20.0000,18.3000,93.0000,2.1000,0.0000
2023-04-24 06:00:00,57.0000,20.0000,23.3000,74.0000,8.2000,0.3756
2023-04-24 07:00:00,266.0000,0.0000,24.4000,60.0000,9.3000,1.0260
2023-04-24 08:00:00,480.0000,0.0000,25.0000,58.0000,9.3000,1.8518
2023-04-24 09:00:00,609.0000,50.0000,25.6000,58.0000,9.3000,2.6687
2023-04-24 10:00:00,766.0000,80.0000,26.1000,56.0000,7.7000,3.2282
2023-04-24 11:00:00,729.0000,100.0000,25.6000,56.0000,6.2000,3.1547
2023-04-24 12:00:00,656.0000,90.0000,26.1000,54.0000,7.7000,2.5773
2023-04-24 13:00:00,694.0000,70.0000,26.1000,52.0000,8.8000,2.1524
2023-04-24 14:00:00,634.0000,70.0000,26.1000,50.0000,8.8000,1.9235
2023-04-24 15:00:00,504.0000,60.0000,25.6000,50.0000,8.8000,1.1733
2023-04-24 16:00:00,367.0000,80.0000,25.0000,52.0000,8.2000,0.3217
2023-04-24 17:00:00,178.0000,70.0000,25.0000,54.0000,8.2000,0.1723
2023-04-24 18:00:00,20.0000,70.0000,23.9000,58.0000,9.3000,0.0692
2023-04-24 19:00:00,0.0000,40.0000,22.8000,55.0000,7.7000,0.0000
2023-04-24 20:00:00,0.0000,30.0000,22.2000,51.0000,7.2000,0.0000
2023-04-24 21:00:00,0.0000,30.0000,22.2000,53.0000,6.2000,0.0000
2023-04-24 22:00:00,0.0000,40.0000,22.2000,53.0000,6.2000,0.0000
2023-04-24 23:00:00,0.0000,40.0000,21.7000,53.0000,7.2000,0.0000
2023-04-25 00:00:00,0.0000,30.0000,21.7000,51.0000,6.2000,0.0000
2023-04-25 01:00:00,0.0000,10.0000,21.1000,53.0000,6.2000,0.0000
2023-04-25 02:00:00,0.0000,100.0000,21.1000,53.0000,3.1000,0.0000
2023-04-25 03:00:00,0.0000,70.0000,20.6000,57.0000,4.1000,0.0000
2023-04-25 04:00:00,0.0000,20.0000,20.6000,55.0000,6.7000,0.0000
2023-04-25 05:00:00,0.0000,100.0000,21.1000,53.0000,4.1000,0.0000
2023-04-25 06:00:00,53.0000,100.0000,21.1000,55.0000,5.2000,0.4352
2023-04-25 07:00:00,176.0000,100.0000,21.7000,49.0000,4.1000,1.1476
2023-04-25 08:00:00,388.0000,90.0000,23.3000,48.0000,3.1000,1.9399
2023-04-25 09:00:00,586.0000,70.0000,24.4000,42.0000,6.2000,2.5686
2023-04-25 10:00:00,532.0000,100.0000,24.4000,45.0000,5.2000,2.8138
2023-04-25 11:00:00,644.0000,80.0000,24.4000,48.0000,9.3000,2.7324
2023-04-25 12:00:00,847.0000,40.0000,25.6000,44.0000,6.7000,2.6623
2023-04-25 13:00:00,939.0000,30.0000,25.6000,42.0000,7.7000,2.6555
2023-04-25 14:00:00,809.0000,30.0000,25.6000,40.0000,8.2000,2.3719
2023-04-25 15:00:00,653.0000,40.0000,25.0000,45.0000,6.7000,1.7960
2023-04-25 16:00:00,402.0000,30.0000,24.4000,47.0000,5.7000,1.0963
2023-04-25 17:00:00,180.0000,30.0000,24.4000,50.0000,6.7000,0.3905
2023-04-25 18:00:00,33.0000,20.0000,23.9000,46.0000,4.6000,0.0314
2023-04-25 19:00:00,0.0000,20.0000,23.3000,48.0000,4.1000,0.0000
2023-04-25 20:00:00,0.0000,30.0000,22.8000,51.0000,2.6000,0.0000
2023-04-25 21:00:00,0.0000,30.0000,22.8000,55.0000,5.2000,0.0000
2023-04-25 22:00:00,0.0000,20.0000,22.8000,55.0000,5.2000,0.0000
2023-04-25 23:00:00,0.0000,60.0000,22.8000,59.0000,5.2000,0.0000
2023-04-26 00:00:00,0.0000,40.0000,22.8000,59.0000,4.1000,0.0000
2023-04-26 01:00:00,0.0000,80.0000,21.1000,66.0000,3.6000,0.0000
2023-04-26 02:00:00,0.0000,60.0000,20.6000,71.0000,3.1000,0.0000
2023-04-26 03:00:00,0.0000,60.0000,20.6000,68.0000,2.6000,0.0000
2023-04-26 04:00:00,0.0000,0.0000,18.3000,78.0000,3.1000,0.0000
2023-04-26 05:00:00,0.0000,50.0000,17.8000,81.0000,2.1000,0.0000
2023-04-26 06:00:00,66.0000,50.0000,18.3000,78.0000,2.6000,0.3775
2023-04-26 07:00:00,204.0000,40.0000,23.3000,62.0000,6.7000,0.9962
2023-04-26 08:00:00,357.0000,40.0000,24.4000,58.0000,7.2000,1.7848
2023-04-26 09:00:00,582.0000,40.0000,24.4000,58.0000,8.2000,2.0987
2023-04-26 10:00:00,763.0000,50.0000,25.0000,56.0000,7.2000,2.2713
2023-04-26 11:00:00,902.0000,50.0000,25.6000,54.0000,9.3000,2.8790
2023-04-26 12:00:00,919.0000,50.0000,26.7000,49.0000,8.2000,3.5231
2023-04-26 13:00:00,859.0000,40.0000,26.1000,49.0000,8.8000,3.5672
2023-04-26 14:00:00,815.0000,60.0000,25.6000,45.0000,8.2000,3.0885
2023-04-26 15:00:00,685.0000,30.0000,25.6000,50.0000,7.7000,2.2984
2023-04-26 16:00:00,426.0000,20.0000,25.0000,48.0000,7.2000,1.3025
2023-04-26 17:00:00,182.0000,30.0000,24.4000,48.0000,7.2000,0.4687
2023-04-26 18:00:00,40.0000,30.0000,23.9000,50.0000,6.2000,0.0549
2023-04-26 19:00:00,0.0000,20.0000,23.9000,54.0000,5.2000,0.0000
2023-04-26 20:00:00,0.0000,30.0000,23.9000,56.0000,6.2000,0.0000
2023-04-26 21:00:00,0.0000,20.0000,23.9000,58.0000,5.7000,0.0000
2023-04-26 22:00:00,0.0000,20.0000,23.9000,58.0000,6.2000,0.0000
2023-04-26 23:00:00,0.0000,20.0000,23.3000,58.0000,5.2000,0.0000
2023-04-27 00:00:00,0.0000,20.0000,22.8000,55.0000,5.2000,0.0000
2023-04-27 01:00:00,0.0000,90.0000,22.8000,53.0000,4.6000,0.0000
2023-04-27 02:00:00,0.0000,10.0000,22.8000,51.0000,6.2000,0.0000
2023-04-27 03:00:00,0.0000,40.0000,22.8000,48.0000,4.6000,0.0000
2023-04-27 04:00:00,0.0000,20.0000,22.8000,59.0000,3.6000,0.0000
2023-04-27 05:00:00,2.0000,40.0000,22.2000,62.0000,4.1000,0.0000
2023-04-27 06:00:00,79.0000,40.0000,22.2000,66.0000,5.2000,0.3930
2023-04-27 07:00:00,311.0000,10.0000,23.9000,60.0000,6.7000,1.0193
2023-04-27 08:00:00,294.0000,70.0000,23.9000,60.0000,6.7000,1.7689
2023-04-27 09:00:00,626.0000,40.0000,26.1000,45.0000,7.7000,2.5594
2023-04-27 10:00:00,899.0000,30.0000,26.1000,47.0000,8.2000,3.1902
2023-04-27 11:00:00,959.0000,60.0000,26.1000,52.0000,10.8000,3.5125
2023-04-27 12:00:00,1031.0000,50.0000,26.7000,47.0000,9.3000,3.5033
2023-04-27 13:00:00,1031.0000,20.0000,26.7000,45.0000,8.2000,3.4031
2023-04-27 14:00:00,857.0000,10.0000,26.7000,41.0000,7.7000,3.1314
2023-04-27 15:00:00,685.0000,0.0000,26.1000,42.0000,8.8000,2.4249
2023-04-27 16:00:00,435.0000,20.0000,26.1000,45.0000,8.8000,1.4019
2023-04-27 17:00:00,182.0000,20.0000,25.6000,47.0000,7.7000,0.4794
2023-04-27 18:00:00,36.0000,20.0000,25.0000,50.0000,7.7000,0.0575
2023-04-27 19:00:00,0.0000,50.0000,25.0000,58.0000,5.7000,0.0000
2023-04-27 20:00:00,0.0000,70.0000,24.4000,64.0000,7.2000,0.0000
2023-04-27 21:00:00,0.0000,60.0000,24.4000,62.0000,6.2000,0.0000
2023-04-27 22:00:00,0.0000,60.0000,24.4000,62.0000,7.7000,0.0000
2023-04-27 23:00:00,0.0000,70.0000,23.9000,62.0000,5.2000,0.0000
2023-04-28 00:00:00,0.0000,70.0000,23.9000,56.0000,5.2000,0.0000
2023-04-28 01:00:00,0.0000,100.0000,23.9000,56.0000,5.7000,0.0000
2023-04-28 02:00:00,0.0000,30.0000,23.3000,58.0000,4.1000,0.0000
2023-04-28 03:00:00,0.0000,0.0000,22.8000,55.0000,4.1000,0.0000
2023-04-28 04:00:00,0.0000,20.0000,22.8000,55.0000,4.1000,0.0000
2023-04-28 05:00:00,3.0000,40.0000,22.8000,53.0000,3.1000,0.0000
2023-04-28 06:00:00,73.0000,40.0000,22.8000,57.0000,3.1000,0.4022
2023-04-28 07:00:00,209.0000,60.0000,23.3000,60.0000,5.7000,0.8896
2023-04-28 08:00:00,445.0000,60.0000,25.0000,54.0000,6.2000,1.6358
2023-04-28 09:00:00,663.0000,50.0000,25.0000,54.0000,8.2000,2.7395
2023-04-28 10:00:00,738.0000,60.0000,26.1000,52.0000,7.7000,3.4697
2023-04-28 11:00:00,939.0000,50.0000,26.7000,49.0000,9.3000,3.7933
2023-04-28 12:00:00,866.0000,60.0000,26.7000,49.0000,7.7000,3.9116
2023-04-28 13:00:00,812.0000,70.0000,26.1000,50.0000,8.2000,3.7048
2023-04-28 14:00:00,716.0000,60.0000,26.7000,51.0000,7.2000,3.2600
2023-04-28 15:00:00,547.0000,50.0000,26.1000,52.0000,7.7000,2.4961
2023-04-28 16:00:00,392.0000,30.0000,26.1000,50.0000,8.2000,1.3933
2023-04-28 17:00:00,202.0000,20.0000,25.6000,47.0000,7.7000,0.4752
2023-04-28 18:00:00,37.0000,0.0000,24.4000,52.0000,7.7000,0.0663
2023-04-28 19:00:00,0.0000,0.0000,23.9000,50.0000,6.2000,0.0000
2023-04-28 20:00:00,0.0000,0.0000,23.3000,52.0000,5.7000,0.0000
2023-04-28 21:00:00,0.0000,0.0000,22.8000,59.0000,5.2000,0.0000
2023-04-28 22:00:00,0.0000,0.0000,22.2000,62.0000,5.7000,0.0000
2023-04-28 23:00:00,0.0000,0.0000,22.2000,64.0000,5.2000,0.0000
2023-04-29 00:00:00,0.0000,0.0000,22.2000,64.0000,5.7000,0.0000
2023-04-29 01:00:00,0.0000,0.0000,22.2000,64.0000,4.6000,0.0000
2023-04-29 02:00:00,0.0000,0.0000,20.6000,68.0000,4.1000,0.0000
2023-04-29 03:00:00,0.0000,0.0000,18.9000,76.0000,2.6000,0.0000
2023-04-29 04:00:00,0.0000,0.0000,16.7000,87.0000,2.6000,0.0000
2023-04-29 05:00:00,3.0000,40.0000,15.6000,90.0000,3.6000,0.0000
2023-04-29 06:00:00,67.0000,30.0000,16.7000,90.0000,3.6000,0.4462
2023-04-29 07:00:00,260.0000,40.0000,21.7000,68.0000,3.6000,1.0842
2023-04-29 08:00:00,457.0000,20.0000,23.9000,58.0000,4.1000,1.9104
2023-04-29 09:00:00,743.0000,20.0000,25.0000,50.0000,3.1000,2.5475
2023-04-29 10:00:00,934.0000,20.0000,25.6000,49.0000,5.2000,3.0896
2023-04-29 11:00:00,1005.0000,30.0000,26.7000,47.0000,5.2000,3.4469
2023-04-29 12:00:00,1029.0000,40.0000,26.7000,47.0000,7.2000,3.3021
2023-04-29 13:00:00,971.0000,40.0000,26.7000,45.0000,6.2000,3.1241
2023-04-29 14:00:00,845.0000,40.0000,26.7000,45.0000,6.7000,2.6790
2023-04-29 15:00:00,673.0000,40.0000,26.7000,49.0000,6.2000,2.0295
2023-04-29 16:00:00,430.0000,40.0000,26.1000,47.0000,6.2000,1.3246
2023-04-29 17:00:00,205.0000,70.0000,25.0000,52.0000,6.2000,0.5375
2023-04-29 18:00:00,35.0000,60.0000,24.0000,58.0000,5.6000,0.0706
2023-04-29 19:00:00,0.0000,20.0000,23.2000,63.0000,4.3000,0.0000
2023-04-29 20:00:00,0.0000,0.0000,22.8000,65.0000,3.5000,0.0000
2023-04-29 21:00:00,0.0000,10.0000,22.2000,68.0000,3.0000,0.0000
2023-04-29 22:00:00,0.0000,30.0000,21.8000,71.0000,2.4000,0.0000
2023-04-29 23:00:00,0.0000,20.0000,21.5000,73.0000,2.1000,0.0000
2023-04-30 00:00:00,0.0000,80.0000,21.3000,75.0000,2.1000,0.0000
2023-04-30 01:00:00,0.0000,70.0000,21.0000,76.0000,1.5000,0.0000
2023-04-30 02:00:00,0.0000,40.0000,20.5000,79.0000,2.1000,0.0000
2023-04-30 03:00:00,0.0000,30.0000,20.0000,82.0000,2.1000,0.0000
2023-04-30 04:00:00,0.0000,50.0000,19.6000,85.0000,0.6000,0.0000
2023-04-30 05:00:00,4.0000,90.0000,19.3000,87.0000,0.3000,0.0000
2023-04-30 06:00:00,40.0000,100.0000,19.4000,87.0000,2.1000,0.4824
2023-04-30 07:00:00,278.0000,80.0000,21.1000,71.0000,2.1000,1.1447
2023-04-30 08:00:00,531.0000,50.0000,22.8000,66.0000,3.1000,2.0248
2023-04-30 09:00:00,710.0000,50.0000,25.0000,54.0000,4.1000,2.9452
2023-04-30 10:00:00,763.0000,80.0000,25.6000,54.0000,3.1000,3.4980
2023-04-30 11:00:00,911.0000,80.0000,26.7000,49.0000,3.1000,3.7151
2023-04-30 12:00:00,670.0000,80.0000,26.7000,49.0000,3.1000,3.7960
2023-04-30 13:00:00,442.0000,80.0000,27.8000,55.0000,4.1000,3.5504
2023-04-30 14:00:00,805.0000,80.0000,26.7000,58.0000,3.6000,3.0870
2023-04-30 15:00:00,290.0000,100.0000,26.1000,60.0000,2.6000,2.3736
2023-04-30 16:00:00,148.0000,100.0000,25.6000,62.0000,2.6000,1.4097
2023-04-30 17:00:00,74.0000,100.0000,25.6000,60.0000,2.6000,0.5062
2023-04-30 18:00:00,25.0000,100.0000,26.1000,54.0000,2.6000,0.0542
2023-04-30 19:00:00,0.0000,100.0000,23.9000,60.0000,5.2000,0.0000
2023-04-30 20:00:00,0.0000,100.0000,23.3000,64.0000,4.1000,0.0000
2023-04-30 21:00:00,0.0000,100.0000,23.3000,62.0000,3.1000,0.0000
2023-04-30 22:00:00,0.0000,100.0000,23.3000,66.0000,1.5000,0.0000
2023-04-30 23:00:00,0.0000,100.0000,22.2000,71.0000,2.6000,0.0000
2023-05-01 00:00:00,0.0000,100.0000,22.8000,62.0000,2.6000,0.0000
2023-05-01 01:00:00,0.0000,100.0000,22.8000,59.0000,3.1000,0.0000
2023-05-01 02:00:00,0.0000,100.0000,22.8000,62.0000,0.0000,0.0000
2023-05-01 03:00:00,0.0000,100.0000,22.8000,64.0000,2.1000,0.0000
2023-05-01 04:00:00,0.0000,100.0000,22.8000,64.0000,2.6000,0.0000
2023-05-01 05:00:00,5.0000,100.0000,22.2000,59.0000,3.1000,0.0000
2023-05-01 06:00:00,45.0000,100.0000,22.2000,46.0000,3.6000,0.4234
2023-05-01 07:00:00,85.0000,100.0000,22.2000,48.0000,3.6000,0.9907
2023-05-01 08:00:00,153.0000,100.0000,22.2000,55.0000,3.1000,1.8205
2023-05-01 09:00:00,221.0000,100.0000,22.2000,57.0000,2.6000,2.6503
2023-05-01 10:00:00,444.0000,100.0000,23.3000,62.0000,3.6000,3.0205
2023-05-01 11:00:00,436.0000,100.0000,24.4000,62.0000,3.6000,2.9808
2023-05-01 12:00:00,484.0000,100.0000,23.9000,71.0000,5.2000,2.2141
2023-05-01 13:00:00,441.0000,100.0000,24.4000,66.0000,4.6000,2.3430
2023-05-01 14:00:00,245.0000,100.0000,23.9000,69.0000,4.1000,2.1747
2023-05-01 15:00:00,187.0000,100.0000,23.3000,90.0000,4.1000,0.8935
2023-05-01 16:00:00,242.0000,100.0000,22.8000,90.0000,3.1000,0.4451
2023-05-01 17:00:00,127.0000,100.0000,22.8000,90.0000,3.1000,0.1853
2023-05-01 18:00:00,34.0000,100.0000,22.8000,87.0000,3.1000,0.0432
2023-05-01 19:00:00,0.0000,100.0000,22.8000,90.0000,3.1000,0.0000
2023-05-01 20:00:00,0.0000,100.0000,22.8000,87.0000,3.1000,0.0000
2023-05-01 21:00:00,0.0000,100.0000,22.8000,90.0000,0.0000,0.0000
2023-05-01 22:00:00,0.0000,100.0000,22.8000,90.0000,0.0000,0.0000
2023-05-01 23:00:00,0.0000,100.0000,22.8000,90.0000,1.5000,0.0000
2023-05-02 00:00:00,0.0000,100.0000,22.8000,93.0000,1.5000,0.0000
2023-05-02 01:00:00,0.0000,100.0000,22.8000,93.0000,1.5000,0.0000
2023-05-02 02:00:00,0.0000,80.0000,22.8000,93.0000,2.1000,0.0000
2023-05-02 03:00:00,0.0000,80.0000,22.8000,93.0000,1.5000,0.0000
2023-05-02 04:00:00,0.0000,90.0000,22.8000,90.0000,2.6000,0.0000
2023-05-02 05:00:00,5.0000,90.0000,22.8000,90.0000,2.6000,0.0000
2023-05-02 06:00:00,57.0000,90.0000,22.8000,93.0000,2.6000,0.2385
2023-05-02 07:00:00,294.0000,50.0000,23.3000,94.0000,2.1000,0.4593
2023-05-02 08:00:00,273.0000,100.0000,23.9000,90.0000,3.6000,0.7442
2023-05-02 09:00:00,669.0000,60.0000,26.1000,72.0000,5.2000,1.2756
2023-05-02 10:00:00,779.0000,80.0000,27.2000,65.0000,4.6000,1.7385
2023-05-02 11:00:00,887.0000,70.0000,27.2000,65.0000,6.2000,1.8107
2023-05-02 12:00:00,932.0000,60.0000,27.8000,63.0000,5.2000,1.8271
2023-05-02 13:00:00,716.0000,50.0000,27.8000,65.0000,5.2000,1.3790
2023-05-02 14:00:00,651.0000,30.0000,27.2000,65.0000,5.2000,0.8772
2023-05-02 15:00:00,574.0000,30.0000,26.7000,67.0000,5.7000,0.8401
2023-05-02 16:00:00,400.0000,30.0000,26.7000,69.0000,5.7000,0.7579
2023-05-02 17:00:00,167.0000,40.0000,25.6000,77.0000,5.2000,0.3245
2023-05-02 18:00:00,36.0000,40.0000,24.4000,79.0000,5.2000,0.0633
2023-05-02 19:00:00,0.0000,40.0000,23.9000,79.0000,5.2000,0.0000
2023-05-02 20:00:00,0.0000,30.0000,23.9000,82.0000,4.6000,0.0000
2023-05-02 21:00:00,0.0000,100.0000,23.9000,85.0000,4.6000,0.0000
2023-05-02 22:00:00,0.0000,40.0000,23.9000,85.0000,4.1000,0.0000
2023-05-02 23:00:00,0.0000,80.0000,23.9000,85.0000,3.6000,0.0000
2023-05-03 00:00:00,0.0000,100.0000,23.9000,85.0000,2.6000,0.0000
2023-05-03 01:00:00,0.0000,100.0000,23.9000,87.0000,1.5000,0.0000
2023-05-03 02:00:00,0.0000,20.0000,23.9000,85.0000,1.5000,0.0000
2023-05-03 03:00:00,0.0000,80.0000,23.9000,87.0000,1.0000,0.0000
2023-05-03 04:00:00,0.0000,80.0000,22.2000,93.0000,2.6000,0.0000
2023-05-03 05:00:00,7.0000,80.0000,22.2000,97.0000,1.5000,0.0000
2023-05-03 06:00:00,91.0000,50.0000,22.2000,97.0000,2.1000,0.4678
2023-05-03 07:00:00,301.0000,30.0000,24.4000,87.0000,1.0000,0.9390
2023-05-03 08:00:00,560.0000,30.0000,25.6000,77.0000,2.6000,1.6646
2023-05-03 09:00:00,717.0000,40.0000,27.2000,67.0000,1.5000,2.6646
2023-05-03 10:00:00,780.0000,40.0000,28.3000,63.0000,1.5000,3.0495
2023-05-03 11:00:00,666.0000,70.0000,28.9000,63.0000,1.5000,3.3452
2023-05-03 12:00:00,657.0000,70.0000,27.8000,69.0000,3.1000,3.1692
2023-05-03 13:00:00,744.0000,70.0000,28.3000,70.0000,4.1000,2.6992
2023-05-03 14:00:00,448.0000,80.0000,27.8000,69.0000,5.2000,2.5082
2023-05-03 15:00:00,197.0000,80.0000,27.8000,63.0000,4.1000,2.0407
2023-05-03 16:00:00,154.0000,80.0000,27.2000,69.0000,3.6000,1.2461
2023-05-03 17:00:00,83.0000,80.0000,26.1000,77.0000,3.1000,0.4166
2023-05-03 18:00:00,25.0000,80.0000,26.1000,77.0000,3.6000,0.0658
2023-05-03 19:00:00,0.0000,40.0000,25.6000,67.0000,3.6000,0.0000
2023-05-03 20:00:00,0.0000,0.0000,25.0000,64.0000,5.2000,0.0000
2023-05-03 21:00:00,0.0000,0.0000,23.9000,69.0000,2.6000,0.0000
2023-05-03 22:00:00,0.0000,0.0000,23.3000,69.0000,3.6000,0.0000
2023-05-03 23:00:00,0.0000,20.0000,22.2000,79.0000,2.1000,0.0000
2023-05-04 00:00:00,0.0000,20.0000,21.7000,81.0000,3.1000,0.0000
2023-05-04 01:00:00,0.0000,30.0000,21.7000,84.0000,3.1000,0.0000
2023-05-04 02:00:00,0.0000,40.0000,21.1000,87.0000,2.1000,0.0000
2023-05-04 03:00:00,0.0000,40.0000,21.1000,87.0000,4.1000,0.0000
2023-05-04 04:00:00,0.0000,50.0000,20.6000,90.0000,3.6000,0.0000
2023-05-04 05:00:00,6.0000,90.0000,20.6000,93.0000,3.6000,0.0000
2023-05-04 06:00:00,86.0000,100.0000,20.6000,93.0000,3.1000,0.4184
2023-05-04 07:00:00,278.0000,100.0000,21.1000,90.0000,3.6000,1.1680
2023-05-04 08:00:00,531.0000,70.0000,23.3000,79.0000,3.1000,2.0158
2023-05-04 09:00:00,710.0000,80.0000,24.4000,71.0000,4.1000,2.6024
2023-05-04 10:00:00,763.0000,30.0000,26.7000,58.0000,3.6000,2.6538
2023-05-04 11:00:00,911.0000,30.0000,27.8000,49.0000,4.1000,2.5558
2023-05-04 12:00:00,1013.0000,20.0000,29.4000,39.0000,4.1000,2.6673
2023-05-04 13:00:00,961.0000,20.0000,29.4000,39.0000,4.1000,2.3519
2023-05-04 14:00:00,805.0000,30.0000,30.0000,39.0000,6.2000,1.3376
2023-05-04 15:00:00,617.0000,40.0000,29.4000,49.0000,6.7000,0.7128
2023-05-04 16:00:00,450.0000,40.0000,28.9000,49.0000,8.2000,0.4728
2023-05-04 17:00:00,225.0000,30.0000,28.3000,38.0000,7.7000,0.2112
2023-05-04 18:00:00,44.0000,20.0000,26.1000,41.0000,6.7000,0.0476
2023-05-04 19:00:00,0.0000,20.0000,23.9000,66.0000,7.7000,0.0000
2023-05-04 20:00:00,0.0000,0.0000,22.2000,82.0000,4.1000,0.0000
2023-05-04 21:00:00,0.0000,0.0000,22.2000,82.0000,4.1000,0.0000
2023-05-04 22:00:00,0.0000,0.0000,21.7000,76.0000,4.1000,0.0000
2023-05-04 23:00:00,0.0000,0.0000,21.7000,76.0000,3.6000,0.0000
2023-05-05 00:00:00,0.0000,0.0000,21.1000,79.0000,3.1000,0.0000
2023-05-05 01:00:00,0.0000,0.0000,20.0000,84.0000,3.1000,0.0000
2023-05-05 02:00:00,0.0000,10.0000,19.4000,84.0000,2.6000,0.0000
2023-05-05 03:00:00,0.0000,0.0000,18.9000,87.0000,2.6000,0.0000
2023-05-05 04:00:00,0.0000,0.0000,18.9000,84.0000,2.6000,0.0000
2023-05-05 05:00:00,8.0000,50.0000,18.9000,81.0000,3.1000,0.0000
2023-05-05 06:00:00,93.0000,70.0000,20.0000,76.0000,4.1000,0.5213
2023-05-05 07:00:00,308.0000,30.0000,21.1000,73.0000,4.6000,1.2327
2023-05-05 08:00:00,485.0000,100.0000,23.9000,54.0000,6.2000,2.0673
2023-05-05 09:00:00,664.0000,90.0000,25.6000,50.0000,6.2000,2.6531
2023-05-05 10:00:00,881.0000,30.0000,26.7000,45.0000,5.2000,3.0681
2023-05-05 11:00:00,980.0000,30.0000,28.3000,37.0000,6.2000,3.5335
2023-05-05 12:00:00,959.0000,40.0000,28.9000,36.0000,7.2000,3.6798
2023-05-05 13:00:00,887.0000,60.0000,28.9000,34.0000,5.2000,3.4142
2023-05-05 14:00:00,771.0000,40.0000,28.9000,34.0000,5.2000,2.8781
2023-05-05 15:00:00,572.0000,70.0000,29.4000,33.0000,7.2000,2.2194
2023-05-05 16:00:00,389.0000,70.0000,29.4000,35.0000,6.2000,1.4301
2023-05-05 17:00:00,204.0000,60.0000,28.9000,33.0000,4.1000,0.5386
2023-05-05 18:00:00,47.0000,30.0000,27.8000,38.0000,4.1000,0.0730
2023-05-05 19:00:00,0.0000,20.0000,27.8000,56.0000,5.2000,0.0000
2023-05-05 20:00:00,0.0000,20.0000,25.0000,67.0000,5.2000,0.0000
2023-05-05 21:00:00,0.0000,0.0000,23.3000,76.0000,4.6000,0.0000
2023-05-05 22:00:00,0.0000,0.0000,22.2000,84.0000,4.6000,0.0000
2023-05-05 23:00:00,0.0000,0.0000,22.2000,84.0000,4.1000,0.0000
2023-05-06 00:00:00,0.0000,0.0000,21.1000,90.0000,3.1000,0.0000
2023-05-06 01:00:00,0.0000,0.0000,20.6000,93.0000,3.1000,0.0000
2023-05-06 02:00:00,0.0000,0.0000,20.6000,93.0000,2.6000,0.0000
2023-05-06 03:00:00,0.0000,10.0000,20.0000,97.0000,2.6000,0.0000
2023-05-06 04:00:00,0.0000,30.0000,18.9000,97.0000,2.6000,0.0000
2023-05-06 05:00:00,9.0000,50.0000,18.9000,100.0000,2.1000,0.0000
2023-05-06 06:00:00,111.0000,10.0000,19.4000,100.0000,2.6000,0.4671
2023-05-06 07:00:00,330.0000,10.0000,21.1000,93.0000,1.5000,1.2540
2023-05-06 08:00:00,576.0000,0.0000,23.9000,71.0000,2.1000,2.0316
2023-05-06 09:00:00,760.0000,0.0000,25.6000,58.0000,2.6000,2.7479
2023-05-06 10:00:00,921.0000,0.0000,27.8000,41.0000,3.6000,3.4250
2023-05-06 11:00:00,1013.0000,0.0000,28.3000,36.0000,2.6000,3.6111
2023-05-06 12:00:00,1038.0000,0.0000,29.4000,36.0000,3.1000,3.5268
2023-05-06 13:00:00,909.0000,10.0000,30.0000,33.0000,3.1000,3.1913
2023-05-06 14:00:00,832.0000,10.0000,30.6000,35.0000,2.1000,2.6660
2023-05-06 15:00:00,571.0000,20.0000,28.9000,43.0000,3.6000,1.9770
2023-05-06 16:00:00,476.0000,0.0000,28.3000,51.0000,3.6000,1.2595
2023-05-06 17:00:00,243.0000,0.0000,27.8000,44.0000,4.1000,0.5269
2023-05-06 18:00:00,48.0000,20.0000,26.1000,58.0000,3.1000,0.0692
2023-05-06 19:00:00,0.0000,0.0000,25.6000,67.0000,5.2000,0.0000
2023-05-06 20:00:00,0.0000,0.0000,25.0000,62.0000,6.7000,0.0000
2023-05-06 21:00:00,0.0000,0.0000,24.4000,64.0000,4.1000,0.0000
2023-05-06 22:00:00,0.0000,0.0000,23.3000,71.0000,3.6000,0.0000
2023-05-06 23:00:00,0.0000,0.0000,22.8000,76.0000,2.1000,0.0000
2023-05-07 00:00:00,0.0000,0.0000,22.8000,79.0000,2.1000,0.0000
2023-05-07 01:00:00,0.0000,0.0000,22.2000,82.0000,0.0000,0.0000
2023-05-07 02:00:00,0.0000,0.0000,21.7000,84.0000,2.1000,0.0000
2023-05-07 03:00:00,0.0000,0.0000,21.1000,90.0000,0.0000,0.0000
2023-05-07 04:00:00,0.0000,0.0000,20.6000,93.0000,0.0000,0.0000
2023-05-07 05:00:00,7.0000,30.0000,20.6000,93.0000,1.0000,0.0000
2023-05-07 06:00:00,110.0000,30.0000,21.1000,97.0000,0.0000,0.4012
2023-05-07 07:00:00,307.0000,20.0000,23.9000,76.0000,1.5000,1.2281
2023-05-07 08:00:00,535.0000,10.0000,25.6000,64.0000,4.1000,2.1057
2023-05-07 09:00:00,744.0000,20.0000,26.7000,60.0000,3.6000,2.9142
2023-05-07 10:00:00,892.0000,10.0000,28.3000,55.0000,3.6000,3.4143
2023-05-07 11:00:00,971.0000,50.0000,27.8000,61.0000,4.1000,3.7322
2023-05-07 12:00:00,972.0000,50.0000,28.9000,51.0000,5.2000,3.6134
2023-05-07 13:00:00,910.0000,30.0000,29.4000,57.0000,6.2000,3.3523
2023-05-07 14:00:00,793.0000,30.0000,28.9000,57.0000,5.2000,2.7952
2023-05-07 15:00:00,557.0000,10.0000,29.4000,59.0000,5.2000,2.1964
2023-05-07 16:00:00,384.0000,30.0000,29.4000,55.0000,6.7000,1.5839
2023-05-07 17:00:00,178.0000,60.0000,28.9000,61.0000,5.7000,0.6309
2023-05-07 18:00:00,37.0000,40.0000,28.3000,63.0000,5.7000,0.0819
2023-05-07 19:00:00,0.0000,0.0000,27.2000,69.0000,3.6000,0.0000
2023-05-07 20:00:00,0.0000,0.0000,26.1000,74.0000,4.1000,0.0000
2023-05-07 21:00:00,0.0000,0.0000,25.6000,77.0000,2.6000,0.0000
2023-05-07 22:00:00,0.0000,0.0000,25.0000,76.0000,0.0000,0.0000
2023-05-07 23:00:00,0.0000,0.0000,25.0000,76.0000,0.0000,0.0000
2023-05-08 00:00:00,0.0000,0.0000,25.0000,76.0000,2.6000,0.0000
2023-05-08 01:00:00,0.0000,0.0000,24.4000,90.0000,2.6000,0.0000
2023-05-08 02:00:00,0.0000,0.0000,24.4000,90.0000,2.6000,0.0000
2023-05-08 03:00:00,0.0000,40.0000,23.9000,97.0000,2.1000,0.0000
2023-05-08 04:00:00,0.0000,50.0000,24.4000,94.0000,3.1000,0.0000
2023-05-08 05:00:00,4.0000,90.0000,24.4000,90.0000,3.1000,0.0000
2023-05-08 06:00:00,72.0000,60.0000,25.0000,91.0000,4.6000,0.4547
2023-05-08 07:00:00,262.0000,100.0000,26.7000,85.0000,7.2000,1.2023
2023-05-08 08:00:00,412.0000,100.0000,28.3000,77.0000,6.2000,2.1093
2023-05-08 09:00:00,569.0000,100.0000,28.9000,70.0000,9.3000,2.8638
2023-05-08 10:00:00,531.0000,100.0000,29.4000,67.0000,9.8000,3.2660
2023-05-08 11:00:00,775.0000,90.0000,30.0000,63.0000,8.8000,3.5432
2023-05-08 12:00:00,661.0000,100.0000,30.6000,55.0000,8.8000,3.5570
2023-05-08 13:00:00,371.0000,100.0000,31.1000,55.0000,8.2000,3.3250
2023-05-08 14:00:00,195.0000,100.0000,30.6000,61.0000,9.3000,2.7445
2023-05-08 15:00:00,90.0000,100.0000,28.9000,74.0000,6.2000,1.9934
2023-05-08 16:00:00,61.0000,100.0000,23.3000,94.0000,5.2000,1.1952
2023-05-08 17:00:00,31.0000,100.0000,23.3000,97.0000,2.1000,0.4426
2023-05-08 18:00:00,23.0000,80.0000,23.3000,90.0000,7.2000,0.0677
2023-05-08 19:00:00,0.0000,40.0000,23.3000,94.0000,6.2000,0.0000
2023-05-08 20:00:00,0.0000,0.0000,23.9000,87.0000,3.1000,0.0000
2023-05-08 21:00:00,0.0000,0.0000,22.8000,90.0000,2.6000,0.0000
2023-05-08 22:00:00,0.0000,20.0000,22.8000,90.0000,2.6000,0.0000
2023-05-08 23:00:00,0.0000,70.0000,22.8000,93.0000,3.1000,0.0000
2023-05-09 00:00:00,0.0000,50.0000,22.8000,97.0000,2.6000,0.0000
2023-05-09 01:00:00,0.0000,90.0000,23.3000,90.0000,2.1000,0.0000
2023-05-09 02:00:00,0.0000,90.0000,22.2000,90.0000,2.6000,0.0000
2023-05-09 03:00:00,0.0000,30.0000,21.7000,90.0000,3.6000,0.0000
2023-05-09 04:00:00,0.0000,10.0000,20.6000,93.0000,1.5000,0.0000
2023-05-09 05:00:00,7.0000,10.0000,20.0000,97.0000,2.6000,0.0000
2023-05-09 06:00:00,128.0000,10.0000,20.6000,93.0000,3.1000,0.5323
2023-05-09 07:00:00,313.0000,60.0000,21.1000,93.0000,3.6000,1.1604
2023-05-09 08:00:00,568.0000,40.0000,22.2000,84.0000,2.6000,1.8194
2023-05-09 09:00:00,626.0000,70.0000,25.6000,74.0000,2.6000,2.1136
2023-05-09 10:00:00,780.0000,70.0000,27.2000,69.0000,4.6000,2.5026
2023-05-09 11:00:00,670.0000,60.0000,27.8000,61.0000,3.6000,2.7254
2023-05-09 12:00:00,686.0000,60.0000,28.3000,59.0000,5.2000,2.0591
2023-05-09 13:00:00,866.0000,40.0000,28.9000,57.0000,6.2000,1.1413
2023-05-09 14:00:00,740.0000,30.0000,28.9000,57.0000,5.7000,0.5652
2023-05-09 15:00:00,596.0000,30.0000,28.3000,65.0000,5.7000,0.2935
2023-05-09 16:00:00,470.0000,30.0000,27.2000,65.0000,7.2000,0.1731
2023-05-09 17:00:00,235.0000,20.0000,26.7000,65.0000,6.7000,0.0905
2023-05-09 18:00:00,45.0000,20.0000,25.6000,69.0000,6.7000,0.0399
2023-05-09 19:00:00,0.0000,10.0000,23.3000,82.0000,6.7000,0.0000
2023-05-09 20:00:00,0.0000,20.0000,25.0000,74.0000,6.2000,0.0000
2023-05-09 21:00:00,0.0000,0.0000,24.4000,76.0000,5.2000,0.0000
2023-05-09 22:00:00,0.0000,10.0000,24.4000,82.0000,5.7000,0.0000
2023-05-09 23:00:00,0.0000,20.0000,25.0000,76.0000,4.1000,0.0000
2023-05-10 00:00:00,0.0000,20.0000,24.4000,82.0000,5.2000,0.0000
2023-05-10 01:00:00,0.0000,0.0000,24.4000,79.0000,4.6000,0.0000
2023-05-10 02:00:00,0.0000,0.0000,23.9000,82.0000,3.6000,0.0000
2023-05-10 03:00:00,0.0000,0.0000,23.9000,79.0000,3.6000,0.0000
2023-05-10 04:00:00,0.0000,10.0000,22.8000,84.0000,3.1000,0.0000
2023-05-10 05:00:00,6.0000,10.0000,21.7000,90.0000,2.1000,0.0000
2023-05-10 06:00:00,120.0000,10.0000,22.8000,84.0000,3.1000,0.5069
2023-05-10 07:00:00,345.0000,20.0000,25.6000,69.0000,4.1000,1.3192
2023-05-10 08:00:00,504.0000,40.0000,26.1000,60.0000,4.6000,1.9947
2023-05-10 09:00:00,704.0000,50.0000,26.7000,58.0000,4.6000,2.5190
2023-05-10 10:00:00,747.0000,50.0000,27.8000,56.0000,5.2000,2.6504
2023-05-10 11:00:00,1032.0000,50.0000,28.3000,55.0000,6.2000,2.6145
2023-05-10 12:00:00,968.0000,30.0000,28.9000,49.0000,6.7000,2.9747
2023-05-10 13:00:00,876.0000,20.0000,28.9000,48.0000,7.2000,3.1525
2023-05-10 14:00:00,844.0000,20.0000,29.4000,49.0000,7.2000,2.7065
2023-05-10 15:00:00,669.0000,10.0000,28.3000,51.0000,6.2000,2.2080
2023-05-10 16:00:00,461.0000,10.0000,28.9000,53.0000,7.2000,1.5350
2023-05-10 17:00:00,210.0000,10.0000,26.7000,60.0000,6.2000,0.6113
2023-05-10 18:00:00,46.0000,10.0000,26.1000,65.0000,6.7000,0.0766
2023-05-10 19:00:00,0.0000,10.0000,23.9000,76.0000,7.2000,0.0000
2023-05-10 20:00:00,0.0000,10.0000,25.0000,71.0000,6.2000,0.0000
2023-05-10 21:00:00,0.0000,10.0000,25.0000,71.0000,6.2000,0.0000
2023-05-10 22:00:00,0.0000,10.0000,25.0000,71.0000,4.6000,0.0000
2023-05-10 23:00:00,0.0000,60.0000,25.0000,79.0000,3.6000,0.0000
2023-05-11 00:00:00,0.0000,60.0000,25.0000,79.0000,5.2000,0.0000
2023-05-11 01:00:00,0.0000,30.0000,24.4000,76.0000,3.6000,0.0000
2023-05-11 02:00:00,0.0000,10.0000,24.4000,74.0000,4.1000,0.0000
2023-05-11 03:00:00,0.0000,10.0000,23.9000,76.0000,2.6000,0.0000
2023-05-11 04:00:00,0.0000,10.0000,23.9000,79.0000,3.1000,0.0000
2023-05-11 05:00:00,7.0000,20.0000,23.3000,82.0000,2.6000,0.0000
2023-05-11 06:00:00,108.0000,30.0000,23.9000,79.0000,3.1000,0.4671
2023-05-11 07:00:00,249.0000,30.0000,26.1000,67.0000,6.2000,1.2088
2023-05-11 08:00:00,379.0000,60.0000,26.1000,67.0000,6.2000,2.0407
2023-05-11 09:00:00,652.0000,60.0000,27.2000,63.0000,6.7000,2.6386
2023-05-11 10:00:00,911.0000,60.0000,28.9000,57.0000,8.8000,3.2252
2023-05-11 11:00:00,729.0000,60.0000,27.8000,61.0000,8.2000,3.7135
2023-05-11 12:00:00,684.0000,60.0000,28.3000,57.0000,7.2000,3.5568
2023-05-11 13:00:00,754.0000,60.0000,28.9000,55.0000,5.7000,3.4012
2023-05-11 14:00:00,804.0000,60.0000,28.9000,55.0000,4.1000,3.1056
2023-05-11 15:00:00,473.0000,50.0000,28.3000,57.0000,4.1000,2.4312
2023-05-11 16:00:00,287.0000,40.0000,28.3000,59.0000,6.2000,1.4948
2023-05-11 17:00:00,223.0000,20.0000,27.2000,58.0000,5.2000,0.5463
2023-05-11 18:00:00,56.0000,20.0000,26.1000,67.0000,4.1000,0.0790
2023-05-11 19:00:00,0.0000,20.0000,25.6000,67.0000,6.2000,0.0000
2023-05-11 20:00:00,0.0000,20.0000,25.6000,69.0000,3.6000,0.0000
2023-05-11 21:00:00,0.0000,10.0000,25.0000,71.0000,3.6000,0.0000
2023-05-11 22:00:00,0.0000,10.0000,25.0000,71.0000,3.1000,0.0000
2023-05-11 23:00:00,0.0000,10.0000,24.4000,82.0000,3.1000,0.0000
2023-05-12 00:00:00,0.0000,10.0000,24.4000,82.0000,2.6000,0.0000
2023-05-12 01:00:00,0.0000,0.0000,23.9000,82.0000,2.6000,0.0000
2023-05-12 02:00:00,0.0000,0.0000,23.3000,84.0000,0.0000,0.0000
2023-05-12 03:00:00,0.0000,10.0000,22.8000,84.0000,0.0000,0.0000
2023-05-12 04:00:00,0.0000,20.0000,22.2000,90.0000,2.1000,0.0000
2023-05-12 05:00:00,8.0000,20.0000,22.2000,87.0000,2.6000,0.0000
2023-05-12 06:00:00,133.0000,40.0000,23.9000,82.0000,2.6000,0.4436
2023-05-12 07:00:00,297.0000,70.0000,26.7000,62.0000,3.1000,0.9966
2023-05-12 08:00:00,469.0000,70.0000,27.8000,58.0000,4.6000,1.7722
2023-05-12 09:00:00,785.0000,60.0000,27.8000,61.0000,4.1000,2.7861
2023-05-12 10:00:00,887.0000,60.0000,28.3000,57.0000,4.6000,3.1122
2023-05-12 11:00:00,948.0000,50.0000,28.3000,63.0000,4.1000,2.7145
2023-05-12 12:00:00,804.0000,50.0000,28.9000,61.0000,4.6000,2.7253
2023-05-12 13:00:00,516.0000,50.0000,28.9000,65.0000,5.2000,3.0563
2023-05-12 14:00:00,773.0000,40.0000,28.9000,65.0000,5.2000,2.5601
2023-05-12 15:00:00,526.0000,30.0000,28.9000,67.0000,4.6000,1.6036
2023-05-12 16:00:00,365.0000,20.0000,28.3000,72.0000,6.7000,1.0692
2023-05-12 17:00:00,114.0000,20.0000,27.8000,74.0000,5.2000,0.5960
2023-05-12 18:00:00,39.0000,20.0000,26.7000,79.0000,5.7000,0.1023
2023-05-12 19:00:00,0.0000,20.0000,26.7000,82.0000,4.1000,0.0000
2023-05-12 20:00:00,0.0000,20.0000,26.1000,85.0000,4.6000,0.0000
2023-05-12 21:00:00,0.0000,20.0000,26.1000,85.0000,4.1000,0.0000
2023-05-12 22:00:00,0.0000,70.0000,26.1000,85.0000,2.6000,0.0000
2023-05-12 23:00:00,0.0000,60.0000,25.6000,91.0000,3.1000,0.0000
2023-05-13 00:00:00,0.0000,50.0000,25.6000,91.0000,2.6000,0.0000
2023-05-13 01:00:00,0.0000,30.0000,25.6000,91.0000,2.6000,0.0000
2023-05-13 02:00:00,0.0000,30.0000,25.6000,91.0000,2.1000,0.0000
2023-05-13 03:00:00,0.0000,40.0000,25.6000,91.0000,0.0000,0.0000
2023-05-13 04:00:00,0.0000,40.0000,25.0000,94.0000,1.5000,0.0000
2023-05-13 05:00:00,8.0000,70.0000,24.4000,94.0000,1.5000,0.0000
2023-05-13 06:00:00,123.0000,90.0000,25.0000,94.0000,1.5000,0.4744
2023-05-13 07:00:00,173.0000,90.0000,25.6000,88.0000,3.1000,1.1924
2023-05-13 08:00:00,416.0000,90.0000,27.2000,82.0000,4.1000,2.0820
2023-05-13 09:00:00,302.0000,90.0000,28.3000,72.0000,5.2000,2.9345
2023-05-13 10:00:00,808.0000,90.0000,28.9000,67.0000,4.1000,3.3029
2023-05-13 11:00:00,994.0000,50.0000,29.4000,70.0000,4.1000,3.2212
2023-05-13 12:00:00,1012.0000,50.0000,29.4000,70.0000,5.2000,2.5834
2023-05-13 13:00:00,650.0000,50.0000,29.4000,67.0000,5.2000,2.4707
2023-05-13 14:00:00,583.0000,70.0000,29.4000,72.0000,5.2000,2.6087
2023-05-13 15:00:00,362.0000,70.0000,28.3000,74.0000,5.2000,1.8583
2023-05-13 16:00:00,236.0000,70.0000,27.8000,79.0000,3.6000,1.0578
2023-05-13 17:00:00,159.0000,40.0000,27.8000,79.0000,3.6000,0.3063
2023-05-13 18:00:00,46.0000,30.0000,27.2000,82.0000,3.6000,0.0671
2023-05-13 19:00:00,0.0000,70.0000,26.7000,85.0000,3.1000,0.0000
2023-05-13 20:00:00,0.0000,70.0000,26.7000,85.0000,2.1000,0.0000
2023-05-13 21:00:00,0.0000,30.0000,26.7000,85.0000,2.6000,0.0000
2023-05-13 22:00:00,0.0000,10.0000,26.7000,85.0000,3.1000,0.0000
2023-05-13 23:00:00,0.0000,30.0000,26.7000,82.0000,2.1000,0.0000
2023-05-14 00:00:00,0.0000,60.0000,26.7000,85.0000,2.6000,0.0000
2023-05-14 01:00:00,0.0000,50.0000,26.1000,88.0000,1.0000,0.0000
2023-05-14 02:00:00,0.0000,20.0000,25.6000,88.0000,1.5000,0.0000
2023-05-14 03:00:00,0.0000,70.0000,25.6000,91.0000,1.5000,0.0000
2023-05-14 04:00:00,0.0000,100.0000,25.0000,97.0000,1.0000,0.0000
2023-05-14 05:00:00,6.0000,50.0000,25.0000,97.0000,0.0000,0.0000
2023-05-14 06:00:00,100.0000,60.0000,25.6000,94.0000,1.5000,0.4929
2023-05-14 07:00:00,136.0000,50.0000,26.1000,88.0000,3.1000,1.0099
2023-05-14 08:00:00,525.0000,70.0000,27.2000,77.0000,4.6000,1.3180
2023-05-14 09:00:00,762.0000,50.0000,28.3000,72.0000,6.2000,1.9763
2023-05-14 10:00:00,901.0000,40.0000,28.9000,72.0000,5.7000,3.2512
2023-05-14 11:00:00,970.0000,50.0000,28.9000,74.0000,5.7000,3.6812
2023-05-14 12:00:00,999.0000,50.0000,29.4000,72.0000,5.2000,3.1944
2023-05-14 13:00:00,920.0000,70.0000,29.4000,70.0000,6.2000,2.4373
2023-05-14 14:00:00,827.0000,50.0000,29.4000,70.0000,3.6000,1.9072
2023-05-14 15:00:00,661.0000,30.0000,29.4000,72.0000,4.1000,1.1848
2023-05-14 16:00:00,450.0000,30.0000,28.9000,74.0000,3.6000,0.8005
2023-05-14 17:00:00,226.0000,20.0000,28.3000,77.0000,3.6000,0.4248
2023-05-14 18:00:00,34.0000,30.0000,27.2000,82.0000,4.1000,0.0815
2023-05-14 19:00:00,0.0000,30.0000,27.2000,82.0000,4.6000,0.0000
2023-05-14 20:00:00,0.0000,30.0000,26.7000,85.0000,5.2000,0.0000
2023-05-14 21:00:00,0.0000,40.0000,26.7000,85.0000,5.2000,0.0000
2023-05-14 22:00:00,0.0000,30.0000,26.7000,88.0000,4.1000,0.0000
2023-05-14 23:00:00,0.0000,30.0000,26.7000,82.0000,5.2000,0.0000
2023-05-15 00:00:00,0.0000,30.0000,26.7000,85.0000,5.2000,0.0000
2023-05-15 01:00:00,0.0000,30.0000,26.7000,85.0000,5.2000,0.0000
2023-05-15 02:00:00,0.0000,40.0000,26.7000,85.0000,5.2000,0.0000
2023-05-15 03:00:00,0.0000,30.0000,26.7000,85.0000,5.7000,0.0000
2023-05-15 04:00:00,0.0000,20.0000,26.7000,82.0000,5.2000,0.0000
2023-05-15 05:00:00,11.0000,20.0000,26.7000,82.0000,4.1000,0.0000
2023-05-15 06:00:00,104.0000,30.0000,26.7000,79.0000,6.2000,0.3615
2023-05-15 07:00:00,270.0000,40.0000,27.2000,77.0000,6.7000,1.0821
2023-05-15 08:00:00,526.0000,40.0000,27.8000,77.0000,5.2000,2.1777
2023-05-15 09:00:00,792.0000,50.0000,28.3000,72.0000,5.7000,2.9362
2023-05-15 10:00:00,925.0000,40.0000,28.9000,67.0000,7.2000,3.3683
2023-05-15 11:00:00,995.0000,50.0000,28.9000,70.0000,4.6000,3.7000
2023-05-15 12:00:00,987.0000,40.0000,28.9000,67.0000,4.1000,3.6804
2023-05-15 13:00:00,945.0000,40.0000,30.0000,65.0000,5.7000,3.4193
2023-05-15 14:00:00,746.0000,30.0000,29.4000,70.0000,6.2000,2.9842
2023-05-15 15:00:00,658.0000,30.0000,29.4000,63.0000,6.2000,2.3247
2023-05-15 16:00:00,431.0000,30.0000,28.9000,72.0000,6.2000,1.4720
2023-05-15 17:00:00,198.0000,30.0000,28.3000,70.0000,7.2000,0.5640
2023-05-15 18:00:00,40.0000,30.0000,27.2000,74.0000,5.2000,0.0563
2023-05-15 19:00:00,0.0000,20.0000,26.7000,82.0000,5.2000,0.0000
2023-05-15 20:00:00,0.0000,20.0000,26.7000,82.0000,5.2000,0.0000
2023-05-15 21:00:00,0.0000,20.0000,26.7000,82.0000,6.2000,0.0000
2023-05-15 22:00:00,0.0000,20.0000,26.7000,79.0000,6.2000,0.0000
2023-05-15 23:00:00,0.0000,20.0000,26.7000,79.0000,7.7000,0.0000
2023-05-16 00:00:00,0.0000,20.0000,26.7000,77.0000,7.2000,0.0000
2023-05-16 01:00:00,0.0000,20.0000,26.7000,77.0000,6.2000,0.0000
2023-05-16 02:00:00,0.0000,30.0000,26.7000,77.0000,6.2000,0.0000
2023-05-16 03:00:00,0.0000,20.0000,26.7000,77.0000,6.2000,0.0000
2023-05-16 04:00:00,0.0000,20.0000,26.7000,77.0000,6.7000,0.0000
2023-05-16 05:00:00,15.0000,70.0000,26.7000,79.0000,5.7000,0.0000
2023-05-16 06:00:00,67.0000,80.0000,26.7000,82.0000,6.2000,0.4844
2023-05-16 07:00:00,360.0000,80.0000,26.7000,77.0000,7.2000,1.2188
2023-05-16 08:00:00,541.0000,80.0000,28.3000,72.0000,6.2000,2.2016
2023-05-16 09:00:00,677.0000,90.0000,28.3000,74.0000,7.2000,2.9660
2023-05-16 10:00:00,807.0000,70.0000,28.9000,67.0000,7.2000,3.4522
2023-05-16 11:00:00,644.0000,90.0000,28.3000,72.0000,7.7000,3.6134
2023-05-16 12:00:00,688.0000,90.0000,28.9000,72.0000,7.2000,3.6497
2023-05-16 13:00:00,667.0000,80.0000,28.9000,67.0000,6.7000,3.3698
2023-05-16 14:00:00,579.0000,100.0000,28.9000,70.0000,5.2000,2.8424
2023-05-16 15:00:00,498.0000,90.0000,28.9000,67.0000,6.7000,2.2981
2023-05-16 16:00:00,330.0000,90.0000,28.9000,65.0000,7.2000,1.3682
2023-05-16 17:00:00,132.0000,100.0000,27.8000,74.0000,7.7000,0.5023
2023-05-16 18:00:00,26.0000,100.0000,27.2000,77.0000,7.2000,0.0685
2023-05-16 19:00:00,0.0000,80.0000,26.7000,77.0000,6.2000,0.0000
2023-05-16 20:00:00,0.0000,80.0000,26.7000,77.0000,6.7000,0.0000
2023-05-16 21:00:00,0.0000,80.0000,26.7000,79.0000,7.2000,0.0000
2023-05-16 22:00:00,0.0000,40.0000,26.7000,82.0000,7.7000,0.0000
2023-05-16 23:00:00,0.0000,50.0000,26.7000,85.0000,6.2000,0.0000
2023-05-17 00:00:00,0.0000,80.0000,26.7000,82.0000,6.7000,0.0000
2023-05-17 01:00:00,0.0000,50.0000,26.7000,79.0000,6.2000,0.0000
2023-05-17 02:00:00,0.0000,40.0000,26.1000,82.0000,6.7000,0.0000
2023-05-17 03:00:00,0.0000,40.0000,25.6000,85.0000,5.2000,0.0000
2023-05-17 04:00:00,0.0000,40.0000,25.6000,85.0000,5.2000,0.0000
2023-05-17 05:00:00,9.0000,50.0000,25.6000,85.0000,4.1000,0.0000
2023-05-17 06:00:00,139.0000,40.0000,26.1000,85.0000,3.6000,0.5752
2023-05-17 07:00:00,277.0000,50.0000,27.2000,79.0000,4.6000,1.3718
2023-05-17 08:00:00,442.0000,80.0000,28.3000,74.0000,5.2000,2.0687
2023-05-17 09:00:00,658.0000,70.0000,27.8000,77.0000,6.2000,2.7032
2023-05-17 10:00:00,827.0000,70.0000,28.3000,72.0000,6.2000,2.7331
2023-05-17 11:00:00,925.0000,80.0000,28.9000,67.0000,5.2000,2.5478
2023-05-17 12:00:00,938.0000,80.0000,28.9000,70.0000,7.7000,2.6209
2023-05-17 13:00:00,846.0000,70.0000,30.0000,68.0000,7.2000,2.4369
2023-05-17 14:00:00,574.0000,70.0000,29.4000,70.0000,6.7000,2.1371
2023-05-17 15:00:00,441.0000,70.0000,29.4000,70.0000,7.2000,1.7303
2023-05-17 16:00:00,395.0000,70.0000,29.4000,70.0000,6.2000,0.9702
2023-05-17 17:00:00,112.0000,60.0000,28.9000,72.0000,6.7000,0.3219
2023-05-17 18:00:00,25.0000,50.0000,27.8000,77.0000,6.2000,0.0448
2023-05-17 19:00:00,0.0000,40.0000,27.2000,79.0000,5.2000,0.0000
2023-05-17 20:00:00,0.0000,40.0000,26.7000,85.0000,5.2000,0.0000
2023-05-17 21:00:00,0.0000,30.0000,26.7000,82.0000,6.7000,0.0000
2023-05-17 22:00:00,0.0000,40.0000,26.7000,85.0000,5.2000,0.0000
2023-05-17 23:00:00,0.0000,30.0000,26.1000,88.0000,4.1000,0.0000
2023-05-18 00:00:00,0.0000,30.0000,26.1000,88.0000,4.1000,0.0000
2023-05-18 01:00:00,0.0000,40.0000,26.1000,88.0000,4.6000,0.0000
2023-05-18 02:00:00,0.0000,40.0000,25.6000,91.0000,4.1000,0.0000
2023-05-18 03:00:00,0.0000,30.0000,25.6000,91.0000,4.1000,0.0000
2023-05-18 04:00:00,0.0000,20.0000,25.0000,94.0000,3.1000,0.0000
2023-05-18 05:00:00,10.0000,30.0000,25.0000,94.0000,3.1000,0.0000
2023-05-18 06:00:00,110.0000,40.0000,26.7000,85.0000,4.1000,0.5415
2023-05-18 07:00:00,290.0000,50.0000,27.2000,82.0000,4.1000,1.0996
2023-05-18 08:00:00,459.0000,70.0000,28.3000,74.0000,5.2000,1.8877
2023-05-18 09:00:00,728.0000,50.0000,28.9000,72.0000,4.6000,2.6149
2023-05-18 10:00:00,618.0000,60.0000,28.9000,72.0000,5.7000,3.1971
2023-05-18 11:00:00,701.0000,70.0000,28.9000,74.0000,5.2000,3.4499
2023-05-18 12:00:00,876.0000,60.0000,29.4000,72.0000,6.2000,3.4753
2023-05-18 13:00:00,875.0000,70.0000,30.0000,70.0000,7.2000,2.7553
2023-05-18 14:00:00,808.0000,40.0000,30.0000,70.0000,5.7000,2.0850
2023-05-18 15:00:00,668.0000,40.0000,29.4000,70.0000,6.2000,1.7221
2023-05-18 16:00:00,453.0000,30.0000,28.9000,72.0000,5.2000,1.0885
2023-05-18 17:00:00,229.0000,30.0000,28.3000,74.0000,3.1000,0.2771
2023-05-18 18:00:00,20.0000,50.0000,27.8000,77.0000,3.6000,0.0400
2023-05-18 19:00:00,0.0000,40.0000,27.2000,82.0000,3.6000,0.0000
2023-05-18 20:00:00,0.0000,30.0000,27.2000,82.0000,4.6000,0.0000
2023-05-18 21:00:00,0.0000,30.0000,26.7000,85.0000,4.1000,0.0000
2023-05-18 22:00:00,0.0000,30.0000,26.7000,85.0000,3.6000,0.0000
2023-05-18 23:00:00,0.0000,20.0000,26.7000,85.0000,2.6000,0.0000
2023-05-19 00:00:00,0.0000,10.0000,26.7000,88.0000,4.1000,0.0000
2023-05-19 01:00:00,0.0000,10.0000,26.7000,88.0000,3.1000,0.0000
2023-05-19 02:00:00,0.0000,10.0000,26.1000,91.0000,3.1000,0.0000
2023-05-19 03:00:00,0.0000,50.0000,26.1000,91.0000,2.6000,0.0000
2023-05-19 04:00:00,0.0000,50.0000,26.1000,91.0000,3.1000,0.0000
2023-05-19 05:00:00,11.0000,70.0000,26.1000,91.0000,3.1000,0.0000
2023-05-19 06:00:00,66.0000,70.0000,27.2000,85.0000,4.6000,0.4655
2023-05-19 07:00:00,207.0000,70.0000,27.8000,79.0000,4.6000,1.1390
2023-05-19 08:00:00,246.0000,80.0000,28.3000,82.0000,5.2000,1.9583
2023-05-19 09:00:00,558.0000,70.0000,28.3000,80.0000,4.1000,2.4324
2023-05-19 10:00:00,870.0000,70.0000,29.4000,75.0000,7.2000,2.4256
2023-05-19 11:00:00,797.0000,90.0000,30.0000,72.0000,6.2000,2.9416
2023-05-19 12:00:00,982.0000,90.0000,30.6000,68.0000,5.7000,3.2895
2023-05-19 13:00:00,843.0000,100.0000,30.6000,65.0000,4.6000,3.3396
2023-05-19 14:00:00,192.0000,90.0000,30.0000,70.0000,4.6000,2.9931
2023-05-19 15:00:00,249.0000,90.0000,27.2000,85.0000,5.2000,2.3578
2023-05-19 16:00:00,68.0000,90.0000,26.7000,85.0000,3.1000,1.4809
2023-05-19 17:00:00,193.0000,80.0000,26.7000,82.0000,2.6000,0.5603
2023-05-19 18:00:00,31.0000,90.0000,26.7000,88.0000,2.1000,0.0305
2023-05-19 19:00:00,0.0000,70.0000,26.7000,88.0000,2.1000,0.0000
2023-05-19 20:00:00,0.0000,40.0000,26.7000,88.0000,2.1000,0.0000
2023-05-19 21:00:00,0.0000,40.0000,26.7000,88.0000,2.1000,0.0000
2023-05-19 22:00:00,0.0000,40.0000,26.7000,88.0000,1.5000,0.0000
2023-05-19 23:00:00,0.0000,50.0000,26.7000,91.0000,1.5000,0.0000
2023-05-20 00:00:00,0.0000,70.0000,26.7000,91.0000,2.6000,0.0000
2023-05-20 01:00:00,0.0000,50.0000,26.1000,91.0000,2.1000,0.0000
2023-05-20 02:00:00,0.0000,70.0000,26.1000,91.0000,2.1000,0.0000
2023-05-20 03:00:00,0.0000,90.0000,25.0000,97.0000,1.5000,0.0000
2023-05-20 04:00:00,0.0000,100.0000,25.0000,100.0000,1.5000,0.0000
2023-05-20 05:00:00,4.0000,100.0000,25.6000,97.0000,0.0000,0.0000
2023-05-20 06:00:00,53.0000,100.0000,25.6000,88.0000,0.0000,0.4437
2023-05-20 07:00:00,164.0000,100.0000,26.7000,85.0000,0.0000,0.7971
2023-05-20 08:00:00,364.0000,100.0000,28.3000,80.0000,0.0000,1.4171
2023-05-20 09:00:00,486.0000,100.0000,29.4000,70.0000,4.6000,2.4975
2023-05-20 10:00:00,609.0000,100.0000,30.0000,65.0000,4.1000,3.0150
2023-05-20 11:00:00,763.0000,100.0000,30.0000,65.0000,6.2000,3.2748
2023-05-20 12:00:00,170.0000,100.0000,27.8000,82.0000,5.2000,3.3920
2023-05-20 13:00:00,624.0000,100.0000,29.4000,72.0000,6.7000,2.0841
2023-05-20 14:00:00,136.0000,100.0000,26.1000,69.0000,11.3000,0.8683
2023-05-20 15:00:00,49.0000,90.0000,25.0000,82.0000,6.2000,0.6657
2023-05-20 16:00:00,272.0000,90.0000,25.6000,79.0000,5.2000,0.4984
2023-05-20 17:00:00,59.0000,100.0000,26.7000,72.0000,2.1000,0.4606
2023-05-20 18:00:00,0.0000,100.0000,25.6000,79.0000,3.1000,0.0548
2023-05-20 19:00:00,0.0000,100.0000,25.0000,91.0000,1.0000,0.0000
2023-05-20 20:00:00,0.0000,100.0000,24.4000,94.0000,0.0000,0.0000
2023-05-20 21:00:00,0.0000,100.0000,25.6000,94.0000,5.2000,0.0000
2023-05-20 22:00:00,0.0000,100.0000,25.6000,97.0000,4.1000,0.0000
2023-05-20 23:00:00,0.0000,100.0000,25.6000,97.0000,2.6000,0.0000
2023-05-21 00:00:00,0.0000,60.0000,25.6000,91.0000,2.6000,0.0000
2023-05-21 01:00:00,0.0000,80.0000,25.6000,94.0000,2.6000,0.0000
2023-05-21 02:00:00,0.0000,100.0000,25.6000,94.0000,3.6000,0.0000
2023-05-21 03:00:00,0.0000,60.0000,26.1000,91.0000,2.1000,0.0000
2023-05-21 04:00:00,0.0000,50.0000,25.6000,94.0000,2.1000,0.0000
2023-05-21 05:00:00,7.0000,100.0000,25.6000,97.0000,2.1000,0.0000
2023-05-21 06:00:00,139.0000,100.0000,26.1000,94.0000,5.2000,0.4024
2023-05-21 07:00:00,162.0000,90.0000,26.1000,94.0000,1.5000,0.9286
2023-05-21 08:00:00,562.0000,90.0000,27.2000,88.0000,4.6000,1.4973
2023-05-21 09:00:00,632.0000,90.0000,28.9000,77.0000,4.1000,2.0134
2023-05-21 10:00:00,739.0000,70.0000,28.9000,77.0000,4.6000,2.5332
2023-05-21 11:00:00,152.0000,70.0000,27.8000,82.0000,2.6000,1.8635
2023-05-21 12:00:00,864.0000,50.0000,29.4000,75.0000,6.2000,1.4913
2023-05-21 13:00:00,936.0000,50.0000,30.0000,70.0000,6.2000,1.5480
2023-05-21 14:00:00,497.0000,70.0000,29.4000,75.0000,5.2000,0.3753
2023-05-21 15:00:00,68.0000,90.0000,27.8000,82.0000,5.2000,0.6285
2023-05-21 16:00:00,134.0000,90.0000,23.3000,94.0000,6.2000,0.7161
2023-05-21 17:00:00,93.0000,100.0000,23.3000,97.0000,1.5000,0.1208
2023-05-21 18:00:00,13.0000,100.0000,23.3000,97.0000,2.1000,0.0000
2023-05-21 19:00:00,0.0000,80.0000,23.3000,97.0000,2.6000,0.0000
2023-05-21 20:00:00,0.0000,80.0000,23.9000,94.0000,2.6000,0.0000
2023-05-21 21:00:00,0.0000,40.0000,23.3000,97.0000,0.0000,0.0000
2023-05-21 22:00:00,0.0000,40.0000,23.9000,97.0000,1.5000,0.0000
2023-05-21 23:00:00,0.0000,20.0000,23.9000,97.0000,2.1000,0.0000
2023-05-22 00:00:00,0.0000,20.0000,23.9000,97.0000,2.1000,0.0000
2023-05-22 01:00:00,0.0000,20.0000,24.4000,97.0000,1.0000,0.0000
2023-05-22 02:00:00,0.0000,10.0000,24.4000,97.0000,1.0000,0.0000
2023-05-22 03:00:00,0.0000,10.0000,24.4000,97.0000,2.1000,0.0000
2023-05-22 04:00:00,0.0000,20.0000,24.4000,97.0000,1.0000,0.0000
2023-05-22 05:00:00,9.0000,70.0000,23.3000,97.0000,1.0000,0.0000
2023-05-22 06:00:00,153.0000,70.0000,26.1000,91.0000,2.1000,0.4991
2023-05-22 07:00:00,398.0000,70.0000,27.8000,85.0000,4.1000,1.1042
2023-05-22 08:00:00,211.0000,70.0000,27.2000,91.0000,2.1000,1.9945
2023-05-22 09:00:00,420.0000,70.0000,28.3000,80.0000,4.1000,2.4364
2023-05-22 10:00:00,688.0000,70.0000,28.9000,80.0000,4.6000,1.7154
2023-05-22 11:00:00,951.0000,70.0000,30.0000,70.0000,4.6000,1.8094
2023-05-22 12:00:00,768.0000,90.0000,30.0000,70.0000,6.2000,3.3318
2023-05-22 13:00:00,101.0000,100.0000,27.8000,82.0000,5.7000,2.8514
2023-05-22 14:00:00,445.0000,100.0000,26.7000,91.0000,2.1000,1.1999
2023-05-22 15:00:00,167.0000,100.0000,24.4000,85.0000,4.1000,0.3856
2023-05-22 16:00:00,107.0000,100.0000,23.9000,85.0000,2.6000,0.4607
2023-05-22 17:00:00,247.0000,80.0000,26.1000,82.0000,3.6000,0.2084
2023-05-22 18:00:00,28.0000,90.0000,25.6000,88.0000,3.1000,0.0155
2023-05-22 19:00:00,0.0000,100.0000,25.6000,91.0000,2.6000,0.0000
2023-05-22 20:00:00,0.0000,100.0000,25.6000,94.0000,3.1000,0.0000
2023-05-22 21:00:00,0.0000,100.0000,25.6000,97.0000,2.6000,0.0000
2023-05-22 22:00:00,0.0000,100.0000,25.6000,97.0000,1.0000,0.0000
2023-05-22 23:00:00,0.0000,100.0000,25.6000,97.0000,3.1000,0.0000
2023-05-23 00:00:00,0.0000,80.0000,24.4000,82.0000,1.0000,0.0000
2023-05-23 01:00:00,0.0000,40.0000,23.9000,85.0000,3.1000,0.0000
2023-05-23 02:00:00,0.0000,40.0000,22.8000,90.0000,2.1000,0.0000
2023-05-23 03:00:00,0.0000,50.0000,22.8000,90.0000,2.1000,0.0000
2023-05-23 04:00:00,0.0000,30.0000,22.8000,90.0000,2.1000,0.0000
2023-05-23 05:00:00,13.0000,30.0000,22.8000,90.0000,2.1000,0.0000
2023-05-23 06:00:00,142.0000,30.0000,23.9000,85.0000,1.0000,0.6647
2023-05-23 07:00:00,344.0000,30.0000,26.7000,88.0000,4.1000,0.9442
2023-05-23 08:00:00,562.0000,40.0000,27.8000,85.0000,4.1000,1.1257
2023-05-23 09:00:00,735.0000,40.0000,28.9000,77.0000,4.6000,1.9821
2023-05-23 10:00:00,867.0000,60.0000,30.0000,68.0000,5.2000,2.9103
2023-05-23 11:00:00,899.0000,60.0000,30.6000,61.0000,4.1000,3.1681
2023-05-23 12:00:00,983.0000,70.0000,31.7000,54.0000,5.2000,1.7592
2023-05-23 13:00:00,871.0000,70.0000,32.2000,54.0000,6.2000,1.0395
2023-05-23 14:00:00,771.0000,70.0000,33.3000,50.0000,7.7000,1.2611
2023-05-23 15:00:00,302.0000,80.0000,28.3000,46.0000,12.4000,0.5596
2023-05-23 16:00:00,209.0000,70.0000,25.0000,76.0000,4.1000,0.6792
2023-05-23 17:00:00,91.0000,60.0000,26.1000,74.0000,4.1000,0.5943
2023-05-23 18:00:00,51.0000,60.0000,25.0000,74.0000,6.2000,0.0474
2023-05-23 19:00:00,0.0000,90.0000,24.4000,90.0000,4.1000,0.0000
2023-05-23 20:00:00,0.0000,70.0000,23.9000,90.0000,4.1000,0.0000
2023-05-23 21:00:00,0.0000,50.0000,23.9000,90.0000,3.1000,0.0000
2023-05-23 22:00:00,0.0000,30.0000,23.9000,87.0000,1.5000,0.0000
2023-05-23 23:00:00,0.0000,20.0000,23.9000,87.0000,2.1000,0.0000
2023-05-24 00:00:00,0.0000,0.0000,23.9000,90.0000,2.6000,0.0000
2023-05-24 01:00:00,0.0000,0.0000,23.9000,90.0000,2.6000,0.0000
2023-05-24 02:00:00,0.0000,0.0000,23.9000,90.0000,3.6000,0.0000
2023-05-24 03:00:00,0.0000,0.0000,23.3000,94.0000,3.1000,0.0000
2023-05-24 04:00:00,0.0000,0.0000,22.8000,97.0000,2.1000,0.0000
2023-05-24 05:00:00,13.0000,40.0000,22.2000,100.0000,2.6000,0.0000
2023-05-24 06:00:00,129.0000,30.0000,25.0000,94.0000,3.6000,0.4471
2023-05-24 07:00:00,340.0000,40.0000,26.7000,88.0000,5.2000,1.2428
2023-05-24 08:00:00,599.0000,50.0000,28.3000,80.0000,4.6000,2.0867
2023-05-24 09:00:00,518.0000,100.0000,28.3000,80.0000,5.2000,2.7813
2023-05-24 10:00:00,175.0000,100.0000,27.8000,79.0000,5.2000,3.1299
2023-05-24 11:00:00,234.0000,100.0000,21.1000,84.0000,7.7000,3.4130
2023-05-24 12:00:00,92.0000,100.0000,21.1000,87.0000,3.6000,3.4524
2023-05-24 13:00:00,300.0000,100.0000,23.9000,74.0000,5.2000,3.1206
2023-05-24 14:00:00,94.0000,100.0000,23.9000,82.0000,3.6000,2.1911
2023-05-24 15:00:00,87.0000,90.0000,23.3000,82.0000,1.5000,1.0559
2023-05-24 16:00:00,389.0000,40.0000,25.6000,69.0000,2.6000,0.6141
2023-05-24 17:00:00,177.0000,40.0000,25.6000,74.0000,3.6000,0.2741
2023-05-24 18:00:00,47.0000,40.0000,25.6000,79.0000,2.1000,0.1003
2023-05-24 19:00:00,0.0000,40.0000,25.6000,79.0000,3.6000,0.0000
2023-05-24 20:00:00,0.0000,40.0000,25.6000,82.0000,5.2000,0.0000
2023-05-24 21:00:00,0.0000,80.0000,22.8000,74.0000,7.7000,0.0000
2023-05-24 22:00:00,0.0000,20.0000,21.7000,79.0000,2.6000,0.0000
2023-05-24 23:00:00,0.0000,20.0000,20.0000,90.0000,3.6000,0.0000
2023-05-25 00:00:00,0.0000,0.0000,19.4000,90.0000,3.6000,0.0000
2023-05-25 01:00:00,0.0000,0.0000,19.4000,93.0000,3.1000,0.0000
2023-05-25 02:00:00,0.0000,20.0000,20.0000,90.0000,3.6000,0.0000
2023-05-25 03:00:00,0.0000,50.0000,19.4000,97.0000,3.1000,0.0000
2023-05-25 04:00:00,0.0000,60.0000,20.6000,90.0000,2.1000,0.0000
2023-05-25 05:00:00,4.0000,100.0000,20.6000,90.0000,3.1000,0.0000
2023-05-25 06:00:00,31.0000,100.0000,20.6000,93.0000,7.2000,0.5273
2023-05-25 07:00:00,81.0000,100.0000,20.6000,93.0000,1.5000,1.3551
2023-05-25 08:00:00,99.0000,100.0000,21.1000,87.0000,3.1000,1.9296
2023-05-25 09:00:00,435.0000,100.0000,22.8000,84.0000,3.6000,1.3629
2023-05-25 10:00:00,828.0000,100.0000,25.0000,71.0000,5.2000,0.8147
2023-05-25 11:00:00,594.0000,100.0000,25.6000,67.0000,5.2000,0.6833
2023-05-25 12:00:00,817.0000,100.0000,27.8000,67.0000,6.7000,0.7427
2023-05-25 13:00:00,243.0000,100.0000,26.1000,74.0000,6.7000,0.8129
2023-05-25 14:00:00,194.0000,80.0000,24.4000,85.0000,7.2000,0.3547
2023-05-25 15:00:00,644.0000,70.0000,25.0000,79.0000,7.7000,0.9261
2023-05-25 16:00:00,297.0000,60.0000,24.4000,79.0000,7.7000,1.2003
2023-05-25 17:00:00,138.0000,60.0000,24.4000,82.0000,6.7000,0.4712
2023-05-25 18:00:00,20.0000,80.0000,23.3000,87.0000,6.7000,0.0877
2023-05-25 19:00:00,0.0000,50.0000,22.8000,90.0000,4.1000,0.0000
2023-05-25 20:00:00,0.0000,20.0000,22.8000,97.0000,5.2000,0.0000
2023-05-25 21:00:00,0.0000,80.0000,22.8000,97.0000,4.6000,0.0000
2023-05-25 22:00:00,0.0000,60.0000,22.8000,93.0000,2.1000,0.0000
2023-05-25 23:00:00,0.0000,20.0000,22.8000,93.0000,0.0000,0.0000
2023-05-26 00:00:00,0.0000,0.0000,21.7000,97.0000,2.1000,0.0000
2023-05-26 01:00:00,0.0000,0.0000,21.1000,100.0000,2.6000,0.0000
2023-05-26 02:00:00,0.0000,0.0000,21.1000,100.0000,2.6000,0.0000
2023-05-26 03:00:00,0.0000,0.0000,21.1000,97.0000,2.1000,0.0000
2023-05-26 04:00:00,0.0000,0.0000,20.6000,100.0000,2.1000,0.0000
2023-05-26 05:00:00,10.0000,20.0000,20.6000,100.0000,2.6000,0.0000
2023-05-26 06:00:00,135.0000,0.0000,21.7000,97.0000,3.1000,0.1967
2023-05-26 07:00:00,343.0000,10.0000,24.4000,87.0000,4.6000,0.3439
2023-05-26 08:00:00,561.0000,30.0000,26.7000,77.0000,5.2000,0.9841
2023-05-26 09:00:00,682.0000,70.0000,27.8000,67.0000,5.2000,2.3298
2023-05-26 10:00:00,628.0000,70.0000,28.3000,65.0000,5.2000,2.6762
2023-05-26 11:00:00,718.0000,70.0000,28.9000,63.0000,6.2000,2.6340
2023-05-26 12:00:00,672.0000,70.0000,28.9000,65.0000,7.2000,2.1372
2023-05-26 13:00:00,736.0000,40.0000,28.9000,63.0000,6.2000,0.8821
2023-05-26 14:00:00,748.0000,70.0000,28.9000,63.0000,6.2000,1.6364
2023-05-26 15:00:00,595.0000,40.0000,28.9000,61.0000,7.2000,1.9988
2023-05-26 16:00:00,335.0000,30.0000,28.9000,63.0000,6.2000,0.9355
2023-05-26 17:00:00,216.0000,20.0000,27.8000,67.0000,6.7000,0.3316
2023-05-26 18:00:00,53.0000,20.0000,27.2000,69.0000,7.2000,0.0317
2023-05-26 19:00:00,0.0000,10.0000,26.7000,72.0000,5.2000,0.0000
2023-05-26 20:00:00,0.0000,10.0000,26.7000,74.0000,5.7000,0.0000
2023-05-26 21:00:00,0.0000,10.0000,26.1000,79.0000,6.2000,0.0000
2023-05-26 22:00:00,0.0000,10.0000,28.3000,70.0000,7.2000,0.0000
2023-05-26 23:00:00,0.0000,30.0000,25.0000,79.0000,5.2000,0.0000
2023-05-27 00:00:00,0.0000,70.0000,25.6000,79.0000,6.7000,0.0000
2023-05-27 01:00:00,0.0000,70.0000,25.6000,77.0000,7.7000,0.0000
2023-05-27 02:00:00,0.0000,80.0000,25.0000,82.0000,7.2000,0.0000
2023-05-27 03:00:00,0.0000,80.0000,23.9000,90.0000,7.2000,0.0000
2023-05-27 04:00:00,0.0000,60.0000,24.4000,82.0000,7.2000,0.0000
2023-05-27 05:00:00,10.0000,60.0000,24.4000,82.0000,6.7000,0.0000
2023-05-27 06:00:00,121.0000,50.0000,25.0000,76.0000,6.2000,0.5657
2023-05-27 07:00:00,296.0000,100.0000,25.6000,77.0000,7.7000,1.3331
2023-05-27 08:00:00,458.0000,100.0000,26.1000,74.0000,5.2000,2.0854
2023-05-27 09:00:00,624.0000,80.0000,27.2000,69.0000,7.2000,2.3586
2023-05-27 10:00:00,758.0000,90.0000,27.2000,69.0000,5.2000,2.4996
2023-05-27 11:00:00,761.0000,80.0000,27.2000,69.0000,6.7000,2.6619
2023-05-27 12:00:00,930.0000,80.0000,28.3000,67.0000,7.7000,2.7268
2023-05-27 13:00:00,732.0000,70.0000,28.3000,65.0000,8.8000,2.8873
2023-05-27 14:00:00,641.0000,60.0000,28.3000,65.0000,5.2000,2.6651
2023-05-27 15:00:00,646.0000,60.0000,28.3000,63.0000,7.2000,1.9271
2023-05-27 16:00:00,421.0000,40.0000,27.8000,67.0000,7.7000,1.1334
2023-05-27 17:00:00,225.0000,30.0000,26.7000,69.0000,7.7000,0.5624
2023-05-27 18:00:00,50.0000,20.0000,25.6000,74.0000,6.7000,0.1010
2023-05-27 19:00:00,0.0000,30.0000,25.6000,77.0000,6.2000,0.0000
2023-05-27 20:00:00,0.0000,40.0000,25.6000,77.0000,5.7000,0.0000
2023-05-27 21:00:00,0.0000,60.0000,25.6000,77.0000,6.2000,0.0000
2023-05-27 22:00:00,0.0000,40.0000,25.6000,74.0000,5.2000,0.0000
2023-05-27 23:00:00,0.0000,20.0000,25.6000,74.0000,6.2000,0.0000
2023-05-28 00:00:00,0.0000,20.0000,24.4000,76.0000,6.7000,0.0000
2023-05-28 01:00:00,0.0000,30.0000,24.4000,71.0000,5.2000,0.0000
2023-05-28 02:00:00,0.0000,30.0000,24.4000,66.0000,4.6000,0.0000
2023-05-28 03:00:00,0.0000,30.0000,23.9000,69.0000,4.1000,0.0000
2023-05-28 04:00:00,0.0000,50.0000,23.9000,66.0000,4.6000,0.0000
2023-05-28 05:00:00,17.0000,70.0000,23.9000,64.0000,4.6000,0.0000
2023-05-28 06:00:00,122.0000,70.0000,24.4000,66.0000,5.2000,0.6340
2023-05-28 07:00:00,378.0000,70.0000,26.1000,69.0000,6.7000,1.2837
2023-05-28 08:00:00,442.0000,80.0000,26.7000,67.0000,7.7000,1.8909
2023-05-28 09:00:00,579.0000,80.0000,27.2000,65.0000,8.8000,2.4813
2023-05-28 10:00:00,646.0000,90.0000,27.8000,63.0000,7.2000,2.8500
2023-05-28 11:00:00,608.0000,80.0000,28.3000,63.0000,8.8000,3.1993
2023-05-28 12:00:00,807.0000,80.0000,27.8000,63.0000,8.8000,3.2028
2023-05-28 13:00:00,697.0000,70.0000,28.3000,63.0000,7.7000,2.6840
2023-05-28 14:00:00,746.0000,70.0000,27.8000,65.0000,8.8000,2.6139
2023-05-28 15:00:00,567.0000,70.0000,27.8000,65.0000,7.7000,2.2306
2023-05-28 16:00:00,361.0000,60.0000,27.2000,67.0000,7.2000,1.3589
2023-05-28 17:00:00,165.0000,60.0000,26.7000,69.0000,7.2000,0.5804
2023-05-28 18:00:00,64.0000,50.0000,26.7000,72.0000,7.2000,0.0932
2023-05-28 19:00:00,0.0000,30.0000,25.6000,77.0000,6.2000,0.0000
2023-05-28 20:00:00,0.0000,70.0000,26.1000,74.0000,6.2000,0.0000
2023-05-28 21:00:00,0.0000,20.0000,25.6000,79.0000,5.2000,0.0000
2023-05-28 22:00:00,0.0000,70.0000,26.1000,77.0000,5.7000,0.0000
2023-05-28 23:00:00,0.0000,80.0000,26.1000,77.0000,6.7000,0.0000
2023-05-29 00:00:00,0.0000,40.0000,25.6000,77.0000,7.7000,0.0000
2023-05-29 01:00:00,0.0000,30.0000,25.6000,77.0000,7.2000,0.0000
2023-05-29 02:00:00,0.0000,30.0000,25.0000,79.0000,6.7000,0.0000
2023-05-29 03:00:00,0.0000,30.0000,25.0000,79.0000,5.7000,0.0000
2023-05-29 04:00:00,0.0000,40.0000,25.0000,74.0000,5.2000,0.0000
2023-05-29 05:00:00,14.0000,50.0000,25.6000,74.0000,6.2000,0.0000
2023-05-29 06:00:00,124.0000,40.0000,26.1000,72.0000,7.2000,0.5999
2023-05-29 07:00:00,356.0000,60.0000,27.2000,67.0000,8.2000,1.2833
2023-05-29 08:00:00,482.0000,70.0000,27.2000,65.0000,7.2000,1.8271
2023-05-29 09:00:00,761.0000,90.0000,28.3000,63.0000,7.2000,2.2810
2023-05-29 10:00:00,811.0000,90.0000,28.3000,63.0000,6.7000,2.3838
2023-05-29 11:00:00,719.0000,90.0000,28.9000,61.0000,8.8000,2.6824
2023-05-29 12:00:00,514.0000,90.0000,28.3000,63.0000,8.2000,2.8980
2023-05-29 13:00:00,722.0000,90.0000,28.9000,61.0000,9.8000,2.8691
2023-05-29 14:00:00,645.0000,70.0000,27.8000,61.0000,9.8000,2.6477
2023-05-29 15:00:00,432.0000,80.0000,28.3000,61.0000,8.2000,1.9245
2023-05-29 16:00:00,306.0000,80.0000,27.2000,60.0000,9.3000,1.1167
2023-05-29 17:00:00,125.0000,80.0000,27.2000,58.0000,5.2000,0.4642
2023-05-29 18:00:00,42.0000,80.0000,26.7000,62.0000,6.2000,0.1273
2023-05-29 19:00:00,0.0000,80.0000,26.1000,69.0000,5.2000,0.0000
2023-05-29 20:00:00,0.0000,40.0000,25.6000,74.0000,5.2000,0.0000
2023-05-29 21:00:00,0.0000,70.0000,25.6000,77.0000,4.1000,0.0000
2023-05-29 22:00:00,0.0000,30.0000,25.6000,77.0000,6.7000,0.0000
2023-05-29 23:00:00,0.0000,30.0000,25.6000,77.0000,4.1000,0.0000
2023-05-30 00:00:00,0.0000,60.0000,25.6000,82.0000,3.6000,0.0000
2023-05-30 01:00:00,0.0000,40.0000,25.6000,77.0000,6.7000,0.0000
2023-05-30 02:00:00,0.0000,30.0000,25.6000,77.0000,6.7000,0.0000
2023-05-30 03:00:00,0.0000,50.0000,25.6000,77.0000,6.2000,0.0000
2023-05-30 04:00:00,0.0000,50.0000,25.6000,77.0000,6.2000,0.0000
2023-05-30 05:00:00,10.0000,80.0000,25.6000,77.0000,5.7000,0.0000
2023-05-30 06:00:00,123.0000,80.0000,25.6000,77.0000,6.2000,0.5830
2023-05-30 07:00:00,275.0000,100.0000,26.1000,77.0000,8.8000,1.1099
2023-05-30 08:00:00,533.0000,90.0000,27.2000,69.0000,7.7000,2.2279
2023-05-30 09:00:00,656.0000,80.0000,27.8000,67.0000,9.3000,2.8551
2023-05-30 10:00:00,514.0000,100.0000,27.8000,67.0000,7.7000,2.8920
2023-05-30 11:00:00,738.0000,80.0000,28.3000,65.0000,8.2000,2.3796
2023-05-30 12:00:00,841.0000,80.0000,28.9000,63.0000,10.3000,2.3609
2023-05-30 13:00:00,770.0000,70.0000,28.3000,65.0000,8.2000,2.7358
2023-05-30 14:00:00,603.0000,90.0000,28.9000,63.0000,9.8000,2.1945
2023-05-30 15:00:00,386.0000,90.0000,28.9000,63.0000,8.2000,1.4916
2023-05-30 16:00:00,309.0000,90.0000,28.9000,63.0000,7.2000,0.9067
2023-05-30 17:00:00,134.0000,80.0000,27.8000,63.0000,7.7000,0.3301
2023-05-30 18:00:00,47.0000,80.0000,27.5000,68.0000,5.3000,0.0795
2023-05-30 19:00:00,0.0000,70.0000,26.5000,74.0000,6.9000,0.0000
2023-05-30 20:00:00,0.0000,40.0000,26.3000,73.0000,6.2000,0.0000
2023-05-30 21:00:00,0.0000,40.0000,26.2000,74.0000,7.1000,0.0000
2023-05-30 22:00:00,0.0000,40.0000,26.1000,75.0000,6.5000,0.0000
2023-05-30 23:00:00,0.0000,70.0000,26.0000,76.0000,6.3000,0.0000
2023-05-31 00:00:00,0.0000,60.0000,25.7000,76.0000,6.1000,0.0000
2023-05-31 01:00:00,0.0000,60.0000,25.6000,77.0000,6.1000,0.0000
2023-05-31 02:00:00,0.0000,60.0000,25.5000,77.0000,6.2000,0.0000
2023-05-31 03:00:00,0.0000,70.0000,25.4000,77.0000,5.9000,0.0000
2023-05-31 04:00:00,0.0000,60.0000,25.2000,78.0000,7.3000,0.0000
2023-05-31 05:00:00,6.0000,70.0000,25.1000,78.0000,5.8000,0.0000
2023-05-31 06:00:00,84.0000,70.0000,25.0000,79.0000,5.2000,0.5994
2023-05-31 07:00:00,225.0000,80.0000,26.7000,72.0000,7.2000,1.3403
2023-05-31 08:00:00,333.0000,90.0000,27.8000,79.0000,8.8000,2.0209
2023-05-31 09:00:00,477.0000,90.0000,27.8000,67.0000,9.3000,2.1465
2023-05-31 10:00:00,461.0000,100.0000,27.8000,67.0000,9.8000,2.3564
2023-05-31 11:00:00,525.0000,100.0000,27.8000,67.0000,9.8000,3.0008
2023-05-31 12:00:00,650.0000,80.0000,27.8000,65.0000,9.3000,3.1640
2023-05-31 13:00:00,714.0000,80.0000,28.3000,61.0000,9.3000,2.7411
2023-05-31 14:00:00,647.0000,70.0000,28.3000,63.0000,9.3000,2.0091
2023-05-31 15:00:00,498.0000,80.0000,28.3000,63.0000,10.3000,1.3907
2023-05-31 16:00:00,344.0000,70.0000,28.3000,63.0000,7.7000,0.9187
2023-05-31 17:00:00,134.0000,70.0000,27.8000,65.0000,7.2000,0.3641
2023-05-31 18:00:00,32.0000,50.0000,27.2000,67.0000,7.2000,0.0889
2023-05-31 19:00:00,0.0000,30.0000,26.7000,67.0000,8.2000,0.0000
2023-05-31 20:00:00,0.0000,30.0000,26.7000,67.0000,7.7000,0.0000
2023-05-31 21:00:00,0.0000,30.0000,26.7000,67.0000,5.7000,0.0000
2023-05-31 22:00:00,0.0000,70.0000,26.1000,69.0000,8.8000,0.0000
2023-05-31 23:00:00,0.0000,50.0000,26.1000,69.0000,7.2000,0.0000
2023-06-01 00:00:00,0.0000,50.0000,25.6000,71.0000,7.7000,0.0000
2023-06-01 01:00:00,0.0000,20.0000,25.6000,69.0000,6.7000,0.0000
2023-06-01 02:00:00,0.0000,10.0000,25.0000,69.0000,8.8000,0.0000
2023-06-01 03:00:00,0.0000,10.0000,25.0000,67.0000,5.7000,0.0000
2023-06-01 04:00:00,0.0000,10.0000,25.0000,64.0000,4.6000,0.0000
2023-06-01 05:00:00,11.0000,30.0000,25.0000,64.0000,5.2000,0.0000
2023-06-01 06:00:00,93.0000,30.0000,25.0000,64.0000,6.7000,0.4809
2023-06-01 07:00:00,312.0000,30.0000,25.6000,62.0000,8.2000,0.9377
2023-06-01 08:00:00,518.0000,30.0000,26.7000,58.0000,8.8000,1.4801
2023-06-01 09:00:00,702.0000,30.0000,26.7000,58.0000,7.2000,1.7709
2023-06-01 10:00:00,898.0000,20.0000,27.8000,51.0000,8.2000,1.8999
2023-06-01 11:00:00,998.0000,20.0000,28.3000,48.0000,7.7000,2.2457
2023-06-01 12:00:00,1010.0000,10.0000,28.3000,49.0000,8.8000,2.6267
2023-06-01 13:00:00,963.0000,10.0000,28.3000,46.0000,7.2000,2.6799
2023-06-01 14:00:00,801.0000,50.0000,28.9000,44.0000,6.7000,2.3311
2023-06-01 15:00:00,574.0000,60.0000,27.8000,49.0000,6.2000,1.7596
2023-06-01 16:00:00,361.0000,60.0000,27.8000,47.0000,6.2000,0.9994
2023-06-01 17:00:00,213.0000,40.0000,27.2000,49.0000,6.7000,0.3369
2023-06-01 18:00:00,49.0000,20.0000,26.7000,52.0000,6.7000,0.0567
2023-06-01 19:00:00,0.0000,20.0000,26.1000,54.0000,5.2000,0.0000
2023-06-01 20:00:00,0.0000,60.0000,25.6000,58.0000,4.6000,0.0000
2023-06-01 21:00:00,0.0000,40.0000,25.6000,60.0000,4.6000,0.0000
2023-06-01 22:00:00,0.0000,20.0000,25.6000,60.0000,5.2000,0.0000
2023-06-01 23:00:00,0.0000,10.0000,25.6000,62.0000,4.1000,0.0000
2023-06-02 00:00:00,0.0000,10.0000,25.0000,64.0000,4.6000,0.0000
2023-06-02 01:00:00,0.0000,10.0000,24.4000,64.0000,4.1000,0.0000
2023-06-02 02:00:00,0.0000,20.0000,25.0000,64.0000,3.6000,0.0000
2023-06-02 03:00:00,0.0000,20.0000,24.4000,64.0000,3.6000,0.0000
2023-06-02 04:00:00,0.0000,10.0000,24.4000,64.0000,2.6000,0.0000
2023-06-02 05:00:00,13.0000,20.0000,24.4000,64.0000,2.6000,0.0000
2023-06-02 06:00:00,122.0000,10.0000,25.0000,62.0000,5.7000,0.5596
2023-06-02 07:00:00,349.0000,20.0000,26.1000,54.0000,6.7000,1.2656
2023-06-02 08:00:00,570.0000,80.0000,26.7000,54.0000,6.7000,2.0507
2023-06-02 09:00:00,742.0000,70.0000,26.7000,54.0000,6.7000,2.8396
2023-06-02 10:00:00,858.0000,70.0000,27.8000,51.0000,5.7000,3.4140
2023-06-02 11:00:00,866.0000,80.0000,28.9000,44.0000,7.2000,3.7245
2023-06-02 12:00:00,785.0000,80.0000,28.9000,48.0000,8.2000,3.7243
2023-06-02 13:00:00,649.0000,80.0000,28.9000,49.0000,6.7000,3.4445
2023-06-02 14:00:00,484.0000,100.0000,28.3000,53.0000,5.2000,2.7602
2023-06-02 15:00:00,488.0000,60.0000,28.3000,53.0000,4.1000,1.8906
2023-06-02 16:00:00,379.0000,90.0000,27.8000,58.0000,5.7000,1.1709
2023-06-02 17:00:00,225.0000,90.0000,27.8000,61.0000,5.2000,0.5497
2023-06-02 18:00:00,32.0000,90.0000,26.7000,65.0000,4.1000,0.0939
2023-06-02 19:00:00,1.0000,70.0000,26.1000,67.0000,4.6000,0.0000
2023-06-02 20:00:00,0.0000,50.0000,26.1000,67.0000,4.1000,0.0000
2023-06-02 21:00:00,0.0000,50.0000,26.1000,67.0000,3.6000,0.0000
2023-06-02 22:00:00,0.0000,40.0000,26.1000,67.0000,4.1000,0.0000
2023-06-02 23:00:00,0.0000,30.0000,26.1000,67.0000,4.1000,0.0000
2023-06-03 00:00:00,0.0000,0.0000,25.6000,69.0000,3.6000,0.0000
2023-06-03 01:00:00,0.0000,10.0000,25.6000,69.0000,4.6000,0.0000
2023-06-03 02:00:00,0.0000,50.0000,25.6000,69.0000,4.6000,0.0000
2023-06-03 03:00:00,0.0000,20.0000,25.6000,71.0000,4.1000,0.0000
2023-06-03 04:00:00,0.0000,40.0000,25.6000,71.0000,3.6000,0.0000
2023-06-03 05:00:00,15.0000,90.0000,25.6000,71.0000,3.6000,0.0000
2023-06-03 06:00:00,72.0000,90.0000,25.6000,71.0000,5.7000,0.4729
2023-06-03 07:00:00,206.0000,100.0000,26.1000,69.0000,5.2000,1.2645
2023-06-03 08:00:00,416.0000,100.0000,26.7000,69.0000,5.2000,2.1168
2023-06-03 09:00:00,461.0000,100.0000,27.2000,69.0000,6.7000,2.7520
2023-06-03 10:00:00,431.0000,100.0000,27.2000,69.0000,6.2000,3.0861
2023-06-03 11:00:00,467.0000,100.0000,27.2000,69.0000,6.2000,3.0813
2023-06-03 12:00:00,552.0000,100.0000,27.8000,69.0000,5.7000,2.7992
2023-06-03 13:00:00,397.0000,100.0000,28.3000,67.0000,6.7000,2.2359
2023-06-03 14:00:00,450.0000,100.0000,27.8000,69.0000,6.7000,1.8890
2023-06-03 15:00:00,296.0000,100.0000,27.8000,69.0000,6.7000,1.7738
2023-06-03 16:00:00,122.0000,100.0000,27.8000,69.0000,5.7000,1.2201
2023-06-03 17:00:00,110.0000,90.0000,27.2000,72.0000,5.2000,0.5355
2023-06-03 18:00:00,18.0000,90.0000,26.7000,79.0000,3.6000,0.0565
2023-06-03 19:00:00,0.0000,100.0000,26.1000,79.0000,3.6000,0.0000
2023-06-03 20:00:00,0.0000,90.0000,26.7000,79.0000,3.1000,0.0000
2023-06-03 21:00:00,0.0000,100.0000,25.6000,82.0000,2.6000,0.0000
2023-06-03 22:00:00,0.0000,70.0000,25.6000,85.0000,2.6000,0.0000
2023-06-03 23:00:00,0.0000,70.0000,25.6000,85.0000,3.6000,0.0000
2023-06-04 00:00:00,0.0000,80.0000,25.6000,82.0000,3.6000,0.0000
2023-06-04 01:00:00,0.0000,80.0000,25.6000,82.0000,2.6000,0.0000
2023-06-04 02:00:00,0.0000,80.0000,25.6000,79.0000,4.1000,0.0000
2023-06-04 03:00:00,0.0000,100.0000,25.6000,77.0000,4.1000,0.0000
2023-06-04 04:00:00,0.0000,90.0000,25.6000,82.0000,1.5000,0.0000
2023-06-04 05:00:00,7.0000,90.0000,25.6000,79.0000,2.6000,0.0000
2023-06-04 06:00:00,82.0000,90.0000,25.6000,91.0000,2.6000,0.4802
2023-06-04 07:00:00,249.0000,90.0000,26.1000,82.0000,2.6000,1.0625
2023-06-04 08:00:00,437.0000,90.0000,26.1000,82.0000,3.6000,1.5794
2023-06-04 09:00:00,582.0000,90.0000,27.8000,79.0000,5.2000,1.7211
2023-06-04 10:00:00,327.0000,90.0000,27.8000,72.0000,5.2000,1.7541
2023-06-04 11:00:00,183.0000,90.0000,25.6000,85.0000,4.1000,1.7488
2023-06-04 12:00:00,187.0000,90.0000,25.6000,85.0000,4.1000,1.7435
2023-06-04 13:00:00,356.0000,100.0000,25.6000,85.0000,3.6000,1.7381
2023-06-04 14:00:00,244.0000,100.0000,25.0000,82.0000,3.1000,1.4865
2023-06-04 15:00:00,249.0000,100.0000,25.0000,82.0000,3.1000,0.8537
2023-06-04 16:00:00,52.0000,100.0000,25.0000,82.0000,2.6000,0.4622
2023-06-04 17:00:00,106.0000,100.0000,25.0000,88.0000,2.1000,0.2602
2023-06-04 18:00:00,35.0000,100.0000,25.0000,88.0000,3.1000,0.0262
2023-06-04 19:00:00,1.0000,100.0000,24.4000,85.0000,4.6000,0.0000
2023-06-04 20:00:00,0.0000,100.0000,23.9000,85.0000,3.1000,0.0000
2023-06-04 21:00:00,0.0000,100.0000,23.9000,85.0000,2.1000,0.0000
2023-06-04 22:00:00,0.0000,100.0000,23.9000,85.0000,3.6000,0.0000
2023-06-04 23:00:00,0.0000,100.0000,23.9000,85.0000,3.1000,0.0000
2023-06-05 00:00:00,0.0000,80.0000,23.9000,85.0000,2.6000,0.0000
2023-06-05 01:00:00,0.0000,80.0000,23.9000,85.0000,2.6000,0.0000
2023-06-05 02:00:00,0.0000,80.0000,23.9000,85.0000,2.1000,0.0000
2023-06-05 03:00:00,0.0000,90.0000,23.9000,85.0000,1.5000,0.0000
2023-06-05 04:00:00,0.0000,90.0000,23.9000,87.0000,2.6000,0.0000
2023-06-05 05:00:00,16.0000,90.0000,23.9000,85.0000,2.6000,0.0000
2023-06-05 06:00:00,68.0000,90.0000,23.9000,90.0000,2.6000,0.4722
2023-06-05 07:00:00,286.0000,60.0000,23.9000,94.0000,2.1000,1.1095
2023-06-05 08:00:00,382.0000,90.0000,26.1000,79.0000,2.6000,1.8211
2023-06-05 09:00:00,514.0000,90.0000,26.7000,74.0000,2.1000,1.7269
2023-06-05 10:00:00,826.0000,80.0000,27.8000,72.0000,3.6000,1.0072
2023-06-05 11:00:00,887.0000,80.0000,28.9000,63.0000,3.6000,0.8122
2023-06-05 12:00:00,903.0000,90.0000,29.4000,63.0000,4.1000,1.1507
2023-06-05 13:00:00,880.0000,50.0000,30.6000,57.0000,3.1000,1.2186
2023-06-05 14:00:00,817.0000,40.0000,31.1000,52.0000,2.6000,0.9805
2023-06-05 15:00:00,672.0000,20.0000,31.1000,48.0000,2.6000,0.6693
2023-06-05 16:00:00,461.0000,20.0000,31.1000,50.0000,3.1000,0.3473
2023-06-05 17:00:00,208.0000,20.0000,29.4000,70.0000,4.6000,0.2815
2023-06-05 18:00:00,66.0000,30.0000,28.9000,74.0000,4.1000,0.0647
2023-06-05 19:00:00,0.0000,20.0000,28.3000,72.0000,3.1000,0.0000
2023-06-05 20:00:00,0.0000,20.0000,27.2000,63.0000,2.6000,0.0000
2023-06-05 21:00:00,0.0000,20.0000,26.1000,67.0000,3.1000,0.0000
2023-06-05 22:00:00,0.0000,30.0000,25.0000,71.0000,2.6000,0.0000
2023-06-05 23:00:00,0.0000,40.0000,24.4000,74.0000,3.1000,0.0000
2023-06-06 00:00:00,0.0000,40.0000,24.4000,76.0000,2.6000,0.0000
2023-06-06 01:00:00,0.0000,20.0000,23.9000,82.0000,3.1000,0.0000
2023-06-06 02:00:00,0.0000,20.0000,23.3000,84.0000,2.6000,0.0000
2023-06-06 03:00:00,0.0000,20.0000,23.3000,84.0000,2.1000,0.0000
2023-06-06 04:00:00,0.0000,70.0000,23.3000,84.0000,1.0000,0.0000
2023-06-06 05:00:00,15.0000,80.0000,23.3000,84.0000,2.6000,0.0000
2023-06-06 06:00:00,118.0000,40.0000,23.3000,87.0000,2.1000,0.4787
2023-06-06 07:00:00,335.0000,10.0000,25.0000,79.0000,2.6000,1.0637
2023-06-06 08:00:00,548.0000,20.0000,26.7000,69.0000,2.1000,1.5561
2023-06-06 09:00:00,695.0000,50.0000,28.3000,61.0000,3.1000,2.3135
2023-06-06 10:00:00,797.0000,50.0000,29.4000,51.0000,3.1000,3.0647
2023-06-06 11:00:00,812.0000,50.0000,30.0000,53.0000,2.6000,3.2021
2023-06-06 12:00:00,686.0000,50.0000,29.4000,59.0000,4.1000,3.2422
2023-06-06 13:00:00,563.0000,70.0000,29.4000,61.0000,3.6000,3.1782
2023-06-06 14:00:00,641.0000,30.0000,29.4000,59.0000,4.6000,2.8835
2023-06-06 15:00:00,565.0000,30.0000,29.4000,57.0000,4.1000,2.2980
2023-06-06 16:00:00,293.0000,30.0000,29.4000,59.0000,4.6000,1.3717
2023-06-06 17:00:00,214.0000,40.0000,28.9000,59.0000,6.2000,0.5521
2023-06-06 18:00:00,49.0000,20.0000,28.3000,63.0000,5.7000,0.1289
2023-06-06 19:00:00,0.0000,20.0000,27.8000,69.0000,3.6000,0.0000
2023-06-06 20:00:00,0.0000,10.0000,27.2000,69.0000,4.1000,0.0000
2023-06-06 21:00:00,0.0000,30.0000,26.7000,69.0000,3.1000,0.0000
2023-06-06 22:00:00,0.0000,20.0000,25.6000,71.0000,3.1000,0.0000
2023-06-06 23:00:00,0.0000,30.0000,24.4000,76.0000,2.6000,0.0000
2023-06-07 00:00:00,0.0000,50.0000,24.4000,79.0000,3.1000,0.0000
2023-06-07 01:00:00,0.0000,20.0000,23.9000,79.0000,3.1000,0.0000
2023-06-07 02:00:00,0.0000,20.0000,23.9000,79.0000,3.1000,0.0000
2023-06-07 03:00:00,0.0000,20.0000,23.3000,82.0000,2.6000,0.0000
2023-06-07 04:00:00,0.0000,20.0000,22.2000,84.0000,3.1000,0.0000
2023-06-07 05:00:00,15.0000,0.0000,22.2000,84.0000,3.1000,0.0000
2023-06-07 06:00:00,123.0000,0.0000,22.8000,84.0000,3.1000,0.4788
2023-06-07 07:00:00,330.0000,0.0000,25.0000,74.0000,4.6000,1.2317
2023-06-07 08:00:00,546.0000,0.0000,26.7000,65.0000,4.1000,2.0095
2023-06-07 09:00:00,730.0000,0.0000,28.3000,57.0000,3.1000,2.5809
2023-06-07 10:00:00,871.0000,0.0000,29.4000,48.0000,3.6000,2.8755
2023-06-07 11:00:00,872.0000,10.0000,30.0000,43.0000,3.6000,2.7577
2023-06-07 12:00:00,863.0000,30.0000,30.6000,42.0000,3.6000,2.4155
2023-06-07 13:00:00,777.0000,40.0000,31.1000,40.0000,2.1000,2.3425
2023-06-07 14:00:00,728.0000,30.0000,31.1000,50.0000,2.1000,2.3747
2023-06-07 15:00:00,504.0000,50.0000,30.6000,52.0000,1.5000,1.7688
2023-06-07 16:00:00,467.0000,40.0000,30.0000,51.0000,4.6000,1.0632
2023-06-07 17:00:00,153.0000,50.0000,29.4000,51.0000,3.1000,0.5546
2023-06-07 18:00:00,57.0000,50.0000,28.3000,55.0000,3.1000,0.1083
2023-06-07 19:00:00,1.0000,70.0000,28.3000,57.0000,2.6000,0.0000
2023-06-07 20:00:00,0.0000,10.0000,27.8000,61.0000,3.6000,0.0000
2023-06-07 21:00:00,0.0000,60.0000,27.8000,61.0000,2.6000,0.0000
2023-06-07 22:00:00,0.0000,50.0000,26.7000,65.0000,2.6000,0.0000
2023-06-07 23:00:00,0.0000,50.0000,26.7000,65.0000,2.6000,0.0000
2023-06-08 00:00:00,0.0000,50.0000,26.1000,69.0000,3.1000,0.0000
2023-06-08 01:00:00,0.0000,20.0000,25.6000,74.0000,3.1000,0.0000
2023-06-08 02:00:00,0.0000,0.0000,24.4000,76.0000,2.6000,0.0000
2023-06-08 03:00:00,0.0000,0.0000,23.9000,82.0000,2.1000,0.0000
2023-06-08 04:00:00,0.0000,0.0000,23.3000,82.0000,2.6000,0.0000
2023-06-08 05:00:00,14.0000,0.0000,23.3000,82.0000,2.1000,0.0000
2023-06-08 06:00:00,106.0000,0.0000,23.3000,87.0000,2.1000,0.5012
2023-06-08 07:00:00,328.0000,0.0000,23.9000,94.0000,2.6000,1.2330
2023-06-08 08:00:00,541.0000,0.0000,27.2000,74.0000,2.1000,2.0948
2023-06-08 09:00:00,710.0000,20.0000,29.4000,57.0000,2.6000,2.7553
2023-06-08 10:00:00,833.0000,30.0000,29.4000,55.0000,2.6000,3.1226
2023-06-08 11:00:00,929.0000,30.0000,30.6000,45.0000,2.1000,3.1216
2023-06-08 12:00:00,895.0000,30.0000,30.6000,42.0000,3.6000,3.0046
2023-06-08 13:00:00,828.0000,20.0000,31.1000,40.0000,3.6000,2.8312
2023-06-08 14:00:00,784.0000,0.0000,32.2000,35.0000,3.1000,2.4182
2023-06-08 15:00:00,595.0000,10.0000,32.2000,35.0000,3.1000,1.9289
2023-06-08 16:00:00,407.0000,30.0000,31.7000,36.0000,2.6000,1.2856
2023-06-08 17:00:00,208.0000,30.0000,30.0000,55.0000,5.7000,0.4152
2023-06-08 18:00:00,49.0000,30.0000,29.4000,57.0000,4.6000,0.1104
2023-06-08 19:00:00,0.0000,40.0000,28.9000,61.0000,3.6000,0.0000
2023-06-08 20:00:00,0.0000,40.0000,28.3000,63.0000,3.6000,0.0000
2023-06-08 21:00:00,0.0000,0.0000,27.2000,67.0000,3.1000,0.0000
2023-06-08 22:00:00,0.0000,20.0000,26.7000,67.0000,2.6000,0.0000
2023-06-08 23:00:00,0.0000,20.0000,25.6000,71.0000,2.6000,0.0000
2023-06-09 00:00:00,0.0000,20.0000,25.0000,74.0000,3.1000,0.0000
2023-06-09 01:00:00,0.0000,0.0000,24.4000,76.0000,2.6000,0.0000
2023-06-09 02:00:00,0.0000,0.0000,24.4000,76.0000,3.1000,0.0000
2023-06-09 03:00:00,0.0000,0.0000,23.9000,100.0000,2.1000,0.0000
2023-06-09 04:00:00,0.0000,0.0000,23.9000,79.0000,3.1000,0.0000
2023-06-09 05:00:00,15.0000,0.0000,23.3000,82.0000,3.1000,0.0000
2023-06-09 06:00:00,129.0000,20.0000,23.9000,79.0000,3.1000,0.5199
2023-06-09 07:00:00,341.0000,70.0000,26.1000,69.0000,3.1000,1.2204
2023-06-09 08:00:00,504.0000,90.0000,27.2000,63.0000,3.1000,2.0076
2023-06-09 09:00:00,647.0000,90.0000,29.4000,61.0000,2.6000,2.6225
2023-06-09 10:00:00,760.0000,100.0000,29.4000,59.0000,2.6000,3.1453
2023-06-09 11:00:00,772.0000,90.0000,30.6000,55.0000,2.1000,3.3368
2023-06-09 12:00:00,743.0000,90.0000,31.1000,52.0000,1.5000,3.1732
2023-06-09 13:00:00,538.0000,100.0000,30.0000,61.0000,5.2000,3.1156
2023-06-09 14:00:00,321.0000,100.0000,27.8000,67.0000,6.2000,2.8178
2023-06-09 15:00:00,218.0000,100.0000,25.6000,79.0000,5.7000,2.0192
2023-06-09 16:00:00,224.0000,90.0000,25.6000,77.0000,5.2000,1.2625
2023-06-09 17:00:00,210.0000,90.0000,25.6000,74.0000,5.2000,0.5318
2023-06-09 18:00:00,42.0000,90.0000,25.6000,74.0000,2.6000,0.0920
2023-06-09 19:00:00,2.0000,90.0000,25.6000,74.0000,3.1000,0.0000
2023-06-09 20:00:00,0.0000,100.0000,25.6000,74.0000,3.6000,0.0000
2023-06-09 21:00:00,0.0000,100.0000,25.6000,74.0000,3.1000,0.0000
2023-06-09 22:00:00,0.0000,100.0000,25.6000,74.0000,3.6000,0.0000
2023-06-09 23:00:00,0.0000,100.0000,25.6000,79.0000,3.6000,0.0000
2023-06-10 00:00:00,0.0000,100.0000,23.9000,85.0000,7.2000,0.0000
2023-06-10 01:00:00,0.0000,100.0000,23.3000,84.0000,3.1000,0.0000
2023-06-10 02:00:00,0.0000,100.0000,23.3000,84.0000,4.1000,0.0000
2023-06-10 03:00:00,0.0000,100.0000,23.3000,84.0000,3.1000,0.0000
2023-06-10 04:00:00,0.0000,100.0000,23.3000,87.0000,2.6000,0.0000
2023-06-10 05:00:00,1.0000,100.0000,23.3000,87.0000,2.1000,0.0000
2023-06-10 06:00:00,58.0000,100.0000,23.3000,87.0000,2.1000,0.5320
2023-06-10 07:00:00,180.0000,100.0000,23.9000,85.0000,2.6000,1.2247
2023-06-10 08:00:00,258.0000,100.0000,24.4000,82.0000,2.6000,1.8999
2023-06-10 09:00:00,292.0000,100.0000,26.1000,79.0000,3.1000,2.5181
2023-06-10 10:00:00,378.0000,100.0000,27.2000,74.0000,2.6000,2.7572
2023-06-10 11:00:00,353.0000,100.0000,28.3000,65.0000,3.6000,2.7942
2023-06-10 12:00:00,362.0000,100.0000,28.3000,65.0000,3.6000,2.3911
2023-06-10 13:00:00,475.0000,90.0000,26.7000,74.0000,3.1000,1.7283
2023-06-10 14:00:00,691.0000,50.0000,28.9000,72.0000,3.6000,1.1179
2023-06-10 15:00:00,653.0000,30.0000,28.9000,70.0000,5.2000,0.8856
2023-06-10 16:00:00,463.0000,10.0000,28.9000,63.0000,3.1000,0.8706
2023-06-10 17:00:00,250.0000,20.0000,28.9000,61.0000,4.1000,0.5239
2023-06-10 18:00:00,68.0000,20.0000,27.8000,65.0000,3.1000,0.0813
2023-06-10 19:00:00,2.0000,70.0000,26.7000,72.0000,3.6000,0.0000
2023-06-10 20:00:00,0.0000,70.0000,26.7000,74.0000,2.6000,0.0000
2023-06-10 21:00:00,0.0000,90.0000,26.1000,79.0000,3.1000,0.0000
2023-06-10 22:00:00,0.0000,90.0000,25.0000,82.0000,4.6000,0.0000
2023-06-10 23:00:00,0.0000,70.0000,24.4000,82.0000,3.6000,0.0000
2023-06-11 00:00:00,0.0000,80.0000,23.9000,79.0000,2.6000,0.0000
2023-06-11 01:00:00,0.0000,70.0000,23.9000,82.0000,2.1000,0.0000
2023-06-11 02:00:00,0.0000,70.0000,23.9000,87.0000,2.1000,0.0000
2023-06-11 03:00:00,0.0000,70.0000,23.9000,85.0000,2.1000,0.0000
2023-06-11 04:00:00,0.0000,80.0000,23.9000,90.0000,1.5000,0.0000
2023-06-11 05:00:00,10.0000,70.0000,23.9000,85.0000,2.1000,0.0000
2023-06-11 06:00:00,101.0000,40.0000,24.4000,90.0000,1.5000,0.4285
2023-06-11 07:00:00,308.0000,30.0000,27.2000,74.0000,2.6000,0.8457
2023-06-11 08:00:00,524.0000,40.0000,28.9000,67.0000,4.1000,1.0825
2023-06-11 09:00:00,736.0000,30.0000,29.4000,75.0000,4.1000,1.2906
2023-06-11 10:00:00,875.0000,30.0000,29.4000,72.0000,4.1000,1.4099
2023-06-11 11:00:00,618.0000,80.0000,27.8000,74.0000,4.1000,1.3785
2023-06-11 12:00:00,648.0000,80.0000,28.9000,70.0000,4.6000,1.5941
2023-06-11 13:00:00,367.0000,100.0000,28.9000,65.0000,4.1000,2.1993
2023-06-11 14:00:00,551.0000,100.0000,31.7000,63.0000,3.6000,2.6282
2023-06-11 15:00:00,310.0000,100.0000,28.3000,74.0000,1.5000,2.2919
2023-06-11 16:00:00,270.0000,90.0000,28.9000,74.0000,1.5000,1.4872
2023-06-11 17:00:00,112.0000,90.0000,28.9000,72.0000,2.6000,0.6594
2023-06-11 18:00:00,37.0000,100.0000,28.3000,77.0000,2.1000,0.1218
2023-06-11 19:00:00,1.0000,100.0000,27.8000,77.0000,2.6000,0.0000
2023-06-11 20:00:00,0.0000,100.0000,27.8000,79.0000,3.1000,0.0000
2023-06-11 21:00:00,0.0000,100.0000,25.0000,76.0000,2.1000,0.0000
2023-06-11 22:00:00,0.0000,40.0000,25.0000,76.0000,2.1000,0.0000
2023-06-11 23:00:00,0.0000,20.0000,25.0000,79.0000,2.6000,0.0000
2023-06-12 00:00:00,0.0000,30.0000,24.4000,82.0000,2.1000,0.0000
2023-06-12 01:00:00,0.0000,30.0000,23.9000,85.0000,1.5000,0.0000
2023-06-12 02:00:00,0.0000,30.0000,23.9000,85.0000,2.1000,0.0000
2023-06-12 03:00:00,0.0000,30.0000,23.9000,85.0000,2.6000,0.0000
2023-06-12 04:00:00,0.0000,30.0000,23.9000,82.0000,2.6000,0.0000
2023-06-12 05:00:00,7.0000,10.0000,23.9000,82.0000,2.6000,0.0000
2023-06-12 06:00:00,79.0000,10.0000,23.9000,85.0000,1.5000,0.4679
2023-06-12 07:00:00,284.0000,0.0000,26.1000,77.0000,2.6000,1.1408
2023-06-12 08:00:00,506.0000,20.0000,27.8000,77.0000,2.1000,2.0097
2023-06-12 09:00:00,670.0000,30.0000,28.9000,63.0000,2.1000,2.7131
2023-06-12 10:00:00,626.0000,40.0000,30.0000,61.0000,2.6000,2.7330
2023-06-12 11:00:00,749.0000,70.0000,29.4000,63.0000,4.1000,2.4063
2023-06-12 12:00:00,894.0000,60.0000,29.4000,61.0000,3.6000,2.0089
2023-06-12 13:00:00,541.0000,70.0000,29.4000,65.0000,4.6000,1.7379
2023-06-12 14:00:00,688.0000,70.0000,28.3000,59.0000,3.1000,1.7543
2023-06-12 15:00:00,537.0000,20.0000,30.0000,59.0000,5.2000,1.1618
2023-06-12 16:00:00,316.0000,40.0000,29.4000,70.0000,4.6000,0.7626
2023-06-12 17:00:00,95.0000,70.0000,28.9000,63.0000,3.6000,0.2914
2023-06-12 18:00:00,41.0000,90.0000,28.3000,65.0000,2.1000,0.0690
2023-06-12 19:00:00,1.0000,40.0000,27.2000,69.0000,1.5000,0.0000
2023-06-12 20:00:00,0.0000,30.0000,25.6000,77.0000,2.6000,0.0000
2023-06-12 21:00:00,0.0000,20.0000,25.6000,77.0000,2.6000,0.0000
2023-06-12 22:00:00,0.0000,0.0000,25.0000,79.0000,2.6000,0.0000
2023-06-12 23:00:00,0.0000,0.0000,25.0000,79.0000,2.6000,0.0000
2023-06-13 00:00:00,0.0000,0.0000,24.4000,82.0000,3.1000,0.0000
2023-06-13 01:00:00,0.0000,0.0000,23.9000,85.0000,3.1000,0.0000
2023-06-13 02:00:00,0.0000,0.0000,23.9000,82.0000,2.1000,0.0000
2023-06-13 03:00:00,0.0000,0.0000,23.9000,82.0000,2.1000,0.0000
2023-06-13 04:00:00,0.0000,0.0000,23.3000,82.0000,2.6000,0.0000
2023-06-13 05:00:00,11.0000,80.0000,23.3000,82.0000,2.1000,0.0000
2023-06-13 06:00:00,111.0000,80.0000,23.9000,79.0000,2.6000,0.5305
2023-06-13 07:00:00,308.0000,80.0000,26.1000,69.0000,3.1000,1.2046
2023-06-13 08:00:00,516.0000,80.0000,27.8000,65.0000,2.6000,1.9452
2023-06-13 09:00:00,681.0000,70.0000,28.9000,63.0000,2.6000,2.3285
2023-06-13 10:00:00,723.0000,50.0000,29.4000,59.0000,3.6000,2.5411
2023-06-13 11:00:00,874.0000,40.0000,30.0000,57.0000,5.2000,2.9928
2023-06-13 12:00:00,962.0000,30.0000,30.0000,57.0000,5.2000,2.7564
2023-06-13 13:00:00,927.0000,40.0000,30.6000,53.0000,5.7000,2.3600
2023-06-13 14:00:00,824.0000,20.0000,31.1000,53.0000,6.2000,2.4440
2023-06-13 15:00:00,629.0000,30.0000,30.0000,55.0000,5.7000,1.7229
2023-06-13 16:00:00,318.0000,60.0000,29.4000,55.0000,5.7000,0.8673
2023-06-13 17:00:00,213.0000,70.0000,28.9000,61.0000,5.2000,0.2869
2023-06-13 18:00:00,40.0000,90.0000,28.3000,63.0000,6.2000,0.0775
2023-06-13 19:00:00,1.0000,70.0000,27.8000,65.0000,3.6000,0.0000
2023-06-13 20:00:00,0.0000,80.0000,27.2000,65.0000,3.6000,0.0000
2023-06-13 21:00:00,0.0000,70.0000,26.7000,67.0000,3.1000,0.0000
2023-06-13 22:00:00,0.0000,20.0000,26.7000,69.0000,2.6000,0.0000
2023-06-13 23:00:00,0.0000,20.0000,26.1000,72.0000,2.6000,0.0000
2023-06-14 00:00:00,0.0000,30.0000,25.6000,74.0000,2.6000,0.0000
2023-06-14 01:00:00,0.0000,30.0000,25.6000,74.0000,2.1000,0.0000
2023-06-14 02:00:00,0.0000,40.0000,25.6000,74.0000,2.6000,0.0000
2023-06-14 03:00:00,0.0000,40.0000,25.6000,74.0000,2.6000,0.0000
2023-06-14 04:00:00,0.0000,40.0000,25.6000,74.0000,2.6000,0.0000
2023-06-14 05:00:00,12.0000,70.0000,25.6000,74.0000,2.1000,0.0000
2023-06-14 06:00:00,90.0000,80.0000,25.0000,74.0000,2.1000,0.5037
2023-06-14 07:00:00,171.0000,90.0000,25.6000,74.0000,2.6000,1.1807
2023-06-14 08:00:00,341.0000,90.0000,25.0000,76.0000,2.6000,1.9287
2023-06-14 09:00:00,681.0000,50.0000,27.2000,72.0000,3.1000,2.4321
2023-06-14 10:00:00,883.0000,50.0000,28.9000,65.0000,5.2000,2.8659
2023-06-14 11:00:00,955.0000,60.0000,28.9000,65.0000,4.1000,3.3227
2023-06-14 12:00:00,981.0000,70.0000,30.0000,59.0000,5.2000,3.4947
2023-06-14 13:00:00,928.0000,80.0000,30.0000,57.0000,5.7000,3.3056
2023-06-14 14:00:00,722.0000,70.0000,30.0000,57.0000,5.2000,2.9025
2023-06-14 15:00:00,546.0000,80.0000,30.0000,57.0000,5.2000,1.9303
2023-06-14 16:00:00,335.0000,50.0000,29.4000,59.0000,5.2000,1.0806
2023-06-14 17:00:00,237.0000,70.0000,28.9000,61.0000,5.2000,0.5201
2023-06-14 18:00:00,38.0000,70.0000,28.3000,63.0000,4.6000,0.0742
2023-06-14 19:00:00,2.0000,40.0000,27.8000,65.0000,4.1000,0.0000
2023-06-14 20:00:00,0.0000,40.0000,27.8000,65.0000,5.7000,0.0000
2023-06-14 21:00:00,0.0000,30.0000,27.2000,69.0000,4.1000,0.0000
2023-06-14 22:00:00,0.0000,20.0000,26.7000,74.0000,3.1000,0.0000
2023-06-14 23:00:00,0.0000,0.0000,26.1000,74.0000,2.6000,0.0000
2023-06-15 00:00:00,0.0000,10.0000,26.7000,72.0000,2.6000,0.0000
2023-06-15 01:00:00,0.0000,30.0000,25.6000,71.0000,3.6000,0.0000
2023-06-15 02:00:00,0.0000,70.0000,25.6000,71.0000,1.5000,0.0000
2023-06-15 03:00:00,0.0000,80.0000,25.6000,74.0000,2.1000,0.0000
2023-06-15 04:00:00,0.0000,90.0000,25.6000,77.0000,3.1000,0.0000
2023-06-15 05:00:00,9.0000,70.0000,25.6000,77.0000,3.6000,0.0000
2023-06-15 06:00:00,92.0000,50.0000,25.6000,77.0000,3.6000,0.4541
2023-06-15 07:00:00,271.0000,60.0000,27.2000,72.0000,3.6000,0.9265
2023-06-15 08:00:00,453.0000,80.0000,28.3000,67.0000,5.2000,1.7540
2023-06-15 09:00:00,675.0000,50.0000,29.4000,61.0000,3.1000,2.6642
2023-06-15 10:00:00,821.0000,60.0000,30.0000,63.0000,4.1000,3.1196
2023-06-15 11:00:00,938.0000,70.0000,30.6000,57.0000,5.2000,2.8076
2023-06-15 12:00:00,886.0000,80.0000,30.6000,57.0000,5.2000,2.4957
2023-06-15 13:00:00,396.0000,90.0000,30.6000,57.0000,5.2000,2.1837
2023-06-15 14:00:00,535.0000,70.0000,30.0000,59.0000,6.2000,2.7720
2023-06-15 15:00:00,348.0000,80.0000,30.0000,59.0000,5.2000,2.0963
2023-06-15 16:00:00,246.0000,70.0000,29.4000,61.0000,3.6000,1.2862
2023-06-15 17:00:00,160.0000,50.0000,29.4000,61.0000,4.6000,0.9099
2023-06-15 18:00:00,41.0000,50.0000,28.9000,63.0000,4.1000,0.1459
2023-06-15 19:00:00,2.0000,40.0000,28.3000,65.0000,4.1000,0.0077
2023-06-15 20:00:00,0.0000,60.0000,27.2000,69.0000,4.1000,0.0000
2023-06-15 21:00:00,0.0000,60.0000,27.2000,69.0000,3.1000,0.0000
2023-06-15 22:00:00,0.0000,30.0000,27.2000,74.0000,3.1000,0.0000
2023-06-15 23:00:00,0.0000,30.0000,27.2000,69.0000,3.1000,0.0000
2023-06-16 00:00:00,0.0000,10.0000,27.2000,72.0000,3.1000,0.0000
2023-06-16 01:00:00,0.0000,30.0000,27.2000,79.0000,2.6000,0.0000
2023-06-16 02:00:00,0.0000,50.0000,27.2000,72.0000,4.1000,0.0000
2023-06-16 03:00:00,0.0000,60.0000,27.2000,79.0000,2.6000,0.0000
2023-06-16 04:00:00,0.0000,90.0000,25.0000,79.0000,3.1000,0.0000
2023-06-16 05:00:00,7.0000,90.0000,25.0000,88.0000,3.6000,0.0000
2023-06-16 06:00:00,50.0000,100.0000,25.0000,88.0000,1.5000,0.0000
2023-06-16 07:00:00,165.0000,80.0000,25.0000,79.0000,2.1000,0.0000
2023-06-16 08:00:00,287.0000,80.0000,28.3000,67.0000,1.5000,0.0000
2023-06-16 09:00:00,557.0000,90.0000,28.9000,70.0000,1.5000,2.5916
2023-06-16 10:00:00,382.0000,90.0000,28.9000,65.0000,3.6000,3.1521
2023-06-16 11:00:00,342.0000,90.0000,28.9000,65.0000,3.6000,3.6013
2023-06-16 12:00:00,432.0000,90.0000,29.4000,63.0000,7.2000,3.4017
2023-06-16 13:00:00,562.0000,90.0000,28.9000,63.0000,5.2000,1.5204
2023-06-16 14:00:00,538.0000,90.0000,28.3000,70.0000,5.7000,2.0541
2023-06-16 15:00:00,385.0000,90.0000,28.3000,67.0000,3.6000,1.3361
2023-06-16 16:00:00,364.0000,90.0000,28.3000,65.0000,3.6000,0.9445
2023-06-16 17:00:00,97.0000,90.0000,27.8000,67.0000,3.1000,0.6143
2023-06-16 18:00:00,39.0000,100.0000,27.8000,67.0000,3.1000,0.1574
2023-06-16 19:00:00,1.0000,80.0000,27.2000,69.0000,2.6000,0.0077
2023-06-16 20:00:00,0.0000,70.0000,26.7000,77.0000,3.1000,0.0000
2023-06-16 21:00:00,0.0000,40.0000,26.7000,72.0000,3.1000,0.0000
2023-06-16 22:00:00,0.0000,40.0000,26.7000,72.0000,2.6000,0.0000
2023-06-16 23:00:00,0.0000,50.0000,26.7000,72.0000,2.6000,0.0000
2023-06-17 00:00:00,0.0000,30.0000,26.7000,74.0000,2.6000,0.0000
2023-06-17 01:00:00,0.0000,60.0000,26.7000,82.0000,2.6000,0.0000
2023-06-17 02:00:00,0.0000,40.0000,26.7000,74.0000,2.6000,0.0000
2023-06-17 03:00:00,0.0000,50.0000,26.1000,77.0000,2.6000,0.0000
2023-06-17 04:00:00,0.0000,70.0000,26.1000,77.0000,2.1000,0.0000
2023-06-17 05:00:00,6.0000,30.0000,25.6000,79.0000,1.5000,0.0000
2023-06-17 06:00:00,64.0000,50.0000,25.0000,82.0000,2.1000,0.0000
2023-06-17 07:00:00,279.0000,40.0000,27.8000,77.0000,3.1000,0.0000
2023-06-17 08:00:00,472.0000,50.0000,28.3000,65.0000,4.1000,0.0000
2023-06-17 09:00:00,657.0000,50.0000,29.4000,61.0000,4.6000,2.1385
2023-06-17 10:00:00,757.0000,70.0000,30.0000,59.0000,5.2000,1.4666
2023-06-17 11:00:00,683.0000,80.0000,29.4000,61.0000,3.6000,1.3131
2023-06-17 12:00:00,894.0000,80.0000,30.6000,57.0000,4.6000,1.6586
2023-06-17 13:00:00,739.0000,60.0000,31.1000,55.0000,5.2000,2.1577
2023-06-17 14:00:00,811.0000,50.0000,31.1000,55.0000,6.2000,2.0656
2023-06-17 15:00:00,623.0000,50.0000,30.6000,57.0000,4.6000,1.4781
2023-06-17 16:00:00,366.0000,50.0000,30.6000,57.0000,6.2000,1.3975
2023-06-17 17:00:00,165.0000,50.0000,29.4000,61.0000,4.6000,0.3724
2023-06-17 18:00:00,46.0000,50.0000,29.4000,61.0000,5.2000,0.1497
2023-06-17 19:00:00,2.0000,40.0000,28.3000,65.0000,3.1000,0.0038
2023-06-17 20:00:00,0.0000,40.0000,27.8000,67.0000,4.1000,0.0000
2023-06-17 21:00:00,0.0000,50.0000,27.2000,69.0000,3.1000,0.0000
2023-06-17 22:00:00,0.0000,50.0000,27.2000,69.0000,3.1000,0.0000
2023-06-17 23:00:00,0.0000,40.0000,26.7000,74.0000,2.6000,0.0000
2023-06-18 00:00:00,0.0000,30.0000,26.7000,72.0000,2.1000,0.0000
2023-06-18 01:00:00,0.0000,10.0000,26.7000,72.0000,2.1000,0.0000
2023-06-18 02:00:00,0.0000,10.0000,25.6000,77.0000,2.6000,0.0000
2023-06-18 03:00:00,0.0000,20.0000,25.0000,79.0000,2.6000,0.0000
2023-06-18 04:00:00,0.0000,20.0000,24.4000,82.0000,2.6000,0.0000
2023-06-18 05:00:00,10.0000,10.0000,24.4000,82.0000,2.6000,0.0000
2023-06-18 06:00:00,89.0000,30.0000,25.6000,77.0000,3.1000,0.4998
2023-06-18 07:00:00,334.0000,30.0000,27.2000,69.0000,3.1000,1.1455
2023-06-18 08:00:00,459.0000,70.0000,28.9000,74.0000,2.1000,1.9076
2023-06-18 09:00:00,589.0000,70.0000,29.4000,61.0000,5.2000,2.5095
2023-06-18 10:00:00,661.0000,60.0000,30.6000,57.0000,4.1000,2.6569
2023-06-18 11:00:00,699.0000,60.0000,30.0000,59.0000,4.1000,2.8550
2023-06-18 12:00:00,830.0000,50.0000,30.0000,59.0000,4.6000,3.0219
2023-06-18 13:00:00,903.0000,40.0000,30.6000,57.0000,5.2000,2.8695
2023-06-18 14:00:00,810.0000,30.0000,30.6000,57.0000,4.1000,2.8271
2023-06-18 15:00:00,643.0000,20.0000,30.6000,57.0000,5.2000,2.0088
2023-06-18 16:00:00,475.0000,20.0000,30.6000,57.0000,3.6000,1.1424
2023-06-18 17:00:00,259.0000,40.0000,30.0000,59.0000,3.1000,0.4794
2023-06-18 18:00:00,51.0000,40.0000,29.4000,61.0000,3.1000,0.1024
2023-06-18 19:00:00,2.0000,50.0000,28.3000,65.0000,3.1000,0.0000
2023-06-18 20:00:00,0.0000,40.0000,27.8000,67.0000,3.1000,0.0000
2023-06-18 21:00:00,0.0000,10.0000,27.2000,67.0000,2.6000,0.0000
2023-06-18 22:00:00,0.0000,10.0000,27.2000,67.0000,2.6000,0.0000
2023-06-18 23:00:00,0.0000,0.0000,27.2000,67.0000,2.6000,0.0000
2023-06-19 00:00:00,0.0000,0.0000,27.2000,69.0000,2.6000,0.0000
2023-06-19 01:00:00,0.0000,10.0000,27.2000,69.0000,2.1000,0.0000
2023-06-19 02:00:00,0.0000,0.0000,27.2000,69.0000,2.1000,0.0000
2023-06-19 03:00:00,0.0000,0.0000,26.7000,72.0000,2.1000,0.0000
2023-06-19 04:00:00,0.0000,0.0000,26.1000,74.0000,1.5000,0.0000
2023-06-19 05:00:00,15.0000,0.0000,25.0000,79.0000,2.6000,0.0000
2023-06-19 06:00:00,97.0000,20.0000,26.1000,74.0000,2.1000,0.4947
2023-06-19 07:00:00,239.0000,30.0000,27.8000,67.0000,2.6000,1.1134
2023-06-19 08:00:00,443.0000,40.0000,29.4000,61.0000,2.6000,1.7779
2023-06-19 09:00:00,695.0000,30.0000,29.4000,61.0000,4.1000,2.2232
2023-06-19 10:00:00,725.0000,60.0000,30.0000,59.0000,3.1000,2.4657
2023-06-19 11:00:00,796.0000,50.0000,30.6000,57.0000,3.6000,2.8246
2023-06-19 12:00:00,974.0000,50.0000,31.1000,55.0000,3.6000,3.2491
2023-06-19 13:00:00,953.0000,30.0000,31.1000,57.0000,4.6000,3.1591
2023-06-19 14:00:00,832.0000,20.0000,31.7000,54.0000,5.2000,2.8192
2023-06-19 15:00:00,682.0000,20.0000,31.1000,55.0000,6.2000,2.2882
2023-06-19 16:00:00,493.0000,20.0000,31.1000,55.0000,6.2000,1.5012
2023-06-19 17:00:00,233.0000,30.0000,30.6000,57.0000,5.7000,0.6147
2023-06-19 18:00:00,71.0000,30.0000,29.4000,61.0000,5.7000,0.0970
2023-06-19 19:00:00,2.0000,30.0000,29.4000,61.0000,5.2000,0.0000
2023-06-19 20:00:00,0.0000,30.0000,28.9000,63.0000,4.6000,0.0000
2023-06-19 21:00:00,0.0000,30.0000,28.9000,65.0000,5.2000,0.0000
2023-06-19 22:00:00,0.0000,10.0000,28.3000,65.0000,3.6000,0.0000
2023-06-19 23:00:00,0.0000,10.0000,27.2000,69.0000,2.6000,0.0000
2023-06-20 00:00:00,0.0000,0.0000,27.2000,69.0000,3.1000,0.0000
2023-06-20 01:00:00,0.0000,0.0000,27.2000,69.0000,2.6000,0.0000
2023-06-20 02:00:00,0.0000,0.0000,27.2000,69.0000,2.6000,0.0000
2023-06-20 03:00:00,0.0000,20.0000,27.2000,69.0000,2.6000,0.0000
2023-06-20 04:00:00,0.0000,20.0000,27.2000,69.0000,3.1000,0.0000
2023-06-20 05:00:00,11.0000,30.0000,27.2000,69.0000,5.7000,0.0000
2023-06-20 06:00:00,106.0000,30.0000,27.8000,74.0000,4.6000,0.4364
2023-06-20 07:00:00,291.0000,40.0000,28.3000,67.0000,4.6000,1.0722
2023-06-20 08:00:00,380.0000,40.0000,29.4000,67.0000,5.2000,1.9393
2023-06-20 09:00:00,535.0000,60.0000,30.0000,68.0000,4.6000,2.5214
2023-06-20 10:00:00,837.0000,80.0000,30.6000,63.0000,5.2000,2.7495
2023-06-20 11:00:00,926.0000,80.0000,31.1000,57.0000,5.2000,3.1806
2023-06-20 12:00:00,958.0000,80.0000,31.1000,57.0000,5.2000,3.5598
2023-06-20 13:00:00,564.0000,80.0000,31.7000,54.0000,7.2000,3.3573
2023-06-20 14:00:00,606.0000,80.0000,30.0000,61.0000,7.7000,2.9586
2023-06-20 15:00:00,384.0000,80.0000,30.6000,59.0000,5.2000,2.3603
2023-06-20 16:00:00,300.0000,90.0000,30.6000,59.0000,6.2000,1.5235
2023-06-20 17:00:00,127.0000,90.0000,30.0000,59.0000,4.1000,0.6108
2023-06-20 18:00:00,19.0000,90.0000,29.4000,61.0000,3.1000,0.1345
2023-06-20 19:00:00,2.0000,80.0000,27.2000,74.0000,4.1000,0.0000
2023-06-20 20:00:00,0.0000,80.0000,26.1000,74.0000,2.6000,0.0000
2023-06-20 21:00:00,0.0000,30.0000,26.1000,74.0000,1.5000,0.0000
2023-06-20 22:00:00,0.0000,30.0000,26.1000,77.0000,1.5000,0.0000
2023-06-20 23:00:00,0.0000,30.0000,26.1000,77.0000,1.5000,0.0000
2023-06-21 00:00:00,0.0000,10.0000,26.1000,77.0000,1.5000,0.0000
2023-06-21 01:00:00,0.0000,10.0000,26.1000,79.0000,2.6000,0.0000
2023-06-21 02:00:00,0.0000,30.0000,26.1000,82.0000,2.6000,0.0000
2023-06-21 03:00:00,0.0000,30.0000,26.1000,77.0000,2.6000,0.0000
2023-06-21 04:00:00,0.0000,40.0000,26.7000,82.0000,3.1000,0.0000
2023-06-21 05:00:00,9.0000,70.0000,26.7000,85.0000,4.1000,0.0000
2023-06-21 06:00:00,86.0000,70.0000,27.2000,74.0000,2.6000,0.4618
2023-06-21 07:00:00,242.0000,70.0000,28.3000,74.0000,3.6000,1.0207
2023-06-21 08:00:00,410.0000,90.0000,29.4000,67.0000,2.6000,1.6116
2023-06-21 09:00:00,443.0000,90.0000,29.4000,67.0000,2.6000,2.3185
2023-06-21 10:00:00,482.0000,90.0000,30.0000,63.0000,2.6000,2.9945
2023-06-21 11:00:00,712.0000,90.0000,31.7000,61.0000,5.2000,3.3854
2023-06-21 12:00:00,925.0000,90.0000,31.7000,59.0000,3.6000,2.8505
2023-06-21 13:00:00,896.0000,70.0000,30.0000,72.0000,5.2000,2.2471
2023-06-21 14:00:00,717.0000,80.0000,30.6000,70.0000,3.6000,1.9942
2023-06-21 15:00:00,412.0000,90.0000,30.0000,72.0000,4.1000,1.4098
2023-06-21 16:00:00,291.0000,90.0000,30.0000,72.0000,4.1000,0.8879
2023-06-21 17:00:00,129.0000,90.0000,29.4000,75.0000,3.6000,0.3117
2023-06-21 18:00:00,50.0000,90.0000,28.9000,77.0000,3.6000,0.0508
2023-06-21 19:00:00,5.0000,90.0000,28.9000,80.0000,3.1000,0.0000
2023-06-21 20:00:00,0.0000,80.0000,28.9000,80.0000,3.1000,0.0000
2023-06-21 21:00:00,0.0000,90.0000,28.9000,77.0000,3.1000,0.0000
2023-06-21 22:00:00,0.0000,80.0000,28.3000,82.0000,2.6000,0.0000
2023-06-21 23:00:00,0.0000,90.0000,28.3000,80.0000,1.5000,0.0000
2023-06-22 00:00:00,0.0000,90.0000,27.2000,88.0000,2.1000,0.0000
2023-06-22 01:00:00,0.0000,70.0000,26.1000,88.0000,2.6000,0.0000
2023-06-22 02:00:00,0.0000,70.0000,25.6000,91.0000,2.1000,0.0000
2023-06-22 03:00:00,0.0000,80.0000,25.6000,91.0000,3.1000,0.0000
2023-06-22 04:00:00,0.0000,70.0000,25.6000,88.0000,2.6000,0.0000
2023-06-22 05:00:00,11.0000,80.0000,25.0000,91.0000,3.1000,0.0000
2023-06-22 06:00:00,102.0000,80.0000,25.0000,94.0000,2.6000,0.4522
2023-06-22 07:00:00,301.0000,80.0000,27.2000,88.0000,2.6000,1.0166
2023-06-22 08:00:00,508.0000,80.0000,28.9000,77.0000,1.5000,1.5386
2023-06-22 09:00:00,627.0000,100.0000,29.4000,72.0000,2.1000,1.7220
2023-06-22 10:00:00,641.0000,90.0000,31.1000,61.0000,2.6000,2.1961
2023-06-22 11:00:00,323.0000,90.0000,30.6000,65.0000,2.6000,3.0055
2023-06-22 12:00:00,234.0000,100.0000,24.4000,85.0000,2.6000,3.3524
2023-06-22 13:00:00,279.0000,100.0000,24.4000,97.0000,3.6000,3.0719
2023-06-22 14:00:00,208.0000,100.0000,24.4000,97.0000,3.1000,2.2329
2023-06-22 15:00:00,131.0000,100.0000,25.0000,97.0000,2.6000,1.4444
2023-06-22 16:00:00,216.0000,100.0000,25.6000,94.0000,2.1000,0.8330
2023-06-22 17:00:00,120.0000,100.0000,25.6000,94.0000,2.6000,0.3548
2023-06-22 18:00:00,11.0000,100.0000,25.0000,97.0000,2.1000,0.0968
2023-06-22 19:00:00,0.0000,100.0000,25.0000,97.0000,1.5000,0.0000
2023-06-22 20:00:00,0.0000,80.0000,25.0000,97.0000,3.6000,0.0000
2023-06-22 21:00:00,0.0000,90.0000,25.0000,97.0000,3.1000,0.0000
2023-06-22 22:00:00,0.0000,90.0000,25.0000,94.0000,2.1000,0.0000
2023-06-22 23:00:00,0.0000,90.0000,25.6000,91.0000,2.6000,0.0000
2023-06-23 00:00:00,0.0000,80.0000,25.0000,91.0000,2.6000,0.0000
2023-06-23 01:00:00,0.0000,60.0000,25.0000,88.0000,2.1000,0.0000
2023-06-23 02:00:00,0.0000,60.0000,25.0000,88.0000,2.1000,0.0000
2023-06-23 03:00:00,0.0000,60.0000,25.0000,88.0000,2.1000,0.0000
2023-06-23 04:00:00,0.0000,90.0000,25.0000,91.0000,1.5000,0.0000
2023-06-23 05:00:00,8.0000,90.0000,25.0000,91.0000,2.1000,0.0000
2023-06-23 06:00:00,80.0000,90.0000,25.0000,91.0000,1.5000,0.4682
2023-06-23 07:00:00,224.0000,70.0000,26.7000,88.0000,3.1000,1.0716
2023-06-23 08:00:00,379.0000,90.0000,28.9000,77.0000,3.6000,1.7773
2023-06-23 09:00:00,627.0000,90.0000,29.4000,75.0000,4.1000,2.2755
2023-06-23 10:00:00,753.0000,90.0000,30.6000,70.0000,3.6000,1.8608
2023-06-23 11:00:00,831.0000,90.0000,31.1000,63.0000,2.6000,1.1114
2023-06-23 12:00:00,794.0000,90.0000,31.1000,63.0000,1.5000,1.0036
2023-06-23 13:00:00,596.0000,90.0000,31.7000,61.0000,4.1000,0.9834
2023-06-23 14:00:00,630.0000,90.0000,30.0000,72.0000,4.6000,0.7521
2023-06-23 15:00:00,243.0000,100.0000,25.0000,91.0000,6.7000,0.7531
2023-06-23 16:00:00,150.0000,100.0000,24.4000,94.0000,5.2000,0.6751
2023-06-23 17:00:00,73.0000,100.0000,25.0000,91.0000,1.5000,0.2817
2023-06-23 18:00:00,23.0000,100.0000,25.0000,91.0000,2.1000,0.0331
2023-06-23 19:00:00,2.0000,100.0000,24.4000,94.0000,2.1000,0.0000
2023-06-23 20:00:00,0.0000,100.0000,23.9000,90.0000,2.6000,0.0000
2023-06-23 21:00:00,0.0000,90.0000,25.0000,85.0000,2.1000,0.0000
2023-06-23 22:00:00,0.0000,90.0000,25.0000,85.0000,2.1000,0.0000
2023-06-23 23:00:00,0.0000,70.0000,25.6000,82.0000,1.5000,0.0000
2023-06-24 00:00:00,0.0000,70.0000,25.6000,91.0000,1.5000,0.0000
2023-06-24 01:00:00,0.0000,60.0000,25.6000,91.0000,2.1000,0.0000
2023-06-24 02:00:00,0.0000,30.0000,25.6000,91.0000,1.0000,0.0000
2023-06-24 03:00:00,0.0000,30.0000,25.6000,91.0000,1.0000,0.0000
2023-06-24 04:00:00,0.0000,30.0000,25.0000,94.0000,2.1000,0.0000
2023-06-24 05:00:00,7.0000,80.0000,25.0000,91.0000,1.5000,0.0000
2023-06-24 06:00:00,90.0000,100.0000,25.6000,85.0000,1.5000,0.5361
2023-06-24 07:00:00,285.0000,100.0000,27.8000,79.0000,1.5000,1.0697
2023-06-24 08:00:00,496.0000,100.0000,29.4000,72.0000,2.1000,1.7185
2023-06-24 09:00:00,672.0000,100.0000,30.0000,75.0000,1.5000,2.3862
2023-06-24 10:00:00,682.0000,100.0000,30.6000,70.0000,2.6000,2.8219
2023-06-24 11:00:00,505.0000,100.0000,31.1000,68.0000,4.1000,2.9490
2023-06-24 12:00:00,204.0000,100.0000,26.1000,85.0000,3.1000,2.6038
2023-06-24 13:00:00,290.0000,100.0000,27.2000,77.0000,2.6000,2.3360
2023-06-24 14:00:00,359.0000,100.0000,27.8000,74.0000,2.1000,1.7571
2023-06-24 15:00:00,273.0000,100.0000,28.3000,77.0000,2.1000,0.8101
2023-06-24 16:00:00,123.0000,100.0000,25.6000,88.0000,5.2000,0.4500
2023-06-24 17:00:00,70.0000,100.0000,25.6000,79.0000,2.6000,0.1813
2023-06-24 18:00:00,42.0000,100.0000,25.6000,77.0000,2.6000,0.0366
2023-06-24 19:00:00,4.0000,100.0000,25.6000,82.0000,1.5000,0.0000
2023-06-24 20:00:00,0.0000,100.0000,25.6000,82.0000,2.1000,0.0000
2023-06-24 21:00:00,0.0000,100.0000,25.6000,88.0000,2.1000,0.0000
2023-06-24 22:00:00,0.0000,70.0000,25.6000,85.0000,2.6000,0.0000
2023-06-24 23:00:00,0.0000,70.0000,25.6000,85.0000,2.1000,0.0000
2023-06-25 00:00:00,0.0000,70.0000,25.6000,85.0000,2.6000,0.0000
2023-06-25 01:00:00,0.0000,70.0000,25.6000,85.0000,1.5000,0.0000
2023-06-25 02:00:00,0.0000,70.0000,25.6000,85.0000,2.1000,0.0000
2023-06-25 03:00:00,0.0000,60.0000,25.6000,94.0000,1.5000,0.0000
2023-06-25 04:00:00,0.0000,60.0000,25.6000,94.0000,2.1000,0.0000
2023-06-25 05:00:00,14.0000,90.0000,25.6000,94.0000,2.6000,0.0000
2023-06-25 06:00:00,96.0000,90.0000,25.6000,97.0000,2.6000,0.4831
2023-06-25 07:00:00,296.0000,90.0000,27.8000,85.0000,3.1000,1.1044
2023-06-25 08:00:00,504.0000,90.0000,28.9000,80.0000,3.6000,1.8872
2023-06-25 09:00:00,633.0000,90.0000,30.0000,77.0000,3.6000,2.3717
2023-06-25 10:00:00,748.0000,90.0000,31.7000,70.0000,3.6000,2.1890
2023-06-25 11:00:00,864.0000,80.0000,31.1000,70.0000,3.1000,1.3992
2023-06-25 12:00:00,749.0000,70.0000,31.7000,68.0000,4.1000,0.9666
2023-06-25 13:00:00,774.0000,80.0000,31.7000,68.0000,5.2000,1.2743
2023-06-25 14:00:00,796.0000,30.0000,31.7000,72.0000,6.2000,1.2408
2023-06-25 15:00:00,615.0000,70.0000,31.7000,70.0000,6.2000,0.8045
2023-06-25 16:00:00,332.0000,70.0000,31.7000,70.0000,6.2000,0.3825
2023-06-25 17:00:00,192.0000,80.0000,29.4000,59.0000,3.1000,0.2125
2023-06-25 18:00:00,71.0000,80.0000,29.4000,61.0000,3.6000,0.0810
2023-06-25 19:00:00,3.0000,80.0000,29.4000,70.0000,2.6000,0.0000
2023-06-25 20:00:00,0.0000,80.0000,29.4000,77.0000,3.1000,0.0000
2023-06-25 21:00:00,0.0000,70.0000,28.9000,80.0000,3.1000,0.0000
2023-06-25 22:00:00,0.0000,0.0000,28.9000,80.0000,3.1000,0.0000
2023-06-25 23:00:00,0.0000,0.0000,28.3000,82.0000,2.6000,0.0000
2023-06-26 00:00:00,0.0000,0.0000,27.8000,85.0000,2.1000,0.0000
2023-06-26 01:00:00,0.0000,0.0000,27.2000,88.0000,2.1000,0.0000
2023-06-26 02:00:00,0.0000,0.0000,26.1000,94.0000,2.1000,0.0000
2023-06-26 03:00:00,0.0000,0.0000,26.1000,94.0000,2.1000,0.0000
2023-06-26 04:00:00,0.0000,0.0000,26.1000,94.0000,2.1000,0.0000
2023-06-26 05:00:00,12.0000,0.0000,26.1000,94.0000,2.6000,0.0000
2023-06-26 06:00:00,103.0000,0.0000,26.1000,94.0000,3.1000,0.4772
2023-06-26 07:00:00,294.0000,0.0000,27.8000,88.0000,3.1000,1.1012
2023-06-26 08:00:00,516.0000,20.0000,29.4000,80.0000,3.1000,1.8343
2023-06-26 09:00:00,691.0000,30.0000,30.0000,72.0000,2.1000,2.3970
2023-06-26 10:00:00,794.0000,40.0000,31.1000,65.0000,3.1000,2.8153
2023-06-26 11:00:00,803.0000,60.0000,31.7000,66.0000,2.6000,2.9567
2023-06-26 12:00:00,749.0000,40.0000,31.7000,70.0000,3.1000,2.8069
2023-06-26 13:00:00,812.0000,40.0000,30.6000,75.0000,4.1000,2.9646
2023-06-26 14:00:00,786.0000,20.0000,32.2000,68.0000,4.6000,2.7056
2023-06-26 15:00:00,636.0000,30.0000,31.7000,70.0000,4.6000,1.9052
2023-06-26 16:00:00,450.0000,20.0000,31.7000,68.0000,5.7000,1.0425
2023-06-26 17:00:00,246.0000,30.0000,31.7000,68.0000,3.6000,0.4968
2023-06-26 18:00:00,75.0000,30.0000,31.1000,68.0000,2.6000,0.1233
2023-06-26 19:00:00,4.0000,0.0000,30.6000,68.0000,3.6000,0.0000
2023-06-26 20:00:00,0.0000,70.0000,30.0000,70.0000,3.1000,0.0000
2023-06-26 21:00:00,0.0000,70.0000,29.4000,75.0000,2.6000,0.0000
2023-06-26 22:00:00,0.0000,40.0000,28.9000,77.0000,3.1000,0.0000
2023-06-26 23:00:00,0.0000,50.0000,28.3000,80.0000,3.1000,0.0000
2023-06-27 00:00:00,0.0000,50.0000,27.8000,82.0000,2.1000,0.0000
2023-06-27 01:00:00,0.0000,50.0000,27.2000,85.0000,2.1000,0.0000
2023-06-27 02:00:00,0.0000,20.0000,27.2000,88.0000,2.1000,0.0000
2023-06-27 03:00:00,0.0000,20.0000,26.7000,91.0000,2.1000,0.0000
2023-06-27 04:00:00,0.0000,10.0000,26.7000,91.0000,1.5000,0.0000
2023-06-27 05:00:00,18.0000,70.0000,26.1000,94.0000,2.1000,0.0000
2023-06-27 06:00:00,103.0000,60.0000,26.1000,91.0000,2.1000,0.4819
2023-06-27 07:00:00,284.0000,70.0000,28.3000,80.0000,2.6000,1.1397
2023-06-27 08:00:00,448.0000,70.0000,29.4000,77.0000,4.1000,1.9424
2023-06-27 09:00:00,517.0000,90.0000,31.1000,68.0000,3.6000,2.5219
2023-06-27 10:00:00,611.0000,90.0000,31.1000,63.0000,3.1000,2.8254
2023-06-27 11:00:00,803.0000,90.0000,32.2000,57.0000,2.6000,2.8111
2023-06-27 12:00:00,791.0000,90.0000,32.8000,58.0000,2.6000,2.8975
2023-06-27 13:00:00,682.0000,90.0000,32.8000,54.0000,2.1000,3.0005
2023-06-27 14:00:00,596.0000,90.0000,33.9000,52.0000,2.1000,2.7872
2023-06-27 15:00:00,477.0000,80.0000,32.2000,61.0000,6.2000,2.1682
2023-06-27 16:00:00,442.0000,70.0000,31.7000,63.0000,5.2000,1.4538
2023-06-27 17:00:00,90.0000,90.0000,31.7000,70.0000,5.7000,0.6304
2023-06-27 18:00:00,31.0000,90.0000,28.9000,53.0000,4.1000,0.1365
2023-06-27 19:00:00,5.0000,100.0000,26.1000,62.0000,6.7000,0.0000
2023-06-27 20:00:00,0.0000,100.0000,26.7000,56.0000,3.1000,0.0000
2023-06-27 21:00:00,0.0000,100.0000,27.2000,54.0000,3.6000,0.0000
2023-06-27 22:00:00,0.0000,70.0000,26.7000,65.0000,3.1000,0.0000
2023-06-27 23:00:00,0.0000,40.0000,26.7000,72.0000,2.6000,0.0000
2023-06-28 00:00:00,0.0000,40.0000,26.7000,82.0000,2.1000,0.0000
2023-06-28 01:00:00,0.0000,50.0000,26.7000,85.0000,2.6000,0.0000
2023-06-28 02:00:00,0.0000,10.0000,26.7000,82.0000,2.1000,0.0000
2023-06-28 03:00:00,0.0000,10.0000,25.6000,85.0000,2.1000,0.0000
2023-06-28 04:00:00,0.0000,30.0000,25.6000,85.0000,1.5000,0.0000
2023-06-28 05:00:00,10.0000,70.0000,25.6000,79.0000,2.1000,0.0000
2023-06-28 06:00:00,58.0000,70.0000,26.7000,72.0000,2.1000,0.4875
2023-06-28 07:00:00,217.0000,90.0000,28.3000,77.0000,3.1000,1.1415
2023-06-28 08:00:00,338.0000,90.0000,29.4000,67.0000,2.6000,1.6458
2023-06-28 09:00:00,525.0000,90.0000,30.0000,65.0000,4.1000,2.0498
2023-06-28 10:00:00,732.0000,90.0000,31.7000,59.0000,2.1000,2.5300
2023-06-28 11:00:00,682.0000,90.0000,32.2000,57.0000,4.1000,2.9221
2023-06-28 12:00:00,280.0000,90.0000,29.4000,67.0000,5.2000,2.7028
2023-06-28 13:00:00,608.0000,90.0000,27.8000,67.0000,4.6000,2.3823
2023-06-28 14:00:00,382.0000,90.0000,27.8000,69.0000,3.1000,2.0594
2023-06-28 15:00:00,450.0000,100.0000,28.3000,67.0000,6.2000,1.8098
2023-06-28 16:00:00,208.0000,100.0000,27.8000,72.0000,1.5000,1.0934
2023-06-28 17:00:00,129.0000,90.0000,28.3000,72.0000,2.6000,0.2328
2023-06-28 18:00:00,52.0000,90.0000,27.8000,69.0000,2.1000,0.0563
2023-06-28 19:00:00,1.0000,90.0000,27.2000,72.0000,5.2000,0.0000
2023-06-28 20:00:00,0.0000,100.0000,26.7000,74.0000,5.2000,0.0000
2023-06-28 21:00:00,0.0000,100.0000,26.1000,77.0000,6.2000,0.0000
2023-06-28 22:00:00,0.0000,100.0000,26.1000,79.0000,4.1000,0.0000
2023-06-28 23:00:00,0.0000,80.0000,26.1000,79.0000,4.1000,0.0000
2023-06-29 00:00:00,0.0000,80.0000,26.1000,79.0000,2.6000,0.0000
2023-06-29 01:00:00,0.0000,80.0000,26.1000,79.0000,2.6000,0.0000
2023-06-29 02:00:00,0.0000,80.0000,25.0000,91.0000,1.5000,0.0000
2023-06-29 03:00:00,0.0000,80.0000,25.0000,85.0000,2.1000,0.0000
2023-06-29 04:00:00,0.0000,80.0000,25.0000,85.0000,2.6000,0.0000
2023-06-29 05:00:00,10.0000,30.0000,24.4000,87.0000,2.6000,0.0000
2023-06-29 06:00:00,99.0000,40.0000,25.0000,85.0000,2.6000,0.4640
2023-06-29 07:00:00,260.0000,50.0000,28.9000,82.0000,1.5000,0.9832
2023-06-29 08:00:00,214.0000,70.0000,29.4000,77.0000,2.1000,1.5485
2023-06-29 09:00:00,378.0000,90.0000,28.9000,82.0000,3.6000,2.2337
2023-06-29 10:00:00,355.0000,100.0000,29.4000,80.0000,2.6000,2.5231
2023-06-29 11:00:00,404.0000,100.0000,29.4000,82.0000,2.1000,1.8821
2023-06-29 12:00:00,326.0000,100.0000,27.8000,79.0000,6.7000,1.7141
2023-06-29 13:00:00,463.0000,100.0000,27.8000,82.0000,2.6000,1.9459
2023-06-29 14:00:00,381.0000,100.0000,28.3000,77.0000,2.6000,1.6468
2023-06-29 15:00:00,294.0000,100.0000,26.7000,77.0000,3.1000,1.3282
2023-06-29 16:00:00,130.0000,100.0000,26.7000,74.0000,2.6000,0.6628
2023-06-29 17:00:00,86.0000,100.0000,26.7000,74.0000,2.6000,0.3633
2023-06-29 18:00:00,22.0000,100.0000,27.1000,73.0000,2.5000,0.0989
2023-06-29 19:00:00,3.0000,100.0000,27.1000,80.0000,2.4000,0.0000
2023-06-29 20:00:00,0.0000,90.0000,26.4000,83.0000,2.1000,0.0000
2023-06-29 21:00:00,0.0000,70.0000,26.2000,84.0000,2.3000,0.0000
2023-06-29 22:00:00,0.0000,60.0000,26.4000,85.0000,1.9000,0.0000
2023-06-29 23:00:00,0.0000,70.0000,26.5000,85.0000,2.0000,0.0000
2023-06-30 00:00:00,0.0000,90.0000,26.9000,83.0000,2.1000,0.0000
2023-06-30 01:00:00,0.0000,80.0000,27.0000,82.0000,2.2000,0.0000
2023-06-30 02:00:00,0.0000,60.0000,27.2000,80.0000,1.8000,0.0000
2023-06-30 03:00:00,0.0000,60.0000,26.4000,84.0000,2.1000,0.0000
2023-06-30 04:00:00,0.0000,90.0000,26.3000,86.0000,5.0000,0.0000
2023-06-30 05:00:00,12.0000,80.0000,25.8000,86.0000,1.6000,0.0000
2023-06-30 06:00:00,67.0000,80.0000,27.2000,82.0000,2.6000,0.4336
2023-06-30 07:00:00,108.0000,80.0000,26.7000,77.0000,3.1000,0.8162
2023-06-30 08:00:00,196.0000,80.0000,25.6000,85.0000,6.2000,1.1464
2023-06-30 09:00:00,326.0000,80.0000,27.2000,79.0000,3.1000,1.4001
2023-06-30 10:00:00,434.0000,80.0000,27.2000,79.0000,5.2000,1.4669
2023-06-30 11:00:00,882.0000,70.0000,28.9000,74.0000,2.6000,1.5027
2023-06-30 12:00:00,919.0000,50.0000,30.6000,63.0000,3.6000,1.6063
2023-06-30 13:00:00,760.0000,50.0000,30.6000,63.0000,4.6000,1.6328
2023-06-30 14:00:00,824.0000,50.0000,30.6000,61.0000,5.2000,1.3431
2023-06-30 15:00:00,647.0000,80.0000,30.0000,65.0000,5.2000,0.8564
2023-06-30 16:00:00,402.0000,70.0000,29.4000,63.0000,3.6000,0.4267
2023-06-30 17:00:00,223.0000,70.0000,29.4000,61.0000,3.1000,0.2190
2023-06-30 18:00:00,63.0000,90.0000,28.3000,67.0000,2.1000,0.0495
2023-06-30 19:00:00,4.0000,80.0000,28.3000,70.0000,2.1000,0.0000
2023-06-30 20:00:00,0.0000,60.0000,26.7000,79.0000,3.6000,0.0000
2023-06-30 21:00:00,0.0000,30.0000,26.1000,85.0000,2.1000,0.0000
2023-06-30 22:00:00,0.0000,10.0000,26.1000,85.0000,1.0000,0.0000
2023-06-30 23:00:00,0.0000,30.0000,25.6000,88.0000,2.1000,0.0000
2023-07-01 00:00:00,0.0000,50.0000,25.6000,85.0000,1.5000,0.0000
2023-07-01 01:00:00,0.0000,10.0000,25.0000,85.0000,2.1000,0.0000
2023-07-01 02:00:00,0.0000,40.0000,24.4000,90.0000,2.6000,0.0000
2023-07-01 03:00:00,0.0000,30.0000,24.4000,90.0000,2.6000,0.0000
2023-07-01 04:00:00,0.0000,50.0000,24.4000,90.0000,1.0000,0.0000
2023-07-01 05:00:00,11.0000,50.0000,25.0000,90.0000,2.1000,0.0000
2023-07-01 06:00:00,68.0000,50.0000,25.6000,88.0000,2.1000,0.2784
2023-07-01 07:00:00,241.0000,30.0000,27.2000,79.0000,0.0000,0.5232
2023-07-01 08:00:00,455.0000,50.0000,28.9000,65.0000,4.1000,0.9755
2023-07-01 09:00:00,696.0000,40.0000,30.0000,61.0000,4.1000,1.4862
2023-07-01 10:00:00,828.0000,70.0000,30.6000,63.0000,4.6000,2.3330
2023-07-01 11:00:00,979.0000,40.0000,30.0000,63.0000,4.6000,3.2403
2023-07-01 12:00:00,958.0000,50.0000,30.6000,63.0000,4.1000,3.1283
2023-07-01 13:00:00,932.0000,30.0000,30.6000,65.0000,6.2000,3.0128
2023-07-01 14:00:00,867.0000,30.0000,31.1000,59.0000,5.7000,2.8582
2023-07-01 15:00:00,693.0000,80.0000,30.6000,63.0000,5.7000,2.0465
2023-07-01 16:00:00,479.0000,70.0000,30.0000,68.0000,5.2000,1.2820
2023-07-01 17:00:00,221.0000,80.0000,29.4000,67.0000,4.1000,0.5937
2023-07-01 18:00:00,77.0000,80.0000,28.3000,72.0000,2.6000,0.1294
2023-07-01 19:00:00,5.0000,70.0000,27.8000,74.0000,1.5000,0.0000
2023-07-01 20:00:00,0.0000,70.0000,27.8000,74.0000,1.5000,0.0000
2023-07-01 21:00:00,0.0000,70.0000,27.8000,69.0000,1.0000,0.0000
2023-07-01 22:00:00,0.0000,60.0000,27.8000,72.0000,1.0000,0.0000
2023-07-01 23:00:00,0.0000,30.0000,27.8000,74.0000,1.0000,0.0000
2023-07-02 00:00:00,0.0000,30.0000,26.7000,79.0000,1.5000,0.0000
2023-07-02 01:00:00,0.0000,30.0000,26.1000,82.0000,1.5000,0.0000
2023-07-02 02:00:00,0.0000,0.0000,26.1000,82.0000,1.0000,0.0000
2023-07-02 03:00:00,0.0000,10.0000,25.6000,88.0000,2.1000,0.0000
2023-07-02 04:00:00,0.0000,30.0000,25.6000,88.0000,2.1000,0.0000
2023-07-02 05:00:00,10.0000,20.0000,26.1000,85.0000,1.5000,0.0000
2023-07-02 06:00:00,90.0000,10.0000,27.2000,82.0000,2.6000,0.4298
2023-07-02 07:00:00,280.0000,50.0000,28.3000,77.0000,5.2000,1.0730
2023-07-02 08:00:00,462.0000,50.0000,29.4000,70.0000,4.1000,1.8933
2023-07-02 09:00:00,669.0000,50.0000,30.0000,68.0000,5.2000,2.6073
2023-07-02 10:00:00,854.0000,30.0000,30.6000,63.0000,5.2000,3.1075
2023-07-02 11:00:00,931.0000,20.0000,31.1000,57.0000,4.6000,3.3634
2023-07-02 12:00:00,978.0000,30.0000,31.1000,63.0000,5.2000,3.4785
2023-07-02 13:00:00,962.0000,40.0000,31.1000,63.0000,6.2000,3.3617
2023-07-02 14:00:00,845.0000,40.0000,31.7000,64.0000,5.2000,3.0010
2023-07-02 15:00:00,692.0000,20.0000,31.1000,63.0000,4.1000,2.3207
2023-07-02 16:00:00,497.0000,20.0000,31.1000,59.0000,5.2000,1.4534
2023-07-02 17:00:00,189.0000,70.0000,29.4000,65.0000,4.1000,0.5996
2023-07-02 18:00:00,34.0000,70.0000,28.9000,72.0000,3.1000,0.1516
2023-07-02 19:00:00,2.0000,40.0000,28.3000,74.0000,2.6000,0.0000
2023-07-02 20:00:00,0.0000,30.0000,28.3000,74.0000,3.1000,0.0000
2023-07-02 21:00:00,0.0000,30.0000,28.3000,74.0000,2.1000,0.0000
2023-07-02 22:00:00,0.0000,30.0000,27.8000,74.0000,3.1000,0.0000
2023-07-02 23:00:00,0.0000,0.0000,27.8000,79.0000,1.5000,0.0000
2023-07-03 00:00:00,0.0000,0.0000,27.2000,82.0000,0.0000,0.0000
2023-07-03 01:00:00,0.0000,0.0000,26.7000,85.0000,1.0000,0.0000
2023-07-03 02:00:00,0.0000,20.0000,27.2000,82.0000,1.0000,0.0000
2023-07-03 03:00:00,0.0000,20.0000,25.6000,91.0000,1.0000,0.0000
2023-07-03 04:00:00,0.0000,20.0000,25.6000,88.0000,1.0000,0.0000
2023-07-03 05:00:00,9.0000,60.0000,25.6000,88.0000,1.0000,0.0000
2023-07-03 06:00:00,90.0000,20.0000,26.7000,85.0000,1.0000,0.3030
2023-07-03 07:00:00,304.0000,30.0000,28.3000,77.0000,1.0000,1.2316
2023-07-03 08:00:00,448.0000,70.0000,29.4000,70.0000,2.1000,1.8434
2023-07-03 09:00:00,540.0000,90.0000,30.6000,65.0000,1.0000,2.6253
2023-07-03 10:00:00,677.0000,90.0000,31.1000,59.0000,1.5000,3.1636
2023-07-03 11:00:00,886.0000,80.0000,32.2000,54.0000,4.1000,3.4149
2023-07-03 12:00:00,1012.0000,70.0000,32.2000,60.0000,5.2000,3.5535
2023-07-03 13:00:00,999.0000,100.0000,32.2000,60.0000,6.2000,3.2922
2023-07-03 14:00:00,828.0000,90.0000,31.1000,68.0000,6.2000,2.9800
2023-07-03 15:00:00,538.0000,80.0000,30.6000,61.0000,5.2000,2.3883
2023-07-03 16:00:00,404.0000,80.0000,30.6000,63.0000,3.6000,1.3920
2023-07-03 17:00:00,219.0000,80.0000,30.0000,68.0000,4.1000,0.4529
2023-07-03 18:00:00,46.0000,90.0000,29.4000,70.0000,2.6000,0.0627
2023-07-03 19:00:00,5.0000,70.0000,28.9000,74.0000,2.1000,0.0000
2023-07-03 20:00:00,0.0000,50.0000,28.3000,74.0000,2.1000,0.0000
2023-07-03 21:00:00,0.0000,40.0000,28.3000,74.0000,2.1000,0.0000
2023-07-03 22:00:00,0.0000,30.0000,27.8000,79.0000,1.5000,0.0000
2023-07-03 23:00:00,0.0000,20.0000,27.2000,82.0000,1.0000,0.0000
2023-07-04 00:00:00,0.0000,20.0000,26.7000,85.0000,1.5000,0.0000
2023-07-04 01:00:00,0.0000,20.0000,26.7000,85.0000,2.6000,0.0000
2023-07-04 02:00:00,0.0000,20.0000,26.1000,88.0000,1.5000,0.0000
2023-07-04 03:00:00,0.0000,20.0000,26.1000,91.0000,2.1000,0.0000
2023-07-04 04:00:00,0.0000,30.0000,26.1000,88.0000,2.1000,0.0000
2023-07-04 05:00:00,6.0000,40.0000,25.6000,91.0000,1.0000,0.0000
2023-07-04 06:00:00,80.0000,20.0000,26.1000,91.0000,1.5000,0.4697
2023-07-04 07:00:00,302.0000,30.0000,28.9000,77.0000,3.1000,1.0958
2023-07-04 08:00:00,530.0000,40.0000,30.0000,68.0000,4.1000,1.6867
2023-07-04 09:00:00,685.0000,60.0000,31.1000,57.0000,2.6000,2.2146
2023-07-04 10:00:00,697.0000,90.0000,31.7000,59.0000,2.6000,2.8318
2023-07-04 11:00:00,602.0000,90.0000,32.2000,56.0000,4.6000,3.3191
2023-07-04 12:00:00,684.0000,90.0000,29.4000,65.0000,4.6000,3.4487
2023-07-04 13:00:00,617.0000,90.0000,31.7000,66.0000,5.7000,3.3932
2023-07-04 14:00:00,246.0000,100.0000,25.0000,82.0000,1.0000,2.6517
2023-07-04 15:00:00,310.0000,90.0000,26.7000,85.0000,2.6000,1.8731
2023-07-04 16:00:00,104.0000,90.0000,25.6000,79.0000,4.6000,1.2509
2023-07-04 17:00:00,145.0000,90.0000,25.0000,82.0000,2.1000,0.5507
2023-07-04 18:00:00,51.0000,90.0000,25.0000,87.0000,3.1000,0.0874
2023-07-04 19:00:00,1.0000,100.0000,25.0000,87.0000,2.1000,0.0000
2023-07-04 20:00:00,0.0000,100.0000,25.0000,87.0000,1.5000,0.0000
2023-07-04 21:00:00,0.0000,100.0000,25.0000,90.0000,2.1000,0.0000
2023-07-04 22:00:00,0.0000,70.0000,25.0000,90.0000,2.6000,0.0000
2023-07-04 23:00:00,0.0000,80.0000,25.0000,90.0000,1.5000,0.0000
2023-07-05 00:00:00,0.0000,80.0000,25.6000,82.0000,2.6000,0.0000
2023-07-05 01:00:00,0.0000,60.0000,24.4000,90.0000,2.1000,0.0000
2023-07-05 02:00:00,0.0000,70.0000,24.4000,87.0000,1.5000,0.0000
2023-07-05 03:00:00,0.0000,60.0000,24.4000,87.0000,2.1000,0.0000
2023-07-05 04:00:00,0.0000,40.0000,24.4000,87.0000,2.1000,0.0000
2023-07-05 05:00:00,9.0000,80.0000,24.4000,87.0000,1.0000,0.0000
2023-07-05 06:00:00,108.0000,80.0000,25.6000,82.0000,1.5000,0.4671
2023-07-05 07:00:00,241.0000,80.0000,27.2000,79.0000,2.6000,1.1080
2023-07-05 08:00:00,504.0000,50.0000,28.9000,72.0000,3.6000,1.8526
2023-07-05 09:00:00,442.0000,90.0000,30.0000,65.0000,3.1000,2.3282
2023-07-05 10:00:00,574.0000,100.0000,30.0000,65.0000,3.1000,2.3629
2023-07-05 11:00:00,366.0000,100.0000,27.2000,77.0000,6.7000,2.4062
2023-07-05 12:00:00,222.0000,100.0000,26.7000,79.0000,4.6000,2.5182
2023-07-05 13:00:00,423.0000,100.0000,25.0000,87.0000,3.1000,1.7996
2023-07-05 14:00:00,309.0000,100.0000,26.7000,79.0000,3.1000,1.1327
2023-07-05 15:00:00,362.0000,100.0000,26.7000,79.0000,1.0000,0.8971
2023-07-05 16:00:00,175.0000,100.0000,27.2000,77.0000,1.5000,0.5354
2023-07-05 17:00:00,117.0000,100.0000,27.8000,77.0000,2.1000,0.3960
2023-07-05 18:00:00,27.0000,100.0000,27.8000,77.0000,2.1000,0.0975
2023-07-05 19:00:00,3.0000,90.0000,25.6000,85.0000,3.1000,0.0000
2023-07-05 20:00:00,0.0000,100.0000,25.6000,88.0000,1.0000,0.0000
2023-07-05 21:00:00,0.0000,100.0000,23.9000,94.0000,2.1000,0.0000
2023-07-05 22:00:00,0.0000,100.0000,23.9000,94.0000,1.0000,0.0000
2023-07-05 23:00:00,0.0000,100.0000,23.9000,94.0000,2.6000,0.0000
2023-07-06 00:00:00,0.0000,70.0000,24.4000,94.0000,2.1000,0.0000
2023-07-06 01:00:00,0.0000,50.0000,24.4000,90.0000,1.0000,0.0000
2023-07-06 02:00:00,0.0000,40.0000,24.4000,94.0000,1.0000,0.0000
2023-07-06 03:00:00,0.0000,30.0000,24.4000,90.0000,1.0000,0.0000
2023-07-06 04:00:00,0.0000,80.0000,23.9000,94.0000,1.0000,0.0000
2023-07-06 05:00:00,11.0000,50.0000,24.4000,90.0000,0.0000,0.0000
2023-07-06 06:00:00,82.0000,30.0000,24.4000,90.0000,1.5000,0.4358
2023-07-06 07:00:00,274.0000,40.0000,26.7000,79.0000,1.0000,1.1123
2023-07-06 08:00:00,495.0000,40.0000,27.8000,74.0000,1.0000,1.5779
2023-07-06 09:00:00,698.0000,40.0000,28.9000,70.0000,1.5000,1.8392
2023-07-06 10:00:00,539.0000,80.0000,30.0000,63.0000,1.5000,1.7858
2023-07-06 11:00:00,392.0000,100.0000,29.4000,70.0000,5.2000,1.1586
2023-07-06 12:00:00,226.0000,100.0000,25.0000,82.0000,3.6000,1.2441
2023-07-06 13:00:00,573.0000,80.0000,24.4000,87.0000,3.1000,1.4569
2023-07-06 14:00:00,590.0000,80.0000,25.6000,88.0000,1.5000,1.3126
2023-07-06 15:00:00,553.0000,80.0000,27.2000,79.0000,1.0000,1.1265
2023-07-06 16:00:00,260.0000,90.0000,27.8000,79.0000,2.1000,0.6311
2023-07-06 17:00:00,139.0000,90.0000,27.8000,79.0000,1.0000,0.2748
2023-07-06 18:00:00,64.0000,90.0000,27.8000,79.0000,2.1000,0.1832
2023-07-06 19:00:00,3.0000,90.0000,26.1000,82.0000,1.5000,0.0916
2023-07-06 20:00:00,0.0000,80.0000,25.6000,79.0000,1.0000,0.0000
2023-07-06 21:00:00,0.0000,40.0000,25.6000,85.0000,1.0000,0.0000
2023-07-06 22:00:00,0.0000,20.0000,25.0000,87.0000,1.5000,0.0000
2023-07-06 23:00:00,0.0000,20.0000,25.0000,94.0000,3.1000,0.0000
2023-07-07 00:00:00,0.0000,0.0000,25.0000,90.0000,1.0000,0.0000
2023-07-07 01:00:00,0.0000,0.0000,24.4000,94.0000,0.0000,0.0000
2023-07-07 02:00:00,0.0000,0.0000,23.9000,97.0000,0.0000,0.0000
2023-07-07 03:00:00,0.0000,0.0000,23.9000,97.0000,0.0000,0.0000
2023-07-07 04:00:00,0.0000,0.0000,23.3000,97.0000,0.0000,0.0000
2023-07-07 05:00:00,12.0000,20.0000,23.3000,97.0000,2.1000,0.0000
2023-07-07 06:00:00,87.0000,80.0000,23.9000,97.0000,1.0000,0.4261
2023-07-07 07:00:00,292.0000,30.0000,26.1000,91.0000,2.6000,1.0956
2023-07-07 08:00:00,516.0000,30.0000,27.8000,79.0000,3.6000,1.8619
2023-07-07 09:00:00,708.0000,30.0000,29.4000,67.0000,3.1000,2.1404
2023-07-07 10:00:00,868.0000,50.0000,30.6000,63.0000,4.1000,1.7974
2023-07-07 11:00:00,973.0000,50.0000,31.1000,59.0000,4.6000,1.2959
2023-07-07 12:00:00,1005.0000,60.0000,31.1000,59.0000,4.6000,1.5127
2023-07-07 13:00:00,974.0000,40.0000,32.2000,54.0000,2.6000,2.3055
2023-07-07 14:00:00,696.0000,70.0000,32.2000,54.0000,7.7000,2.2128
2023-07-07 15:00:00,314.0000,90.0000,28.3000,72.0000,7.7000,1.6362
2023-07-07 16:00:00,153.0000,90.0000,27.8000,72.0000,7.2000,0.8009
2023-07-07 17:00:00,58.0000,100.0000,23.9000,90.0000,8.8000,0.3896
2023-07-07 18:00:00,40.0000,100.0000,25.0000,90.0000,1.5000,0.1180
2023-07-07 19:00:00,0.0000,100.0000,24.4000,87.0000,6.2000,0.0000
2023-07-07 20:00:00,0.0000,80.0000,24.4000,85.0000,1.0000,0.0000
2023-07-07 21:00:00,0.0000,70.0000,24.4000,90.0000,0.0000,0.0000
2023-07-07 22:00:00,0.0000,40.0000,24.4000,87.0000,2.1000,0.0000
2023-07-07 23:00:00,0.0000,10.0000,24.4000,87.0000,2.1000,0.0000
2023-07-08 00:00:00,0.0000,0.0000,24.4000,90.0000,3.1000,0.0000
2023-07-08 01:00:00,0.0000,0.0000,24.4000,87.0000,4.6000,0.0000
2023-07-08 02:00:00,0.0000,0.0000,23.9000,87.0000,2.6000,0.0000
2023-07-08 03:00:00,0.0000,0.0000,25.0000,82.0000,2.6000,0.0000
2023-07-08 04:00:00,0.0000,0.0000,23.9000,87.0000,2.6000,0.0000
2023-07-08 05:00:00,6.0000,10.0000,23.9000,87.0000,2.1000,0.0000
2023-07-08 06:00:00,88.0000,10.0000,25.0000,85.0000,2.1000,0.4558
2023-07-08 07:00:00,270.0000,10.0000,26.7000,82.0000,2.1000,1.1396
2023-07-08 08:00:00,484.0000,40.0000,28.3000,80.0000,4.1000,1.9611
2023-07-08 09:00:00,523.0000,80.0000,25.0000,79.0000,1.5000,2.6161
2023-07-08 10:00:00,720.0000,40.0000,29.4000,70.0000,2.6000,3.1187
2023-07-08 11:00:00,543.0000,70.0000,28.3000,72.0000,5.2000,3.3584
2023-07-08 12:00:00,699.0000,80.0000,27.2000,82.0000,4.6000,3.5531
2023-07-08 13:00:00,637.0000,80.0000,27.8000,79.0000,5.7000,3.0788
2023-07-08 14:00:00,503.0000,60.0000,28.9000,72.0000,3.1000,2.0450
2023-07-08 15:00:00,599.0000,40.0000,30.6000,65.0000,3.6000,0.9961
2023-07-08 16:00:00,422.0000,40.0000,31.1000,59.0000,2.1000,0.4622
2023-07-08 17:00:00,265.0000,30.0000,30.6000,63.0000,3.1000,0.1776
2023-07-08 18:00:00,57.0000,40.0000,28.3000,72.0000,3.6000,0.0753
2023-07-08 19:00:00,1.0000,40.0000,27.2000,79.0000,0.0000,0.0000
2023-07-08 20:00:00,0.0000,30.0000,27.8000,74.0000,0.0000,0.0000
2023-07-08 21:00:00,0.0000,20.0000,27.2000,82.0000,2.1000,0.0000
2023-07-08 22:00:00,0.0000,20.0000,27.2000,79.0000,3.1000,0.0000
2023-07-08 23:00:00,0.0000,10.0000,26.7000,85.0000,2.1000,0.0000
2023-07-09 00:00:00,0.0000,0.0000,26.1000,85.0000,2.6000,0.0000
2023-07-09 01:00:00,0.0000,0.0000,25.6000,88.0000,2.1000,0.0000
2023-07-09 02:00:00,0.0000,0.0000,25.6000,88.0000,1.5000,0.0000
2023-07-09 03:00:00,0.0000,0.0000,25.0000,87.0000,2.1000,0.0000
2023-07-09 04:00:00,0.0000,0.0000,25.0000,90.0000,1.5000,0.0000
2023-07-09 05:00:00,11.0000,0.0000,24.4000,94.0000,1.5000,0.0000
2023-07-09 06:00:00,109.0000,0.0000,26.1000,88.0000,2.1000,0.4474
2023-07-09 07:00:00,316.0000,0.0000,27.8000,77.0000,2.6000,1.1063
2023-07-09 08:00:00,509.0000,10.0000,29.4000,67.0000,4.1000,1.6843
2023-07-09 09:00:00,685.0000,50.0000,30.6000,61.0000,5.2000,2.1523
2023-07-09 10:00:00,814.0000,40.0000,31.1000,55.0000,4.1000,2.3222
2023-07-09 11:00:00,716.0000,40.0000,31.7000,57.0000,2.6000,2.3496
2023-07-09 12:00:00,937.0000,40.0000,32.2000,64.0000,5.2000,2.5787
2023-07-09 13:00:00,1018.0000,50.0000,32.2000,60.0000,6.7000,2.2507
2023-07-09 14:00:00,812.0000,40.0000,31.7000,61.0000,4.1000,2.1793
2023-07-09 15:00:00,680.0000,30.0000,31.7000,61.0000,5.7000,2.0529
2023-07-09 16:00:00,464.0000,60.0000,31.1000,63.0000,5.2000,1.3956
2023-07-09 17:00:00,85.0000,100.0000,25.0000,76.0000,8.2000,0.6443
2023-07-09 18:00:00,63.0000,90.0000,25.0000,87.0000,2.6000,0.1069
2023-07-09 19:00:00,3.0000,80.0000,25.6000,82.0000,2.1000,0.0000
2023-07-09 20:00:00,0.0000,70.0000,26.1000,82.0000,1.0000,0.0000
2023-07-09 21:00:00,0.0000,40.0000,26.7000,82.0000,1.5000,0.0000
2023-07-09 22:00:00,0.0000,20.0000,26.7000,82.0000,2.6000,0.0000
2023-07-09 23:00:00,0.0000,10.0000,26.1000,85.0000,2.6000,0.0000
2023-07-10 00:00:00,0.0000,10.0000,26.1000,85.0000,2.1000,0.0000
2023-07-10 01:00:00,0.0000,10.0000,26.1000,85.0000,2.1000,0.0000
2023-07-10 02:00:00,0.0000,0.0000,25.6000,91.0000,1.5000,0.0000
2023-07-10 03:00:00,0.0000,0.0000,25.0000,90.0000,1.5000,0.0000
2023-07-10 04:00:00,0.0000,0.0000,25.0000,87.0000,1.5000,0.0000
2023-07-10 05:00:00,10.0000,0.0000,25.0000,90.0000,0.0000,0.0000
2023-07-10 06:00:00,104.0000,10.0000,26.7000,91.0000,0.0000,0.3712
2023-07-10 07:00:00,300.0000,10.0000,28.3000,77.0000,2.6000,1.0511
2023-07-10 08:00:00,517.0000,30.0000,29.4000,70.0000,2.1000,1.8949
2023-07-10 09:00:00,653.0000,50.0000,30.6000,68.0000,2.1000,2.5857
2023-07-10 10:00:00,686.0000,60.0000,31.7000,64.0000,2.6000,2.6904
2023-07-10 11:00:00,823.0000,60.0000,31.7000,64.0000,1.0000,2.9905
2023-07-10 12:00:00,957.0000,50.0000,31.7000,64.0000,5.2000,3.5805
2023-07-10 13:00:00,918.0000,40.0000,31.7000,64.0000,7.2000,3.4291
2023-07-10 14:00:00,680.0000,70.0000,28.9000,57.0000,5.2000,2.9004
2023-07-10 15:00:00,589.0000,60.0000,27.2000,77.0000,2.1000,2.3334
2023-07-10 16:00:00,470.0000,30.0000,30.6000,70.0000,5.2000,1.1808
2023-07-10 17:00:00,230.0000,40.0000,30.0000,72.0000,5.2000,0.2844
2023-07-10 18:00:00,66.0000,70.0000,29.4000,75.0000,3.1000,0.1273
2023-07-10 19:00:00,2.0000,70.0000,28.9000,77.0000,3.1000,0.0000
2023-07-10 20:00:00,0.0000,80.0000,28.3000,82.0000,3.1000,0.0000
2023-07-10 21:00:00,0.0000,70.0000,27.8000,82.0000,2.6000,0.0000
2023-07-10 22:00:00,0.0000,50.0000,27.8000,82.0000,2.6000,0.0000
2023-07-10 23:00:00,0.0000,10.0000,26.7000,88.0000,1.5000,0.0000
2023-07-11 00:00:00,0.0000,60.0000,26.7000,91.0000,2.6000,0.0000
2023-07-11 01:00:00,0.0000,60.0000,26.7000,85.0000,2.1000,0.0000
2023-07-11 02:00:00,0.0000,30.0000,26.1000,91.0000,1.5000,0.0000
2023-07-11 03:00:00,0.0000,30.0000,26.1000,91.0000,2.1000,0.0000
2023-07-11 04:00:00,0.0000,20.0000,26.1000,91.0000,2.1000,0.0000
2023-07-11 05:00:00,6.0000,40.0000,26.1000,91.0000,0.0000,0.0000
2023-07-11 06:00:00,63.0000,40.0000,27.2000,85.0000,1.5000,0.3777
2023-07-11 07:00:00,273.0000,30.0000,28.3000,82.0000,2.6000,1.0842
2023-07-11 08:00:00,331.0000,70.0000,29.4000,75.0000,3.6000,1.8738
2023-07-11 09:00:00,699.0000,30.0000,31.1000,63.0000,6.2000,2.3146
2023-07-11 10:00:00,818.0000,30.0000,31.7000,61.0000,6.2000,2.6531
2023-07-11 11:00:00,949.0000,80.0000,32.2000,56.0000,6.7000,3.1975
2023-07-11 12:00:00,975.0000,100.0000,32.2000,60.0000,6.2000,3.4519
2023-07-11 13:00:00,907.0000,80.0000,32.2000,60.0000,7.2000,3.1059
2023-07-11 14:00:00,795.0000,70.0000,32.2000,54.0000,7.2000,2.5754
2023-07-11 15:00:00,657.0000,80.0000,31.7000,57.0000,6.2000,2.1542
2023-07-11 16:00:00,487.0000,90.0000,31.7000,61.0000,5.7000,1.4927
2023-07-11 17:00:00,230.0000,90.0000,30.6000,65.0000,5.7000,0.6018
2023-07-11 18:00:00,77.0000,90.0000,29.4000,70.0000,5.7000,0.1297
2023-07-11 19:00:00,4.0000,80.0000,28.9000,74.0000,4.6000,0.0000
2023-07-11 20:00:00,0.0000,70.0000,28.9000,74.0000,3.6000,0.0000
2023-07-11 21:00:00,0.0000,50.0000,28.3000,77.0000,1.5000,0.0000
2023-07-11 22:00:00,0.0000,30.0000,27.8000,82.0000,1.5000,0.0000
2023-07-11 23:00:00,0.0000,20.0000,27.2000,82.0000,1.5000,0.0000
2023-07-12 00:00:00,0.0000,10.0000,26.7000,88.0000,1.5000,0.0000
2023-07-12 01:00:00,0.0000,20.0000,26.7000,88.0000,1.5000,0.0000
2023-07-12 02:00:00,0.0000,10.0000,27.2000,82.0000,2.6000,0.0000
2023-07-12 03:00:00,0.0000,20.0000,27.8000,77.0000,2.1000,0.0000
2023-07-12 04:00:00,0.0000,20.0000,27.8000,79.0000,2.6000,0.0000
2023-07-12 05:00:00,8.0000,30.0000,28.3000,77.0000,3.6000,0.0000
2023-07-12 06:00:00,95.0000,40.0000,28.3000,74.0000,4.1000,0.4322
2023-07-12 07:00:00,300.0000,70.0000,29.4000,70.0000,5.2000,0.9585
2023-07-12 08:00:00,500.0000,80.0000,30.0000,68.0000,7.2000,1.7876
2023-07-12 09:00:00,624.0000,80.0000,30.6000,70.0000,7.2000,2.6412
2023-07-12 10:00:00,576.0000,70.0000,31.1000,70.0000,5.7000,3.1246
2023-07-12 11:00:00,725.0000,100.0000,31.7000,66.0000,6.2000,3.4885
2023-07-12 12:00:00,920.0000,100.0000,31.1000,66.0000,5.7000,3.5150
2023-07-12 13:00:00,962.0000,80.0000,31.1000,66.0000,5.7000,3.2933
2023-07-12 14:00:00,782.0000,80.0000,31.7000,66.0000,6.2000,2.8601
2023-07-12 15:00:00,615.0000,90.0000,31.1000,68.0000,5.2000,2.2896
2023-07-12 16:00:00,445.0000,90.0000,31.1000,63.0000,5.7000,1.4881
2023-07-12 17:00:00,254.0000,80.0000,30.0000,70.0000,6.2000,0.6294
2023-07-12 18:00:00,77.0000,50.0000,28.9000,72.0000,5.7000,0.1516
2023-07-12 19:00:00,4.0000,20.0000,28.9000,72.0000,3.6000,0.0000
2023-07-12 20:00:00,0.0000,20.0000,28.3000,74.0000,4.6000,0.0000
2023-07-12 21:00:00,0.0000,10.0000,28.3000,77.0000,3.1000,0.0000
2023-07-12 22:00:00,0.0000,20.0000,28.9000,74.0000,5.7000,0.0000
2023-07-12 23:00:00,0.0000,20.0000,28.9000,74.0000,5.2000,0.0000
2023-07-13 00:00:00,0.0000,20.0000,28.9000,74.0000,4.6000,0.0000
2023-07-13 01:00:00,0.0000,10.0000,28.3000,77.0000,3.6000,0.0000
2023-07-13 02:00:00,0.0000,10.0000,28.3000,74.0000,3.6000,0.0000
2023-07-13 03:00:00,0.0000,10.0000,28.3000,77.0000,5.2000,0.0000
2023-07-13 04:00:00,0.0000,10.0000,27.8000,79.0000,4.1000,0.0000
2023-07-13 05:00:00,5.0000,60.0000,28.3000,74.0000,4.6000,0.0000
2023-07-13 06:00:00,84.0000,40.0000,28.9000,72.0000,5.2000,0.4213
2023-07-13 07:00:00,303.0000,30.0000,29.4000,70.0000,7.7000,1.0871
2023-07-13 08:00:00,339.0000,50.0000,30.6000,65.0000,8.2000,1.8259
2023-07-13 09:00:00,680.0000,50.0000,30.6000,63.0000,8.8000,2.1454
2023-07-13 10:00:00,752.0000,60.0000,30.6000,68.0000,7.2000,2.3673
2023-07-13 11:00:00,909.0000,60.0000,30.6000,63.0000,8.2000,2.9957
2023-07-13 12:00:00,834.0000,70.0000,31.1000,63.0000,9.8000,3.4819
2023-07-13 13:00:00,834.0000,50.0000,31.1000,63.0000,10.3000,3.3282
2023-07-13 14:00:00,801.0000,50.0000,31.1000,61.0000,10.3000,2.7083
2023-07-13 15:00:00,417.0000,70.0000,31.1000,63.0000,8.8000,2.1179
2023-07-13 16:00:00,280.0000,80.0000,30.6000,68.0000,9.8000,1.4474
2023-07-13 17:00:00,228.0000,80.0000,30.0000,70.0000,8.8000,0.6815
2023-07-13 18:00:00,45.0000,90.0000,29.4000,70.0000,9.3000,0.1505
2023-07-13 19:00:00,2.0000,60.0000,28.9000,72.0000,8.2000,0.0000
2023-07-13 20:00:00,0.0000,70.0000,28.9000,72.0000,8.2000,0.0000
2023-07-13 21:00:00,0.0000,70.0000,28.9000,72.0000,7.7000,0.0000
2023-07-13 22:00:00,0.0000,30.0000,25.6000,85.0000,3.1000,0.0000
2023-07-13 23:00:00,0.0000,20.0000,27.8000,77.0000,6.2000,0.0000
2023-07-14 00:00:00,0.0000,30.0000,27.2000,82.0000,4.1000,0.0000
2023-07-14 01:00:00,0.0000,60.0000,27.8000,77.0000,5.2000,0.0000
2023-07-14 02:00:00,0.0000,60.0000,26.1000,82.0000,5.7000,0.0000
2023-07-14 03:00:00,0.0000,40.0000,27.2000,79.0000,5.7000,0.0000
2023-07-14 04:00:00,0.0000,40.0000,26.7000,74.0000,6.2000,0.0000
2023-07-14 05:00:00,6.0000,80.0000,27.2000,77.0000,6.2000,0.0000
2023-07-14 06:00:00,71.0000,100.0000,27.8000,72.0000,7.7000,0.4493
2023-07-14 07:00:00,228.0000,90.0000,28.3000,72.0000,8.2000,0.9158
2023-07-14 08:00:00,354.0000,80.0000,28.9000,72.0000,8.8000,1.7012
2023-07-14 09:00:00,379.0000,80.0000,30.0000,70.0000,7.7000,2.5139
2023-07-14 10:00:00,544.0000,80.0000,30.6000,65.0000,10.3000,3.0081
2023-07-14 11:00:00,474.0000,90.0000,28.9000,72.0000,10.3000,3.3352
2023-07-14 12:00:00,538.0000,90.0000,29.4000,67.0000,8.2000,3.2104
2023-07-14 13:00:00,834.0000,60.0000,30.6000,65.0000,11.3000,3.1295
2023-07-14 14:00:00,617.0000,70.0000,30.6000,65.0000,12.4000,2.4950
2023-07-14 15:00:00,543.0000,50.0000,30.6000,65.0000,9.3000,1.3978
2023-07-14 16:00:00,301.0000,60.0000,30.0000,61.0000,10.8000,1.0364
2023-07-14 17:00:00,212.0000,80.0000,29.4000,67.0000,7.7000,0.5591
2023-07-14 18:00:00,46.0000,90.0000,28.9000,67.0000,7.7000,0.0855
2023-07-14 19:00:00,5.0000,70.0000,28.3000,72.0000,7.2000,0.0000
2023-07-14 20:00:00,0.0000,30.0000,28.3000,72.0000,5.2000,0.0000
2023-07-14 21:00:00,0.0000,40.0000,27.8000,74.0000,5.7000,0.0000
2023-07-14 22:00:00,0.0000,70.0000,26.1000,82.0000,8.2000,0.0000
2023-07-14 23:00:00,0.0000,40.0000,26.7000,79.0000,5.2000,0.0000
2023-07-15 00:00:00,0.0000,40.0000,26.7000,82.0000,5.7000,0.0000
2023-07-15 01:00:00,0.0000,20.0000,26.7000,85.0000,5.7000,0.0000
2023-07-15 02:00:00,0.0000,0.0000,26.1000,82.0000,4.6000,0.0000
2023-07-15 03:00:00,0.0000,60.0000,25.6000,88.0000,3.6000,0.0000
2023-07-15 04:00:00,0.0000,40.0000,25.6000,85.0000,5.2000,0.0000
2023-07-15 05:00:00,6.0000,40.0000,25.6000,88.0000,3.1000,0.0000
2023-07-15 06:00:00,94.0000,40.0000,26.1000,85.0000,3.6000,0.4549
2023-07-15 07:00:00,247.0000,60.0000,26.1000,88.0000,4.1000,1.0033
2023-07-15 08:00:00,404.0000,90.0000,27.2000,77.0000,4.6000,1.3702
2023-07-15 09:00:00,113.0000,100.0000,24.4000,94.0000,6.2000,1.7413
2023-07-15 10:00:00,172.0000,100.0000,23.3000,97.0000,4.1000,1.9655
2023-07-15 11:00:00,250.0000,100.0000,25.6000,91.0000,2.1000,1.9442
2023-07-15 12:00:00,370.0000,100.0000,28.3000,82.0000,5.2000,2.5963
2023-07-15 13:00:00,352.0000,100.0000,28.3000,77.0000,8.2000,2.8864
2023-07-15 14:00:00,370.0000,100.0000,27.8000,77.0000,9.3000,2.3215
2023-07-15 15:00:00,606.0000,100.0000,28.3000,72.0000,10.8000,1.7027
2023-07-15 16:00:00,304.0000,100.0000,27.2000,72.0000,9.3000,1.0604
2023-07-15 17:00:00,195.0000,100.0000,27.2000,74.0000,9.3000,0.5277
2023-07-15 18:00:00,64.0000,100.0000,27.2000,79.0000,8.8000,0.0879
2023-07-15 19:00:00,2.0000,100.0000,27.8000,77.0000,9.8000,0.0000
2023-07-15 20:00:00,0.0000,90.0000,27.2000,79.0000,6.2000,0.0000
2023-07-15 21:00:00,0.0000,50.0000,25.6000,85.0000,10.3000,0.0000
2023-07-15 22:00:00,0.0000,80.0000,26.1000,77.0000,7.2000,0.0000
2023-07-15 23:00:00,0.0000,80.0000,26.7000,79.0000,6.2000,0.0000
2023-07-16 00:00:00,0.0000,100.0000,26.1000,79.0000,4.6000,0.0000
2023-07-16 01:00:00,0.0000,100.0000,26.1000,79.0000,3.1000,0.0000
2023-07-16 02:00:00,0.0000,100.0000,26.7000,77.0000,3.6000,0.0000
2023-07-16 03:00:00,0.0000,100.0000,26.7000,85.0000,3.1000,0.0000
2023-07-16 04:00:00,0.0000,100.0000,24.4000,79.0000,2.6000,0.0000
2023-07-16 05:00:00,1.0000,100.0000,25.6000,85.0000,2.6000,0.0000
2023-07-16 06:00:00,30.0000,100.0000,27.8000,82.0000,5.7000,0.4353
2023-07-16 07:00:00,166.0000,100.0000,28.9000,77.0000,7.7000,1.0457
2023-07-16 08:00:00,392.0000,100.0000,28.9000,74.0000,9.3000,1.1038
2023-07-16 09:00:00,291.0000,100.0000,29.4000,70.0000,6.7000,0.5721
2023-07-16 10:00:00,349.0000,100.0000,29.4000,70.0000,7.2000,0.8261
2023-07-16 11:00:00,381.0000,100.0000,29.4000,72.0000,7.7000,1.2052
2023-07-16 12:00:00,519.0000,100.0000,30.0000,70.0000,7.7000,1.4425
2023-07-16 13:00:00,490.0000,100.0000,30.0000,70.0000,9.3000,1.4281
2023-07-16 14:00:00,382.0000,100.0000,30.0000,68.0000,8.2000,1.9204
2023-07-16 15:00:00,282.0000,100.0000,29.4000,70.0000,7.7000,1.8997
2023-07-16 16:00:00,259.0000,100.0000,29.4000,70.0000,5.2000,1.0314
2023-07-16 17:00:00,129.0000,100.0000,28.9000,72.0000,5.2000,0.5334
2023-07-16 18:00:00,48.0000,100.0000,28.9000,72.0000,4.6000,0.1300
2023-07-16 19:00:00,2.0000,100.0000,28.3000,80.0000,7.7000,0.0000
2023-07-16 20:00:00,0.0000,80.0000,28.3000,80.0000,5.7000,0.0000
2023-07-16 21:00:00,0.0000,80.0000,28.3000,80.0000,5.2000,0.0000
2023-07-16 22:00:00,0.0000,80.0000,28.3000,77.0000,5.2000,0.0000
2023-07-16 23:00:00,0.0000,70.0000,27.8000,79.0000,4.6000,0.0000
2023-07-17 00:00:00,0.0000,50.0000,27.8000,77.0000,6.7000,0.0000
2023-07-17 01:00:00,0.0000,40.0000,27.2000,79.0000,5.2000,0.0000
2023-07-17 02:00:00,0.0000,30.0000,27.2000,79.0000,4.6000,0.0000
2023-07-17 03:00:00,0.0000,30.0000,27.2000,79.0000,5.7000,0.0000
2023-07-17 04:00:00,0.0000,50.0000,27.2000,79.0000,4.6000,0.0000
2023-07-17 05:00:00,2.0000,80.0000,27.2000,82.0000,4.6000,0.0000
2023-07-17 06:00:00,75.0000,80.0000,27.8000,72.0000,5.2000,0.3415
2023-07-17 07:00:00,236.0000,80.0000,28.9000,70.0000,7.7000,0.9918
2023-07-17 08:00:00,393.0000,80.0000,28.9000,70.0000,7.2000,1.2954
2023-07-17 09:00:00,413.0000,90.0000,30.0000,68.0000,4.1000,1.2221
2023-07-17 10:00:00,551.0000,80.0000,30.6000,65.0000,8.8000,1.4530
2023-07-17 11:00:00,362.0000,90.0000,30.6000,65.0000,8.8000,1.7448
2023-07-17 12:00:00,633.0000,90.0000,30.6000,63.0000,8.8000,1.9492
2023-07-17 13:00:00,924.0000,30.0000,30.6000,63.0000,8.8000,1.6965
2023-07-17 14:00:00,703.0000,70.0000,30.0000,65.0000,8.2000,1.3183
2023-07-17 15:00:00,674.0000,30.0000,30.6000,61.0000,8.8000,1.0548
2023-07-17 16:00:00,353.0000,50.0000,30.0000,65.0000,8.2000,0.7831
2023-07-17 17:00:00,231.0000,20.0000,29.4000,67.0000,7.2000,0.3505
2023-07-17 18:00:00,60.0000,20.0000,28.9000,70.0000,6.2000,0.0953
2023-07-17 19:00:00,1.0000,20.0000,28.3000,74.0000,6.2000,0.0000
2023-07-17 20:00:00,0.0000,20.0000,28.3000,74.0000,5.7000,0.0000
2023-07-17 21:00:00,0.0000,40.0000,28.3000,77.0000,5.2000,0.0000
2023-07-17 22:00:00,0.0000,20.0000,28.3000,74.0000,5.2000,0.0000
2023-07-17 23:00:00,0.0000,20.0000,27.8000,77.0000,4.6000,0.0000
2023-07-18 00:00:00,0.0000,20.0000,27.8000,74.0000,4.1000,0.0000
2023-07-18 01:00:00,0.0000,20.0000,27.8000,74.0000,2.6000,0.0000
2023-07-18 02:00:00,0.0000,40.0000,26.1000,88.0000,3.6000,0.0000
2023-07-18 03:00:00,0.0000,20.0000,26.7000,79.0000,3.1000,0.0000
2023-07-18 04:00:00,0.0000,20.0000,26.7000,82.0000,2.6000,0.0000
2023-07-18 05:00:00,5.0000,30.0000,26.7000,85.0000,3.1000,0.0000
2023-07-18 06:00:00,88.0000,20.0000,27.8000,77.0000,6.2000,0.4346
2023-07-18 07:00:00,320.0000,30.0000,28.9000,70.0000,7.7000,1.0131
2023-07-18 08:00:00,496.0000,40.0000,29.4000,70.0000,8.2000,1.4387
2023-07-18 09:00:00,548.0000,40.0000,30.0000,68.0000,6.7000,1.7955
2023-07-18 10:00:00,814.0000,40.0000,30.0000,65.0000,6.7000,1.7940
2023-07-18 11:00:00,723.0000,50.0000,30.6000,68.0000,7.7000,1.8773
2023-07-18 12:00:00,749.0000,30.0000,30.6000,61.0000,7.2000,2.9871
2023-07-18 13:00:00,910.0000,30.0000,30.6000,63.0000,8.8000,3.2131
2023-07-18 14:00:00,819.0000,30.0000,30.6000,61.0000,7.2000,2.7074
2023-07-18 15:00:00,724.0000,30.0000,30.6000,61.0000,7.2000,2.1139
2023-07-18 16:00:00,445.0000,30.0000,30.0000,65.0000,6.7000,1.1965
2023-07-18 17:00:00,259.0000,30.0000,30.0000,63.0000,5.2000,0.6039
2023-07-18 18:00:00,73.0000,50.0000,28.9000,70.0000,5.7000,0.1165
2023-07-18 19:00:00,2.0000,20.0000,28.3000,72.0000,5.2000,0.0000
2023-07-18 20:00:00,0.0000,20.0000,28.3000,72.0000,4.6000,0.0000
2023-07-18 21:00:00,0.0000,10.0000,28.3000,72.0000,4.6000,0.0000
2023-07-18 22:00:00,0.0000,30.0000,28.3000,74.0000,6.2000,0.0000
2023-07-18 23:00:00,0.0000,30.0000,28.3000,72.0000,5.2000,0.0000
2023-07-19 00:00:00,0.0000,30.0000,27.8000,74.0000,6.2000,0.0000
2023-07-19 01:00:00,0.0000,0.0000,27.2000,72.0000,3.6000,0.0000
2023-07-19 02:00:00,0.0000,0.0000,27.2000,77.0000,4.6000,0.0000
2023-07-19 03:00:00,0.0000,0.0000,27.2000,79.0000,2.6000,0.0000
2023-07-19 04:00:00,0.0000,0.0000,26.7000,79.0000,2.6000,0.0000
2023-07-19 05:00:00,2.0000,20.0000,26.7000,82.0000,2.6000,0.0000
2023-07-19 06:00:00,74.0000,30.0000,27.8000,77.0000,4.1000,0.4124
2023-07-19 07:00:00,251.0000,40.0000,28.9000,70.0000,7.2000,1.1347
2023-07-19 08:00:00,418.0000,50.0000,28.9000,67.0000,7.2000,1.7386
2023-07-19 09:00:00,448.0000,80.0000,30.0000,65.0000,5.7000,2.3720
2023-07-19 10:00:00,832.0000,80.0000,30.0000,61.0000,5.2000,2.7935
2023-07-19 11:00:00,698.0000,80.0000,30.6000,65.0000,6.2000,2.7509
2023-07-19 12:00:00,705.0000,80.0000,31.1000,57.0000,5.2000,3.1212
2023-07-19 13:00:00,620.0000,80.0000,30.6000,61.0000,6.2000,3.3548
2023-07-19 14:00:00,780.0000,80.0000,30.6000,59.0000,6.2000,3.0755
2023-07-19 15:00:00,535.0000,50.0000,30.6000,61.0000,6.2000,2.4316
2023-07-19 16:00:00,387.0000,80.0000,30.6000,59.0000,6.2000,1.4783
2023-07-19 17:00:00,252.0000,70.0000,29.4000,63.0000,7.2000,0.6954
2023-07-19 18:00:00,63.0000,60.0000,28.9000,65.0000,5.2000,0.1452
2023-07-19 19:00:00,3.0000,50.0000,27.8000,72.0000,6.2000,0.0000
2023-07-19 20:00:00,0.0000,50.0000,27.8000,69.0000,5.7000,0.0000
2023-07-19 21:00:00,0.0000,40.0000,27.8000,67.0000,5.2000,0.0000
2023-07-19 22:00:00,0.0000,60.0000,27.8000,67.0000,3.1000,0.0000
2023-07-19 23:00:00,0.0000,60.0000,27.8000,72.0000,3.1000,0.0000
2023-07-20 00:00:00,0.0000,70.0000,27.2000,77.0000,2.1000,0.0000
2023-07-20 01:00:00,0.0000,60.0000,27.2000,77.0000,3.1000,0.0000
2023-07-20 02:00:00,0.0000,60.0000,27.2000,77.0000,3.1000,0.0000
2023-07-20 03:00:00,0.0000,80.0000,27.2000,79.0000,2.6000,0.0000
2023-07-20 04:00:00,0.0000,80.0000,26.1000,88.0000,2.6000,0.0000
2023-07-20 05:00:00,7.0000,100.0000,26.1000,85.0000,1.5000,0.0000
2023-07-20 06:00:00,78.0000,100.0000,26.7000,85.0000,1.5000,0.4334
2023-07-20 07:00:00,168.0000,90.0000,27.8000,77.0000,2.6000,1.0492
2023-07-20 08:00:00,336.0000,90.0000,27.8000,82.0000,3.1000,1.5039
2023-07-20 09:00:00,549.0000,90.0000,29.4000,72.0000,4.6000,2.2723
2023-07-20 10:00:00,799.0000,80.0000,30.6000,65.0000,5.7000,2.8371
2023-07-20 11:00:00,643.0000,80.0000,30.6000,65.0000,4.6000,2.6417
2023-07-20 12:00:00,791.0000,90.0000,30.0000,65.0000,4.6000,2.5496
2023-07-20 13:00:00,854.0000,90.0000,30.6000,63.0000,5.2000,2.8092
2023-07-20 14:00:00,849.0000,90.0000,30.0000,68.0000,5.7000,2.6163
2023-07-20 15:00:00,574.0000,90.0000,30.0000,68.0000,5.2000,1.8535
2023-07-20 16:00:00,338.0000,90.0000,30.0000,68.0000,6.2000,1.3283
2023-07-20 17:00:00,187.0000,80.0000,28.9000,72.0000,6.2000,0.6615
2023-07-20 18:00:00,63.0000,80.0000,28.3000,74.0000,4.6000,0.1240
2023-07-20 19:00:00,3.0000,80.0000,27.8000,74.0000,4.1000,0.0000
2023-07-20 20:00:00,0.0000,80.0000,27.8000,77.0000,4.1000,0.0000
2023-07-20 21:00:00,0.0000,70.0000,27.8000,74.0000,4.1000,0.0000
2023-07-20 22:00:00,0.0000,70.0000,27.8000,74.0000,5.2000,0.0000
2023-07-20 23:00:00,0.0000,90.0000,27.8000,74.0000,1.5000,0.0000
2023-07-21 00:00:00,0.0000,90.0000,27.2000,79.0000,2.6000,0.0000
2023-07-21 01:00:00,0.0000,90.0000,25.6000,82.0000,2.6000,0.0000
2023-07-21 02:00:00,0.0000,90.0000,27.2000,77.0000,7.2000,0.0000
2023-07-21 03:00:00,0.0000,60.0000,27.2000,77.0000,3.1000,0.0000
2023-07-21 04:00:00,0.0000,80.0000,27.2000,82.0000,1.5000,0.0000
2023-07-21 05:00:00,2.0000,90.0000,25.6000,85.0000,1.5000,0.0000
2023-07-21 06:00:00,63.0000,90.0000,26.1000,85.0000,2.6000,0.3462
2023-07-21 07:00:00,174.0000,100.0000,27.8000,74.0000,2.1000,0.8158
2023-07-21 08:00:00,496.0000,100.0000,30.0000,63.0000,3.6000,1.5572
2023-07-21 09:00:00,650.0000,90.0000,30.6000,59.0000,4.1000,2.3975
2023-07-21 10:00:00,762.0000,100.0000,30.6000,63.0000,4.6000,2.6515
2023-07-21 11:00:00,920.0000,100.0000,31.1000,61.0000,4.1000,2.6585
2023-07-21 12:00:00,945.0000,100.0000,31.1000,59.0000,5.7000,3.0855
2023-07-21 13:00:00,675.0000,100.0000,30.6000,61.0000,5.7000,3.2203
2023-07-21 14:00:00,813.0000,100.0000,31.1000,63.0000,6.2000,2.8352
2023-07-21 15:00:00,523.0000,90.0000,30.6000,65.0000,7.2000,1.8418
2023-07-21 16:00:00,326.0000,90.0000,29.4000,70.0000,4.1000,1.0686
2023-07-21 17:00:00,127.0000,100.0000,28.9000,72.0000,4.6000,0.5046
2023-07-21 18:00:00,42.0000,100.0000,28.3000,74.0000,3.1000,0.1237
2023-07-21 19:00:00,0.0000,100.0000,28.3000,74.0000,2.6000,0.0000
2023-07-21 20:00:00,0.0000,100.0000,27.8000,72.0000,2.1000,0.0000
2023-07-21 21:00:00,0.0000,100.0000,27.8000,79.0000,2.1000,0.0000
2023-07-21 22:00:00,0.0000,100.0000,27.8000,79.0000,2.6000,0.0000
2023-07-21 23:00:00,0.0000,100.0000,26.1000,82.0000,2.6000,0.0000
2023-07-22 00:00:00,0.0000,100.0000,26.1000,82.0000,0.0000,0.0000
2023-07-22 01:00:00,0.0000,50.0000,25.0000,87.0000,2.6000,0.0000
2023-07-22 02:00:00,0.0000,70.0000,26.1000,88.0000,0.0000,0.0000
2023-07-22 03:00:00,0.0000,70.0000,26.1000,85.0000,0.0000,0.0000
2023-07-22 04:00:00,0.0000,70.0000,25.0000,94.0000,0.0000,0.0000
2023-07-22 05:00:00,3.0000,80.0000,25.6000,91.0000,3.1000,0.0000
2023-07-22 06:00:00,67.0000,100.0000,26.1000,88.0000,0.0000,0.3881
2023-07-22 07:00:00,248.0000,100.0000,28.3000,77.0000,1.5000,1.0875
2023-07-22 08:00:00,478.0000,100.0000,29.4000,72.0000,3.1000,1.9368
2023-07-22 09:00:00,628.0000,100.0000,30.6000,68.0000,3.1000,2.5180
2023-07-22 10:00:00,763.0000,100.0000,31.1000,63.0000,3.1000,2.9510
2023-07-22 11:00:00,910.0000,100.0000,31.1000,66.0000,4.1000,3.3652
2023-07-22 12:00:00,907.0000,100.0000,31.7000,61.0000,6.7000,3.0795
2023-07-22 13:00:00,477.0000,100.0000,28.3000,59.0000,3.1000,2.8540
2023-07-22 14:00:00,539.0000,100.0000,27.2000,67.0000,1.5000,2.6468
2023-07-22 15:00:00,405.0000,100.0000,27.8000,67.0000,2.1000,1.7321
2023-07-22 16:00:00,190.0000,90.0000,29.4000,67.0000,3.1000,0.9260
2023-07-22 17:00:00,108.0000,100.0000,27.2000,74.0000,6.7000,0.3359
2023-07-22 18:00:00,34.0000,100.0000,25.0000,82.0000,4.1000,0.0795
2023-07-22 19:00:00,1.0000,80.0000,25.0000,82.0000,1.5000,0.0000
2023-07-22 20:00:00,0.0000,70.0000,25.0000,82.0000,2.1000,0.0000
2023-07-22 21:00:00,0.0000,70.0000,25.0000,85.0000,2.1000,0.0000
2023-07-22 22:00:00,0.0000,70.0000,26.1000,82.0000,1.0000,0.0000
2023-07-22 23:00:00,0.0000,70.0000,25.0000,85.0000,2.1000,0.0000
2023-07-23 00:00:00,0.0000,100.0000,25.0000,85.0000,2.1000,0.0000
2023-07-23 01:00:00,0.0000,100.0000,25.0000,85.0000,1.5000,0.0000
2023-07-23 02:00:00,0.0000,100.0000,25.0000,87.0000,0.0000,0.0000
2023-07-23 03:00:00,0.0000,100.0000,24.4000,90.0000,0.0000,0.0000
2023-07-23 04:00:00,0.0000,100.0000,24.4000,94.0000,2.1000,0.0000
2023-07-23 05:00:00,4.0000,90.0000,25.0000,87.0000,2.1000,0.0000
2023-07-23 06:00:00,63.0000,80.0000,25.6000,91.0000,0.0000,0.4832
2023-07-23 07:00:00,230.0000,80.0000,27.8000,79.0000,2.1000,1.1167
2023-07-23 08:00:00,414.0000,80.0000,28.9000,74.0000,3.1000,1.8236
2023-07-23 09:00:00,427.0000,100.0000,29.4000,70.0000,5.2000,2.4603
2023-07-23 10:00:00,607.0000,100.0000,30.0000,70.0000,5.2000,2.9924
2023-07-23 11:00:00,834.0000,100.0000,30.6000,63.0000,5.7000,3.3058
2023-07-23 12:00:00,931.0000,100.0000,31.7000,61.0000,6.2000,2.6982
2023-07-23 13:00:00,550.0000,100.0000,31.7000,59.0000,5.2000,1.9866
2023-07-23 14:00:00,460.0000,100.0000,26.7000,69.0000,4.6000,1.9001
2023-07-23 15:00:00,101.0000,90.0000,25.0000,79.0000,6.2000,1.2030
2023-07-23 16:00:00,258.0000,80.0000,27.2000,88.0000,3.6000,0.6325
2023-07-23 17:00:00,74.0000,90.0000,28.3000,82.0000,3.1000,0.3161
2023-07-23 18:00:00,19.0000,100.0000,23.9000,74.0000,5.2000,0.0627
2023-07-23 19:00:00,2.0000,100.0000,25.0000,71.0000,1.0000,0.0000
2023-07-23 20:00:00,0.0000,100.0000,24.4000,79.0000,1.0000,0.0000
2023-07-23 21:00:00,0.0000,100.0000,25.0000,79.0000,0.0000,0.0000
2023-07-23 22:00:00,0.0000,80.0000,25.0000,82.0000,0.0000,0.0000
2023-07-23 23:00:00,0.0000,80.0000,25.0000,85.0000,0.0000,0.0000
2023-07-24 00:00:00,0.0000,100.0000,25.0000,87.0000,2.6000,0.0000
2023-07-24 01:00:00,0.0000,80.0000,25.0000,90.0000,2.6000,0.0000
2023-07-24 02:00:00,0.0000,80.0000,25.0000,94.0000,2.1000,0.0000
2023-07-24 03:00:00,0.0000,80.0000,25.0000,94.0000,2.1000,0.0000
2023-07-24 04:00:00,0.0000,80.0000,24.4000,94.0000,2.6000,0.0000
2023-07-24 05:00:00,5.0000,90.0000,25.0000,90.0000,2.6000,0.0000
2023-07-24 06:00:00,85.0000,90.0000,25.6000,91.0000,2.6000,0.4656
2023-07-24 07:00:00,275.0000,70.0000,27.2000,82.0000,2.6000,1.0503
2023-07-24 08:00:00,393.0000,70.0000,28.9000,77.0000,4.1000,1.4958
2023-07-24 09:00:00,407.0000,70.0000,30.0000,68.0000,3.6000,1.8991
2023-07-24 10:00:00,649.0000,80.0000,30.6000,61.0000,2.6000,2.5751
2023-07-24 11:00:00,323.0000,90.0000,25.6000,88.0000,2.1000,3.1524
2023-07-24 12:00:00,791.0000,80.0000,26.7000,85.0000,3.6000,2.8139
2023-07-24 13:00:00,555.0000,70.0000,30.6000,72.0000,6.2000,2.0464
2023-07-24 14:00:00,275.0000,90.0000,26.7000,74.0000,13.9000,1.2357
2023-07-24 15:00:00,204.0000,100.0000,23.3000,87.0000,3.1000,0.7783
2023-07-24 16:00:00,156.0000,100.0000,25.0000,85.0000,1.0000,0.6903
2023-07-24 17:00:00,62.0000,100.0000,25.6000,91.0000,2.1000,0.1900
2023-07-24 18:00:00,39.0000,100.0000,26.1000,88.0000,1.5000,0.0493
2023-07-24 19:00:00,2.0000,100.0000,26.1000,85.0000,1.5000,0.0000
2023-07-24 20:00:00,0.0000,70.0000,26.1000,88.0000,1.5000,0.0000
2023-07-24 21:00:00,0.0000,50.0000,26.1000,88.0000,1.5000,0.0000
2023-07-24 22:00:00,0.0000,40.0000,25.6000,91.0000,1.0000,0.0000
2023-07-24 23:00:00,0.0000,30.0000,25.6000,94.0000,1.5000,0.0000
2023-07-25 00:00:00,0.0000,30.0000,25.0000,94.0000,1.5000,0.0000
2023-07-25 01:00:00,0.0000,30.0000,25.0000,90.0000,1.5000,0.0000
2023-07-25 02:00:00,0.0000,90.0000,25.0000,94.0000,1.5000,0.0000
2023-07-25 03:00:00,0.0000,90.0000,25.0000,90.0000,1.5000,0.0000
2023-07-25 04:00:00,0.0000,80.0000,24.4000,97.0000,2.6000,0.0000
2023-07-25 05:00:00,1.0000,80.0000,24.4000,97.0000,1.5000,0.0000
2023-07-25 06:00:00,78.0000,80.0000,25.6000,94.0000,1.5000,0.4221
2023-07-25 07:00:00,241.0000,70.0000,27.8000,82.0000,2.1000,0.9848
2023-07-25 08:00:00,440.0000,90.0000,28.9000,72.0000,3.6000,1.4404
2023-07-25 09:00:00,552.0000,90.0000,30.0000,68.0000,4.6000,1.9154
2023-07-25 10:00:00,632.0000,90.0000,30.6000,65.0000,5.2000,1.8867
2023-07-25 11:00:00,727.0000,90.0000,30.6000,68.0000,5.2000,2.0846
2023-07-25 12:00:00,811.0000,90.0000,31.1000,61.0000,6.2000,2.6043
2023-07-25 13:00:00,834.0000,90.0000,31.1000,63.0000,5.2000,1.6918
2023-07-25 14:00:00,643.0000,90.0000,31.1000,63.0000,5.2000,0.9769
2023-07-25 15:00:00,409.0000,100.0000,30.0000,68.0000,4.6000,0.7271
2023-07-25 16:00:00,279.0000,100.0000,29.4000,70.0000,4.1000,0.4541
2023-07-25 17:00:00,171.0000,100.0000,29.4000,67.0000,4.6000,0.2088
2023-07-25 18:00:00,26.0000,100.0000,28.3000,74.0000,3.1000,0.0733
2023-07-25 19:00:00,1.0000,100.0000,27.8000,74.0000,2.1000,0.0000
2023-07-25 20:00:00,0.0000,80.0000,27.2000,72.0000,2.1000,0.0000
2023-07-25 21:00:00,0.0000,80.0000,26.7000,82.0000,2.1000,0.0000
2023-07-25 22:00:00,0.0000,70.0000,26.7000,82.0000,1.5000,0.0000
2023-07-25 23:00:00,0.0000,70.0000,26.7000,79.0000,0.0000,0.0000
2023-07-26 00:00:00,0.0000,90.0000,26.1000,82.0000,2.1000,0.0000
2023-07-26 01:00:00,0.0000,80.0000,26.1000,85.0000,2.6000,0.0000
2023-07-26 02:00:00,0.0000,80.0000,26.1000,85.0000,2.1000,0.0000
2023-07-26 03:00:00,0.0000,80.0000,26.1000,85.0000,1.5000,0.0000
2023-07-26 04:00:00,0.0000,80.0000,26.1000,85.0000,2.1000,0.0000
2023-07-26 05:00:00,3.0000,60.0000,25.6000,91.0000,0.0000,0.0000
2023-07-26 06:00:00,59.0000,40.0000,27.2000,82.0000,2.6000,0.4248
2023-07-26 07:00:00,272.0000,40.0000,28.9000,72.0000,4.6000,1.0509
2023-07-26 08:00:00,377.0000,50.0000,29.4000,65.0000,4.6000,1.7178
2023-07-26 09:00:00,641.0000,70.0000,30.6000,63.0000,5.2000,2.1125
2023-07-26 10:00:00,574.0000,90.0000,30.0000,65.0000,4.6000,2.4582
2023-07-26 11:00:00,654.0000,70.0000,30.6000,63.0000,5.2000,2.8482
2023-07-26 12:00:00,838.0000,70.0000,31.1000,63.0000,5.2000,3.1275
2023-07-26 13:00:00,869.0000,60.0000,30.6000,65.0000,4.6000,2.8381
2023-07-26 14:00:00,839.0000,40.0000,31.1000,61.0000,4.6000,2.0662
2023-07-26 15:00:00,701.0000,60.0000,30.6000,63.0000,4.6000,1.3514
2023-07-26 16:00:00,396.0000,80.0000,30.6000,63.0000,3.6000,0.8542
2023-07-26 17:00:00,158.0000,90.0000,29.4000,65.0000,2.6000,0.3755
2023-07-26 18:00:00,46.0000,80.0000,29.4000,70.0000,3.6000,0.0441
2023-07-26 19:00:00,0.0000,80.0000,28.3000,74.0000,3.6000,0.0000
2023-07-26 20:00:00,0.0000,40.0000,27.8000,77.0000,3.1000,0.0000
2023-07-26 21:00:00,0.0000,40.0000,28.3000,77.0000,3.1000,0.0000
2023-07-26 22:00:00,0.0000,30.0000,27.8000,79.0000,2.6000,0.0000
2023-07-26 23:00:00,0.0000,20.0000,27.2000,82.0000,2.6000,0.0000
2023-07-27 00:00:00,0.0000,30.0000,27.2000,79.0000,3.1000,0.0000
2023-07-27 01:00:00,0.0000,30.0000,27.2000,79.0000,3.1000,0.0000
2023-07-27 02:00:00,0.0000,70.0000,27.2000,79.0000,3.6000,0.0000
2023-07-27 03:00:00,0.0000,80.0000,27.2000,79.0000,2.6000,0.0000
2023-07-27 04:00:00,0.0000,60.0000,27.2000,79.0000,3.1000,0.0000
2023-07-27 05:00:00,2.0000,70.0000,27.2000,82.0000,2.6000,0.0000
2023-07-27 06:00:00,67.0000,70.0000,25.6000,91.0000,3.6000,0.4145
2023-07-27 07:00:00,257.0000,40.0000,28.3000,82.0000,5.2000,0.9853
2023-07-27 08:00:00,450.0000,30.0000,29.4000,70.0000,5.2000,1.7275
2023-07-27 09:00:00,611.0000,70.0000,29.4000,72.0000,6.2000,2.1812
2023-07-27 10:00:00,689.0000,70.0000,30.0000,70.0000,6.2000,2.3278
2023-07-27 11:00:00,770.0000,70.0000,30.6000,68.0000,6.7000,2.8115
2023-07-27 12:00:00,845.0000,60.0000,30.6000,65.0000,7.2000,3.2350
2023-07-27 13:00:00,820.0000,50.0000,30.6000,65.0000,7.2000,3.2138
2023-07-27 14:00:00,563.0000,70.0000,30.6000,65.0000,5.7000,2.9896
2023-07-27 15:00:00,408.0000,70.0000,28.3000,77.0000,3.6000,2.1681
2023-07-27 16:00:00,415.0000,60.0000,30.6000,61.0000,4.6000,1.1323
2023-07-27 17:00:00,247.0000,70.0000,30.0000,63.0000,4.1000,0.4144
2023-07-27 18:00:00,54.0000,50.0000,28.9000,70.0000,3.1000,0.0889
2023-07-27 19:00:00,0.0000,40.0000,28.3000,72.0000,3.6000,0.0000
2023-07-27 20:00:00,0.0000,40.0000,28.3000,72.0000,2.6000,0.0000
2023-07-27 21:00:00,0.0000,100.0000,27.8000,82.0000,8.8000,0.0000
2023-07-27 22:00:00,0.0000,60.0000,25.0000,90.0000,0.0000,0.0000
2023-07-27 23:00:00,0.0000,30.0000,26.7000,85.0000,2.6000,0.0000
2023-07-28 00:00:00,0.0000,30.0000,26.1000,88.0000,2.1000,0.0000
2023-07-28 01:00:00,0.0000,10.0000,25.6000,91.0000,2.6000,0.0000
2023-07-28 02:00:00,0.0000,20.0000,25.6000,91.0000,1.5000,0.0000
2023-07-28 03:00:00,0.0000,10.0000,26.1000,88.0000,2.1000,0.0000
2023-07-28 04:00:00,0.0000,40.0000,25.6000,91.0000,1.5000,0.0000
2023-07-28 05:00:00,1.0000,10.0000,26.1000,88.0000,3.6000,0.0000
2023-07-28 06:00:00,72.0000,40.0000,27.2000,85.0000,3.1000,0.4046
2023-07-28 07:00:00,226.0000,30.0000,28.9000,77.0000,4.1000,1.0077
2023-07-28 08:00:00,389.0000,50.0000,28.9000,80.0000,6.2000,1.8118
2023-07-28 09:00:00,555.0000,80.0000,28.9000,74.0000,5.2000,2.3337
2023-07-28 10:00:00,647.0000,70.0000,29.4000,77.0000,6.2000,2.6515
2023-07-28 11:00:00,810.0000,80.0000,29.4000,82.0000,3.1000,3.0129
2023-07-28 12:00:00,962.0000,40.0000,30.0000,72.0000,6.2000,3.1857
2023-07-28 13:00:00,973.0000,40.0000,30.6000,72.0000,7.2000,2.6926
2023-07-28 14:00:00,744.0000,50.0000,30.6000,70.0000,6.2000,1.9502
2023-07-28 15:00:00,560.0000,50.0000,30.0000,70.0000,5.7000,1.6624
2023-07-28 16:00:00,406.0000,50.0000,30.0000,70.0000,6.2000,1.3458
2023-07-28 17:00:00,188.0000,50.0000,29.4000,70.0000,6.7000,0.5924
2023-07-28 18:00:00,52.0000,40.0000,28.9000,72.0000,5.2000,0.0976
2023-07-28 19:00:00,1.0000,30.0000,28.3000,77.0000,4.1000,0.0000
2023-07-28 20:00:00,0.0000,30.0000,27.8000,79.0000,3.6000,0.0000
2023-07-28 21:00:00,0.0000,0.0000,27.8000,77.0000,3.1000,0.0000
2023-07-28 22:00:00,0.0000,0.0000,27.8000,77.0000,1.5000,0.0000
2023-07-28 23:00:00,0.0000,10.0000,27.2000,82.0000,2.1000,0.0000
2023-07-29 00:00:00,0.0000,0.0000,26.7000,85.0000,2.1000,0.0000
2023-07-29 01:00:00,0.0000,0.0000,26.7000,85.0000,2.1000,0.0000
2023-07-29 02:00:00,0.0000,0.0000,26.7000,85.0000,0.0000,0.0000
2023-07-29 03:00:00,0.0000,10.0000,26.1000,88.0000,2.1000,0.0000
2023-07-29 04:00:00,0.0000,10.0000,26.7000,85.0000,2.6000,0.0000
2023-07-29 05:00:00,1.0000,20.0000,26.7000,82.0000,2.6000,0.0000
2023-07-29 06:00:00,67.0000,10.0000,26.7000,85.0000,2.1000,0.3755
2023-07-29 07:00:00,245.0000,40.0000,27.2000,72.0000,3.6000,0.9836
2023-07-29 08:00:00,367.0000,80.0000,28.9000,72.0000,4.6000,1.6364
2023-07-29 09:00:00,486.0000,70.0000,29.4000,70.0000,5.2000,2.1701
2023-07-29 10:00:00,778.0000,70.0000,29.4000,70.0000,5.7000,2.6846
2023-07-29 11:00:00,818.0000,80.0000,29.4000,72.0000,5.7000,3.2350
2023-07-29 12:00:00,748.0000,70.0000,30.6000,63.0000,6.2000,3.5091
2023-07-29 13:00:00,807.0000,60.0000,30.6000,59.0000,5.7000,3.1862
2023-07-29 14:00:00,736.0000,50.0000,30.6000,63.0000,5.2000,2.5854
2023-07-29 15:00:00,568.0000,70.0000,30.6000,63.0000,5.2000,1.9946
2023-07-29 16:00:00,450.0000,70.0000,30.6000,61.0000,4.1000,1.2626
2023-07-29 17:00:00,199.0000,50.0000,29.4000,63.0000,4.1000,0.4982
2023-07-29 18:00:00,41.0000,50.0000,28.9000,70.0000,4.6000,0.0992
2023-07-29 19:00:00,0.0000,50.0000,28.3000,72.0000,4.1000,0.0000
2023-07-29 20:00:00,0.0000,30.0000,28.3000,72.0000,3.1000,0.0000
2023-07-29 21:00:00,0.0000,30.0000,28.3000,72.0000,3.6000,0.0000
2023-07-29 22:00:00,0.0000,20.0000,27.8000,72.0000,2.6000,0.0000
2023-07-29 23:00:00,0.0000,40.0000,27.8000,74.0000,4.1000,0.0000
2023-07-30 00:00:00,0.0000,10.0000,27.2000,79.0000,2.6000,0.0000
2023-07-30 01:00:00,0.0000,10.0000,27.2000,77.0000,2.1000,0.0000
2023-07-30 02:00:00,0.0000,0.0000,27.2000,79.0000,2.1000,0.0000
2023-07-30 03:00:00,0.0000,0.0000,26.7000,77.0000,2.6000,0.0000
2023-07-30 04:00:00,0.0000,10.0000,26.7000,79.0000,2.6000,0.0000
2023-07-30 05:00:00,2.0000,10.0000,26.7000,82.0000,2.6000,0.0000
2023-07-30 06:00:00,79.0000,10.0000,27.2000,79.0000,2.6000,0.3973
2023-07-30 07:00:00,246.0000,50.0000,28.9000,70.0000,5.2000,0.9412
2023-07-30 08:00:00,480.0000,50.0000,29.4000,65.0000,5.2000,1.5157
2023-07-30 09:00:00,722.0000,50.0000,30.6000,65.0000,4.6000,2.2780
2023-07-30 10:00:00,819.0000,40.0000,30.6000,63.0000,4.6000,2.9165
2023-07-30 11:00:00,652.0000,70.0000,30.6000,63.0000,4.6000,2.9672
2023-07-30 12:00:00,765.0000,40.0000,30.6000,68.0000,3.6000,2.9642
2023-07-30 13:00:00,889.0000,60.0000,31.1000,61.0000,4.6000,2.9602
2023-07-30 14:00:00,613.0000,60.0000,30.6000,65.0000,5.7000,2.5748
2023-07-30 15:00:00,550.0000,60.0000,30.6000,65.0000,4.6000,2.0769
2023-07-30 16:00:00,386.0000,70.0000,30.6000,61.0000,5.7000,1.3433
2023-07-30 17:00:00,244.0000,80.0000,30.6000,63.0000,5.7000,0.5035
2023-07-30 18:00:00,61.0000,90.0000,28.5000,75.0000,5.3000,0.0791
2023-07-30 19:00:00,0.0000,90.0000,28.0000,76.0000,4.2000,0.0000
2023-07-30 20:00:00,0.0000,80.0000,27.6000,78.0000,3.7000,0.0000
2023-07-30 21:00:00,0.0000,40.0000,26.9000,78.0000,3.5000,0.0000
2023-07-30 22:00:00,0.0000,30.0000,26.6000,78.0000,3.4000,0.0000
2023-07-30 23:00:00,0.0000,30.0000,26.1000,79.0000,3.1000,0.0000
2023-07-31 00:00:00,0.0000,100.0000,25.6000,80.0000,3.1000,0.0000
2023-07-31 01:00:00,0.0000,100.0000,25.4000,81.0000,3.0000,0.0000
2023-07-31 02:00:00,0.0000,100.0000,25.2000,82.0000,2.4000,0.0000
2023-07-31 03:00:00,0.0000,100.0000,25.0000,82.0000,2.2000,0.0000
2023-07-31 04:00:00,0.0000,100.0000,25.2000,81.0000,2.4000,0.0000
2023-07-31 05:00:00,1.0000,100.0000,25.6000,79.0000,2.2000,0.0000
2023-07-31 06:00:00,27.0000,100.0000,26.7000,77.0000,0.0000,0.3321
2023-07-31 07:00:00,196.0000,90.0000,27.2000,79.0000,3.6000,1.0129
2023-07-31 08:00:00,361.0000,90.0000,27.8000,79.0000,4.6000,1.8394
2023-07-31 09:00:00,479.0000,90.0000,28.9000,74.0000,3.6000,2.5555
2023-07-31 10:00:00,777.0000,90.0000,30.0000,70.0000,4.1000,2.6967
2023-07-31 11:00:00,347.0000,90.0000,26.7000,60.0000,6.2000,2.6548
2023-07-31 12:00:00,401.0000,100.0000,25.6000,82.0000,3.1000,3.1092
2023-07-31 13:00:00,251.0000,100.0000,25.6000,85.0000,3.6000,2.9436
2023-07-31 14:00:00,505.0000,100.0000,26.7000,85.0000,3.6000,2.2627
2023-07-31 15:00:00,489.0000,100.0000,28.9000,65.0000,3.1000,1.8867
2023-07-31 16:00:00,252.0000,100.0000,28.9000,72.0000,2.1000,1.3215
2023-07-31 17:00:00,200.0000,100.0000,27.8000,77.0000,3.1000,0.6423
2023-07-31 18:00:00,27.0000,100.0000,25.6000,71.0000,3.6000,0.1207
2023-07-31 19:00:00,1.0000,100.0000,25.0000,76.0000,3.1000,0.0000
2023-07-31 20:00:00,0.0000,100.0000,25.0000,76.0000,4.1000,0.0000
2023-07-31 21:00:00,0.0000,100.0000,25.0000,79.0000,5.2000,0.0000
2023-07-31 22:00:00,0.0000,30.0000,25.0000,82.0000,3.1000,0.0000
2023-07-31 23:00:00,0.0000,30.0000,25.0000,82.0000,2.6000,0.0000
2023-08-01 00:00:00,0.0000,30.0000,25.0000,85.0000,1.5000,0.0000
2023-08-01 01:00:00,0.0000,30.0000,24.4000,87.0000,3.1000,0.0000
2023-08-01 02:00:00,0.0000,60.0000,25.0000,85.0000,2.1000,0.0000
2023-08-01 03:00:00,0.0000,30.0000,24.4000,87.0000,1.5000,0.0000
2023-08-01 04:00:00,0.0000,60.0000,24.4000,82.0000,1.5000,0.0000
2023-08-01 05:00:00,0.0000,40.0000,24.4000,85.0000,1.5000,0.0000
2023-08-01 06:00:00,69.0000,40.0000,24.4000,87.0000,1.5000,0.3615
2023-08-01 07:00:00,265.0000,60.0000,26.7000,79.0000,2.6000,0.9378
2023-08-01 08:00:00,483.0000,70.0000,28.3000,72.0000,3.1000,1.4683
2023-08-01 09:00:00,420.0000,80.0000,28.9000,70.0000,3.1000,2.1987
2023-08-01 10:00:00,726.0000,80.0000,29.4000,65.0000,4.6000,2.1506
2023-08-01 11:00:00,675.0000,90.0000,29.4000,65.0000,0.0000,1.4591
2023-08-01 12:00:00,328.0000,100.0000,24.4000,79.0000,6.7000,1.3062
2023-08-01 13:00:00,480.0000,100.0000,22.8000,90.0000,5.7000,1.4283
2023-08-01 14:00:00,348.0000,100.0000,22.8000,93.0000,5.2000,1.9430
2023-08-01 15:00:00,244.0000,100.0000,22.8000,97.0000,2.6000,1.5100
2023-08-01 16:00:00,237.0000,100.0000,23.9000,90.0000,5.2000,0.9010
2023-08-01 17:00:00,144.0000,100.0000,23.3000,94.0000,3.6000,0.4772
2023-08-01 18:00:00,57.0000,100.0000,23.3000,94.0000,2.6000,0.0449
2023-08-01 19:00:00,0.0000,100.0000,23.3000,94.0000,2.6000,0.0000
2023-08-01 20:00:00,0.0000,60.0000,23.3000,94.0000,2.6000,0.0000
2023-08-01 21:00:00,0.0000,30.0000,23.3000,94.0000,2.6000,0.0000
2023-08-01 22:00:00,0.0000,20.0000,23.3000,90.0000,3.1000,0.0000
2023-08-01 23:00:00,0.0000,40.0000,23.3000,90.0000,1.0000,0.0000
2023-08-02 00:00:00,0.0000,50.0000,23.3000,94.0000,3.1000,0.0000
2023-08-02 01:00:00,0.0000,50.0000,23.3000,94.0000,2.1000,0.0000
2023-08-02 02:00:00,0.0000,70.0000,23.3000,94.0000,2.1000,0.0000
2023-08-02 03:00:00,0.0000,80.0000,23.3000,94.0000,3.6000,0.0000
2023-08-02 04:00:00,0.0000,80.0000,22.8000,97.0000,2.6000,0.0000
2023-08-02 05:00:00,0.0000,50.0000,22.8000,97.0000,3.1000,0.0000
2023-08-02 06:00:00,59.0000,80.0000,23.3000,94.0000,3.6000,0.4198
2023-08-02 07:00:00,264.0000,50.0000,25.6000,88.0000,3.1000,1.1054
2023-08-02 08:00:00,453.0000,30.0000,28.3000,74.0000,5.2000,1.5651
2023-08-02 09:00:00,690.0000,30.0000,29.4000,65.0000,6.2000,2.1054
2023-08-02 10:00:00,661.0000,60.0000,30.0000,65.0000,6.2000,2.5523
2023-08-02 11:00:00,499.0000,90.0000,30.0000,68.0000,6.2000,1.9376
2023-08-02 12:00:00,649.0000,70.0000,30.6000,59.0000,6.7000,1.5887
2023-08-02 13:00:00,726.0000,70.0000,30.6000,61.0000,6.7000,1.6850
2023-08-02 14:00:00,559.0000,70.0000,30.6000,63.0000,7.7000,1.2504
2023-08-02 15:00:00,502.0000,40.0000,30.6000,65.0000,6.2000,0.9956
2023-08-02 16:00:00,440.0000,30.0000,30.0000,63.0000,6.2000,0.7941
2023-08-02 17:00:00,207.0000,30.0000,30.0000,65.0000,6.2000,0.4139
2023-08-02 18:00:00,44.0000,20.0000,29.4000,65.0000,5.7000,0.1161
2023-08-02 19:00:00,0.0000,10.0000,28.9000,67.0000,6.2000,0.0000
2023-08-02 20:00:00,0.0000,10.0000,28.9000,67.0000,6.2000,0.0000
2023-08-02 21:00:00,0.0000,10.0000,28.9000,67.0000,4.1000,0.0000
2023-08-02 22:00:00,0.0000,30.0000,25.6000,74.0000,4.1000,0.0000
2023-08-02 23:00:00,0.0000,40.0000,26.1000,88.0000,3.1000,0.0000
2023-08-03 00:00:00,0.0000,50.0000,26.7000,82.0000,3.6000,0.0000
2023-08-03 01:00:00,0.0000,30.0000,26.1000,85.0000,3.1000,0.0000
2023-08-03 02:00:00,0.0000,40.0000,25.6000,88.0000,2.1000,0.0000
2023-08-03 03:00:00,0.0000,40.0000,25.6000,88.0000,2.1000,0.0000
2023-08-03 04:00:00,0.0000,50.0000,25.6000,88.0000,4.1000,0.0000
2023-08-03 05:00:00,1.0000,80.0000,25.6000,88.0000,3.6000,0.0000
2023-08-03 06:00:00,66.0000,70.0000,25.6000,85.0000,1.0000,0.3983
2023-08-03 07:00:00,160.0000,90.0000,25.6000,88.0000,4.1000,1.0262
2023-08-03 08:00:00,203.0000,100.0000,26.1000,88.0000,5.7000,1.8974
2023-08-03 09:00:00,402.0000,90.0000,28.3000,72.0000,5.2000,2.4268
2023-08-03 10:00:00,845.0000,50.0000,28.9000,70.0000,6.2000,2.1865
2023-08-03 11:00:00,915.0000,50.0000,30.0000,65.0000,7.2000,2.1897
2023-08-03 12:00:00,792.0000,80.0000,30.0000,63.0000,7.7000,2.6295
2023-08-03 13:00:00,691.0000,60.0000,30.0000,63.0000,6.7000,2.5512
2023-08-03 14:00:00,852.0000,40.0000,30.0000,63.0000,6.2000,2.0940
2023-08-03 15:00:00,671.0000,40.0000,30.0000,61.0000,6.2000,1.9224
2023-08-03 16:00:00,427.0000,30.0000,30.0000,63.0000,5.7000,1.3796
2023-08-03 17:00:00,242.0000,30.0000,29.4000,63.0000,4.1000,0.5357
2023-08-03 18:00:00,63.0000,20.0000,29.4000,61.0000,4.6000,0.0824
2023-08-03 19:00:00,1.0000,10.0000,28.9000,63.0000,4.1000,0.0000
2023-08-03 20:00:00,0.0000,20.0000,28.9000,65.0000,3.1000,0.0000
2023-08-03 21:00:00,0.0000,0.0000,27.8000,72.0000,3.6000,0.0000
2023-08-03 22:00:00,0.0000,0.0000,27.8000,72.0000,3.1000,0.0000
2023-08-03 23:00:00,0.0000,0.0000,27.8000,72.0000,4.1000,0.0000
2023-08-04 00:00:00,0.0000,10.0000,26.1000,82.0000,2.1000,0.0000
2023-08-04 01:00:00,0.0000,10.0000,25.6000,85.0000,2.6000,0.0000
2023-08-04 02:00:00,0.0000,10.0000,25.6000,85.0000,2.6000,0.0000
2023-08-04 03:00:00,0.0000,40.0000,25.0000,88.0000,1.5000,0.0000
2023-08-04 04:00:00,0.0000,30.0000,24.4000,90.0000,1.5000,0.0000
2023-08-04 05:00:00,0.0000,50.0000,24.4000,90.0000,0.0000,0.0000
2023-08-04 06:00:00,67.0000,70.0000,24.4000,90.0000,2.6000,0.3996
2023-08-04 07:00:00,177.0000,90.0000,25.0000,91.0000,1.5000,0.6674
2023-08-04 08:00:00,372.0000,90.0000,26.7000,79.0000,3.6000,1.0995
2023-08-04 09:00:00,568.0000,70.0000,28.9000,70.0000,4.1000,2.2362
2023-08-04 10:00:00,580.0000,80.0000,30.0000,65.0000,3.1000,3.1528
2023-08-04 11:00:00,962.0000,50.0000,30.0000,63.0000,5.2000,3.2516
2023-08-04 12:00:00,809.0000,50.0000,31.1000,61.0000,6.2000,2.8666
2023-08-04 13:00:00,785.0000,50.0000,31.1000,59.0000,6.2000,2.9710
2023-08-04 14:00:00,461.0000,90.0000,28.9000,61.0000,5.7000,3.0464
2023-08-04 15:00:00,387.0000,100.0000,25.6000,79.0000,2.6000,2.2614
2023-08-04 16:00:00,463.0000,90.0000,26.7000,79.0000,4.1000,1.4116
2023-08-04 17:00:00,180.0000,90.0000,28.3000,70.0000,4.1000,0.6575
2023-08-04 18:00:00,33.0000,90.0000,28.3000,70.0000,4.1000,0.1264
2023-08-04 19:00:00,0.0000,90.0000,28.3000,72.0000,4.6000,0.0000
2023-08-04 20:00:00,0.0000,70.0000,28.3000,72.0000,3.6000,0.0000
2023-08-04 21:00:00,0.0000,80.0000,28.3000,74.0000,6.7000,0.0000
2023-08-04 22:00:00,0.0000,80.0000,25.6000,82.0000,4.1000,0.0000
2023-08-04 23:00:00,0.0000,90.0000,25.0000,85.0000,3.6000,0.0000
2023-08-05 00:00:00,0.0000,100.0000,24.4000,90.0000,3.1000,0.0000
2023-08-05 01:00:00,0.0000,80.0000,24.4000,90.0000,3.1000,0.0000
2023-08-05 02:00:00,0.0000,90.0000,24.4000,94.0000,2.1000,0.0000
2023-08-05 03:00:00,0.0000,90.0000,24.4000,97.0000,1.0000,0.0000
2023-08-05 04:00:00,0.0000,50.0000,24.4000,97.0000,2.1000,0.0000
2023-08-05 05:00:00,0.0000,70.0000,24.4000,97.0000,2.1000,0.0000
2023-08-05 06:00:00,58.0000,90.0000,24.4000,94.0000,2.6000,0.3859
2023-08-05 07:00:00,236.0000,90.0000,26.1000,85.0000,6.2000,0.9457
2023-08-05 08:00:00,392.0000,90.0000,27.8000,77.0000,7.7000,1.6205
2023-08-05 09:00:00,496.0000,90.0000,28.3000,74.0000,6.7000,2.0597
2023-08-05 10:00:00,517.0000,90.0000,29.4000,67.0000,10.8000,2.7560
2023-08-05 11:00:00,591.0000,90.0000,28.3000,80.0000,5.2000,3.2531
2023-08-05 12:00:00,733.0000,100.0000,28.3000,67.0000,4.6000,3.0202
2023-08-05 13:00:00,582.0000,100.0000,28.9000,67.0000,8.2000,2.4953
2023-08-05 14:00:00,495.0000,90.0000,28.3000,74.0000,5.7000,1.7313
2023-08-05 15:00:00,439.0000,90.0000,28.3000,67.0000,6.7000,1.7096
2023-08-05 16:00:00,312.0000,100.0000,28.3000,67.0000,6.7000,1.3736
2023-08-05 17:00:00,211.0000,90.0000,28.3000,67.0000,4.6000,0.4418
2023-08-05 18:00:00,43.0000,90.0000,28.3000,70.0000,5.7000,0.0588
2023-08-05 19:00:00,0.0000,80.0000,27.2000,77.0000,3.6000,0.0000
2023-08-05 20:00:00,0.0000,70.0000,27.2000,74.0000,5.7000,0.0000
2023-08-05 21:00:00,0.0000,20.0000,27.2000,74.0000,5.7000,0.0000
2023-08-05 22:00:00,0.0000,30.0000,27.2000,74.0000,6.2000,0.0000
2023-08-05 23:00:00,0.0000,20.0000,27.2000,77.0000,5.7000,0.0000
2023-08-06 00:00:00,0.0000,30.0000,27.2000,79.0000,5.2000,0.0000
2023-08-06 01:00:00,0.0000,10.0000,27.2000,79.0000,3.6000,0.0000
2023-08-06 02:00:00,0.0000,30.0000,26.7000,79.0000,3.1000,0.0000
2023-08-06 03:00:00,0.0000,20.0000,26.7000,82.0000,3.6000,0.0000
2023-08-06 04:00:00,0.0000,90.0000,25.6000,77.0000,5.7000,0.0000
2023-08-06 05:00:00,0.0000,30.0000,25.6000,85.0000,2.6000,0.0000
2023-08-06 06:00:00,57.0000,50.0000,25.6000,82.0000,3.6000,0.4724
2023-08-06 07:00:00,170.0000,70.0000,26.7000,82.0000,3.6000,1.0645
2023-08-06 08:00:00,380.0000,70.0000,30.0000,70.0000,8.8000,1.5880
2023-08-06 09:00:00,636.0000,50.0000,29.4000,61.0000,8.8000,1.9126
2023-08-06 10:00:00,801.0000,50.0000,29.4000,67.0000,9.3000,2.1346
2023-08-06 11:00:00,775.0000,50.0000,29.4000,65.0000,9.3000,2.5251
2023-08-06 12:00:00,947.0000,50.0000,30.6000,59.0000,8.2000,2.5565
2023-08-06 13:00:00,968.0000,50.0000,30.6000,59.0000,7.7000,2.1648
2023-08-06 14:00:00,841.0000,50.0000,30.6000,61.0000,8.8000,1.8543
2023-08-06 15:00:00,589.0000,50.0000,30.0000,63.0000,6.7000,1.5071
2023-08-06 16:00:00,374.0000,50.0000,29.4000,63.0000,8.8000,1.0840
2023-08-06 17:00:00,195.0000,50.0000,28.9000,67.0000,7.2000,0.5358
2023-08-06 18:00:00,43.0000,80.0000,28.3000,67.0000,6.2000,0.0817
2023-08-06 19:00:00,0.0000,30.0000,27.8000,72.0000,6.2000,0.0000
2023-08-06 20:00:00,0.0000,20.0000,27.8000,74.0000,5.2000,0.0000
2023-08-06 21:00:00,0.0000,30.0000,27.2000,74.0000,3.6000,0.0000
2023-08-06 22:00:00,0.0000,40.0000,27.2000,74.0000,5.7000,0.0000
2023-08-06 23:00:00,0.0000,20.0000,27.8000,72.0000,4.6000,0.0000
2023-08-07 00:00:00,0.0000,20.0000,27.2000,74.0000,3.6000,0.0000
2023-08-07 01:00:00,0.0000,10.0000,27.2000,77.0000,3.1000,0.0000
2023-08-07 02:00:00,0.0000,20.0000,27.2000,77.0000,3.6000,0.0000
2023-08-07 03:00:00,0.0000,40.0000,27.2000,77.0000,3.6000,0.0000
2023-08-07 04:00:00,0.0000,40.0000,27.2000,77.0000,4.1000,0.0000
2023-08-07 05:00:00,0.0000,50.0000,26.1000,82.0000,3.1000,0.0000
2023-08-07 06:00:00,62.0000,30.0000,26.7000,82.0000,2.1000,0.3547
2023-08-07 07:00:00,211.0000,30.0000,27.2000,77.0000,4.1000,0.9587
2023-08-07 08:00:00,451.0000,60.0000,27.2000,77.0000,4.1000,1.8389
2023-08-07 09:00:00,661.0000,70.0000,27.2000,77.0000,1.5000,2.5978
2023-08-07 10:00:00,462.0000,100.0000,28.9000,72.0000,5.2000,2.9385
2023-08-07 11:00:00,857.0000,90.0000,29.4000,63.0000,5.2000,3.1802
2023-08-07 12:00:00,764.0000,90.0000,30.6000,61.0000,6.2000,3.6046
2023-08-07 13:00:00,764.0000,90.0000,30.6000,61.0000,6.2000,3.5441
2023-08-07 14:00:00,518.0000,90.0000,30.6000,61.0000,6.2000,2.8747
2023-08-07 15:00:00,379.0000,90.0000,30.0000,65.0000,7.7000,2.0330
2023-08-07 16:00:00,419.0000,80.0000,30.0000,61.0000,6.2000,1.2210
2023-08-07 17:00:00,244.0000,90.0000,30.0000,61.0000,5.7000,0.5066
2023-08-07 18:00:00,46.0000,90.0000,28.9000,70.0000,5.2000,0.0829
2023-08-07 19:00:00,0.0000,70.0000,28.3000,70.0000,6.2000,0.0000
2023-08-07 20:00:00,0.0000,70.0000,28.3000,70.0000,3.6000,0.0000
2023-08-07 21:00:00,0.0000,40.0000,28.3000,70.0000,4.1000,0.0000
2023-08-07 22:00:00,0.0000,50.0000,28.3000,70.0000,4.1000,0.0000
2023-08-07 23:00:00,0.0000,20.0000,28.3000,72.0000,5.2000,0.0000
2023-08-08 00:00:00,0.0000,20.0000,28.3000,72.0000,4.1000,0.0000
2023-08-08 01:00:00,0.0000,20.0000,27.8000,74.0000,2.6000,0.0000
2023-08-08 02:00:00,0.0000,30.0000,27.8000,74.0000,3.6000,0.0000
2023-08-08 03:00:00,0.0000,20.0000,26.7000,77.0000,2.1000,0.0000
2023-08-08 04:00:00,0.0000,0.0000,26.1000,79.0000,2.1000,0.0000
2023-08-08 05:00:00,1.0000,20.0000,26.1000,82.0000,3.6000,0.0000
2023-08-08 06:00:00,65.0000,40.0000,26.7000,82.0000,4.6000,0.3607
2023-08-08 07:00:00,250.0000,40.0000,27.8000,77.0000,5.2000,1.0270
2023-08-08 08:00:00,346.0000,50.0000,28.9000,72.0000,7.2000,1.8699
2023-08-08 09:00:00,506.0000,60.0000,29.4000,67.0000,6.7000,2.0786
2023-08-08 10:00:00,657.0000,70.0000,30.0000,65.0000,5.7000,2.4262
2023-08-08 11:00:00,735.0000,70.0000,30.6000,63.0000,6.7000,3.0713
2023-08-08 12:00:00,520.0000,50.0000,30.6000,59.0000,6.7000,2.9611
2023-08-08 13:00:00,713.0000,50.0000,30.6000,63.0000,7.2000,2.5204
2023-08-08 14:00:00,654.0000,50.0000,30.6000,59.0000,7.7000,1.7796
2023-08-08 15:00:00,664.0000,40.0000,30.6000,61.0000,8.8000,1.6301
2023-08-08 16:00:00,388.0000,70.0000,30.6000,63.0000,6.2000,1.3894
2023-08-08 17:00:00,140.0000,50.0000,30.0000,61.0000,7.2000,0.6324
2023-08-08 18:00:00,23.0000,40.0000,29.4000,65.0000,6.7000,0.0890
2023-08-08 19:00:00,0.0000,40.0000,28.9000,72.0000,6.7000,0.0000
2023-08-08 20:00:00,0.0000,30.0000,28.9000,70.0000,6.2000,0.0000
2023-08-08 21:00:00,0.0000,40.0000,28.9000,70.0000,4.6000,0.0000
2023-08-08 22:00:00,0.0000,20.0000,28.3000,72.0000,5.2000,0.0000
2023-08-08 23:00:00,0.0000,10.0000,27.8000,82.0000,4.6000,0.0000
2023-08-09 00:00:00,0.0000,10.0000,27.8000,82.0000,4.6000,0.0000
2023-08-09 01:00:00,0.0000,10.0000,27.8000,79.0000,3.6000,0.0000
2023-08-09 02:00:00,0.0000,30.0000,27.2000,82.0000,3.1000,0.0000
2023-08-09 03:00:00,0.0000,30.0000,27.2000,82.0000,3.1000,0.0000
2023-08-09 04:00:00,0.0000,30.0000,27.2000,79.0000,3.1000,0.0000
2023-08-09 05:00:00,0.0000,40.0000,27.2000,79.0000,2.6000,0.0000
2023-08-09 06:00:00,57.0000,50.0000,27.2000,79.0000,5.2000,0.3705
2023-08-09 07:00:00,274.0000,30.0000,28.3000,72.0000,5.2000,0.8650
2023-08-09 08:00:00,485.0000,20.0000,28.9000,70.0000,5.2000,1.4829
2023-08-09 09:00:00,683.0000,20.0000,29.4000,65.0000,5.2000,2.1276
2023-08-09 10:00:00,728.0000,80.0000,30.0000,68.0000,6.2000,2.6002
2023-08-09 11:00:00,787.0000,50.0000,30.0000,68.0000,6.2000,2.4421
2023-08-09 12:00:00,905.0000,40.0000,30.6000,65.0000,5.7000,2.3555
2023-08-09 13:00:00,902.0000,50.0000,30.6000,63.0000,6.2000,2.7426
2023-08-09 14:00:00,735.0000,60.0000,30.6000,65.0000,7.7000,2.6666
2023-08-09 15:00:00,538.0000,50.0000,30.6000,63.0000,6.2000,2.1861
2023-08-09 16:00:00,414.0000,50.0000,30.0000,68.0000,6.7000,1.1104
2023-08-09 17:00:00,159.0000,40.0000,30.0000,65.0000,5.7000,0.3302
2023-08-09 18:00:00,45.0000,40.0000,29.4000,67.0000,5.7000,0.0365
2023-08-09 19:00:00,0.0000,20.0000,28.9000,72.0000,5.2000,0.0000
2023-08-09 20:00:00,0.0000,10.0000,28.9000,72.0000,5.7000,0.0000
2023-08-09 21:00:00,0.0000,0.0000,28.3000,74.0000,3.6000,0.0000
2023-08-09 22:00:00,0.0000,20.0000,28.9000,67.0000,4.1000,0.0000
2023-08-09 23:00:00,0.0000,10.0000,28.3000,72.0000,5.2000,0.0000
2023-08-10 00:00:00,0.0000,10.0000,28.3000,74.0000,5.2000,0.0000
2023-08-10 01:00:00,0.0000,10.0000,28.3000,72.0000,5.2000,0.0000
2023-08-10 02:00:00,0.0000,10.0000,28.3000,72.0000,5.2000,0.0000
2023-08-10 03:00:00,0.0000,20.0000,28.3000,72.0000,4.6000,0.0000
2023-08-10 04:00:00,0.0000,20.0000,28.3000,72.0000,5.2000,0.0000
2023-08-10 05:00:00,0.0000,30.0000,28.3000,70.0000,5.2000,0.0000
2023-08-10 06:00:00,72.0000,70.0000,28.3000,70.0000,4.1000,0.4151
2023-08-10 07:00:00,201.0000,50.0000,28.3000,74.0000,5.2000,1.1103
2023-08-10 08:00:00,316.0000,60.0000,28.9000,70.0000,5.2000,1.9682
2023-08-10 09:00:00,546.0000,70.0000,29.4000,67.0000,5.2000,2.5372
2023-08-10 10:00:00,666.0000,60.0000,30.0000,61.0000,5.2000,2.7765
2023-08-10 11:00:00,673.0000,70.0000,30.0000,70.0000,7.2000,3.1626
2023-08-10 12:00:00,696.0000,80.0000,30.0000,70.0000,6.7000,3.4346
2023-08-10 13:00:00,650.0000,80.0000,30.0000,68.0000,7.2000,3.2010
2023-08-10 14:00:00,779.0000,80.0000,30.0000,70.0000,6.7000,2.5966
2023-08-10 15:00:00,112.0000,90.0000,24.4000,85.0000,5.2000,2.0124
2023-08-10 16:00:00,304.0000,80.0000,24.4000,87.0000,4.1000,1.2643
2023-08-10 17:00:00,153.0000,80.0000,25.0000,85.0000,3.1000,0.4241
2023-08-10 18:00:00,53.0000,80.0000,25.6000,79.0000,2.6000,0.0877
2023-08-10 19:00:00,0.0000,60.0000,26.1000,77.0000,1.5000,0.0000
2023-08-10 20:00:00,0.0000,60.0000,26.1000,77.0000,2.6000,0.0000
2023-08-10 21:00:00,0.0000,50.0000,26.7000,77.0000,3.1000,0.0000
2023-08-10 22:00:00,0.0000,80.0000,26.7000,85.0000,3.6000,0.0000
2023-08-10 23:00:00,0.0000,50.0000,26.7000,85.0000,3.1000,0.0000
2023-08-11 00:00:00,0.0000,50.0000,25.6000,91.0000,1.5000,0.0000
2023-08-11 01:00:00,0.0000,30.0000,25.6000,91.0000,1.0000,0.0000
2023-08-11 02:00:00,0.0000,40.0000,25.6000,94.0000,1.5000,0.0000
2023-08-11 03:00:00,0.0000,20.0000,25.6000,94.0000,2.6000,0.0000
2023-08-11 04:00:00,0.0000,20.0000,25.6000,91.0000,2.1000,0.0000
2023-08-11 05:00:00,0.0000,30.0000,25.6000,91.0000,0.0000,0.0000
2023-08-11 06:00:00,60.0000,40.0000,25.6000,94.0000,0.0000,0.3579
2023-08-11 07:00:00,246.0000,40.0000,27.8000,79.0000,8.2000,0.8624
2023-08-11 08:00:00,342.0000,70.0000,28.9000,74.0000,3.1000,1.5350
2023-08-11 09:00:00,402.0000,40.0000,29.4000,70.0000,4.6000,2.2030
2023-08-11 10:00:00,889.0000,50.0000,30.0000,68.0000,4.6000,2.4998
2023-08-11 11:00:00,969.0000,50.0000,30.6000,59.0000,4.1000,2.5665
2023-08-11 12:00:00,953.0000,70.0000,30.6000,59.0000,5.7000,2.5910
2023-08-11 13:00:00,744.0000,70.0000,30.6000,68.0000,6.2000,2.8138
2023-08-11 14:00:00,867.0000,70.0000,30.6000,65.0000,6.2000,1.9574
2023-08-11 15:00:00,717.0000,80.0000,30.6000,65.0000,5.7000,0.9180
2023-08-11 16:00:00,137.0000,80.0000,28.9000,72.0000,4.1000,0.9709
2023-08-11 17:00:00,39.0000,90.0000,28.3000,72.0000,4.1000,0.4289
2023-08-11 18:00:00,15.0000,90.0000,27.2000,74.0000,0.0000,0.1070
2023-08-11 19:00:00,0.0000,70.0000,26.1000,79.0000,4.1000,0.0000
2023-08-11 20:00:00,0.0000,40.0000,25.6000,82.0000,4.6000,0.0000
2023-08-11 21:00:00,0.0000,40.0000,25.6000,85.0000,3.1000,0.0000
2023-08-11 22:00:00,0.0000,40.0000,25.6000,85.0000,2.6000,0.0000
2023-08-11 23:00:00,0.0000,20.0000,25.6000,85.0000,1.5000,0.0000
2023-08-12 00:00:00,0.0000,20.0000,25.6000,85.0000,2.1000,0.0000
2023-08-12 01:00:00,0.0000,20.0000,25.6000,85.0000,0.0000,0.0000
2023-08-12 02:00:00,0.0000,0.0000,25.6000,85.0000,2.6000,0.0000
2023-08-12 03:00:00,0.0000,0.0000,25.0000,91.0000,0.0000,0.0000
2023-08-12 04:00:00,0.0000,0.0000,25.6000,88.0000,2.6000,0.0000
2023-08-12 05:00:00,0.0000,20.0000,25.0000,91.0000,3.1000,0.0000
2023-08-12 06:00:00,39.0000,60.0000,25.6000,91.0000,3.1000,0.3780
2023-08-12 07:00:00,134.0000,70.0000,26.7000,88.0000,1.5000,0.8928
2023-08-12 08:00:00,287.0000,60.0000,28.9000,72.0000,3.6000,1.3126
2023-08-12 09:00:00,542.0000,60.0000,30.0000,63.0000,3.6000,2.2680
2023-08-12 10:00:00,643.0000,50.0000,30.6000,61.0000,3.6000,3.3208
2023-08-12 11:00:00,889.0000,20.0000,30.6000,59.0000,3.6000,3.5545
2023-08-12 12:00:00,1005.0000,30.0000,31.1000,59.0000,4.6000,3.2062
2023-08-12 13:00:00,974.0000,10.0000,31.1000,55.0000,4.6000,3.0695
2023-08-12 14:00:00,822.0000,10.0000,31.1000,59.0000,4.1000,3.0890
2023-08-12 15:00:00,679.0000,40.0000,30.6000,61.0000,2.6000,1.7993
2023-08-12 16:00:00,468.0000,50.0000,30.6000,61.0000,5.2000,0.3549
2023-08-12 17:00:00,219.0000,60.0000,30.0000,61.0000,4.6000,0.0872
2023-08-12 18:00:00,40.0000,60.0000,29.4000,61.0000,5.7000,0.0195
2023-08-12 19:00:00,0.0000,30.0000,28.9000,70.0000,4.6000,0.0000
2023-08-12 20:00:00,0.0000,30.0000,28.9000,70.0000,4.1000,0.0000
2023-08-12 21:00:00,0.0000,30.0000,28.9000,72.0000,3.6000,0.0000
2023-08-12 22:00:00,0.0000,20.0000,28.9000,72.0000,5.2000,0.0000
2023-08-12 23:00:00,0.0000,10.0000,28.9000,74.0000,4.1000,0.0000
2023-08-13 00:00:00,0.0000,0.0000,28.9000,74.0000,4.6000,0.0000
2023-08-13 01:00:00,0.0000,20.0000,28.9000,74.0000,4.1000,0.0000
2023-08-13 02:00:00,0.0000,20.0000,28.3000,77.0000,3.1000,0.0000
2023-08-13 03:00:00,0.0000,20.0000,28.3000,77.0000,3.1000,0.0000
2023-08-13 04:00:00,0.0000,20.0000,27.8000,77.0000,1.5000,0.0000
2023-08-13 05:00:00,0.0000,30.0000,27.8000,77.0000,2.1000,0.0000
2023-08-13 06:00:00,61.0000,30.0000,27.8000,77.0000,3.1000,0.3027
2023-08-13 07:00:00,179.0000,40.0000,28.3000,74.0000,4.1000,0.7581
2023-08-13 08:00:00,509.0000,10.0000,30.0000,59.0000,3.6000,1.4831
2023-08-13 09:00:00,620.0000,70.0000,30.0000,63.0000,5.7000,2.1261
2023-08-13 10:00:00,762.0000,80.0000,30.6000,63.0000,6.2000,2.7804
2023-08-13 11:00:00,904.0000,80.0000,30.6000,63.0000,7.2000,3.4331
2023-08-13 12:00:00,687.0000,70.0000,31.1000,61.0000,6.2000,3.7236
2023-08-13 13:00:00,919.0000,40.0000,31.1000,55.0000,5.7000,3.4660
2023-08-13 14:00:00,821.0000,80.0000,31.7000,57.0000,5.7000,2.9838
2023-08-13 15:00:00,521.0000,80.0000,31.1000,59.0000,6.7000,2.4030
2023-08-13 16:00:00,476.0000,80.0000,31.1000,59.0000,6.7000,1.4967
2023-08-13 17:00:00,247.0000,80.0000,30.6000,61.0000,6.7000,0.5599
2023-08-13 18:00:00,43.0000,50.0000,29.4000,63.0000,5.2000,0.0721
2023-08-13 19:00:00,0.0000,30.0000,28.9000,70.0000,4.1000,0.0000
2023-08-13 20:00:00,0.0000,20.0000,28.9000,70.0000,5.7000,0.0000
2023-08-13 21:00:00,0.0000,30.0000,28.9000,70.0000,5.2000,0.0000
2023-08-13 22:00:00,0.0000,30.0000,28.9000,72.0000,6.2000,0.0000
2023-08-13 23:00:00,0.0000,30.0000,28.9000,72.0000,5.2000,0.0000
2023-08-14 00:00:00,0.0000,20.0000,28.9000,65.0000,5.7000,0.0000
2023-08-14 01:00:00,0.0000,10.0000,28.9000,72.0000,5.2000,0.0000
2023-08-14 02:00:00,0.0000,20.0000,28.3000,72.0000,4.1000,0.0000
2023-08-14 03:00:00,0.0000,0.0000,28.3000,72.0000,4.6000,0.0000
2023-08-14 04:00:00,0.0000,0.0000,28.3000,72.0000,3.6000,0.0000
2023-08-14 05:00:00,0.0000,80.0000,28.3000,74.0000,3.1000,0.0000
2023-08-14 06:00:00,67.0000,40.0000,28.3000,72.0000,4.6000,0.3534
2023-08-14 07:00:00,259.0000,40.0000,28.9000,67.0000,5.7000,1.0466
2023-08-14 08:00:00,479.0000,40.0000,29.4000,65.0000,5.7000,1.8641
2023-08-14 09:00:00,543.0000,70.0000,30.0000,65.0000,7.2000,2.4697
2023-08-14 10:00:00,706.0000,70.0000,30.6000,63.0000,6.7000,3.1041
2023-08-14 11:00:00,903.0000,60.0000,31.1000,59.0000,7.7000,3.0346
2023-08-14 12:00:00,957.0000,70.0000,30.0000,65.0000,7.2000,3.0921
2023-08-14 13:00:00,892.0000,70.0000,31.1000,57.0000,7.2000,3.3321
2023-08-14 14:00:00,669.0000,60.0000,30.6000,63.0000,8.2000,2.6769
2023-08-14 15:00:00,488.0000,70.0000,30.6000,61.0000,8.2000,2.0671
2023-08-14 16:00:00,486.0000,80.0000,30.6000,59.0000,8.2000,1.5420
2023-08-14 17:00:00,246.0000,90.0000,30.0000,61.0000,7.2000,0.6178
2023-08-14 18:00:00,67.0000,90.0000,29.4000,65.0000,6.7000,0.0800
2023-08-14 19:00:00,0.0000,70.0000,29.4000,65.0000,5.2000,0.0000
2023-08-14 20:00:00,0.0000,50.0000,29.4000,67.0000,4.6000,0.0000
2023-08-14 21:00:00,0.0000,30.0000,28.9000,70.0000,3.6000,0.0000
2023-08-14 22:00:00,0.0000,30.0000,28.9000,70.0000,5.7000,0.0000
2023-08-14 23:00:00,0.0000,40.0000,28.9000,70.0000,4.1000,0.0000
2023-08-15 00:00:00,0.0000,40.0000,28.3000,74.0000,3.6000,0.0000
2023-08-15 01:00:00,0.0000,0.0000,28.3000,70.0000,3.6000,0.0000
2023-08-15 02:00:00,0.0000,10.0000,28.3000,74.0000,3.6000,0.0000
2023-08-15 03:00:00,0.0000,10.0000,27.8000,74.0000,3.1000,0.0000
2023-08-15 04:00:00,0.0000,20.0000,27.8000,74.0000,4.6000,0.0000
2023-08-15 05:00:00,0.0000,70.0000,27.8000,77.0000,4.1000,0.0000
2023-08-15 06:00:00,61.0000,40.0000,27.8000,77.0000,4.1000,0.3633
2023-08-15 07:00:00,273.0000,30.0000,28.9000,70.0000,5.2000,1.0602
2023-08-15 08:00:00,356.0000,50.0000,29.4000,70.0000,5.2000,1.7935
2023-08-15 09:00:00,511.0000,70.0000,30.0000,68.0000,5.7000,2.2970
2023-08-15 10:00:00,673.0000,70.0000,30.6000,63.0000,5.7000,2.9328
2023-08-15 11:00:00,894.0000,50.0000,30.6000,65.0000,6.2000,3.5329
2023-08-15 12:00:00,851.0000,50.0000,31.1000,59.0000,5.7000,3.5788
2023-08-15 13:00:00,718.0000,40.0000,31.1000,59.0000,5.7000,3.0911
2023-08-15 14:00:00,781.0000,90.0000,31.1000,63.0000,6.7000,2.3762
2023-08-15 15:00:00,573.0000,90.0000,31.1000,61.0000,6.7000,2.0523
2023-08-15 16:00:00,313.0000,90.0000,31.1000,61.0000,5.7000,1.5657
2023-08-15 17:00:00,124.0000,90.0000,30.0000,65.0000,4.6000,0.6763
2023-08-15 18:00:00,17.0000,100.0000,29.4000,67.0000,4.6000,0.1297
2023-08-15 19:00:00,0.0000,100.0000,29.4000,65.0000,4.1000,0.0000
2023-08-15 20:00:00,0.0000,80.0000,28.9000,70.0000,6.7000,0.0000
2023-08-15 21:00:00,0.0000,40.0000,28.9000,72.0000,5.7000,0.0000
2023-08-15 22:00:00,0.0000,20.0000,28.9000,70.0000,5.2000,0.0000
2023-08-15 23:00:00,0.0000,20.0000,28.9000,70.0000,4.6000,0.0000
2023-08-16 00:00:00,0.0000,10.0000,28.9000,72.0000,4.6000,0.0000
2023-08-16 01:00:00,0.0000,10.0000,28.9000,70.0000,4.6000,0.0000
2023-08-16 02:00:00,0.0000,40.0000,28.9000,72.0000,4.6000,0.0000
2023-08-16 03:00:00,0.0000,10.0000,28.3000,74.0000,4.1000,0.0000
2023-08-16 04:00:00,0.0000,0.0000,28.3000,72.0000,3.6000,0.0000
2023-08-16 05:00:00,0.0000,30.0000,28.3000,72.0000,3.6000,0.0000
2023-08-16 06:00:00,63.0000,10.0000,28.3000,72.0000,3.1000,0.3872
2023-08-16 07:00:00,264.0000,40.0000,28.9000,70.0000,3.6000,0.9270
2023-08-16 08:00:00,420.0000,70.0000,29.4000,67.0000,5.7000,1.5312
2023-08-16 09:00:00,700.0000,50.0000,30.0000,65.0000,3.6000,2.1634
2023-08-16 10:00:00,824.0000,70.0000,30.6000,61.0000,3.6000,2.8613
2023-08-16 11:00:00,916.0000,50.0000,30.6000,63.0000,4.6000,3.2190
2023-08-16 12:00:00,1002.0000,50.0000,31.1000,61.0000,6.7000,3.0161
2023-08-16 13:00:00,948.0000,10.0000,31.1000,59.0000,7.7000,2.8843
2023-08-16 14:00:00,837.0000,10.0000,31.1000,59.0000,6.7000,2.6701
2023-08-16 15:00:00,682.0000,20.0000,31.1000,57.0000,6.2000,1.8204
2023-08-16 16:00:00,454.0000,20.0000,31.1000,61.0000,5.7000,0.9023
2023-08-16 17:00:00,216.0000,20.0000,30.6000,63.0000,6.2000,0.2856
2023-08-16 18:00:00,11.0000,20.0000,29.4000,67.0000,5.2000,0.0236
2023-08-16 19:00:00,0.0000,10.0000,29.4000,65.0000,4.6000,0.0000
2023-08-16 20:00:00,0.0000,0.0000,29.4000,67.0000,4.1000,0.0000
2023-08-16 21:00:00,0.0000,0.0000,29.4000,70.0000,4.6000,0.0000
2023-08-16 22:00:00,0.0000,10.0000,29.4000,70.0000,5.2000,0.0000
2023-08-16 23:00:00,0.0000,20.0000,29.4000,72.0000,4.6000,0.0000
2023-08-17 00:00:00,0.0000,10.0000,29.4000,72.0000,5.7000,0.0000
2023-08-17 01:00:00,0.0000,30.0000,28.9000,70.0000,4.1000,0.0000
2023-08-17 02:00:00,0.0000,20.0000,28.9000,72.0000,4.6000,0.0000
2023-08-17 03:00:00,0.0000,40.0000,28.9000,70.0000,5.2000,0.0000
2023-08-17 04:00:00,0.0000,40.0000,28.3000,72.0000,3.1000,0.0000
2023-08-17 05:00:00,0.0000,60.0000,27.8000,74.0000,2.1000,0.0000
2023-08-17 06:00:00,70.0000,70.0000,27.8000,77.0000,1.5000,0.4166
2023-08-17 07:00:00,189.0000,80.0000,28.9000,72.0000,2.6000,1.0429
2023-08-17 08:00:00,428.0000,60.0000,29.4000,67.0000,2.6000,1.9076
2023-08-17 09:00:00,495.0000,70.0000,30.0000,65.0000,3.6000,2.7316
2023-08-17 10:00:00,562.0000,60.0000,30.6000,61.0000,4.1000,3.1762
2023-08-17 11:00:00,1007.0000,50.0000,31.1000,61.0000,3.6000,3.5159
2023-08-17 12:00:00,953.0000,70.0000,32.2000,54.0000,2.1000,3.6896
2023-08-17 13:00:00,926.0000,60.0000,32.2000,56.0000,5.7000,3.5043
2023-08-17 14:00:00,791.0000,80.0000,32.2000,54.0000,4.1000,3.0596
2023-08-17 15:00:00,427.0000,60.0000,31.1000,53.0000,4.1000,2.3332
2023-08-17 16:00:00,229.0000,70.0000,29.4000,61.0000,2.1000,1.4431
2023-08-17 17:00:00,209.0000,70.0000,29.4000,72.0000,3.1000,0.4971
2023-08-17 18:00:00,49.0000,40.0000,29.4000,72.0000,4.1000,0.0104
2023-08-17 19:00:00,0.0000,30.0000,29.4000,72.0000,3.6000,0.0000
2023-08-17 20:00:00,0.0000,0.0000,29.4000,70.0000,3.6000,0.0000
2023-08-17 21:00:00,0.0000,0.0000,28.9000,72.0000,3.1000,0.0000
2023-08-17 22:00:00,0.0000,0.0000,28.3000,74.0000,0.0000,0.0000
2023-08-17 23:00:00,0.0000,0.0000,27.8000,77.0000,2.1000,0.0000
2023-08-18 00:00:00,0.0000,0.0000,27.8000,77.0000,2.1000,0.0000
2023-08-18 01:00:00,0.0000,0.0000,26.1000,85.0000,2.6000,0.0000
2023-08-18 02:00:00,0.0000,0.0000,26.1000,85.0000,2.6000,0.0000
2023-08-18 03:00:00,0.0000,40.0000,26.1000,85.0000,0.0000,0.0000
2023-08-18 04:00:00,0.0000,30.0000,26.1000,88.0000,0.0000,0.0000
2023-08-18 05:00:00,0.0000,80.0000,26.1000,88.0000,2.1000,0.0000
2023-08-18 06:00:00,70.0000,100.0000,26.1000,88.0000,2.6000,0.3827
2023-08-18 07:00:00,252.0000,70.0000,27.8000,77.0000,0.0000,1.0010
2023-08-18 08:00:00,474.0000,60.0000,28.9000,67.0000,2.1000,1.6031
2023-08-18 09:00:00,595.0000,50.0000,30.0000,63.0000,1.5000,1.9472
2023-08-18 10:00:00,652.0000,80.0000,31.1000,57.0000,1.5000,2.8424
2023-08-18 11:00:00,818.0000,80.0000,31.1000,57.0000,5.2000,3.5520
2023-08-18 12:00:00,550.0000,90.0000,29.4000,63.0000,3.1000,3.5289
2023-08-18 13:00:00,150.0000,70.0000,27.2000,74.0000,1.0000,3.2926
2023-08-18 14:00:00,411.0000,30.0000,30.0000,63.0000,3.1000,2.4440
2023-08-18 15:00:00,577.0000,30.0000,30.6000,59.0000,2.1000,1.3385
2023-08-18 16:00:00,418.0000,100.0000,27.8000,72.0000,6.2000,0.9049
2023-08-18 17:00:00,71.0000,70.0000,26.7000,85.0000,3.1000,0.5526
2023-08-18 18:00:00,11.0000,70.0000,25.6000,79.0000,2.6000,0.0886
2023-08-18 19:00:00,0.0000,60.0000,25.6000,79.0000,1.5000,0.0000
2023-08-18 20:00:00,0.0000,60.0000,25.0000,82.0000,2.1000,0.0000
2023-08-18 21:00:00,0.0000,30.0000,25.0000,82.0000,2.1000,0.0000
2023-08-18 22:00:00,0.0000,20.0000,25.0000,82.0000,2.6000,0.0000
2023-08-18 23:00:00,0.0000,80.0000,24.4000,82.0000,2.6000,0.0000
2023-08-19 00:00:00,0.0000,50.0000,24.4000,82.0000,3.1000,0.0000
2023-08-19 01:00:00,0.0000,50.0000,24.4000,85.0000,2.6000,0.0000
2023-08-19 02:00:00,0.0000,50.0000,24.4000,87.0000,2.6000,0.0000
2023-08-19 03:00:00,0.0000,50.0000,24.4000,90.0000,3.6000,0.0000
2023-08-19 04:00:00,0.0000,30.0000,24.4000,90.0000,3.6000,0.0000
2023-08-19 05:00:00,0.0000,70.0000,24.4000,87.0000,3.1000,0.0000
2023-08-19 06:00:00,57.0000,80.0000,24.4000,87.0000,3.1000,0.4091
2023-08-19 07:00:00,250.0000,50.0000,26.7000,82.0000,2.1000,1.0726
2023-08-19 08:00:00,479.0000,60.0000,28.9000,72.0000,3.6000,1.8163
2023-08-19 09:00:00,524.0000,80.0000,29.4000,70.0000,3.1000,2.2218
2023-08-19 10:00:00,548.0000,60.0000,30.0000,65.0000,2.6000,2.6810
2023-08-19 11:00:00,835.0000,70.0000,31.1000,63.0000,7.2000,2.6989
2023-08-19 12:00:00,723.0000,70.0000,31.1000,61.0000,5.7000,1.4078
2023-08-19 13:00:00,863.0000,50.0000,31.1000,61.0000,6.2000,1.0577
2023-08-19 14:00:00,374.0000,60.0000,30.6000,61.0000,6.2000,1.9554
2023-08-19 15:00:00,237.0000,60.0000,30.6000,63.0000,3.6000,2.0501
2023-08-19 16:00:00,176.0000,70.0000,30.0000,65.0000,3.1000,1.0413
2023-08-19 17:00:00,77.0000,70.0000,29.4000,67.0000,5.7000,0.1543
2023-08-19 18:00:00,19.0000,70.0000,29.4000,67.0000,4.6000,0.0107
2023-08-19 19:00:00,0.0000,70.0000,28.9000,70.0000,3.6000,0.0000
2023-08-19 20:00:00,0.0000,50.0000,28.9000,70.0000,4.1000,0.0000
2023-08-19 21:00:00,0.0000,60.0000,28.9000,70.0000,3.6000,0.0000
2023-08-19 22:00:00,0.0000,50.0000,28.3000,72.0000,3.6000,0.0000
2023-08-19 23:00:00,0.0000,60.0000,27.2000,77.0000,3.1000,0.0000
2023-08-20 00:00:00,0.0000,60.0000,26.7000,79.0000,2.6000,0.0000
2023-08-20 01:00:00,0.0000,50.0000,26.1000,85.0000,2.6000,0.0000
2023-08-20 02:00:00,0.0000,30.0000,25.6000,88.0000,2.6000,0.0000
2023-08-20 03:00:00,0.0000,0.0000,25.0000,91.0000,3.1000,0.0000
2023-08-20 04:00:00,0.0000,10.0000,25.0000,88.0000,0.0000,0.0000
2023-08-20 05:00:00,0.0000,70.0000,25.0000,88.0000,3.6000,0.0000
2023-08-20 06:00:00,38.0000,50.0000,25.0000,91.0000,4.1000,0.3934
2023-08-20 07:00:00,220.0000,40.0000,27.2000,82.0000,3.6000,1.1125
2023-08-20 08:00:00,344.0000,60.0000,28.3000,77.0000,5.7000,1.7362
2023-08-20 09:00:00,343.0000,80.0000,30.6000,65.0000,5.7000,1.9503
2023-08-20 10:00:00,591.0000,60.0000,30.6000,63.0000,6.2000,2.5465
2023-08-20 11:00:00,856.0000,60.0000,30.6000,61.0000,5.2000,2.9672
2023-08-20 12:00:00,815.0000,70.0000,33.3000,58.0000,7.7000,3.0125
2023-08-20 13:00:00,915.0000,40.0000,33.3000,62.0000,7.7000,2.4237
2023-08-20 14:00:00,713.0000,60.0000,33.3000,60.0000,5.7000,1.2697
2023-08-20 15:00:00,577.0000,40.0000,33.3000,56.0000,6.7000,0.8299
2023-08-20 16:00:00,434.0000,40.0000,32.2000,59.0000,6.7000,0.5136
2023-08-20 17:00:00,221.0000,40.0000,31.7000,63.0000,8.2000,0.1795
2023-08-20 18:00:00,39.0000,60.0000,30.0000,70.0000,4.6000,0.0281
2023-08-20 19:00:00,0.0000,40.0000,28.9000,72.0000,5.2000,0.0000
2023-08-20 20:00:00,0.0000,20.0000,28.9000,74.0000,5.2000,0.0000
2023-08-20 21:00:00,0.0000,20.0000,28.9000,77.0000,4.6000,0.0000
2023-08-20 22:00:00,0.0000,60.0000,28.3000,77.0000,7.7000,0.0000
2023-08-20 23:00:00,0.0000,60.0000,27.2000,79.0000,3.1000,0.0000
2023-08-21 00:00:00,0.0000,70.0000,27.2000,79.0000,4.1000,0.0000
2023-08-21 01:00:00,0.0000,100.0000,27.2000,82.0000,3.1000,0.0000
2023-08-21 02:00:00,0.0000,100.0000,27.8000,79.0000,4.1000,0.0000
2023-08-21 03:00:00,0.0000,100.0000,26.1000,91.0000,2.6000,0.0000
2023-08-21 04:00:00,0.0000,100.0000,26.1000,97.0000,1.5000,0.0000
2023-08-21 05:00:00,0.0000,90.0000,26.1000,97.0000,3.1000,0.0000
2023-08-21 06:00:00,33.0000,50.0000,26.7000,94.0000,3.6000,0.0000
2023-08-21 07:00:00,46.0000,70.0000,26.7000,91.0000,3.1000,0.0000
2023-08-21 08:00:00,37.0000,100.0000,24.4000,100.0000,5.2000,0.0000
2023-08-21 09:00:00,65.0000,100.0000,24.4000,94.0000,2.6000,1.3169
2023-08-21 10:00:00,75.0000,100.0000,25.0000,88.0000,0.0000,2.2691
2023-08-21 11:00:00,149.0000,100.0000,26.1000,85.0000,0.0000,3.2865
2023-08-21 12:00:00,390.0000,100.0000,27.2000,82.0000,3.6000,3.1291
2023-08-21 13:00:00,485.0000,90.0000,27.8000,77.0000,3.1000,3.5130
2023-08-21 14:00:00,290.0000,90.0000,27.8000,74.0000,3.1000,2.7375
2023-08-21 15:00:00,443.0000,80.0000,28.3000,70.0000,4.1000,2.2153
2023-08-21 16:00:00,465.0000,50.0000,29.4000,67.0000,4.6000,1.6663
2023-08-21 17:00:00,212.0000,50.0000,29.4000,70.0000,3.1000,0.8485
2023-08-21 18:00:00,36.0000,70.0000,28.3000,77.0000,4.1000,0.1497
2023-08-21 19:00:00,0.0000,30.0000,27.8000,79.0000,3.6000,0.0000
2023-08-21 20:00:00,0.0000,60.0000,27.2000,82.0000,5.7000,0.0000
2023-08-21 21:00:00,0.0000,50.0000,25.6000,91.0000,5.7000,0.0000
2023-08-21 22:00:00,0.0000,70.0000,25.6000,91.0000,4.1000,0.0000
2023-08-21 23:00:00,0.0000,100.0000,25.6000,91.0000,2.6000,0.0000
2023-08-22 00:00:00,0.0000,50.0000,25.6000,94.0000,2.1000,0.0000
2023-08-22 01:00:00,0.0000,60.0000,25.6000,94.0000,0.0000,0.0000
2023-08-22 02:00:00,0.0000,20.0000,25.6000,94.0000,3.6000,0.0000
2023-08-22 03:00:00,0.0000,80.0000,25.6000,91.0000,3.1000,0.0000
2023-08-22 04:00:00,0.0000,50.0000,25.6000,91.0000,3.1000,0.0000
2023-08-22 05:00:00,0.0000,30.0000,25.6000,91.0000,0.0000,0.0000
2023-08-22 06:00:00,25.0000,30.0000,25.6000,91.0000,0.0000,0.2458
2023-08-22 07:00:00,110.0000,80.0000,25.6000,94.0000,3.1000,0.4916
2023-08-22 08:00:00,426.0000,90.0000,28.3000,80.0000,3.6000,0.7374
2023-08-22 09:00:00,175.0000,100.0000,25.6000,88.0000,3.6000,0.2496
2023-08-22 10:00:00,296.0000,100.0000,26.1000,85.0000,1.5000,0.2880
2023-08-22 11:00:00,235.0000,100.0000,27.8000,77.0000,2.1000,0.5721
2023-08-22 12:00:00,659.0000,100.0000,28.3000,77.0000,4.6000,1.7206
2023-08-22 13:00:00,828.0000,100.0000,30.0000,68.0000,2.1000,1.5437
2023-08-22 14:00:00,80.0000,100.0000,26.7000,77.0000,4.6000,1.4495
2023-08-22 15:00:00,143.0000,100.0000,24.4000,87.0000,3.6000,1.8233
2023-08-22 16:00:00,113.0000,100.0000,25.0000,88.0000,4.6000,1.4586
2023-08-22 17:00:00,23.0000,100.0000,25.0000,91.0000,3.1000,0.5475
2023-08-22 18:00:00,9.0000,100.0000,24.4000,94.0000,4.6000,0.0634
2023-08-22 19:00:00,0.0000,100.0000,24.4000,94.0000,2.6000,0.0000
2023-08-22 20:00:00,0.0000,90.0000,24.4000,97.0000,4.1000,0.0000
2023-08-22 21:00:00,0.0000,50.0000,24.4000,90.0000,2.6000,0.0000
2023-08-22 22:00:00,0.0000,40.0000,24.4000,94.0000,2.6000,0.0000
2023-08-22 23:00:00,0.0000,40.0000,24.4000,87.0000,3.1000,0.0000
2023-08-23 00:00:00,0.0000,30.0000,24.4000,87.0000,1.5000,0.0000
2023-08-23 01:00:00,0.0000,10.0000,24.4000,90.0000,0.0000,0.0000
2023-08-23 02:00:00,0.0000,20.0000,24.4000,90.0000,0.0000,0.0000
2023-08-23 03:00:00,0.0000,80.0000,24.4000,90.0000,2.1000,0.0000
2023-08-23 04:00:00,0.0000,50.0000,24.4000,90.0000,3.1000,0.0000
2023-08-23 05:00:00,0.0000,100.0000,23.9000,90.0000,6.2000,0.0000
2023-08-23 06:00:00,15.0000,100.0000,22.8000,90.0000,9.3000,0.2343
2023-08-23 07:00:00,55.0000,100.0000,23.3000,90.0000,4.1000,0.9019
2023-08-23 08:00:00,101.0000,100.0000,23.3000,90.0000,3.1000,1.1195
2023-08-23 09:00:00,83.0000,100.0000,23.9000,90.0000,5.2000,0.9041
2023-08-23 10:00:00,158.0000,100.0000,23.9000,90.0000,4.1000,1.0748
2023-08-23 11:00:00,312.0000,100.0000,24.4000,87.0000,2.6000,1.6468
2023-08-23 12:00:00,512.0000,100.0000,25.6000,77.0000,2.6000,2.8246
2023-08-23 13:00:00,548.0000,100.0000,27.2000,67.0000,3.1000,1.8277
2023-08-23 14:00:00,692.0000,90.0000,28.3000,61.0000,2.6000,0.4280
2023-08-23 15:00:00,439.0000,70.0000,28.3000,61.0000,5.7000,0.5170
2023-08-23 16:00:00,310.0000,80.0000,27.8000,67.0000,4.6000,0.2767
2023-08-23 17:00:00,233.0000,100.0000,27.8000,67.0000,4.6000,0.0426
2023-08-23 18:00:00,22.0000,100.0000,26.7000,69.0000,2.1000,0.0063
2023-08-23 19:00:00,0.0000,100.0000,26.1000,72.0000,4.1000,0.0000
2023-08-23 20:00:00,0.0000,80.0000,26.1000,74.0000,3.1000,0.0000
2023-08-23 21:00:00,0.0000,50.0000,26.1000,74.0000,2.1000,0.0000
2023-08-23 22:00:00,0.0000,50.0000,23.3000,82.0000,2.1000,0.0000
2023-08-23 23:00:00,0.0000,10.0000,23.3000,90.0000,0.0000,0.0000
2023-08-24 00:00:00,0.0000,30.0000,23.3000,97.0000,0.0000,0.0000
2023-08-24 01:00:00,0.0000,0.0000,23.3000,97.0000,0.0000,0.0000
2023-08-24 02:00:00,0.0000,0.0000,23.3000,97.0000,0.0000,0.0000
2023-08-24 03:00:00,0.0000,80.0000,23.3000,97.0000,0.0000,0.0000
2023-08-24 04:00:00,0.0000,80.0000,23.3000,94.0000,0.0000,0.0000
2023-08-24 05:00:00,0.0000,80.0000,23.3000,94.0000,2.1000,0.0000
2023-08-24 06:00:00,61.0000,90.0000,23.3000,94.0000,1.5000,0.1123
2023-08-24 07:00:00,215.0000,90.0000,24.4000,90.0000,2.6000,0.2897
2023-08-24 08:00:00,383.0000,90.0000,26.7000,79.0000,1.5000,0.3569
2023-08-24 09:00:00,685.0000,70.0000,27.8000,69.0000,2.6000,0.4631
2023-08-24 10:00:00,745.0000,50.0000,29.4000,61.0000,2.6000,0.8979
2023-08-24 11:00:00,969.0000,70.0000,30.0000,63.0000,4.6000,1.5679
2023-08-24 12:00:00,812.0000,50.0000,30.0000,61.0000,4.6000,2.0365
2023-08-24 13:00:00,931.0000,90.0000,30.0000,57.0000,4.6000,2.3629
2023-08-24 14:00:00,795.0000,90.0000,30.0000,59.0000,2.6000,2.3122
2023-08-24 15:00:00,567.0000,90.0000,30.0000,59.0000,4.1000,1.5401
2023-08-24 16:00:00,401.0000,80.0000,29.4000,61.0000,4.1000,1.1246
2023-08-24 17:00:00,187.0000,100.0000,29.4000,61.0000,5.2000,0.5516
2023-08-24 18:00:00,35.0000,90.0000,28.9000,63.0000,3.6000,0.0353
2023-08-24 19:00:00,0.0000,100.0000,28.3000,65.0000,4.1000,0.0000
2023-08-24 20:00:00,0.0000,100.0000,28.3000,67.0000,3.1000,0.0000
2023-08-24 21:00:00,0.0000,80.0000,28.3000,67.0000,3.6000,0.0000
2023-08-24 22:00:00,0.0000,100.0000,28.3000,67.0000,1.5000,0.0000
2023-08-24 23:00:00,0.0000,100.0000,26.7000,77.0000,2.1000,0.0000
2023-08-25 00:00:00,0.0000,100.0000,26.1000,79.0000,0.0000,0.0000
2023-08-25 01:00:00,0.0000,100.0000,25.6000,85.0000,2.6000,0.0000
2023-08-25 02:00:00,0.0000,80.0000,25.6000,85.0000,1.5000,0.0000
2023-08-25 03:00:00,0.0000,80.0000,25.6000,85.0000,2.6000,0.0000
2023-08-25 04:00:00,0.0000,100.0000,25.6000,82.0000,0.0000,0.0000
2023-08-25 05:00:00,0.0000,90.0000,25.0000,85.0000,3.1000,0.0000
2023-08-25 06:00:00,67.0000,50.0000,25.6000,82.0000,3.1000,0.3518
2023-08-25 07:00:00,232.0000,90.0000,26.7000,79.0000,3.1000,0.9309
2023-08-25 08:00:00,238.0000,90.0000,27.2000,79.0000,4.1000,1.7569
2023-08-25 09:00:00,400.0000,100.0000,28.3000,74.0000,2.6000,2.5101
2023-08-25 10:00:00,614.0000,100.0000,29.4000,67.0000,3.6000,3.0663
2023-08-25 11:00:00,459.0000,100.0000,29.4000,70.0000,3.6000,3.4036
2023-08-25 12:00:00,693.0000,90.0000,30.0000,68.0000,4.6000,3.2809
2023-08-25 13:00:00,460.0000,90.0000,30.0000,65.0000,3.6000,3.4174
2023-08-25 14:00:00,662.0000,100.0000,30.6000,65.0000,4.1000,2.7234
2023-08-25 15:00:00,620.0000,80.0000,30.6000,63.0000,4.1000,2.0179
2023-08-25 16:00:00,431.0000,80.0000,30.0000,65.0000,3.1000,1.2792
2023-08-25 17:00:00,189.0000,50.0000,29.4000,65.0000,3.6000,0.4676
2023-08-25 18:00:00,26.0000,60.0000,28.9000,67.0000,3.1000,0.0612
2023-08-25 19:00:00,0.0000,60.0000,28.3000,72.0000,0.0000,0.0000
2023-08-25 20:00:00,0.0000,50.0000,28.3000,72.0000,0.0000,0.0000
2023-08-25 21:00:00,0.0000,50.0000,27.8000,74.0000,0.0000,0.0000
2023-08-25 22:00:00,0.0000,40.0000,27.8000,74.0000,0.0000,0.0000
2023-08-25 23:00:00,0.0000,30.0000,27.8000,77.0000,2.6000,0.0000
2023-08-26 00:00:00,0.0000,50.0000,27.8000,77.0000,2.6000,0.0000
2023-08-26 01:00:00,0.0000,30.0000,25.6000,88.0000,2.6000,0.0000
2023-08-26 02:00:00,0.0000,0.0000,25.6000,88.0000,1.5000,0.0000
2023-08-26 03:00:00,0.0000,0.0000,25.0000,91.0000,2.1000,0.0000
2023-08-26 04:00:00,0.0000,0.0000,25.0000,91.0000,0.0000,0.0000
2023-08-26 05:00:00,0.0000,40.0000,25.0000,91.0000,0.0000,0.0000
2023-08-26 06:00:00,39.0000,80.0000,25.0000,91.0000,2.1000,0.0000
2023-08-26 07:00:00,186.0000,80.0000,26.7000,85.0000,1.5000,0.8389
2023-08-26 08:00:00,401.0000,70.0000,27.8000,72.0000,0.0000,1.2196
2023-08-26 09:00:00,619.0000,80.0000,29.4000,65.0000,0.0000,1.9129
2023-08-26 10:00:00,805.0000,70.0000,30.6000,57.0000,2.6000,2.0515
2023-08-26 11:00:00,864.0000,60.0000,30.6000,61.0000,3.6000,2.1514
2023-08-26 12:00:00,904.0000,40.0000,31.7000,54.0000,7.2000,2.2813
2023-08-26 13:00:00,813.0000,30.0000,31.1000,63.0000,6.7000,2.1338
2023-08-26 14:00:00,786.0000,20.0000,30.6000,63.0000,6.7000,2.5501
2023-08-26 15:00:00,524.0000,30.0000,29.4000,61.0000,5.2000,2.2208
2023-08-26 16:00:00,414.0000,20.0000,29.4000,55.0000,5.2000,1.3558
2023-08-26 17:00:00,184.0000,30.0000,29.4000,51.0000,5.2000,0.4575
2023-08-26 18:00:00,13.0000,50.0000,28.3000,59.0000,5.2000,0.0423
2023-08-26 19:00:00,0.0000,30.0000,27.8000,65.0000,4.1000,0.0000
2023-08-26 20:00:00,0.0000,30.0000,27.8000,69.0000,3.6000,0.0000
2023-08-26 21:00:00,0.0000,20.0000,27.8000,65.0000,3.6000,0.0000
2023-08-26 22:00:00,0.0000,0.0000,27.8000,65.0000,3.6000,0.0000
2023-08-26 23:00:00,0.0000,0.0000,27.8000,65.0000,3.1000,0.0000
2023-08-27 00:00:00,0.0000,10.0000,27.2000,67.0000,3.1000,0.0000
2023-08-27 01:00:00,0.0000,0.0000,27.2000,69.0000,4.1000,0.0000
2023-08-27 02:00:00,0.0000,0.0000,27.2000,67.0000,4.6000,0.0000
2023-08-27 03:00:00,0.0000,0.0000,26.7000,69.0000,2.6000,0.0000
2023-08-27 04:00:00,0.0000,20.0000,26.1000,72.0000,1.5000,0.0000
2023-08-27 05:00:00,0.0000,20.0000,25.6000,77.0000,1.5000,0.0000
2023-08-27 06:00:00,41.0000,0.0000,25.0000,82.0000,2.6000,0.0000
2023-08-27 07:00:00,244.0000,0.0000,27.8000,67.0000,1.5000,0.9489
2023-08-27 08:00:00,431.0000,40.0000,29.4000,63.0000,3.6000,1.7575
2023-08-27 09:00:00,589.0000,60.0000,29.4000,61.0000,4.1000,2.5121
2023-08-27 10:00:00,565.0000,60.0000,30.6000,59.0000,5.2000,3.0803
2023-08-27 11:00:00,765.0000,50.0000,30.6000,61.0000,6.2000,3.2796
2023-08-27 12:00:00,820.0000,30.0000,30.6000,61.0000,6.2000,3.2500
2023-08-27 13:00:00,881.0000,20.0000,31.1000,59.0000,5.2000,3.1439
2023-08-27 14:00:00,795.0000,20.0000,31.1000,55.0000,6.2000,2.6490
2023-08-27 15:00:00,562.0000,20.0000,30.6000,53.0000,4.1000,1.9589
2023-08-27 16:00:00,425.0000,20.0000,30.6000,55.0000,5.7000,1.3219
2023-08-27 17:00:00,185.0000,30.0000,29.4000,63.0000,4.1000,0.4337
2023-08-27 18:00:00,27.0000,40.0000,28.9000,63.0000,5.2000,0.0147
2023-08-27 19:00:00,0.0000,0.0000,28.3000,65.0000,4.6000,0.0000
2023-08-27 20:00:00,0.0000,10.0000,28.3000,67.0000,3.6000,0.0000
2023-08-27 21:00:00,0.0000,10.0000,28.3000,70.0000,4.6000,0.0000
2023-08-27 22:00:00,0.0000,10.0000,28.3000,72.0000,5.7000,0.0000
2023-08-27 23:00:00,0.0000,20.0000,28.3000,72.0000,4.6000,0.0000
2023-08-28 00:00:00,0.0000,20.0000,27.8000,77.0000,3.6000,0.0000
2023-08-28 01:00:00,0.0000,30.0000,27.2000,79.0000,2.6000,0.0000
2023-08-28 02:00:00,0.0000,0.0000,27.2000,79.0000,2.1000,0.0000
2023-08-28 03:00:00,0.0000,10.0000,27.2000,79.0000,2.6000,0.0000
2023-08-28 04:00:00,0.0000,10.0000,27.2000,82.0000,3.6000,0.0000
2023-08-28 05:00:00,0.0000,20.0000,27.2000,82.0000,3.1000,0.0000
2023-08-28 06:00:00,45.0000,10.0000,27.8000,77.0000,3.1000,0.0000
2023-08-28 07:00:00,229.0000,20.0000,28.3000,74.0000,3.1000,0.9899
2023-08-28 08:00:00,267.0000,60.0000,30.0000,68.0000,5.2000,1.7560
2023-08-28 09:00:00,558.0000,70.0000,30.0000,68.0000,5.2000,2.1170
2023-08-28 10:00:00,753.0000,50.0000,30.0000,68.0000,5.2000,2.4494
2023-08-28 11:00:00,797.0000,50.0000,31.1000,59.0000,5.7000,3.0329
2023-08-28 12:00:00,734.0000,50.0000,30.6000,63.0000,5.7000,3.2418
2023-08-28 13:00:00,822.0000,50.0000,31.1000,61.0000,6.2000,3.3187
2023-08-28 14:00:00,725.0000,40.0000,31.1000,61.0000,5.2000,2.8165
2023-08-28 15:00:00,586.0000,40.0000,31.1000,57.0000,4.6000,2.1287
2023-08-28 16:00:00,373.0000,40.0000,30.6000,59.0000,4.6000,1.3736
2023-08-28 17:00:00,149.0000,50.0000,30.0000,57.0000,2.6000,0.4710
2023-08-28 18:00:00,21.0000,40.0000,29.4000,63.0000,3.6000,0.0422
2023-08-28 19:00:00,0.0000,20.0000,28.9000,65.0000,2.6000,0.0000
2023-08-28 20:00:00,0.0000,10.0000,28.9000,67.0000,3.6000,0.0000
2023-08-28 21:00:00,0.0000,0.0000,28.3000,67.0000,3.1000,0.0000
2023-08-28 22:00:00,0.0000,0.0000,28.3000,67.0000,3.1000,0.0000
2023-08-28 23:00:00,0.0000,0.0000,27.8000,72.0000,1.5000,0.0000
2023-08-29 00:00:00,0.0000,0.0000,26.7000,77.0000,1.5000,0.0000
2023-08-29 01:00:00,0.0000,0.0000,26.7000,79.0000,0.0000,0.0000
2023-08-29 02:00:00,0.0000,20.0000,26.7000,79.0000,2.6000,0.0000
2023-08-29 03:00:00,0.0000,10.0000,26.1000,85.0000,1.5000,0.0000
2023-08-29 04:00:00,0.0000,20.0000,26.7000,82.0000,2.1000,0.0000
2023-08-29 05:00:00,0.0000,60.0000,26.7000,77.0000,3.6000,0.0000
2023-08-29 06:00:00,39.0000,70.0000,27.2000,77.0000,3.6000,0.0000
2023-08-29 07:00:00,157.0000,80.0000,29.4000,70.0000,6.2000,0.7694
2023-08-29 08:00:00,268.0000,90.0000,29.4000,70.0000,4.6000,1.4475
2023-08-29 09:00:00,513.0000,80.0000,30.0000,68.0000,3.6000,2.4215
2023-08-29 10:00:00,545.0000,80.0000,31.1000,59.0000,5.2000,2.9074
2023-08-29 11:00:00,818.0000,80.0000,31.7000,55.0000,6.2000,2.9171
2023-08-29 12:00:00,646.0000,80.0000,30.6000,61.0000,5.7000,2.9761
2023-08-29 13:00:00,679.0000,80.0000,30.6000,63.0000,5.7000,3.0464
2023-08-29 14:00:00,435.0000,100.0000,30.6000,63.0000,3.6000,2.6876
2023-08-29 15:00:00,225.0000,100.0000,26.1000,82.0000,4.1000,2.0353
2023-08-29 16:00:00,223.0000,90.0000,28.9000,65.0000,3.1000,1.1253
2023-08-29 17:00:00,128.0000,80.0000,28.9000,63.0000,5.2000,0.3498
2023-08-29 18:00:00,16.0000,80.0000,26.7000,74.0000,3.6000,0.0304
2023-08-29 19:00:00,0.0000,30.0000,26.1000,77.0000,2.6000,0.0000
2023-08-29 20:00:00,0.0000,0.0000,26.1000,77.0000,2.6000,0.0000
2023-08-29 21:00:00,0.0000,10.0000,26.1000,79.0000,3.6000,0.0000
2023-08-29 22:00:00,0.0000,10.0000,26.1000,82.0000,2.1000,0.0000
2023-08-29 23:00:00,0.0000,60.0000,25.6000,85.0000,2.1000,0.0000
2023-08-30 00:00:00,0.0000,70.0000,25.6000,88.0000,5.7000,0.0000
2023-08-30 01:00:00,0.0000,50.0000,24.4000,85.0000,2.6000,0.0000
2023-08-30 02:00:00,0.0000,20.0000,24.4000,82.0000,2.6000,0.0000
2023-08-30 03:00:00,0.0000,60.0000,24.4000,90.0000,4.6000,0.0000
2023-08-30 04:00:00,0.0000,50.0000,25.0000,91.0000,1.5000,0.0000
2023-08-30 05:00:00,0.0000,60.0000,24.4000,94.0000,2.6000,0.0000
2023-08-30 06:00:00,44.0000,70.0000,25.6000,91.0000,2.6000,0.0000
2023-08-30 07:00:00,133.0000,80.0000,26.7000,85.0000,3.6000,0.7372
2023-08-30 08:00:00,258.0000,80.0000,26.1000,85.0000,3.6000,1.4175
2023-08-30 09:00:00,555.0000,50.0000,28.9000,74.0000,4.1000,1.9469
2023-08-30 10:00:00,722.0000,50.0000,30.6000,65.0000,5.2000,2.5120
2023-08-30 11:00:00,817.0000,40.0000,30.6000,55.0000,5.2000,2.8299
2023-08-30 12:00:00,938.0000,70.0000,30.6000,57.0000,5.2000,2.5475
2023-08-30 13:00:00,827.0000,70.0000,31.1000,57.0000,6.2000,2.1843
2023-08-30 14:00:00,714.0000,60.0000,30.6000,57.0000,6.2000,1.3623
2023-08-30 15:00:00,603.0000,70.0000,30.6000,55.0000,5.2000,0.8978
2023-08-30 16:00:00,326.0000,80.0000,30.0000,63.0000,6.7000,0.7067
2023-08-30 17:00:00,152.0000,80.0000,30.0000,63.0000,6.2000,0.2890
2023-08-30 18:00:00,27.0000,80.0000,29.2000,68.0000,5.2000,0.0219
2023-08-30 19:00:00,0.0000,50.0000,28.6000,71.0000,5.1000,0.0000
2023-08-30 20:00:00,0.0000,50.0000,28.4000,72.0000,3.3000,0.0000
2023-08-30 21:00:00,0.0000,50.0000,28.2000,73.0000,2.4000,0.0000
2023-08-30 22:00:00,0.0000,0.0000,28.1000,73.0000,2.7000,0.0000
2023-08-30 23:00:00,0.0000,0.0000,27.8000,75.0000,2.4000,0.0000
2023-08-31 00:00:00,0.0000,30.0000,27.7000,76.0000,2.2000,0.0000
2023-08-31 01:00:00,0.0000,70.0000,27.5000,77.0000,2.4000,0.0000
2023-08-31 02:00:00,0.0000,70.0000,27.5000,77.0000,2.0000,0.0000
2023-08-31 03:00:00,0.0000,80.0000,26.5000,81.0000,1.6000,0.0000
2023-08-31 04:00:00,0.0000,90.0000,26.2000,79.0000,0.7000,0.0000
2023-08-31 05:00:00,0.0000,90.0000,26.3000,81.0000,2.1000,0.0000
2023-08-31 06:00:00,44.0000,90.0000,26.1000,85.0000,0.0000,0.0000
2023-08-31 07:00:00,115.0000,90.0000,28.3000,79.0000,1.5000,0.6848
2023-08-31 08:00:00,243.0000,90.0000,28.9000,72.0000,3.1000,1.4268
2023-08-31 09:00:00,520.0000,90.0000,28.9000,74.0000,4.6000,2.3152
2023-08-31 10:00:00,453.0000,80.0000,30.0000,70.0000,3.6000,2.8194
2023-08-31 11:00:00,721.0000,80.0000,31.7000,59.0000,4.6000,3.2927
2023-08-31 12:00:00,811.0000,80.0000,31.1000,63.0000,4.6000,3.3813
2023-08-31 13:00:00,743.0000,80.0000,31.1000,63.0000,5.2000,3.0692
2023-08-31 14:00:00,743.0000,80.0000,31.7000,61.0000,4.6000,2.7220
2023-08-31 15:00:00,440.0000,80.0000,30.0000,67.0000,5.2000,1.9857
2023-08-31 16:00:00,203.0000,80.0000,28.9000,74.0000,4.6000,1.0057
2023-08-31 17:00:00,110.0000,80.0000,28.9000,74.0000,4.1000,0.3741
2023-08-31 18:00:00,17.0000,80.0000,28.3000,74.0000,3.6000,0.0473
2023-08-31 19:00:00,0.0000,80.0000,28.3000,77.0000,4.1000,0.0000
2023-08-31 20:00:00,0.0000,80.0000,28.3000,77.0000,4.1000,0.0000
2023-08-31 21:00:00,0.0000,70.0000,28.3000,77.0000,3.6000,0.0000
2023-08-31 22:00:00,0.0000,70.0000,27.8000,79.0000,4.1000,0.0000
2023-08-31 23:00:00,0.0000,50.0000,27.2000,82.0000,1.5000,0.0000
2023-09-01 00:00:00,0.0000,50.0000,27.2000,79.0000,1.0000,0.0000
2023-09-01 01:00:00,0.0000,70.0000,26.7000,82.0000,1.5000,0.0000
2023-09-01 02:00:00,0.0000,50.0000,26.7000,85.0000,2.1000,0.0000
2023-09-01 03:00:00,0.0000,50.0000,26.1000,85.0000,0.0000,0.0000
2023-09-01 04:00:00,0.0000,30.0000,26.7000,82.0000,1.5000,0.0000
2023-09-01 05:00:00,0.0000,80.0000,26.7000,85.0000,2.1000,0.0000
2023-09-01 06:00:00,50.0000,80.0000,27.2000,79.0000,1.5000,0.0000
2023-09-01 07:00:00,238.0000,80.0000,29.4000,67.0000,4.1000,0.6444
2023-09-01 08:00:00,291.0000,100.0000,29.4000,70.0000,4.6000,1.3635
2023-09-01 09:00:00,133.0000,100.0000,25.0000,87.0000,2.6000,1.8520
2023-09-01 10:00:00,229.0000,100.0000,25.0000,91.0000,3.1000,2.1941
2023-09-01 11:00:00,489.0000,90.0000,26.7000,88.0000,2.6000,2.8967
2023-09-01 12:00:00,789.0000,90.0000,27.8000,85.0000,1.5000,3.0195
2023-09-01 13:00:00,447.0000,100.0000,29.4000,75.0000,3.1000,2.9130
2023-09-01 14:00:00,212.0000,100.0000,26.1000,82.0000,6.2000,2.3881
2023-09-01 15:00:00,333.0000,100.0000,28.3000,72.0000,3.1000,1.3519
2023-09-01 16:00:00,217.0000,100.0000,28.9000,77.0000,3.6000,0.6250
2023-09-01 17:00:00,104.0000,100.0000,28.3000,79.0000,3.1000,0.2559
2023-09-01 18:00:00,15.0000,100.0000,27.8000,82.0000,3.1000,0.0229
2023-09-01 19:00:00,0.0000,90.0000,27.8000,82.0000,3.6000,0.0000
2023-09-01 20:00:00,0.0000,90.0000,26.7000,82.0000,6.2000,0.0000
2023-09-01 21:00:00,0.0000,70.0000,25.6000,91.0000,1.0000,0.0000
2023-09-01 22:00:00,0.0000,70.0000,25.6000,85.0000,2.1000,0.0000
2023-09-01 23:00:00,0.0000,40.0000,26.1000,82.0000,2.1000,0.0000
2023-09-02 00:00:00,0.0000,30.0000,25.6000,88.0000,1.5000,0.0000
2023-09-02 01:00:00,0.0000,30.0000,25.6000,88.0000,1.0000,0.0000
2023-09-02 02:00:00,0.0000,40.0000,25.6000,91.0000,0.0000,0.0000
2023-09-02 03:00:00,0.0000,40.0000,25.6000,91.0000,2.1000,0.0000
2023-09-02 04:00:00,0.0000,40.0000,25.6000,91.0000,0.0000,0.0000
2023-09-02 05:00:00,0.0000,70.0000,25.6000,91.0000,1.5000,0.0000
2023-09-02 06:00:00,45.0000,70.0000,25.6000,94.0000,1.0000,0.0000
2023-09-02 07:00:00,207.0000,70.0000,28.3000,79.0000,4.1000,0.7713
2023-09-02 08:00:00,448.0000,50.0000,29.4000,70.0000,3.1000,0.8165
2023-09-02 09:00:00,634.0000,50.0000,30.0000,67.0000,5.2000,0.7451
2023-09-02 10:00:00,732.0000,50.0000,30.6000,65.0000,4.6000,1.3711
2023-09-02 11:00:00,891.0000,40.0000,31.1000,61.0000,4.1000,2.4016
2023-09-02 12:00:00,795.0000,50.0000,30.6000,65.0000,5.2000,2.4410
2023-09-02 13:00:00,866.0000,30.0000,30.6000,65.0000,5.2000,1.3372
2023-09-02 14:00:00,822.0000,20.0000,30.6000,63.0000,5.2000,1.0779
2023-09-02 15:00:00,631.0000,20.0000,30.6000,63.0000,4.1000,1.0916
2023-09-02 16:00:00,382.0000,50.0000,30.0000,67.0000,4.6000,0.6528
2023-09-02 17:00:00,159.0000,50.0000,29.4000,72.0000,4.6000,0.2333
2023-09-02 18:00:00,22.0000,30.0000,28.3000,72.0000,3.6000,0.0199
2023-09-02 19:00:00,0.0000,30.0000,27.8000,77.0000,3.6000,0.0000
2023-09-02 20:00:00,0.0000,30.0000,27.8000,77.0000,3.1000,0.0000
2023-09-02 21:00:00,0.0000,50.0000,27.8000,74.0000,1.5000,0.0000
2023-09-02 22:00:00,0.0000,30.0000,27.2000,77.0000,3.1000,0.0000
2023-09-02 23:00:00,0.0000,40.0000,27.2000,77.0000,3.1000,0.0000
2023-09-03 00:00:00,0.0000,40.0000,27.8000,79.0000,3.6000,0.0000
2023-09-03 01:00:00,0.0000,30.0000,27.2000,77.0000,3.1000,0.0000
2023-09-03 02:00:00,0.0000,20.0000,27.2000,74.0000,3.1000,0.0000
2023-09-03 03:00:00,0.0000,20.0000,26.7000,77.0000,2.6000,0.0000
2023-09-03 04:00:00,0.0000,10.0000,26.7000,77.0000,3.1000,0.0000
2023-09-03 05:00:00,0.0000,20.0000,26.1000,79.0000,1.5000,0.0000
2023-09-03 06:00:00,31.0000,40.0000,26.1000,79.0000,2.1000,0.0000
2023-09-03 07:00:00,233.0000,40.0000,28.9000,70.0000,3.1000,1.0793
2023-09-03 08:00:00,427.0000,50.0000,30.0000,65.0000,4.1000,1.8143
2023-09-03 09:00:00,526.0000,60.0000,29.4000,67.0000,3.6000,2.4429
2023-09-03 10:00:00,675.0000,50.0000,30.0000,65.0000,4.1000,2.9378
2023-09-03 11:00:00,844.0000,50.0000,30.6000,61.0000,3.6000,3.2118
2023-09-03 12:00:00,954.0000,80.0000,31.1000,57.0000,3.6000,3.1877
2023-09-03 13:00:00,816.0000,50.0000,31.1000,55.0000,4.1000,3.3423
2023-09-03 14:00:00,750.0000,60.0000,30.6000,61.0000,4.1000,2.9626
2023-09-03 15:00:00,562.0000,80.0000,30.0000,67.0000,3.6000,2.1326
2023-09-03 16:00:00,161.0000,80.0000,28.3000,74.0000,2.6000,1.1894
2023-09-03 17:00:00,124.0000,50.0000,29.4000,70.0000,3.6000,0.3793
2023-09-03 18:00:00,16.0000,30.0000,28.3000,72.0000,3.6000,0.0311
2023-09-03 19:00:00,0.0000,30.0000,28.3000,74.0000,3.6000,0.0000
2023-09-03 20:00:00,0.0000,40.0000,27.8000,72.0000,4.1000,0.0000
2023-09-03 21:00:00,0.0000,40.0000,27.8000,69.0000,3.1000,0.0000
2023-09-03 22:00:00,0.0000,10.0000,27.2000,72.0000,3.6000,0.0000
2023-09-03 23:00:00,0.0000,70.0000,27.2000,72.0000,2.6000,0.0000
2023-09-04 00:00:00,0.0000,20.0000,27.2000,72.0000,2.6000,0.0000
2023-09-04 01:00:00,0.0000,0.0000,27.2000,72.0000,2.1000,0.0000
2023-09-04 02:00:00,0.0000,60.0000,26.7000,77.0000,0.0000,0.0000
2023-09-04 03:00:00,0.0000,30.0000,26.1000,82.0000,1.5000,0.0000
2023-09-04 04:00:00,0.0000,30.0000,25.6000,82.0000,1.5000,0.0000
2023-09-04 05:00:00,0.0000,80.0000,26.1000,82.0000,0.0000,0.0000
2023-09-04 06:00:00,39.0000,80.0000,26.7000,79.0000,0.0000,0.0000
2023-09-04 07:00:00,219.0000,80.0000,28.9000,74.0000,2.1000,0.9604
2023-09-04 08:00:00,331.0000,80.0000,28.9000,70.0000,2.6000,1.6345
2023-09-04 09:00:00,554.0000,70.0000,30.0000,63.0000,2.6000,2.1986
2023-09-04 10:00:00,657.0000,70.0000,30.6000,59.0000,2.1000,2.8125
2023-09-04 11:00:00,764.0000,80.0000,31.1000,61.0000,4.1000,3.2753
2023-09-04 12:00:00,935.0000,80.0000,31.7000,59.0000,5.2000,3.3503
2023-09-04 13:00:00,725.0000,80.0000,31.7000,61.0000,5.2000,3.0797
2023-09-04 14:00:00,500.0000,90.0000,26.7000,79.0000,5.7000,2.6889
2023-09-04 15:00:00,323.0000,80.0000,28.3000,74.0000,0.0000,1.5131
2023-09-04 16:00:00,235.0000,80.0000,29.4000,70.0000,2.6000,0.5743
2023-09-04 17:00:00,118.0000,50.0000,28.9000,72.0000,2.1000,0.2895
2023-09-04 18:00:00,11.0000,80.0000,27.8000,77.0000,3.1000,0.0215
2023-09-04 19:00:00,0.0000,40.0000,27.8000,79.0000,1.5000,0.0000
2023-09-04 20:00:00,0.0000,70.0000,27.2000,79.0000,0.0000,0.0000
2023-09-04 21:00:00,0.0000,10.0000,27.2000,79.0000,2.1000,0.0000
2023-09-04 22:00:00,0.0000,20.0000,26.7000,82.0000,1.5000,0.0000
2023-09-04 23:00:00,0.0000,40.0000,26.7000,82.0000,0.0000,0.0000
2023-09-05 00:00:00,0.0000,60.0000,26.7000,85.0000,0.0000,0.0000
2023-09-05 01:00:00,0.0000,40.0000,26.1000,85.0000,2.6000,0.0000
2023-09-05 02:00:00,0.0000,50.0000,25.6000,88.0000,2.6000,0.0000
2023-09-05 03:00:00,0.0000,50.0000,25.6000,82.0000,1.5000,0.0000
2023-09-05 04:00:00,0.0000,50.0000,25.0000,87.0000,0.0000,0.0000
2023-09-05 05:00:00,0.0000,50.0000,24.4000,87.0000,0.0000,0.0000
2023-09-05 06:00:00,38.0000,30.0000,25.0000,91.0000,0.0000,0.0000
2023-09-05 07:00:00,194.0000,40.0000,27.2000,79.0000,3.1000,0.8795
2023-09-05 08:00:00,446.0000,10.0000,28.9000,72.0000,3.6000,1.5986
2023-09-05 09:00:00,669.0000,40.0000,30.6000,61.0000,3.1000,2.1965
2023-09-05 10:00:00,787.0000,40.0000,31.1000,57.0000,3.1000,2.6160
2023-09-05 11:00:00,772.0000,50.0000,31.7000,61.0000,2.6000,3.1473
2023-09-05 12:00:00,914.0000,50.0000,31.7000,61.0000,3.6000,3.1193
2023-09-05 13:00:00,435.0000,80.0000,29.4000,63.0000,3.1000,2.5125
2023-09-05 14:00:00,609.0000,70.0000,25.0000,87.0000,3.6000,1.7471
2023-09-05 15:00:00,524.0000,50.0000,27.8000,79.0000,5.2000,1.1405
2023-09-05 16:00:00,287.0000,30.0000,28.9000,70.0000,1.0000,0.7319
2023-09-05 17:00:00,121.0000,40.0000,27.2000,77.0000,2.1000,0.2673
2023-09-05 18:00:00,14.0000,70.0000,27.2000,74.0000,1.0000,0.0090
2023-09-05 19:00:00,0.0000,40.0000,26.7000,77.0000,1.0000,0.0000
2023-09-05 20:00:00,0.0000,50.0000,26.1000,85.0000,1.0000,0.0000
2023-09-05 21:00:00,0.0000,80.0000,26.7000,79.0000,2.6000,0.0000
2023-09-05 22:00:00,0.0000,50.0000,25.6000,88.0000,2.1000,0.0000
2023-09-05 23:00:00,0.0000,80.0000,26.1000,85.0000,2.1000,0.0000
2023-09-06 00:00:00,0.0000,80.0000,25.6000,88.0000,0.0000,0.0000
2023-09-06 01:00:00,0.0000,50.0000,25.0000,87.0000,0.0000,0.0000
2023-09-06 02:00:00,0.0000,20.0000,25.0000,91.0000,0.0000,0.0000
2023-09-06 03:00:00,0.0000,20.0000,24.4000,94.0000,1.0000,0.0000
2023-09-06 04:00:00,0.0000,80.0000,25.0000,87.0000,2.6000,0.0000
2023-09-06 05:00:00,0.0000,50.0000,24.4000,87.0000,2.6000,0.0000
2023-09-06 06:00:00,49.0000,0.0000,24.4000,90.0000,2.6000,0.0000
2023-09-06 07:00:00,233.0000,10.0000,26.7000,79.0000,1.5000,0.9851
2023-09-06 08:00:00,467.0000,10.0000,28.3000,72.0000,3.1000,1.8506
2023-09-06 09:00:00,680.0000,20.0000,30.0000,67.0000,4.1000,2.5855
2023-09-06 10:00:00,840.0000,20.0000,30.6000,63.0000,3.6000,2.8557
2023-09-06 11:00:00,955.0000,50.0000,31.1000,61.0000,3.6000,3.1088
2023-09-06 12:00:00,740.0000,50.0000,31.7000,55.0000,4.1000,2.5950
2023-09-06 13:00:00,810.0000,20.0000,31.7000,63.0000,5.2000,2.1010
2023-09-06 14:00:00,406.0000,70.0000,28.3000,65.0000,6.2000,2.3619
2023-09-06 15:00:00,261.0000,80.0000,26.7000,69.0000,5.2000,1.7464
2023-09-06 16:00:00,125.0000,80.0000,25.0000,71.0000,3.6000,0.8871
2023-09-06 17:00:00,100.0000,60.0000,25.0000,71.0000,2.1000,0.2837
2023-09-06 18:00:00,10.0000,60.0000,25.0000,71.0000,2.6000,0.0170
2023-09-06 19:00:00,0.0000,70.0000,25.0000,74.0000,0.0000,0.0000
2023-09-06 20:00:00,0.0000,50.0000,25.6000,74.0000,0.0000,0.0000
2023-09-06 21:00:00,0.0000,40.0000,25.0000,71.0000,0.0000,0.0000
2023-09-06 22:00:00,0.0000,20.0000,25.0000,79.0000,1.5000,0.0000
2023-09-06 23:00:00,0.0000,10.0000,24.4000,82.0000,0.0000,0.0000
2023-09-07 00:00:00,0.0000,0.0000,24.4000,79.0000,0.0000,0.0000
2023-09-07 01:00:00,0.0000,10.0000,23.9000,82.0000,0.0000,0.0000
2023-09-07 02:00:00,0.0000,20.0000,23.3000,87.0000,1.0000,0.0000
2023-09-07 03:00:00,0.0000,10.0000,23.3000,87.0000,1.0000,0.0000
2023-09-07 04:00:00,0.0000,10.0000,23.3000,87.0000,2.1000,0.0000
2023-09-07 05:00:00,0.0000,0.0000,23.3000,87.0000,2.1000,0.0000
2023-09-07 06:00:00,54.0000,0.0000,25.0000,82.0000,0.0000,0.0000
2023-09-07 07:00:00,241.0000,0.0000,27.8000,77.0000,2.6000,0.9942
2023-09-07 08:00:00,485.0000,10.0000,28.9000,72.0000,2.6000,1.8820
2023-09-07 09:00:00,656.0000,50.0000,29.4000,65.0000,4.1000,2.6562
2023-09-07 10:00:00,771.0000,70.0000,30.6000,65.0000,4.1000,3.1492
2023-09-07 11:00:00,909.0000,60.0000,31.1000,61.0000,4.1000,3.0772
2023-09-07 12:00:00,787.0000,50.0000,31.1000,59.0000,5.2000,2.9879
2023-09-07 13:00:00,817.0000,50.0000,31.1000,57.0000,4.6000,2.4918
2023-09-07 14:00:00,770.0000,50.0000,30.0000,55.0000,7.2000,1.3822
2023-09-07 15:00:00,616.0000,40.0000,30.0000,61.0000,5.7000,0.8356
2023-09-07 16:00:00,384.0000,20.0000,28.3000,67.0000,3.6000,0.4743
2023-09-07 17:00:00,147.0000,30.0000,28.9000,61.0000,2.6000,0.2313
2023-09-07 18:00:00,28.0000,30.0000,28.3000,63.0000,2.1000,0.0130
2023-09-07 19:00:00,0.0000,10.0000,27.8000,63.0000,1.5000,0.0000
2023-09-07 20:00:00,0.0000,30.0000,27.8000,69.0000,1.5000,0.0000
2023-09-07 21:00:00,0.0000,20.0000,26.7000,77.0000,3.1000,0.0000
2023-09-07 22:00:00,0.0000,20.0000,26.7000,77.0000,2.1000,0.0000
2023-09-07 23:00:00,0.0000,10.0000,26.1000,79.0000,2.6000,0.0000
2023-09-08 00:00:00,0.0000,30.0000,26.1000,79.0000,2.1000,0.0000
2023-09-08 01:00:00,0.0000,20.0000,26.1000,79.0000,2.1000,0.0000
2023-09-08 02:00:00,0.0000,40.0000,25.0000,87.0000,2.1000,0.0000
2023-09-08 03:00:00,0.0000,40.0000,26.1000,79.0000,2.1000,0.0000
2023-09-08 04:00:00,0.0000,40.0000,24.4000,90.0000,1.0000,0.0000
2023-09-08 05:00:00,0.0000,30.0000,25.0000,85.0000,2.1000,0.0000
2023-09-08 06:00:00,45.0000,100.0000,25.6000,85.0000,1.5000,0.0000
2023-09-08 07:00:00,146.0000,90.0000,27.2000,79.0000,1.5000,0.9851
2023-09-08 08:00:00,386.0000,90.0000,28.9000,72.0000,2.6000,1.9039
2023-09-08 09:00:00,582.0000,80.0000,30.0000,65.0000,3.1000,2.5707
2023-09-08 10:00:00,809.0000,70.0000,31.1000,57.0000,2.6000,3.1063
2023-09-08 11:00:00,937.0000,80.0000,31.1000,55.0000,3.1000,3.1872
2023-09-08 12:00:00,956.0000,80.0000,31.7000,57.0000,4.6000,3.1580
2023-09-08 13:00:00,695.0000,40.0000,31.7000,55.0000,4.6000,3.1668
2023-09-08 14:00:00,757.0000,70.0000,31.1000,57.0000,3.6000,2.8341
2023-09-08 15:00:00,594.0000,30.0000,31.1000,57.0000,5.7000,2.1719
2023-09-08 16:00:00,353.0000,50.0000,30.6000,63.0000,4.6000,1.2435
2023-09-08 17:00:00,123.0000,70.0000,29.4000,65.0000,4.6000,0.3731
2023-09-08 18:00:00,24.0000,70.0000,28.9000,65.0000,3.1000,0.0349
2023-09-08 19:00:00,0.0000,20.0000,28.3000,69.0000,2.6000,0.0000
2023-09-08 20:00:00,0.0000,30.0000,28.3000,69.0000,3.1000,0.0000
2023-09-08 21:00:00,0.0000,40.0000,27.8000,72.0000,3.1000,0.0000
2023-09-08 22:00:00,0.0000,50.0000,25.6000,82.0000,2.1000,0.0000
2023-09-08 23:00:00,0.0000,80.0000,26.1000,79.0000,3.1000,0.0000
2023-09-09 00:00:00,0.0000,80.0000,25.6000,88.0000,2.6000,0.0000
2023-09-09 01:00:00,0.0000,90.0000,25.6000,91.0000,2.6000,0.0000
2023-09-09 02:00:00,0.0000,80.0000,25.0000,87.0000,1.0000,0.0000
2023-09-09 03:00:00,0.0000,60.0000,25.0000,87.0000,1.5000,0.0000
2023-09-09 04:00:00,0.0000,40.0000,25.0000,87.0000,2.6000,0.0000
2023-09-09 05:00:00,0.0000,40.0000,25.0000,87.0000,2.6000,0.0000
2023-09-09 06:00:00,26.0000,50.0000,25.0000,87.0000,2.6000,0.0000
2023-09-09 07:00:00,205.0000,50.0000,25.6000,85.0000,1.5000,0.9378
2023-09-09 08:00:00,363.0000,70.0000,28.3000,74.0000,2.6000,1.7285
2023-09-09 09:00:00,609.0000,80.0000,30.0000,77.0000,3.6000,2.4775
2023-09-09 10:00:00,512.0000,80.0000,30.6000,59.0000,4.1000,3.1363
2023-09-09 11:00:00,909.0000,80.0000,31.1000,57.0000,4.6000,3.3500
2023-09-09 12:00:00,744.0000,90.0000,31.1000,59.0000,4.6000,3.1311
2023-09-09 13:00:00,679.0000,90.0000,31.1000,57.0000,4.6000,2.8126
2023-09-09 14:00:00,586.0000,90.0000,30.6000,59.0000,5.2000,2.7470
2023-09-09 15:00:00,498.0000,90.0000,30.6000,61.0000,4.6000,2.0522
2023-09-09 16:00:00,319.0000,80.0000,30.0000,61.0000,5.2000,1.0498
2023-09-09 17:00:00,80.0000,80.0000,29.4000,67.0000,3.6000,0.3190
2023-09-09 18:00:00,19.0000,90.0000,28.9000,70.0000,3.1000,0.0393
2023-09-09 19:00:00,0.0000,100.0000,28.3000,72.0000,2.6000,0.0000
2023-09-09 20:00:00,0.0000,100.0000,24.4000,90.0000,5.2000,0.0000
2023-09-09 21:00:00,0.0000,100.0000,25.0000,87.0000,3.1000,0.0000
2023-09-09 22:00:00,0.0000,40.0000,25.0000,91.0000,3.1000,0.0000
2023-09-09 23:00:00,0.0000,30.0000,25.0000,91.0000,2.1000,0.0000
2023-09-10 00:00:00,0.0000,20.0000,25.0000,91.0000,2.6000,0.0000
2023-09-10 01:00:00,0.0000,30.0000,25.0000,91.0000,2.6000,0.0000
2023-09-10 02:00:00,0.0000,20.0000,24.4000,90.0000,1.5000,0.0000
2023-09-10 03:00:00,0.0000,30.0000,24.4000,87.0000,2.1000,0.0000
2023-09-10 04:00:00,0.0000,20.0000,24.4000,90.0000,1.5000,0.0000
2023-09-10 05:00:00,0.0000,60.0000,24.4000,90.0000,2.6000,0.0000
2023-09-10 06:00:00,47.0000,70.0000,25.0000,91.0000,3.1000,0.0000
2023-09-10 07:00:00,182.0000,40.0000,26.7000,85.0000,3.1000,0.9036
2023-09-10 08:00:00,317.0000,80.0000,28.3000,77.0000,0.0000,1.7115
2023-09-10 09:00:00,557.0000,80.0000,29.4000,75.0000,3.1000,2.1135
2023-09-10 10:00:00,675.0000,70.0000,30.6000,63.0000,4.6000,2.6013
2023-09-10 11:00:00,862.0000,80.0000,30.6000,65.0000,5.7000,3.0125
2023-09-10 12:00:00,794.0000,80.0000,30.6000,65.0000,5.2000,2.7100
2023-09-10 13:00:00,811.0000,50.0000,31.1000,63.0000,6.2000,2.4824
2023-09-10 14:00:00,689.0000,70.0000,31.7000,59.0000,3.1000,2.1606
2023-09-10 15:00:00,582.0000,50.0000,31.1000,59.0000,5.2000,1.7107
2023-09-10 16:00:00,277.0000,90.0000,30.0000,63.0000,5.2000,0.8795
2023-09-10 17:00:00,92.0000,90.0000,28.9000,70.0000,4.1000,0.1971
2023-09-10 18:00:00,13.0000,90.0000,28.3000,72.0000,4.6000,0.0281
2023-09-10 19:00:00,0.0000,90.0000,27.8000,77.0000,4.1000,0.0000
2023-09-10 20:00:00,0.0000,70.0000,27.8000,72.0000,2.6000,0.0000
2023-09-10 21:00:00,0.0000,80.0000,27.8000,74.0000,2.6000,0.0000
2023-09-10 22:00:00,0.0000,50.0000,27.8000,77.0000,3.1000,0.0000
2023-09-10 23:00:00,0.0000,70.0000,27.8000,77.0000,0.0000,0.0000
2023-09-11 00:00:00,0.0000,100.0000,27.2000,82.0000,1.5000,0.0000
2023-09-11 01:00:00,0.0000,90.0000,26.7000,88.0000,2.6000,0.0000
2023-09-11 02:00:00,0.0000,90.0000,26.7000,85.0000,2.1000,0.0000
2023-09-11 03:00:00,0.0000,70.0000,25.0000,87.0000,1.5000,0.0000
2023-09-11 04:00:00,0.0000,40.0000,25.0000,94.0000,2.1000,0.0000
2023-09-11 05:00:00,0.0000,80.0000,25.6000,94.0000,2.6000,0.0000
2023-09-11 06:00:00,32.0000,90.0000,26.1000,82.0000,3.6000,0.0000
2023-09-11 07:00:00,139.0000,100.0000,27.8000,79.0000,3.6000,0.8471
2023-09-11 08:00:00,295.0000,100.0000,28.3000,77.0000,5.2000,1.5436
2023-09-11 09:00:00,477.0000,100.0000,30.0000,72.0000,4.6000,2.2319
2023-09-11 10:00:00,524.0000,100.0000,29.4000,75.0000,6.7000,2.8864
2023-09-11 11:00:00,706.0000,100.0000,30.6000,65.0000,5.2000,3.1826
2023-09-11 12:00:00,806.0000,100.0000,30.6000,65.0000,6.7000,3.2054
2023-09-11 13:00:00,661.0000,100.0000,30.6000,68.0000,6.7000,3.0254
2023-09-11 14:00:00,515.0000,100.0000,28.3000,74.0000,4.1000,2.5790
2023-09-11 15:00:00,472.0000,100.0000,30.0000,72.0000,6.2000,1.8135
2023-09-11 16:00:00,309.0000,90.0000,29.4000,72.0000,5.7000,0.7969
2023-09-11 17:00:00,96.0000,90.0000,28.3000,74.0000,5.2000,0.1951
2023-09-11 18:00:00,15.0000,100.0000,25.6000,85.0000,2.1000,0.0155
2023-09-11 19:00:00,0.0000,100.0000,27.2000,79.0000,3.6000,0.0000
2023-09-11 20:00:00,0.0000,100.0000,27.8000,74.0000,4.6000,0.0000
2023-09-11 21:00:00,0.0000,100.0000,27.8000,74.0000,3.1000,0.0000
2023-09-11 22:00:00,0.0000,80.0000,27.2000,77.0000,5.7000,0.0000
2023-09-11 23:00:00,0.0000,80.0000,27.8000,77.0000,4.1000,0.0000
2023-09-12 00:00:00,0.0000,70.0000,27.2000,77.0000,4.6000,0.0000
2023-09-12 01:00:00,0.0000,50.0000,27.2000,74.0000,3.6000,0.0000
2023-09-12 02:00:00,0.0000,50.0000,27.2000,74.0000,3.6000,0.0000
2023-09-12 03:00:00,0.0000,50.0000,27.2000,74.0000,3.6000,0.0000
2023-09-12 04:00:00,0.0000,50.0000,27.2000,74.0000,3.6000,0.0000
2023-09-12 05:00:00,0.0000,40.0000,27.2000,74.0000,3.6000,0.0000
2023-09-12 06:00:00,33.0000,50.0000,27.8000,74.0000,3.1000,0.0000
2023-09-12 07:00:00,184.0000,80.0000,28.3000,74.0000,4.1000,0.7613
2023-09-12 08:00:00,367.0000,70.0000,30.0000,67.0000,5.2000,1.3990
2023-09-12 09:00:00,569.0000,80.0000,30.6000,65.0000,6.2000,1.8950
2023-09-12 10:00:00,700.0000,70.0000,30.6000,63.0000,6.2000,2.3130
2023-09-12 11:00:00,708.0000,60.0000,30.6000,63.0000,6.7000,2.9066
2023-09-12 12:00:00,823.0000,70.0000,30.6000,63.0000,7.2000,2.9399
2023-09-12 13:00:00,810.0000,70.0000,31.7000,54.0000,4.1000,2.4381
2023-09-12 14:00:00,643.0000,80.0000,31.1000,63.0000,4.1000,1.9946
2023-09-12 15:00:00,463.0000,40.0000,30.0000,63.0000,7.2000,1.6236
2023-09-12 16:00:00,298.0000,40.0000,30.0000,65.0000,5.2000,0.8518
2023-09-12 17:00:00,105.0000,40.0000,29.4000,65.0000,5.2000,0.2207
2023-09-12 18:00:00,11.0000,40.0000,28.3000,67.0000,3.1000,0.0222
2023-09-12 19:00:00,0.0000,20.0000,28.3000,67.0000,3.1000,0.0000
2023-09-12 20:00:00,0.0000,20.0000,27.8000,72.0000,4.1000,0.0000
2023-09-12 21:00:00,0.0000,40.0000,27.8000,72.0000,4.1000,0.0000
2023-09-12 22:00:00,0.0000,30.0000,27.8000,72.0000,3.1000,0.0000
2023-09-12 23:00:00,0.0000,20.0000,27.2000,74.0000,2.6000,0.0000
2023-09-13 00:00:00,0.0000,10.0000,27.2000,72.0000,2.1000,0.0000
2023-09-13 01:00:00,0.0000,10.0000,26.1000,79.0000,2.1000,0.0000
2023-09-13 02:00:00,0.0000,10.0000,25.0000,85.0000,1.5000,0.0000
2023-09-13 03:00:00,0.0000,0.0000,25.0000,85.0000,0.0000,0.0000
2023-09-13 04:00:00,0.0000,0.0000,24.4000,87.0000,2.1000,0.0000
2023-09-13 05:00:00,0.0000,10.0000,25.0000,85.0000,1.5000,0.0000
2023-09-13 06:00:00,33.0000,60.0000,25.0000,85.0000,2.6000,0.0000
2023-09-13 07:00:00,195.0000,10.0000,27.2000,74.0000,2.1000,0.9059
2023-09-13 08:00:00,389.0000,50.0000,28.9000,63.0000,2.1000,1.6403
2023-09-13 09:00:00,684.0000,60.0000,28.9000,67.0000,4.6000,2.3536
2023-09-13 10:00:00,669.0000,70.0000,30.0000,63.0000,4.6000,2.6574
2023-09-13 11:00:00,610.0000,100.0000,30.6000,63.0000,4.1000,2.9850
2023-09-13 12:00:00,540.0000,100.0000,29.4000,65.0000,4.6000,3.2010
2023-09-13 13:00:00,287.0000,100.0000,29.4000,65.0000,3.1000,2.9456
2023-09-13 14:00:00,196.0000,100.0000,25.6000,79.0000,5.2000,2.3161
2023-09-13 15:00:00,153.0000,100.0000,23.9000,93.0000,4.1000,1.6415
2023-09-13 16:00:00,63.0000,100.0000,24.4000,90.0000,2.1000,0.8946
2023-09-13 17:00:00,44.0000,100.0000,25.0000,87.0000,4.1000,0.2516
2023-09-13 18:00:00,14.0000,90.0000,24.4000,90.0000,3.6000,0.0107
2023-09-13 19:00:00,0.0000,80.0000,24.4000,90.0000,3.1000,0.0000
2023-09-13 20:00:00,0.0000,80.0000,24.4000,90.0000,2.6000,0.0000
2023-09-13 21:00:00,0.0000,90.0000,23.9000,93.0000,2.6000,0.0000
2023-09-13 22:00:00,0.0000,80.0000,24.4000,90.0000,2.1000,0.0000
2023-09-13 23:00:00,0.0000,70.0000,24.4000,87.0000,3.1000,0.0000
2023-09-14 00:00:00,0.0000,10.0000,23.9000,90.0000,3.6000,0.0000
2023-09-14 01:00:00,0.0000,10.0000,24.4000,87.0000,2.6000,0.0000
2023-09-14 02:00:00,0.0000,30.0000,23.9000,90.0000,2.6000,0.0000
2023-09-14 03:00:00,0.0000,70.0000,23.3000,93.0000,2.1000,0.0000
2023-09-14 04:00:00,0.0000,80.0000,23.3000,93.0000,1.5000,0.0000
2023-09-14 05:00:00,0.0000,90.0000,23.3000,93.0000,3.6000,0.0000
2023-09-14 06:00:00,25.0000,70.0000,23.3000,93.0000,3.6000,0.0000
2023-09-14 07:00:00,158.0000,80.0000,23.9000,87.0000,2.6000,0.9384
2023-09-14 08:00:00,105.0000,90.0000,24.4000,85.0000,4.1000,1.8369
2023-09-14 09:00:00,552.0000,40.0000,27.8000,67.0000,4.1000,2.5006
2023-09-14 10:00:00,705.0000,50.0000,29.4000,65.0000,5.2000,2.4838
2023-09-14 11:00:00,928.0000,70.0000,30.6000,57.0000,5.7000,2.2592
2023-09-14 12:00:00,835.0000,50.0000,30.0000,63.0000,6.7000,1.6691
2023-09-14 13:00:00,770.0000,70.0000,29.4000,61.0000,6.2000,0.9794
2023-09-14 14:00:00,602.0000,80.0000,30.0000,61.0000,5.7000,0.7001
2023-09-14 15:00:00,340.0000,90.0000,29.4000,61.0000,5.7000,0.4354
2023-09-14 16:00:00,312.0000,80.0000,28.9000,67.0000,5.2000,0.2159
2023-09-14 17:00:00,87.0000,70.0000,28.3000,69.0000,4.1000,0.1161
2023-09-14 18:00:00,14.0000,40.0000,27.2000,77.0000,3.6000,0.0131
2023-09-14 19:00:00,0.0000,20.0000,26.7000,77.0000,3.1000,0.0000
2023-09-14 20:00:00,0.0000,30.0000,27.2000,74.0000,3.1000,0.0000
2023-09-14 21:00:00,0.0000,70.0000,26.7000,77.0000,2.1000,0.0000
2023-09-14 22:00:00,0.0000,80.0000,25.0000,79.0000,4.6000,0.0000
2023-09-14 23:00:00,0.0000,80.0000,25.0000,79.0000,3.1000,0.0000
2023-09-15 00:00:00,0.0000,60.0000,25.6000,82.0000,3.1000,0.0000
2023-09-15 01:00:00,0.0000,20.0000,25.6000,82.0000,2.6000,0.0000
2023-09-15 02:00:00,0.0000,0.0000,24.4000,87.0000,2.1000,0.0000
2023-09-15 03:00:00,0.0000,10.0000,24.4000,87.0000,1.5000,0.0000
2023-09-15 04:00:00,0.0000,20.0000,23.9000,90.0000,1.5000,0.0000
2023-09-15 05:00:00,0.0000,70.0000,23.9000,93.0000,2.6000,0.0000
2023-09-15 06:00:00,44.0000,70.0000,24.4000,87.0000,3.6000,0.0000
2023-09-15 07:00:00,215.0000,80.0000,26.7000,77.0000,3.6000,0.4856
2023-09-15 08:00:00,269.0000,80.0000,27.2000,77.0000,3.6000,1.1581
2023-09-15 09:00:00,439.0000,80.0000,28.9000,70.0000,3.1000,2.2904
2023-09-15 10:00:00,452.0000,80.0000,30.0000,65.0000,4.1000,2.9496
2023-09-15 11:00:00,632.0000,80.0000,30.6000,61.0000,4.1000,3.3397
2023-09-15 12:00:00,557.0000,80.0000,30.6000,61.0000,5.7000,3.2170
2023-09-15 13:00:00,735.0000,70.0000,30.0000,63.0000,4.6000,2.7825
2023-09-15 14:00:00,648.0000,60.0000,30.0000,63.0000,5.7000,1.9802
2023-09-15 15:00:00,571.0000,30.0000,29.4000,61.0000,5.2000,1.4010
2023-09-15 16:00:00,307.0000,50.0000,29.4000,63.0000,4.1000,0.9172
2023-09-15 17:00:00,109.0000,20.0000,27.2000,74.0000,3.6000,0.2149
2023-09-15 18:00:00,17.0000,20.0000,26.1000,69.0000,3.6000,0.0120
2023-09-15 19:00:00,0.0000,10.0000,25.6000,74.0000,2.6000,0.0000
2023-09-15 20:00:00,0.0000,60.0000,25.6000,82.0000,2.6000,0.0000
2023-09-15 21:00:00,0.0000,20.0000,25.6000,85.0000,2.1000,0.0000
2023-09-15 22:00:00,0.0000,10.0000,25.6000,82.0000,2.6000,0.0000
2023-09-15 23:00:00,0.0000,0.0000,25.6000,79.0000,2.1000,0.0000
2023-09-16 00:00:00,0.0000,0.0000,25.0000,85.0000,1.5000,0.0000
2023-09-16 01:00:00,0.0000,0.0000,25.0000,85.0000,2.1000,0.0000
2023-09-16 02:00:00,0.0000,10.0000,24.4000,85.0000,2.6000,0.0000
2023-09-16 03:00:00,0.0000,10.0000,23.9000,87.0000,2.1000,0.0000
2023-09-16 04:00:00,0.0000,30.0000,23.3000,90.0000,2.6000,0.0000
2023-09-16 05:00:00,0.0000,10.0000,23.9000,87.0000,2.1000,0.0000
2023-09-16 06:00:00,35.0000,20.0000,23.9000,90.0000,2.1000,0.0000
2023-09-16 07:00:00,190.0000,40.0000,27.2000,77.0000,1.0000,0.7452
2023-09-16 08:00:00,453.0000,40.0000,29.4000,70.0000,2.1000,1.2598
2023-09-16 09:00:00,646.0000,30.0000,30.0000,63.0000,3.1000,1.6901
2023-09-16 10:00:00,750.0000,30.0000,30.6000,63.0000,3.1000,2.0594
2023-09-16 11:00:00,899.0000,40.0000,30.6000,63.0000,3.6000,2.3130
2023-09-16 12:00:00,920.0000,40.0000,30.6000,63.0000,5.2000,2.5332
2023-09-16 13:00:00,865.0000,30.0000,31.1000,61.0000,5.2000,2.7361
2023-09-16 14:00:00,755.0000,20.0000,31.1000,63.0000,5.2000,2.6007
2023-09-16 15:00:00,479.0000,40.0000,29.4000,67.0000,4.1000,1.9137
2023-09-16 16:00:00,260.0000,40.0000,26.7000,69.0000,4.6000,0.9452
2023-09-16 17:00:00,103.0000,30.0000,26.7000,72.0000,2.1000,0.2883
2023-09-16 18:00:00,10.0000,30.0000,27.2000,67.0000,1.5000,0.0175
2023-09-16 19:00:00,0.0000,20.0000,26.7000,74.0000,1.0000,0.0000
2023-09-16 20:00:00,0.0000,10.0000,26.1000,82.0000,1.0000,0.0000
2023-09-16 21:00:00,0.0000,0.0000,25.6000,85.0000,1.0000,0.0000
2023-09-16 22:00:00,0.0000,0.0000,25.6000,85.0000,2.1000,0.0000
2023-09-16 23:00:00,0.0000,10.0000,25.6000,85.0000,2.1000,0.0000
2023-09-17 00:00:00,0.0000,60.0000,25.6000,88.0000,0.0000,0.0000
2023-09-17 01:00:00,0.0000,40.0000,25.6000,88.0000,1.5000,0.0000
2023-09-17 02:00:00,0.0000,50.0000,25.6000,85.0000,1.5000,0.0000
2023-09-17 03:00:00,0.0000,80.0000,25.0000,91.0000,0.0000,0.0000
2023-09-17 04:00:00,0.0000,80.0000,25.0000,91.0000,0.0000,0.0000
2023-09-17 05:00:00,0.0000,90.0000,25.0000,87.0000,1.5000,0.0000
2023-09-17 06:00:00,29.0000,90.0000,25.0000,91.0000,2.1000,0.0000
2023-09-17 07:00:00,148.0000,90.0000,27.2000,79.0000,2.6000,0.9238
2023-09-17 08:00:00,390.0000,90.0000,29.4000,72.0000,3.1000,1.7776
2023-09-17 09:00:00,430.0000,90.0000,29.4000,72.0000,3.1000,2.5113
2023-09-17 10:00:00,378.0000,90.0000,30.6000,61.0000,4.1000,2.9972
2023-09-17 11:00:00,737.0000,80.0000,31.1000,63.0000,4.1000,3.3514
2023-09-17 12:00:00,351.0000,80.0000,29.4000,70.0000,4.1000,3.4313
2023-09-17 13:00:00,200.0000,100.0000,29.4000,72.0000,1.5000,3.3130
2023-09-17 14:00:00,200.0000,90.0000,28.9000,72.0000,3.6000,2.5915
2023-09-17 15:00:00,128.0000,90.0000,28.9000,72.0000,3.6000,1.6264
2023-09-17 16:00:00,101.0000,100.0000,28.9000,72.0000,4.1000,0.8015
2023-09-17 17:00:00,52.0000,100.0000,27.2000,67.0000,4.6000,0.2587
2023-09-17 18:00:00,9.0000,100.0000,27.2000,72.0000,1.5000,0.0083
2023-09-17 19:00:00,0.0000,100.0000,26.1000,82.0000,2.1000,0.0000
2023-09-17 20:00:00,0.0000,100.0000,22.8000,93.0000,3.6000,0.0000
2023-09-17 21:00:00,0.0000,100.0000,23.3000,93.0000,3.6000,0.0000
2023-09-17 22:00:00,0.0000,100.0000,23.3000,93.0000,2.6000,0.0000
2023-09-17 23:00:00,0.0000,100.0000,23.9000,93.0000,3.1000,0.0000
2023-09-18 00:00:00,0.0000,100.0000,23.9000,97.0000,1.5000,0.0000
2023-09-18 01:00:00,0.0000,100.0000,24.4000,94.0000,0.0000,0.0000
2023-09-18 02:00:00,0.0000,100.0000,25.0000,94.0000,0.0000,0.0000
2023-09-18 03:00:00,0.0000,100.0000,25.0000,91.0000,1.5000,0.0000
2023-09-18 04:00:00,0.0000,100.0000,25.0000,91.0000,0.0000,0.0000
2023-09-18 05:00:00,0.0000,100.0000,25.0000,94.0000,0.0000,0.0000
2023-09-18 06:00:00,20.0000,100.0000,25.6000,91.0000,1.5000,0.0000
2023-09-18 07:00:00,89.0000,100.0000,25.0000,91.0000,0.0000,0.8806
2023-09-18 08:00:00,177.0000,100.0000,26.7000,88.0000,2.1000,1.4952
2023-09-18 09:00:00,267.0000,100.0000,27.8000,88.0000,1.0000,1.5625
2023-09-18 10:00:00,189.0000,100.0000,25.0000,82.0000,5.7000,2.0762
2023-09-18 11:00:00,314.0000,100.0000,23.9000,87.0000,2.1000,2.1578
2023-09-18 12:00:00,522.0000,100.0000,25.0000,87.0000,2.6000,1.1548
2023-09-18 13:00:00,159.0000,100.0000,24.4000,90.0000,0.0000,0.8186
2023-09-18 14:00:00,124.0000,100.0000,23.9000,87.0000,2.1000,0.7163
2023-09-18 15:00:00,236.0000,100.0000,25.6000,88.0000,4.1000,0.5224
2023-09-18 16:00:00,81.0000,100.0000,24.4000,94.0000,3.1000,0.2986
2023-09-18 17:00:00,32.0000,100.0000,24.4000,90.0000,4.1000,0.1067
2023-09-18 18:00:00,2.0000,100.0000,23.9000,93.0000,5.7000,0.0061
2023-09-18 19:00:00,0.0000,100.0000,22.8000,97.0000,4.1000,0.0000
2023-09-18 20:00:00,0.0000,80.0000,23.3000,93.0000,3.6000,0.0000
2023-09-18 21:00:00,0.0000,90.0000,23.9000,93.0000,1.5000,0.0000
2023-09-18 22:00:00,0.0000,90.0000,23.9000,97.0000,0.0000,0.0000
2023-09-18 23:00:00,0.0000,90.0000,23.9000,97.0000,0.0000,0.0000
2023-09-19 00:00:00,0.0000,100.0000,23.9000,97.0000,0.0000,0.0000
2023-09-19 01:00:00,0.0000,100.0000,23.9000,93.0000,4.6000,0.0000
2023-09-19 02:00:00,0.0000,100.0000,22.8000,93.0000,5.2000,0.0000
2023-09-19 03:00:00,0.0000,100.0000,22.8000,90.0000,2.6000,0.0000
2023-09-19 04:00:00,0.0000,100.0000,23.3000,87.0000,3.1000,0.0000
2023-09-19 05:00:00,0.0000,100.0000,23.3000,90.0000,1.5000,0.0000
2023-09-19 06:00:00,15.0000,100.0000,24.4000,85.0000,2.6000,0.0000
2023-09-19 07:00:00,104.0000,100.0000,26.1000,82.0000,2.1000,0.5147
2023-09-19 08:00:00,222.0000,100.0000,27.2000,79.0000,3.6000,0.8465
2023-09-19 09:00:00,274.0000,100.0000,27.8000,77.0000,3.6000,1.0052
2023-09-19 10:00:00,298.0000,100.0000,27.8000,79.0000,4.1000,1.0698
2023-09-19 11:00:00,351.0000,100.0000,27.8000,85.0000,3.1000,1.6575
2023-09-19 12:00:00,192.0000,100.0000,25.0000,91.0000,5.2000,1.4071
2023-09-19 13:00:00,209.0000,100.0000,24.4000,90.0000,1.5000,0.5754
2023-09-19 14:00:00,175.0000,100.0000,25.0000,91.0000,3.1000,0.7068
2023-09-19 15:00:00,163.0000,100.0000,26.1000,88.0000,2.1000,0.6750
2023-09-19 16:00:00,168.0000,100.0000,26.7000,82.0000,2.6000,0.2427
2023-09-19 17:00:00,29.0000,100.0000,26.7000,85.0000,2.6000,0.0676
2023-09-19 18:00:00,8.0000,100.0000,26.7000,88.0000,0.0000,0.0000
2023-09-19 19:00:00,0.0000,100.0000,22.8000,90.0000,6.7000,0.0000
2023-09-19 20:00:00,0.0000,100.0000,22.8000,93.0000,3.1000,0.0000
2023-09-19 21:00:00,0.0000,100.0000,22.8000,93.0000,2.1000,0.0000
2023-09-19 22:00:00,0.0000,100.0000,22.8000,93.0000,1.5000,0.0000
2023-09-19 23:00:00,0.0000,100.0000,23.3000,93.0000,2.1000,0.0000
2023-09-20 00:00:00,0.0000,100.0000,23.3000,93.0000,3.1000,0.0000
2023-09-20 01:00:00,0.0000,100.0000,23.9000,90.0000,3.1000,0.0000
2023-09-20 02:00:00,0.0000,100.0000,25.0000,87.0000,2.6000,0.0000
2023-09-20 03:00:00,0.0000,100.0000,25.6000,90.0000,1.5000,0.0000
2023-09-20 04:00:00,0.0000,100.0000,25.6000,90.0000,2.1000,0.0000
2023-09-20 05:00:00,0.0000,100.0000,26.1000,87.0000,2.6000,0.0000
2023-09-20 06:00:00,34.0000,100.0000,26.7000,84.0000,2.1000,0.0000
2023-09-20 07:00:00,104.0000,100.0000,26.7000,87.0000,1.0000,0.5885
2023-09-20 08:00:00,54.0000,100.0000,23.9000,76.0000,6.2000,0.9635
2023-09-20 09:00:00,193.0000,100.0000,22.8000,71.0000,12.9000,1.1250
2023-09-20 10:00:00,235.0000,100.0000,23.9000,76.0000,4.6000,1.2578
2023-09-20 11:00:00,244.0000,100.0000,22.8000,87.0000,4.6000,1.0895
2023-09-20 12:00:00,281.0000,100.0000,22.8000,90.0000,3.6000,0.7922
2023-09-20 13:00:00,232.0000,100.0000,23.9000,84.0000,6.2000,0.7722
2023-09-20 14:00:00,212.0000,100.0000,23.9000,84.0000,3.6000,0.7105
2023-09-20 15:00:00,147.0000,100.0000,25.0000,81.0000,4.6000,0.6906
2023-09-20 16:00:00,84.0000,100.0000,25.6000,81.0000,3.1000,0.4022
2023-09-20 17:00:00,37.0000,100.0000,25.6000,84.0000,2.1000,0.0586
2023-09-20 18:00:00,2.0000,100.0000,25.0000,87.0000,1.5000,0.0038
2023-09-20 19:00:00,0.0000,100.0000,25.6000,84.0000,3.1000,0.0000
2023-09-20 20:00:00,0.0000,100.0000,25.6000,90.0000,3.6000,0.0000
2023-09-20 21:00:00,0.0000,100.0000,22.8000,90.0000,4.6000,0.0000
2023-09-20 22:00:00,0.0000,100.0000,22.8000,81.0000,4.1000,0.0000
2023-09-20 23:00:00,0.0000,100.0000,23.3000,87.0000,2.1000,0.0000
2023-09-21 00:00:00,0.0000,100.0000,22.8000,90.0000,2.6000,0.0000
2023-09-21 01:00:00,0.0000,100.0000,23.3000,90.0000,2.6000,0.0000
2023-09-21 02:00:00,0.0000,100.0000,23.3000,93.0000,2.1000,0.0000
2023-09-21 03:00:00,0.0000,100.0000,25.0000,90.0000,3.1000,0.0000
2023-09-21 04:00:00,0.0000,100.0000,26.1000,81.0000,4.6000,0.0000
2023-09-21 05:00:00,0.0000,100.0000,26.7000,84.0000,5.7000,0.0000
2023-09-21 06:00:00,31.0000,100.0000,26.7000,81.0000,5.7000,0.0000
2023-09-21 07:00:00,105.0000,90.0000,27.2000,82.0000,5.2000,0.3394
2023-09-21 08:00:00,393.0000,50.0000,27.8000,79.0000,5.7000,0.4985
2023-09-21 09:00:00,600.0000,50.0000,28.9000,74.0000,8.2000,0.8699
2023-09-21 10:00:00,684.0000,50.0000,29.4000,72.0000,7.2000,0.9458
2023-09-21 11:00:00,897.0000,50.0000,29.4000,69.0000,7.7000,1.0441
2023-09-21 12:00:00,878.0000,50.0000,29.4000,69.0000,7.2000,1.0289
2023-09-21 13:00:00,757.0000,80.0000,30.0000,67.0000,7.2000,0.8954
2023-09-21 14:00:00,605.0000,80.0000,29.4000,67.0000,5.7000,0.7356
2023-09-21 15:00:00,483.0000,80.0000,29.4000,69.0000,5.2000,0.5054
2023-09-21 16:00:00,212.0000,80.0000,28.9000,69.0000,4.6000,0.2721
2023-09-21 17:00:00,69.0000,80.0000,28.3000,74.0000,5.7000,0.0777
2023-09-21 18:00:00,7.0000,80.0000,27.2000,76.0000,2.6000,0.0000
2023-09-21 19:00:00,0.0000,30.0000,27.2000,79.0000,3.1000,0.0000
2023-09-21 20:00:00,0.0000,40.0000,27.2000,82.0000,2.6000,0.0000
2023-09-21 21:00:00,0.0000,20.0000,26.7000,81.0000,3.1000,0.0000
2023-09-21 22:00:00,0.0000,10.0000,26.7000,81.0000,1.5000,0.0000
2023-09-21 23:00:00,0.0000,20.0000,26.1000,87.0000,0.0000,0.0000
2023-09-22 00:00:00,0.0000,30.0000,26.1000,84.0000,1.5000,0.0000
2023-09-22 01:00:00,0.0000,20.0000,25.6000,87.0000,2.6000,0.0000
2023-09-22 02:00:00,0.0000,30.0000,26.1000,84.0000,1.0000,0.0000
2023-09-22 03:00:00,0.0000,10.0000,25.0000,90.0000,0.0000,0.0000
2023-09-22 04:00:00,0.0000,30.0000,24.4000,93.0000,1.0000,0.0000
2023-09-22 05:00:00,0.0000,40.0000,24.4000,93.0000,2.6000,0.0000
2023-09-22 06:00:00,33.0000,80.0000,23.9000,93.0000,0.0000,0.0000
2023-09-22 07:00:00,86.0000,50.0000,25.6000,84.0000,1.0000,0.8570
2023-09-22 08:00:00,357.0000,60.0000,28.3000,74.0000,0.0000,1.7919
2023-09-22 09:00:00,583.0000,60.0000,28.3000,76.0000,2.1000,2.4505
2023-09-22 10:00:00,734.0000,50.0000,30.0000,67.0000,3.1000,2.9626
2023-09-22 11:00:00,811.0000,60.0000,30.0000,67.0000,2.6000,3.4471
2023-09-22 12:00:00,584.0000,70.0000,30.0000,65.0000,2.6000,3.3016
2023-09-22 13:00:00,139.0000,100.0000,25.6000,81.0000,3.1000,2.8287
2023-09-22 14:00:00,442.0000,80.0000,26.1000,79.0000,1.0000,2.3109
2023-09-22 15:00:00,416.0000,90.0000,27.2000,71.0000,1.0000,1.5748
2023-09-22 16:00:00,154.0000,80.0000,26.1000,81.0000,3.1000,0.6467
2023-09-22 17:00:00,53.0000,80.0000,25.6000,81.0000,1.0000,0.1478
2023-09-22 18:00:00,5.0000,80.0000,25.0000,84.0000,2.1000,0.0015
2023-09-22 19:00:00,0.0000,90.0000,25.0000,84.0000,1.0000,0.0000
2023-09-22 20:00:00,0.0000,100.0000,24.4000,87.0000,5.7000,0.0000
2023-09-22 21:00:00,0.0000,100.0000,22.2000,96.0000,3.6000,0.0000
2023-09-22 22:00:00,0.0000,100.0000,22.8000,93.0000,2.1000,0.0000
2023-09-22 23:00:00,0.0000,100.0000,23.9000,93.0000,3.1000,0.0000
2023-09-23 00:00:00,0.0000,100.0000,23.9000,93.0000,2.6000,0.0000
2023-09-23 01:00:00,0.0000,100.0000,23.9000,96.0000,3.1000,0.0000
2023-09-23 02:00:00,0.0000,100.0000,23.9000,93.0000,2.1000,0.0000
2023-09-23 03:00:00,0.0000,100.0000,23.9000,90.0000,1.0000,0.0000
2023-09-23 04:00:00,0.0000,100.0000,23.3000,93.0000,1.0000,0.0000
2023-09-23 05:00:00,0.0000,90.0000,22.8000,93.0000,1.5000,0.0000
2023-09-23 06:00:00,29.0000,90.0000,23.3000,90.0000,1.5000,0.0000
2023-09-23 07:00:00,77.0000,90.0000,23.9000,90.0000,1.5000,0.7544
2023-09-23 08:00:00,303.0000,90.0000,25.6000,81.0000,3.1000,1.6660
2023-09-23 09:00:00,521.0000,90.0000,27.2000,74.0000,3.1000,2.4198
2023-09-23 10:00:00,614.0000,90.0000,28.3000,69.0000,4.1000,2.8561
2023-09-23 11:00:00,879.0000,80.0000,29.4000,65.0000,4.1000,2.6864
2023-09-23 12:00:00,784.0000,70.0000,28.9000,67.0000,4.1000,1.5341
2023-09-23 13:00:00,819.0000,70.0000,29.4000,60.0000,4.6000,1.1996
2023-09-23 14:00:00,567.0000,80.0000,28.9000,62.0000,3.1000,1.7334
2023-09-23 15:00:00,315.0000,80.0000,28.9000,62.0000,5.2000,1.2183
2023-09-23 16:00:00,198.0000,90.0000,28.3000,69.0000,5.2000,0.4548
2023-09-23 17:00:00,53.0000,90.0000,27.8000,69.0000,5.7000,0.1171
2023-09-23 18:00:00,2.0000,90.0000,27.2000,71.0000,4.1000,0.0000
2023-09-23 19:00:00,0.0000,70.0000,26.7000,76.0000,3.1000,0.0000
2023-09-23 20:00:00,0.0000,50.0000,26.1000,76.0000,1.5000,0.0000
2023-09-23 21:00:00,0.0000,40.0000,25.6000,81.0000,2.1000,0.0000
2023-09-23 22:00:00,0.0000,40.0000,25.0000,84.0000,1.5000,0.0000
2023-09-23 23:00:00,0.0000,40.0000,25.0000,84.0000,2.1000,0.0000
2023-09-24 00:00:00,0.0000,30.0000,25.0000,84.0000,2.6000,0.0000
2023-09-24 01:00:00,0.0000,10.0000,24.4000,81.0000,2.1000,0.0000
2023-09-24 02:00:00,0.0000,40.0000,23.9000,87.0000,2.1000,0.0000
2023-09-24 03:00:00,0.0000,30.0000,23.9000,89.0000,0.0000,0.0000
2023-09-24 04:00:00,0.0000,30.0000,23.9000,87.0000,2.6000,0.0000
2023-09-24 05:00:00,0.0000,50.0000,23.3000,90.0000,0.0000,0.0000
2023-09-24 06:00:00,45.0000,50.0000,23.9000,87.0000,2.1000,0.0000
2023-09-24 07:00:00,169.0000,50.0000,26.1000,79.0000,3.6000,0.6661
2023-09-24 08:00:00,380.0000,50.0000,27.8000,74.0000,3.6000,1.4939
2023-09-24 09:00:00,658.0000,70.0000,29.4000,60.0000,4.1000,2.1721
2023-09-24 10:00:00,683.0000,50.0000,30.0000,58.0000,4.6000,2.8097
2023-09-24 11:00:00,905.0000,40.0000,30.0000,61.0000,4.6000,3.2676
2023-09-24 12:00:00,857.0000,40.0000,30.6000,57.0000,4.6000,3.1932
2023-09-24 13:00:00,801.0000,40.0000,30.0000,61.0000,3.1000,2.8402
2023-09-24 14:00:00,722.0000,50.0000,30.0000,61.0000,6.2000,1.8532
2023-09-24 15:00:00,412.0000,40.0000,29.4000,60.0000,7.2000,1.0493
2023-09-24 16:00:00,312.0000,20.0000,28.9000,67.0000,7.2000,0.5315
2023-09-24 17:00:00,75.0000,30.0000,28.3000,69.0000,7.2000,0.1083
2023-09-24 18:00:00,4.0000,40.0000,27.8000,69.0000,3.1000,0.0000
2023-09-24 19:00:00,0.0000,30.0000,27.2000,71.0000,4.1000,0.0000
2023-09-24 20:00:00,0.0000,30.0000,27.2000,76.0000,3.1000,0.0000
2023-09-24 21:00:00,0.0000,30.0000,26.1000,81.0000,2.1000,0.0000
2023-09-24 22:00:00,0.0000,20.0000,25.0000,84.0000,2.6000,0.0000
2023-09-24 23:00:00,0.0000,20.0000,25.0000,84.0000,2.1000,0.0000
2023-09-25 00:00:00,0.0000,20.0000,24.4000,87.0000,2.1000,0.0000
2023-09-25 01:00:00,0.0000,20.0000,24.4000,90.0000,0.0000,0.0000
2023-09-25 02:00:00,0.0000,20.0000,23.9000,90.0000,0.0000,0.0000
2023-09-25 03:00:00,0.0000,40.0000,23.3000,90.0000,2.6000,0.0000
2023-09-25 04:00:00,0.0000,20.0000,23.3000,90.0000,3.6000,0.0000
2023-09-25 05:00:00,0.0000,20.0000,23.3000,93.0000,0.0000,0.0000
2023-09-25 06:00:00,17.0000,30.0000,23.3000,93.0000,0.0000,0.0000
2023-09-25 07:00:00,138.0000,30.0000,25.6000,84.0000,2.6000,0.8817
2023-09-25 08:00:00,379.0000,0.0000,27.8000,74.0000,2.6000,1.7951
2023-09-25 09:00:00,609.0000,10.0000,29.4000,67.0000,2.6000,2.4515
2023-09-25 10:00:00,788.0000,30.0000,31.1000,59.0000,1.0000,2.8934
2023-09-25 11:00:00,864.0000,30.0000,32.2000,51.0000,0.0000,3.3476
2023-09-25 12:00:00,659.0000,50.0000,32.2000,53.0000,3.6000,3.2604
2023-09-25 13:00:00,652.0000,40.0000,30.0000,58.0000,2.6000,3.1607
2023-09-25 14:00:00,466.0000,50.0000,30.6000,61.0000,3.1000,2.4928
2023-09-25 15:00:00,473.0000,50.0000,31.7000,61.0000,3.1000,1.6536
2023-09-25 16:00:00,228.0000,40.0000,29.4000,67.0000,3.6000,0.9502
2023-09-25 17:00:00,55.0000,50.0000,28.3000,71.0000,3.1000,0.1852
2023-09-25 18:00:00,3.0000,30.0000,27.8000,76.0000,3.1000,0.0000
2023-09-25 19:00:00,0.0000,20.0000,27.2000,79.0000,3.1000,0.0000
2023-09-25 20:00:00,0.0000,10.0000,27.2000,76.0000,2.6000,0.0000
2023-09-25 21:00:00,0.0000,20.0000,26.1000,84.0000,2.6000,0.0000
2023-09-25 22:00:00,0.0000,20.0000,25.6000,90.0000,2.6000,0.0000
2023-09-25 23:00:00,0.0000,10.0000,25.6000,90.0000,3.1000,0.0000
2023-09-26 00:00:00,0.0000,10.0000,25.0000,93.0000,3.1000,0.0000
2023-09-26 01:00:00,0.0000,10.0000,24.4000,93.0000,2.6000,0.0000
2023-09-26 02:00:00,0.0000,10.0000,24.4000,93.0000,3.1000,0.0000
2023-09-26 03:00:00,0.0000,10.0000,23.9000,96.0000,3.1000,0.0000
2023-09-26 04:00:00,0.0000,10.0000,23.9000,93.0000,3.1000,0.0000
2023-09-26 05:00:00,0.0000,10.0000,23.3000,96.0000,2.1000,0.0000
2023-09-26 06:00:00,44.0000,20.0000,23.9000,96.0000,1.5000,0.0000
2023-09-26 07:00:00,208.0000,10.0000,25.6000,90.0000,3.6000,0.9079
2023-09-26 08:00:00,466.0000,20.0000,27.8000,76.0000,2.6000,1.7652
2023-09-26 09:00:00,568.0000,60.0000,29.4000,65.0000,3.1000,2.4369
2023-09-26 10:00:00,818.0000,60.0000,30.6000,63.0000,2.6000,2.9143
2023-09-26 11:00:00,868.0000,40.0000,30.6000,57.0000,3.6000,2.8603
2023-09-26 12:00:00,917.0000,20.0000,31.7000,51.0000,4.1000,2.5571
2023-09-26 13:00:00,849.0000,30.0000,31.7000,50.0000,4.1000,2.2886
2023-09-26 14:00:00,721.0000,40.0000,31.7000,50.0000,4.1000,1.9124
2023-09-26 15:00:00,470.0000,40.0000,31.7000,51.0000,5.7000,1.5365
2023-09-26 16:00:00,270.0000,40.0000,30.6000,55.0000,3.1000,0.6211
2023-09-26 17:00:00,83.0000,40.0000,29.4000,60.0000,7.2000,0.1121
2023-09-26 18:00:00,3.0000,40.0000,27.8000,69.0000,3.6000,0.0000
2023-09-26 19:00:00,0.0000,0.0000,27.2000,74.0000,2.1000,0.0000
2023-09-26 20:00:00,0.0000,0.0000,26.7000,79.0000,2.6000,0.0000
2023-09-26 21:00:00,0.0000,0.0000,25.6000,84.0000,2.6000,0.0000
2023-09-26 22:00:00,0.0000,0.0000,25.0000,87.0000,2.1000,0.0000
2023-09-26 23:00:00,0.0000,0.0000,25.0000,90.0000,2.1000,0.0000
2023-09-27 00:00:00,0.0000,0.0000,24.4000,93.0000,2.1000,0.0000
2023-09-27 01:00:00,0.0000,20.0000,24.4000,93.0000,3.1000,0.0000
2023-09-27 02:00:00,0.0000,20.0000,24.4000,93.0000,2.6000,0.0000
2023-09-27 03:00:00,0.0000,30.0000,23.9000,100.0000,2.1000,0.0000
2023-09-27 04:00:00,0.0000,30.0000,23.9000,96.0000,2.1000,0.0000
2023-09-27 05:00:00,0.0000,40.0000,23.9000,96.0000,1.5000,0.0000
2023-09-27 06:00:00,33.0000,30.0000,24.4000,93.0000,0.0000,0.0000
2023-09-27 07:00:00,173.0000,30.0000,26.1000,87.0000,1.0000,0.9719
2023-09-27 08:00:00,381.0000,40.0000,27.8000,74.0000,1.5000,1.7316
2023-09-27 09:00:00,543.0000,80.0000,28.9000,52.0000,2.6000,2.4934
2023-09-27 10:00:00,364.0000,80.0000,28.3000,67.0000,3.1000,3.1088
2023-09-27 11:00:00,590.0000,80.0000,26.1000,79.0000,4.6000,3.3120
2023-09-27 12:00:00,488.0000,80.0000,25.6000,79.0000,5.2000,3.4250
2023-09-27 13:00:00,207.0000,90.0000,24.4000,93.0000,4.1000,3.0780
2023-09-27 14:00:00,260.0000,90.0000,25.0000,84.0000,3.1000,2.5148
2023-09-27 15:00:00,345.0000,70.0000,27.2000,76.0000,2.1000,1.6646
2023-09-27 16:00:00,217.0000,70.0000,26.1000,81.0000,3.6000,0.7961
2023-09-27 17:00:00,66.0000,60.0000,25.6000,79.0000,1.5000,0.1926
2023-09-27 18:00:00,0.0000,90.0000,25.0000,87.0000,2.1000,0.0000
2023-09-27 19:00:00,0.0000,60.0000,25.0000,87.0000,1.5000,0.0000
2023-09-27 20:00:00,0.0000,90.0000,24.4000,84.0000,4.6000,0.0000
2023-09-27 21:00:00,0.0000,20.0000,23.9000,84.0000,1.5000,0.0000
2023-09-27 22:00:00,0.0000,10.0000,23.3000,87.0000,2.6000,0.0000
2023-09-27 23:00:00,0.0000,0.0000,23.3000,90.0000,4.1000,0.0000
2023-09-28 00:00:00,0.0000,60.0000,22.8000,93.0000,3.6000,0.0000
2023-09-28 01:00:00,0.0000,10.0000,22.8000,93.0000,3.1000,0.0000
2023-09-28 02:00:00,0.0000,10.0000,22.8000,93.0000,1.5000,0.0000
2023-09-28 03:00:00,0.0000,70.0000,22.8000,93.0000,1.5000,0.0000
2023-09-28 04:00:00,0.0000,30.0000,22.8000,93.0000,1.0000,0.0000
2023-09-28 05:00:00,0.0000,70.0000,22.8000,96.0000,0.0000,0.0000
2023-09-28 06:00:00,29.0000,90.0000,22.8000,93.0000,2.1000,0.0000
2023-09-28 07:00:00,146.0000,90.0000,23.9000,90.0000,1.5000,0.8782
2023-09-28 08:00:00,294.0000,90.0000,26.1000,87.0000,2.1000,1.6408
2023-09-28 09:00:00,347.0000,90.0000,27.2000,82.0000,2.1000,1.7268
2023-09-28 10:00:00,269.0000,100.0000,27.8000,76.0000,0.0000,1.8564
2023-09-28 11:00:00,320.0000,90.0000,26.7000,76.0000,2.6000,2.2067
2023-09-28 12:00:00,135.0000,100.0000,27.8000,74.0000,2.1000,1.4879
2023-09-28 13:00:00,555.0000,90.0000,26.1000,69.0000,2.6000,0.9225
2023-09-28 14:00:00,431.0000,90.0000,26.1000,81.0000,4.6000,1.2215
2023-09-28 15:00:00,315.0000,80.0000,26.7000,81.0000,4.6000,1.2163
2023-09-28 16:00:00,152.0000,80.0000,26.1000,79.0000,2.1000,0.6430
2023-09-28 17:00:00,62.0000,90.0000,26.1000,81.0000,2.6000,0.1350
2023-09-28 18:00:00,2.0000,70.0000,25.6000,84.0000,2.6000,0.0000
2023-09-28 19:00:00,0.0000,50.0000,25.6000,90.0000,2.6000,0.0000
2023-09-28 20:00:00,0.0000,30.0000,25.6000,87.0000,2.1000,0.0000
2023-09-28 21:00:00,0.0000,0.0000,25.0000,90.0000,2.1000,0.0000
2023-09-28 22:00:00,0.0000,0.0000,25.0000,87.0000,2.6000,0.0000
2023-09-28 23:00:00,0.0000,0.0000,25.0000,87.0000,1.5000,0.0000
2023-09-29 00:00:00,0.0000,0.0000,25.0000,87.0000,0.0000,0.0000
2023-09-29 01:00:00,0.0000,0.0000,25.0000,90.0000,0.0000,0.0000
2023-09-29 02:00:00,0.0000,0.0000,24.4000,90.0000,2.1000,0.0000
2023-09-29 03:00:00,0.0000,10.0000,24.4000,90.0000,2.1000,0.0000
2023-09-29 04:00:00,0.0000,10.0000,24.4000,90.0000,2.1000,0.0000
2023-09-29 05:00:00,0.0000,30.0000,23.9000,93.0000,2.1000,0.0000
2023-09-29 06:00:00,42.0000,40.0000,24.4000,93.0000,1.5000,0.0000
2023-09-29 07:00:00,213.0000,60.0000,27.2000,79.0000,2.1000,0.7512
2023-09-29 08:00:00,381.0000,90.0000,28.3000,76.0000,2.6000,1.2101
2023-09-29 09:00:00,533.0000,90.0000,29.4000,72.0000,3.1000,1.2200
2023-09-29 10:00:00,539.0000,100.0000,29.4000,67.0000,4.6000,1.1873
2023-09-29 11:00:00,609.0000,90.0000,30.0000,69.0000,4.6000,0.9597
2023-09-29 12:00:00,349.0000,100.0000,28.9000,69.0000,3.6000,1.3281
2023-09-29 13:00:00,480.0000,90.0000,28.3000,76.0000,2.1000,2.0435
2023-09-29 14:00:00,537.0000,80.0000,28.3000,69.0000,2.1000,1.6185
2023-09-29 15:00:00,199.0000,90.0000,28.3000,71.0000,4.1000,1.0029
2023-09-29 16:00:00,129.0000,100.0000,26.1000,74.0000,4.6000,0.4436
2023-09-29 17:00:00,52.0000,90.0000,26.1000,76.0000,1.5000,0.1240
2023-09-29 18:00:00,2.0000,80.0000,25.5000,80.0000,0.3000,0.0000
2023-09-29 19:00:00,0.0000,90.0000,25.4000,82.0000,1.3000,0.0000
2023-09-29 20:00:00,0.0000,60.0000,25.3000,81.0000,1.5000,0.0000
2023-09-29 21:00:00,0.0000,40.0000,25.0000,84.0000,1.2000,0.0000
2023-09-29 22:00:00,0.0000,40.0000,25.0000,84.0000,1.9000,0.0000
2023-09-29 23:00:00,0.0000,40.0000,24.9000,85.0000,1.8000,0.0000
2023-09-30 00:00:00,0.0000,20.0000,25.1000,86.0000,2.3000,0.0000
2023-09-30 01:00:00,0.0000,30.0000,25.2000,86.0000,2.6000,0.0000
2023-09-30 02:00:00,0.0000,30.0000,25.4000,86.0000,2.8000,0.0000
2023-09-30 03:00:00,0.0000,40.0000,25.6000,86.0000,2.9000,0.0000
2023-09-30 04:00:00,0.0000,40.0000,25.6000,88.0000,3.2000,0.0000
2023-09-30 05:00:00,0.0000,40.0000,25.7000,91.0000,3.4000,0.0000
2023-09-30 06:00:00,44.0000,40.0000,25.6000,94.0000,3.6000,0.0000
2023-09-30 07:00:00,176.0000,50.0000,26.0000,92.0000,4.5000,0.8796
2023-09-30 08:00:00,256.0000,60.0000,26.3000,90.0000,5.3000,1.6012
2023-09-30 09:00:00,434.0000,70.0000,26.7000,88.0000,6.2000,2.0434
2023-09-30 10:00:00,540.0000,70.0000,27.2000,83.0000,6.4000,2.2538
2023-09-30 11:00:00,696.0000,80.0000,27.8000,79.0000,6.5000,1.9610
2023-09-30 12:00:00,693.0000,80.0000,28.3000,74.0000,6.7000,1.6460
2023-09-30 13:00:00,575.0000,70.0000,28.1000,75.0000,6.2000,2.0779
2023-09-30 14:00:00,502.0000,70.0000,28.0000,76.0000,5.7000,1.5951
2023-09-30 15:00:00,370.0000,60.0000,27.8000,77.0000,5.2000,0.6961
2023-09-30 16:00:00,257.0000,60.0000,27.4000,79.0000,5.0000,0.3812
2023-09-30 17:00:00,56.0000,50.0000,27.1000,80.0000,4.8000,0.1140
2023-09-30 18:00:00,1.0000,50.0000,26.7000,82.0000,4.6000,0.0000
2023-09-30 19:00:00,0.0000,40.0000,26.3000,83.0000,3.9000,0.0000
2023-09-30 20:00:00,0.0000,40.0000,26.0000,84.0000,3.3000,0.0000
2023-09-30 21:00:00,0.0000,30.0000,25.6000,85.0000,2.6000,0.0000
2023-09-30 22:00:00,0.0000,30.0000,25.4000,86.0000,2.6000,0.0000
2023-09-30 23:00:00,0.0000,20.0000,25.2000,86.0000,2.6000,0.0000
2023-10-01 00:00:00,0.0000,20.0000,25.0000,87.0000,2.6000,0.0000
2023-10-01 01:00:00,0.0000,20.0000,24.8000,88.0000,2.4000,0.0000
2023-10-01 02:00:00,0.0000,30.0000,24.6000,89.0000,2.3000,0.0000
2023-10-01 03:00:00,0.0000,30.0000,24.4000,90.0000,2.1000,0.0000
2023-10-01 04:00:00,0.0000,30.0000,24.2000,91.0000,2.3000,0.0000
2023-10-01 05:00:00,0.0000,40.0000,24.1000,93.0000,2.4000,0.0000
2023-10-01 06:00:00,38.0000,40.0000,23.9000,94.0000,2.6000,0.0000
2023-10-01 07:00:00,148.0000,60.0000,24.6000,92.0000,2.2000,0.7410
2023-10-01 08:00:00,245.0000,70.0000,25.4000,90.0000,1.9000,1.3147
2023-10-01 09:00:00,237.0000,90.0000,26.1000,88.0000,1.5000,1.8769
2023-10-01 10:00:00,365.0000,90.0000,27.0000,83.0000,2.4000,2.4556
2023-10-01 11:00:00,659.0000,80.0000,28.0000,79.0000,3.2000,2.7832
2023-10-01 12:00:00,767.0000,80.0000,28.9000,74.0000,4.1000,2.5839
2023-10-01 13:00:00,683.0000,70.0000,28.9000,72.0000,4.1000,2.2287
2023-10-01 14:00:00,620.0000,60.0000,28.9000,69.0000,4.1000,1.8531
2023-10-01 15:00:00,462.0000,50.0000,28.9000,67.0000,4.1000,1.4140
2023-10-01 16:00:00,273.0000,50.0000,28.0000,70.0000,3.9000,0.7557
2023-10-01 17:00:00,70.0000,60.0000,27.0000,74.0000,3.8000,0.1155
2023-10-01 18:00:00,0.0000,60.0000,26.1000,77.0000,3.6000,0.0000
2023-10-01 19:00:00,0.0000,50.0000,25.5000,79.0000,2.9000,0.0000
2023-10-01 20:00:00,0.0000,40.0000,25.0000,80.0000,2.2000,0.0000
2023-10-01 21:00:00,0.0000,30.0000,24.4000,82.0000,1.5000,0.0000
2023-10-01 22:00:00,0.0000,30.0000,24.0000,85.0000,1.7000,0.0000
2023-10-01 23:00:00,0.0000,30.0000,23.7000,87.0000,1.9000,0.0000
2023-10-02 00:00:00,0.0000,30.0000,23.3000,90.0000,2.1000,0.0000
2023-10-02 01:00:00,0.0000,30.0000,23.1000,91.0000,1.9000,0.0000
2023-10-02 02:00:00,0.0000,30.0000,23.0000,92.0000,1.7000,0.0000
2023-10-02 03:00:00,0.0000,30.0000,22.8000,93.0000,1.5000,0.0000
2023-10-02 04:00:00,0.0000,40.0000,22.8000,93.0000,1.7000,0.0000
2023-10-02 05:00:00,0.0000,60.0000,22.8000,93.0000,1.9000,0.0000
2023-10-02 06:00:00,26.0000,70.0000,22.8000,93.0000,2.1000,0.0000
2023-10-02 07:00:00,169.0000,50.0000,24.3000,86.0000,2.1000,0.7130
2023-10-02 08:00:00,427.0000,20.0000,25.7000,79.0000,2.1000,0.9928
2023-10-02 09:00:00,616.0000,0.0000,27.2000,72.0000,2.1000,1.2243
2023-10-02 10:00:00,783.0000,20.0000,27.9000,70.0000,2.6000,1.9717
2023-10-02 11:00:00,543.0000,50.0000,28.7000,67.0000,3.1000,2.7422
2023-10-02 12:00:00,618.0000,70.0000,29.4000,65.0000,3.6000,2.8547
2023-10-02 13:00:00,621.0000,70.0000,28.9000,67.0000,3.9000,2.7155
2023-10-02 14:00:00,589.0000,80.0000,28.3000,70.0000,4.3000,2.3737
2023-10-02 15:00:00,344.0000,80.0000,27.8000,72.0000,4.6000,1.6858
2023-10-02 16:00:00,219.0000,90.0000,27.4000,74.0000,4.1000,0.7866
2023-10-02 17:00:00,52.0000,90.0000,27.1000,75.0000,3.6000,0.1460
2023-10-02 18:00:00,0.0000,100.0000,26.7000,77.0000,3.1000,0.0000
2023-10-02 19:00:00,0.0000,90.0000,25.9000,81.0000,3.3000,0.0000
2023-10-02 20:00:00,0.0000,90.0000,25.2000,86.0000,3.4000,0.0000
2023-10-02 21:00:00,0.0000,80.0000,24.4000,90.0000,3.6000,0.0000
2023-10-02 22:00:00,0.0000,60.0000,24.0000,92.0000,3.6000,0.0000
2023-10-02 23:00:00,0.0000,40.0000,23.7000,95.0000,3.6000,0.0000
2023-10-03 00:00:00,0.0000,20.0000,23.3000,97.0000,3.6000,0.0000
2023-10-03 01:00:00,0.0000,40.0000,23.5000,96.0000,3.4000,0.0000
2023-10-03 02:00:00,0.0000,70.0000,23.7000,95.0000,3.3000,0.0000
2023-10-03 03:00:00,0.0000,90.0000,23.9000,94.0000,3.1000,0.0000
2023-10-03 04:00:00,0.0000,60.0000,23.5000,95.0000,3.3000,0.0000
2023-10-03 05:00:00,0.0000,40.0000,23.2000,96.0000,3.4000,0.0000
2023-10-03 06:00:00,38.0000,10.0000,22.8000,97.0000,3.6000,0.0000
2023-10-03 07:00:00,203.0000,10.0000,24.1000,89.0000,3.6000,0.9369
2023-10-03 08:00:00,424.0000,10.0000,25.4000,80.0000,3.6000,1.8191
2023-10-03 09:00:00,610.0000,10.0000,26.7000,72.0000,3.6000,2.5583
2023-10-03 10:00:00,750.0000,20.0000,27.6000,67.0000,3.8000,2.5592
2023-10-03 11:00:00,835.0000,30.0000,28.5000,62.0000,3.9000,2.3549
2023-10-03 12:00:00,854.0000,40.0000,29.4000,57.0000,4.1000,2.4713
2023-10-03 13:00:00,795.0000,40.0000,29.4000,58.0000,4.3000,2.5309
2023-10-03 14:00:00,689.0000,30.0000,29.4000,58.0000,4.4000,2.0409
2023-10-03 15:00:00,385.0000,30.0000,29.4000,59.0000,4.6000,1.2743
2023-10-03 16:00:00,223.0000,40.0000,28.7000,60.0000,4.1000,0.6158
2023-10-03 17:00:00,59.0000,50.0000,27.9000,62.0000,3.6000,0.1010
2023-10-03 18:00:00,1.0000,60.0000,27.2000,63.0000,3.1000,0.0000
2023-10-03 19:00:00,0.0000,40.0000,26.8000,68.0000,3.1000,0.0000
2023-10-03 20:00:00,0.0000,20.0000,26.5000,74.0000,3.1000,0.0000
2023-10-03 21:00:00,0.0000,0.0000,26.1000,79.0000,3.1000,0.0000
2023-10-03 22:00:00,0.0000,10.0000,25.4000,82.0000,2.9000,0.0000
2023-10-03 23:00:00,0.0000,30.0000,24.6000,84.0000,2.8000,0.0000
2023-10-04 00:00:00,0.0000,40.0000,23.9000,87.0000,2.6000,0.0000
2023-10-04 01:00:00,0.0000,40.0000,23.9000,89.0000,2.6000,0.0000
2023-10-04 02:00:00,0.0000,30.0000,23.9000,92.0000,2.6000,0.0000
2023-10-04 03:00:00,0.0000,30.0000,23.9000,94.0000,2.6000,0.0000
2023-10-04 04:00:00,0.0000,30.0000,24.1000,92.0000,2.8000,0.0000
2023-10-04 05:00:00,0.0000,30.0000,24.2000,89.0000,2.9000,0.0000
2023-10-04 06:00:00,37.0000,30.0000,24.4000,87.0000,3.1000,0.0000
2023-10-04 07:00:00,185.0000,50.0000,26.1000,80.0000,3.6000,0.9481
2023-10-04 08:00:00,308.0000,60.0000,27.7000,72.0000,4.1000,1.8113
2023-10-04 09:00:00,414.0000,80.0000,29.4000,65.0000,4.6000,2.5285
2023-10-04 10:00:00,537.0000,80.0000,29.4000,65.0000,5.0000,3.0505
2023-10-04 11:00:00,832.0000,70.0000,29.4000,65.0000,5.3000,3.3311
2023-10-04 12:00:00,670.0000,70.0000,29.4000,65.0000,5.7000,3.3292
2023-10-04 13:00:00,501.0000,80.0000,29.2000,67.0000,5.9000,3.0750
2023-10-04 14:00:00,555.0000,90.0000,29.1000,68.0000,6.0000,2.3393
2023-10-04 15:00:00,232.0000,100.0000,28.9000,70.0000,6.2000,1.3690
2023-10-04 16:00:00,105.0000,100.0000,27.8000,77.0000,5.9000,0.6740
2023-10-04 17:00:00,41.0000,100.0000,26.7000,84.0000,5.5000,0.1474
2023-10-04 18:00:00,0.0000,100.0000,25.6000,91.0000,5.2000,0.0000
2023-10-04 19:00:00,0.0000,100.0000,25.4000,91.0000,4.8000,0.0000
2023-10-04 20:00:00,0.0000,100.0000,25.2000,90.0000,4.5000,0.0000
2023-10-04 21:00:00,0.0000,100.0000,25.0000,90.0000,4.1000,0.0000
2023-10-04 22:00:00,0.0000,90.0000,25.2000,88.0000,3.6000,0.0000
2023-10-04 23:00:00,0.0000,90.0000,25.4000,87.0000,3.1000,0.0000
2023-10-05 00:00:00,0.0000,80.0000,25.6000,85.0000,2.6000,0.0000
2023-10-05 01:00:00,0.0000,60.0000,25.6000,86.0000,2.6000,0.0000
2023-10-05 02:00:00,0.0000,50.0000,25.6000,87.0000,2.6000,0.0000
2023-10-05 03:00:00,0.0000,30.0000,25.6000,88.0000,2.6000,0.0000
2023-10-05 04:00:00,0.0000,30.0000,25.6000,89.0000,2.2000,0.0000
2023-10-05 05:00:00,0.0000,40.0000,25.6000,90.0000,1.9000,0.0000
2023-10-05 06:00:00,29.0000,40.0000,25.6000,91.0000,1.5000,0.0000
2023-10-05 07:00:00,195.0000,40.0000,26.9000,85.0000,2.4000,0.7921
2023-10-05 08:00:00,350.0000,50.0000,28.1000,78.0000,3.2000,1.3536
2023-10-05 09:00:00,588.0000,50.0000,29.4000,72.0000,4.1000,1.8105
2023-10-05 10:00:00,644.0000,60.0000,29.8000,69.0000,4.5000,2.6387
2023-10-05 11:00:00,691.0000,70.0000,30.2000,66.0000,4.8000,2.9961
2023-10-05 12:00:00,722.0000,80.0000,30.6000,63.0000,5.2000,2.3808
2023-10-05 13:00:00,819.0000,60.0000,30.4000,65.0000,5.7000,2.1949
2023-10-05 14:00:00,678.0000,30.0000,30.2000,66.0000,6.2000,1.7286
2023-10-05 15:00:00,491.0000,10.0000,30.0000,68.0000,6.7000,0.7362
2023-10-05 16:00:00,274.0000,10.0000,29.4000,70.0000,5.8000,0.2914
2023-10-05 17:00:00,65.0000,10.0000,28.9000,72.0000,5.0000,0.0765
2023-10-05 18:00:00,0.0000,10.0000,28.3000,74.0000,4.1000,0.0000
2023-10-05 19:00:00,0.0000,10.0000,27.8000,76.0000,3.6000,0.0000
2023-10-05 20:00:00,0.0000,0.0000,27.2000,77.0000,3.1000,0.0000
2023-10-05 21:00:00,0.0000,0.0000,26.7000,79.0000,2.6000,0.0000
2023-10-05 22:00:00,0.0000,0.0000,27.1000,77.0000,3.1000,0.0000
2023-10-05 23:00:00,0.0000,10.0000,27.4000,76.0000,3.6000,0.0000
2023-10-06 00:00:00,0.0000,10.0000,27.8000,74.0000,4.1000,0.0000
2023-10-06 01:00:00,0.0000,10.0000,27.8000,74.0000,3.8000,0.0000
2023-10-06 02:00:00,0.0000,10.0000,27.8000,74.0000,3.4000,0.0000
2023-10-06 03:00:00,0.0000,10.0000,27.8000,74.0000,3.1000,0.0000
2023-10-06 04:00:00,0.0000,20.0000,27.6000,76.0000,3.1000,0.0000
2023-10-06 05:00:00,0.0000,40.0000,27.4000,77.0000,3.1000,0.0000
2023-10-06 06:00:00,29.0000,50.0000,27.2000,79.0000,3.1000,0.0000
2023-10-06 07:00:00,148.0000,60.0000,28.3000,74.0000,3.4000,0.8697
2023-10-06 08:00:00,316.0000,70.0000,29.5000,70.0000,3.8000,1.6940
2023-10-06 09:00:00,553.0000,80.0000,30.6000,65.0000,4.1000,2.3037
2023-10-06 10:00:00,666.0000,80.0000,30.6000,64.0000,4.1000,2.5506
2023-10-06 11:00:00,537.0000,90.0000,30.6000,64.0000,4.1000,2.8097
2023-10-06 12:00:00,482.0000,90.0000,30.6000,63.0000,4.1000,3.0740
2023-10-06 13:00:00,575.0000,80.0000,30.8000,62.0000,5.3000,3.0409
2023-10-06 14:00:00,529.0000,60.0000,30.9000,62.0000,6.5000,2.5973
2023-10-06 15:00:00,392.0000,50.0000,31.1000,61.0000,7.7000,1.7363
2023-10-06 16:00:00,226.0000,60.0000,30.0000,65.0000,5.8000,1.3022
2023-10-06 17:00:00,53.0000,70.0000,28.9000,70.0000,4.0000,0.8681
2023-10-06 18:00:00,0.0000,80.0000,27.8000,74.0000,2.1000,0.4341
2023-10-06 19:00:00,0.0000,60.0000,27.6000,75.0000,2.1000,0.0000
2023-10-06 20:00:00,0.0000,50.0000,27.4000,76.0000,2.1000,0.0000
2023-10-06 21:00:00,0.0000,30.0000,27.2000,77.0000,2.1000,0.0000
2023-10-06 22:00:00,0.0000,30.0000,26.8000,79.0000,1.9000,0.0000
2023-10-06 23:00:00,0.0000,20.0000,26.5000,80.0000,1.7000,0.0000
2023-10-07 00:00:00,0.0000,20.0000,26.1000,82.0000,1.5000,0.0000
2023-10-07 01:00:00,0.0000,20.0000,26.1000,82.0000,1.5000,0.0000
2023-10-07 02:00:00,0.0000,20.0000,26.1000,82.0000,1.5000,0.0000
2023-10-07 03:00:00,0.0000,20.0000,26.1000,82.0000,1.5000,0.0000
2023-10-07 04:00:00,0.0000,30.0000,26.3000,81.0000,1.7000,0.0000
2023-10-07 05:00:00,0.0000,30.0000,26.5000,80.0000,1.9000,0.0000
2023-10-07 06:00:00,21.0000,40.0000,26.7000,79.0000,2.1000,0.0000
2023-10-07 07:00:00,143.0000,50.0000,27.6000,75.0000,2.9000,0.0000
2023-10-07 08:00:00,308.0000,70.0000,28.5000,71.0000,3.8000,0.0000
2023-10-07 09:00:00,323.0000,80.0000,29.4000,67.0000,4.6000,0.0000
2023-10-07 10:00:00,526.0000,80.0000,30.2000,63.0000,4.8000,2.5570
2023-10-07 11:00:00,570.0000,70.0000,30.9000,58.0000,5.0000,2.0617
2023-10-07 12:00:00,809.0000,70.0000,31.7000,54.0000,5.2000,1.8506
2023-10-07 13:00:00,723.0000,70.0000,31.1000,56.0000,5.2000,2.2076
2023-10-07 14:00:00,487.0000,80.0000,30.6000,59.0000,5.2000,2.0310
2023-10-07 15:00:00,423.0000,80.0000,30.0000,61.0000,5.2000,1.5050
2023-10-07 16:00:00,229.0000,80.0000,29.3000,65.0000,4.2000,0.8677
2023-10-07 17:00:00,53.0000,80.0000,28.5000,68.0000,3.1000,0.2035
2023-10-07 18:00:00,0.0000,80.0000,27.8000,72.0000,2.1000,0.0000
2023-10-07 19:00:00,0.0000,60.0000,27.2000,75.0000,2.8000,0.0000
2023-10-07 20:00:00,0.0000,50.0000,26.7000,79.0000,3.4000,0.0000
2023-10-07 21:00:00,0.0000,30.0000,26.1000,82.0000,4.1000,0.0000
2023-10-07 22:00:00,0.0000,40.0000,25.7000,82.0000,3.6000,0.0000
2023-10-07 23:00:00,0.0000,60.0000,25.4000,82.0000,3.1000,0.0000
2023-10-08 00:00:00,0.0000,70.0000,25.0000,82.0000,2.6000,0.0000
2023-10-08 01:00:00,0.0000,60.0000,24.4000,84.0000,2.4000,0.0000
2023-10-08 02:00:00,0.0000,40.0000,23.9000,85.0000,2.3000,0.0000
2023-10-08 03:00:00,0.0000,30.0000,23.3000,87.0000,2.1000,0.0000
2023-10-08 04:00:00,0.0000,40.0000,23.3000,85.0000,2.3000,0.0000
2023-10-08 05:00:00,0.0000,40.0000,23.3000,84.0000,2.4000,0.0000
2023-10-08 06:00:00,25.0000,50.0000,23.3000,82.0000,2.6000,0.0000
2023-10-08 07:00:00,138.0000,40.0000,24.8000,75.0000,2.6000,0.0000
2023-10-08 08:00:00,365.0000,40.0000,26.3000,68.0000,2.6000,0.0000
2023-10-08 09:00:00,642.0000,30.0000,27.8000,61.0000,2.6000,0.0000
2023-10-08 10:00:00,673.0000,30.0000,28.3000,57.0000,3.1000,2.0195
2023-10-08 11:00:00,769.0000,40.0000,28.9000,53.0000,3.6000,2.1884
2023-10-08 12:00:00,816.0000,40.0000,29.4000,49.0000,4.1000,3.1060
2023-10-08 13:00:00,749.0000,30.0000,29.4000,48.0000,4.1000,2.7759
2023-10-08 14:00:00,626.0000,20.0000,29.4000,47.0000,4.1000,1.8698
2023-10-08 15:00:00,494.0000,10.0000,29.4000,46.0000,4.1000,1.6240
2023-10-08 16:00:00,210.0000,10.0000,28.5000,54.0000,3.8000,0.8792
2023-10-08 17:00:00,47.0000,20.0000,27.6000,61.0000,3.4000,0.2035
2023-10-08 18:00:00,0.0000,20.0000,26.7000,69.0000,3.1000,0.0000
2023-10-08 19:00:00,0.0000,30.0000,26.3000,71.0000,2.6000,0.0000
2023-10-08 20:00:00,0.0000,30.0000,26.0000,72.0000,2.0000,0.0000
2023-10-08 21:00:00,0.0000,40.0000,25.6000,74.0000,1.5000,0.0000
2023-10-08 22:00:00,0.0000,40.0000,24.8000,77.0000,1.7000,0.0000
2023-10-08 23:00:00,0.0000,50.0000,24.1000,81.0000,1.9000,0.0000
2023-10-09 00:00:00,0.0000,50.0000,23.3000,84.0000,2.1000,0.0000
2023-10-09 01:00:00,0.0000,40.0000,23.1000,83.0000,1.9000,0.0000
2023-10-09 02:00:00,0.0000,40.0000,23.0000,82.0000,1.7000,0.0000
2023-10-09 03:00:00,0.0000,30.0000,22.8000,81.0000,1.5000,0.0000
2023-10-09 04:00:00,0.0000,30.0000,22.6000,83.0000,2.0000,0.0000
2023-10-09 05:00:00,0.0000,30.0000,22.4000,85.0000,2.6000,0.0000
2023-10-09 06:00:00,40.0000,30.0000,22.2000,87.0000,3.1000,0.0000
2023-10-09 07:00:00,198.0000,30.0000,24.1000,77.0000,3.1000,0.8733
2023-10-09 08:00:00,441.0000,20.0000,25.9000,68.0000,3.1000,1.7377
2023-10-09 09:00:00,636.0000,20.0000,27.8000,58.0000,3.1000,2.4164
2023-10-09 10:00:00,773.0000,20.0000,28.5000,56.0000,3.1000,2.8015
2023-10-09 11:00:00,848.0000,20.0000,29.3000,53.0000,3.1000,3.1398
2023-10-09 12:00:00,853.0000,20.0000,30.0000,51.0000,3.1000,3.1728
2023-10-09 13:00:00,796.0000,10.0000,29.8000,52.0000,3.4000,2.9265
2023-10-09 14:00:00,669.0000,10.0000,29.6000,54.0000,3.8000,2.5044
2023-10-09 15:00:00,480.0000,0.0000,29.4000,55.0000,4.1000,1.6168
2023-10-09 16:00:00,264.0000,0.0000,28.5000,58.0000,3.6000,0.6157
2023-10-09 17:00:00,58.0000,0.0000,27.6000,62.0000,3.1000,0.0976
2023-10-09 18:00:00,0.0000,0.0000,26.7000,65.0000,2.6000,0.0000
2023-10-09 19:00:00,0.0000,0.0000,26.3000,68.0000,2.6000,0.0000
2023-10-09 20:00:00,0.0000,0.0000,26.0000,71.0000,2.6000,0.0000
2023-10-09 21:00:00,0.0000,0.0000,25.6000,74.0000,2.6000,0.0000
2023-10-09 22:00:00,0.0000,0.0000,25.0000,76.0000,2.1000,0.0000
2023-10-09 23:00:00,0.0000,10.0000,24.5000,77.0000,1.5000,0.0000
2023-10-10 00:00:00,0.0000,10.0000,23.9000,79.0000,1.0000,0.0000
2023-10-10 01:00:00,0.0000,10.0000,23.3000,81.0000,1.2000,0.0000
2023-10-10 02:00:00,0.0000,0.0000,22.8000,82.0000,1.3000,0.0000
2023-10-10 03:00:00,0.0000,0.0000,22.2000,84.0000,1.5000,0.0000
2023-10-10 04:00:00,0.0000,0.0000,22.4000,84.0000,1.9000,0.0000
2023-10-10 05:00:00,0.0000,0.0000,22.6000,84.0000,2.2000,0.0000
2023-10-10 06:00:00,41.0000,0.0000,22.8000,84.0000,2.6000,0.0000
2023-10-10 07:00:00,215.0000,0.0000,24.8000,77.0000,2.8000,0.9457
2023-10-10 08:00:00,447.0000,10.0000,26.9000,70.0000,2.9000,1.8080
2023-10-10 09:00:00,639.0000,10.0000,28.9000,63.0000,3.1000,2.6297
2023-10-10 10:00:00,753.0000,10.0000,29.3000,59.0000,3.6000,3.1294
2023-10-10 11:00:00,864.0000,20.0000,29.6000,55.0000,4.1000,3.3717
2023-10-10 12:00:00,885.0000,20.0000,30.0000,51.0000,4.6000,3.3576
2023-10-10 13:00:00,828.0000,20.0000,29.8000,53.0000,5.0000,3.1561
2023-10-10 14:00:00,695.0000,30.0000,29.6000,55.0000,5.3000,2.6682
2023-10-10 15:00:00,499.0000,30.0000,29.4000,57.0000,5.7000,1.8389
2023-10-10 16:00:00,274.0000,20.0000,28.5000,61.0000,5.0000,0.8299
2023-10-10 17:00:00,66.0000,20.0000,27.6000,65.0000,4.3000,0.1505
2023-10-10 18:00:00,0.0000,10.0000,26.7000,69.0000,3.6000,0.0000
2023-10-10 19:00:00,0.0000,30.0000,26.3000,71.0000,3.4000,0.0000
2023-10-10 20:00:00,0.0000,40.0000,26.0000,74.0000,3.3000,0.0000
2023-10-10 21:00:00,0.0000,60.0000,25.6000,76.0000,3.1000,0.0000
2023-10-10 22:00:00,0.0000,60.0000,25.4000,75.0000,2.8000,0.0000
2023-10-10 23:00:00,0.0000,70.0000,25.2000,75.0000,2.4000,0.0000
2023-10-11 00:00:00,0.0000,70.0000,25.0000,74.0000,2.1000,0.0000
2023-10-11 01:00:00,0.0000,50.0000,24.1000,77.0000,2.3000,0.0000
2023-10-11 02:00:00,0.0000,30.0000,23.1000,81.0000,2.4000,0.0000
2023-10-11 03:00:00,0.0000,10.0000,22.2000,84.0000,2.6000,0.0000
2023-10-11 04:00:00,0.0000,20.0000,22.4000,84.0000,2.2000,0.0000
2023-10-11 05:00:00,0.0000,40.0000,22.6000,84.0000,1.9000,0.0000
2023-10-11 06:00:00,33.0000,50.0000,22.8000,84.0000,1.5000,0.0000
2023-10-11 07:00:00,177.0000,60.0000,24.8000,77.0000,2.7000,0.9279
2023-10-11 08:00:00,427.0000,70.0000,26.9000,70.0000,4.0000,1.8668
2023-10-11 09:00:00,550.0000,80.0000,28.9000,63.0000,5.2000,2.6190
2023-10-11 10:00:00,685.0000,80.0000,29.1000,63.0000,5.5000,3.1233
2023-10-11 11:00:00,748.0000,90.0000,29.2000,63.0000,5.9000,3.4861
2023-10-11 12:00:00,709.0000,90.0000,29.4000,63.0000,6.2000,3.4678
2023-10-11 13:00:00,748.0000,90.0000,28.9000,64.0000,5.3000,3.2310
2023-10-11 14:00:00,332.0000,90.0000,28.3000,64.0000,4.5000,2.6903
2023-10-11 15:00:00,222.0000,90.0000,27.8000,65.0000,3.6000,1.8990
2023-10-11 16:00:00,113.0000,90.0000,27.6000,67.0000,4.1000,0.8816
2023-10-11 17:00:00,41.0000,80.0000,27.4000,70.0000,4.7000,0.1764
2023-10-11 18:00:00,0.0000,80.0000,27.2000,72.0000,5.2000,0.0000
2023-10-11 19:00:00,0.0000,80.0000,26.7000,73.0000,3.8000,0.0000
2023-10-11 20:00:00,0.0000,80.0000,26.1000,75.0000,2.4000,0.0000
2023-10-11 21:00:00,0.0000,80.0000,25.6000,76.0000,1.0000,0.0000
2023-10-11 22:00:00,0.0000,90.0000,25.4000,78.0000,1.0000,0.0000
2023-10-11 23:00:00,0.0000,90.0000,25.2000,80.0000,1.0000,0.0000
2023-10-12 00:00:00,0.0000,100.0000,25.0000,82.0000,1.0000,0.0000
2023-10-12 01:00:00,0.0000,100.0000,24.8000,83.0000,1.2000,0.0000
2023-10-12 02:00:00,0.0000,100.0000,24.6000,84.0000,1.3000,0.0000
2023-10-12 03:00:00,0.0000,100.0000,24.4000,85.0000,1.5000,0.0000
2023-10-12 04:00:00,0.0000,100.0000,24.6000,84.0000,1.5000,0.0000
2023-10-12 05:00:00,0.0000,100.0000,24.8000,83.0000,1.5000,0.0000
2023-10-12 06:00:00,14.0000,100.0000,25.0000,82.0000,1.5000,0.0000
2023-10-12 07:00:00,72.0000,100.0000,24.4000,84.0000,2.5000,0.9590
2023-10-12 08:00:00,141.0000,100.0000,23.9000,85.0000,3.6000,1.7645
2023-10-12 09:00:00,135.0000,100.0000,23.3000,87.0000,4.6000,2.3251
2023-10-12 10:00:00,311.0000,100.0000,23.3000,88.0000,4.1000,2.8345
2023-10-12 11:00:00,385.0000,100.0000,23.3000,89.0000,3.6000,2.9428
2023-10-12 12:00:00,201.0000,100.0000,23.3000,90.0000,3.1000,2.9898
2023-10-12 13:00:00,361.0000,100.0000,23.5000,89.0000,3.6000,2.2820
2023-10-12 14:00:00,297.0000,100.0000,23.7000,88.0000,4.1000,1.1445
2023-10-12 15:00:00,209.0000,100.0000,23.9000,87.0000,4.6000,0.7098
2023-10-12 16:00:00,113.0000,100.0000,24.3000,84.0000,4.6000,0.3160
2023-10-12 17:00:00,20.0000,100.0000,24.6000,82.0000,4.6000,0.0834
2023-10-12 18:00:00,0.0000,100.0000,25.0000,79.0000,4.6000,0.0000
2023-10-12 19:00:00,0.0000,100.0000,25.4000,78.0000,4.8000,0.0000
2023-10-12 20:00:00,0.0000,100.0000,25.7000,78.0000,5.0000,0.0000
2023-10-12 21:00:00,0.0000,100.0000,26.1000,77.0000,5.2000,0.0000
2023-10-12 22:00:00,0.0000,100.0000,25.5000,79.0000,5.2000,0.0000
2023-10-12 23:00:00,0.0000,100.0000,25.0000,80.0000,5.2000,0.0000
2023-10-13 00:00:00,0.0000,100.0000,24.4000,82.0000,5.2000,0.0000
2023-10-13 01:00:00,0.0000,100.0000,24.6000,81.0000,4.8000,0.0000
2023-10-13 02:00:00,0.0000,100.0000,24.8000,80.0000,4.5000,0.0000
2023-10-13 03:00:00,0.0000,100.0000,25.0000,79.0000,4.1000,0.0000
2023-10-13 04:00:00,0.0000,100.0000,24.3000,84.0000,3.2000,0.0000
2023-10-13 05:00:00,0.0000,100.0000,23.5000,88.0000,2.4000,0.0000
2023-10-13 06:00:00,7.0000,100.0000,22.8000,93.0000,1.5000,0.0000
2023-10-13 07:00:00,104.0000,100.0000,23.2000,93.0000,2.2000,0.4049
2023-10-13 08:00:00,199.0000,100.0000,23.5000,94.0000,2.9000,0.5423
2023-10-13 09:00:00,284.0000,100.0000,23.9000,94.0000,3.6000,0.8455
2023-10-13 10:00:00,373.0000,100.0000,23.5000,95.0000,3.1000,1.3779
2023-10-13 11:00:00,433.0000,100.0000,23.2000,96.0000,2.6000,1.2004
2023-10-13 12:00:00,230.0000,100.0000,22.8000,97.0000,2.1000,1.1019
2023-10-13 13:00:00,399.0000,100.0000,22.8000,96.0000,2.4000,1.3284
2023-10-13 14:00:00,303.0000,100.0000,22.8000,94.0000,2.8000,1.0240
2023-10-13 15:00:00,134.0000,100.0000,22.8000,93.0000,3.1000,0.6522
2023-10-13 16:00:00,137.0000,100.0000,23.0000,93.0000,3.1000,0.2712
2023-10-13 17:00:00,36.0000,100.0000,23.1000,93.0000,3.1000,0.0405
2023-10-13 18:00:00,0.0000,100.0000,23.3000,93.0000,3.1000,0.0000
2023-10-13 19:00:00,0.0000,100.0000,23.1000,93.0000,2.9000,0.0000
2023-10-13 20:00:00,0.0000,100.0000,23.0000,93.0000,2.8000,0.0000
2023-10-13 21:00:00,0.0000,100.0000,22.8000,93.0000,2.6000,0.0000
2023-10-13 22:00:00,0.0000,100.0000,23.0000,93.0000,2.9000,0.0000
2023-10-13 23:00:00,0.0000,100.0000,23.1000,93.0000,3.3000,0.0000
2023-10-14 00:00:00,0.0000,100.0000,23.3000,93.0000,3.6000,0.0000
2023-10-14 01:00:00,0.0000,100.0000,23.5000,93.0000,3.3000,0.0000
2023-10-14 02:00:00,0.0000,90.0000,23.7000,94.0000,2.9000,0.0000
2023-10-14 03:00:00,0.0000,90.0000,23.9000,94.0000,2.6000,0.0000
2023-10-14 04:00:00,0.0000,90.0000,23.7000,93.0000,2.4000,0.0000
2023-10-14 05:00:00,0.0000,100.0000,23.5000,91.0000,2.3000,0.0000
2023-10-14 06:00:00,15.0000,100.0000,23.3000,90.0000,2.1000,0.0000
2023-10-14 07:00:00,105.0000,90.0000,24.2000,88.0000,2.4000,0.5839
2023-10-14 08:00:00,278.0000,90.0000,25.2000,87.0000,2.8000,0.9569
2023-10-14 09:00:00,340.0000,80.0000,26.1000,85.0000,3.1000,1.2984
2023-10-14 10:00:00,653.0000,80.0000,26.1000,84.0000,3.3000,1.5902
2023-10-14 11:00:00,554.0000,90.0000,26.1000,83.0000,3.4000,1.3275
2023-10-14 12:00:00,351.0000,90.0000,26.1000,82.0000,3.6000,1.2263
2023-10-14 13:00:00,479.0000,90.0000,26.8000,79.0000,3.6000,1.4274
2023-10-14 14:00:00,370.0000,90.0000,27.6000,75.0000,3.6000,0.8986
2023-10-14 15:00:00,396.0000,90.0000,28.3000,72.0000,3.6000,0.5323
2023-10-14 16:00:00,219.0000,70.0000,27.6000,75.0000,3.1000,0.3566
2023-10-14 17:00:00,45.0000,60.0000,26.8000,79.0000,2.6000,0.0675
2023-10-14 18:00:00,0.0000,40.0000,26.1000,82.0000,2.1000,0.0000
2023-10-14 19:00:00,0.0000,40.0000,25.7000,84.0000,2.3000,0.0000
2023-10-14 20:00:00,0.0000,50.0000,25.4000,85.0000,2.4000,0.0000
2023-10-14 21:00:00,0.0000,50.0000,25.0000,87.0000,2.6000,0.0000
2023-10-14 22:00:00,0.0000,40.0000,24.4000,89.0000,2.4000,0.0000
2023-10-14 23:00:00,0.0000,30.0000,23.9000,91.0000,2.3000,0.0000
2023-10-15 00:00:00,0.0000,20.0000,23.3000,93.0000,2.1000,0.0000
2023-10-15 01:00:00,0.0000,50.0000,23.1000,94.0000,2.4000,0.0000
2023-10-15 02:00:00,0.0000,70.0000,23.0000,96.0000,2.8000,0.0000
2023-10-15 03:00:00,0.0000,100.0000,22.8000,97.0000,3.1000,0.0000
2023-10-15 04:00:00,0.0000,100.0000,22.6000,96.0000,2.8000,0.0000
2023-10-15 05:00:00,0.0000,100.0000,22.4000,94.0000,2.4000,0.0000
2023-10-15 06:00:00,27.0000,100.0000,22.2000,93.0000,2.1000,0.0000
2023-10-15 07:00:00,102.0000,100.0000,23.3000,89.0000,2.6000,0.6848
2023-10-15 08:00:00,240.0000,100.0000,24.5000,86.0000,3.1000,1.1845
2023-10-15 09:00:00,448.0000,100.0000,25.6000,82.0000,3.6000,1.8621
2023-10-15 10:00:00,544.0000,80.0000,26.3000,79.0000,3.6000,2.3507
2023-10-15 11:00:00,699.0000,50.0000,27.1000,77.0000,3.6000,1.8825
2023-10-15 12:00:00,773.0000,30.0000,27.8000,74.0000,3.6000,1.6602
2023-10-15 13:00:00,760.0000,40.0000,28.2000,72.0000,4.5000,1.7105
2023-10-15 14:00:00,546.0000,50.0000,28.5000,69.0000,5.3000,1.5602
2023-10-15 15:00:00,293.0000,60.0000,28.9000,67.0000,6.2000,1.3224
2023-10-15 16:00:00,88.0000,50.0000,28.2000,69.0000,5.0000,0.7749
2023-10-15 17:00:00,30.0000,40.0000,27.4000,72.0000,3.8000,0.3875
2023-10-15 18:00:00,0.0000,30.0000,26.7000,74.0000,2.6000,0.0000
2023-10-15 19:00:00,0.0000,20.0000,26.1000,77.0000,2.9000,0.0000
2023-10-15 20:00:00,0.0000,10.0000,25.6000,79.0000,3.3000,0.0000
2023-10-15 21:00:00,0.0000,0.0000,25.0000,82.0000,3.6000,0.0000
2023-10-15 22:00:00,0.0000,0.0000,24.4000,85.0000,3.6000,0.0000
2023-10-15 23:00:00,0.0000,0.0000,23.9000,87.0000,3.6000,0.0000
2023-10-16 00:00:00,0.0000,0.0000,23.3000,90.0000,3.6000,0.0000
2023-10-16 01:00:00,0.0000,30.0000,23.1000,91.0000,4.1000,0.0000
2023-10-16 02:00:00,0.0000,70.0000,23.0000,92.0000,4.7000,0.0000
2023-10-16 03:00:00,0.0000,100.0000,22.8000,93.0000,5.2000,0.0000
2023-10-16 04:00:00,0.0000,100.0000,22.8000,92.0000,4.8000,0.0000
2023-10-16 05:00:00,0.0000,90.0000,22.8000,91.0000,4.5000,0.0000
2023-10-16 06:00:00,26.0000,90.0000,22.8000,90.0000,4.1000,0.0000
2023-10-16 07:00:00,128.0000,60.0000,24.1000,86.0000,4.3000,0.6311
2023-10-16 08:00:00,340.0000,40.0000,25.4000,81.0000,4.4000,1.2802
2023-10-16 09:00:00,610.0000,10.0000,26.7000,77.0000,4.6000,1.9315
2023-10-16 10:00:00,690.0000,20.0000,27.6000,72.0000,4.8000,2.4657
2023-10-16 11:00:00,786.0000,40.0000,28.5000,66.0000,5.0000,2.9543
2023-10-16 12:00:00,718.0000,50.0000,29.4000,61.0000,5.2000,3.1121
2023-10-16 13:00:00,676.0000,50.0000,29.0000,62.0000,4.8000,2.7785
2023-10-16 14:00:00,555.0000,50.0000,28.7000,64.0000,4.5000,1.8665
2023-10-16 15:00:00,442.0000,50.0000,28.3000,65.0000,4.1000,0.8663
2023-10-16 16:00:00,168.0000,40.0000,27.6000,67.0000,3.6000,0.2764
2023-10-16 17:00:00,35.0000,30.0000,26.8000,70.0000,3.1000,0.0558
2023-10-16 18:00:00,0.0000,20.0000,26.1000,72.0000,2.6000,0.0000
2023-10-16 19:00:00,0.0000,10.0000,25.4000,75.0000,2.8000,0.0000
2023-10-16 20:00:00,0.0000,10.0000,24.6000,79.0000,2.9000,0.0000
2023-10-16 21:00:00,0.0000,0.0000,23.9000,82.0000,3.1000,0.0000
2023-10-16 22:00:00,0.0000,30.0000,23.5000,85.0000,2.9000,0.0000
2023-10-16 23:00:00,0.0000,50.0000,23.2000,87.0000,2.8000,0.0000
2023-10-17 00:00:00,0.0000,80.0000,22.8000,90.0000,2.6000,0.0000
2023-10-17 01:00:00,0.0000,50.0000,22.4000,90.0000,2.4000,0.0000
2023-10-17 02:00:00,0.0000,30.0000,22.1000,90.0000,2.3000,0.0000
2023-10-17 03:00:00,0.0000,0.0000,21.7000,90.0000,2.1000,0.0000
2023-10-17 04:00:00,0.0000,0.0000,21.5000,89.0000,2.4000,0.0000
2023-10-17 05:00:00,0.0000,0.0000,21.3000,88.0000,2.8000,0.0000
2023-10-17 06:00:00,26.0000,0.0000,21.1000,87.0000,3.1000,0.0000
2023-10-17 07:00:00,152.0000,0.0000,22.4000,83.0000,3.1000,0.8070
2023-10-17 08:00:00,374.0000,0.0000,23.7000,78.0000,3.1000,1.6834
2023-10-17 09:00:00,599.0000,0.0000,25.0000,74.0000,3.1000,2.4615
2023-10-17 10:00:00,739.0000,20.0000,25.9000,69.0000,3.1000,2.9396
2023-10-17 11:00:00,593.0000,50.0000,26.9000,63.0000,3.1000,2.9996
2023-10-17 12:00:00,657.0000,70.0000,27.8000,58.0000,3.1000,2.8767
2023-10-17 13:00:00,517.0000,70.0000,27.6000,61.0000,3.1000,2.6563
2023-10-17 14:00:00,547.0000,60.0000,27.4000,64.0000,3.1000,2.2573
2023-10-17 15:00:00,347.0000,60.0000,27.2000,67.0000,3.1000,1.4362
2023-10-17 16:00:00,127.0000,50.0000,26.8000,69.0000,2.9000,0.4687
2023-10-17 17:00:00,37.0000,40.0000,26.5000,70.0000,2.8000,0.0729
2023-10-17 18:00:00,0.0000,30.0000,26.1000,72.0000,2.6000,0.0000
2023-10-17 19:00:00,0.0000,30.0000,25.9000,73.0000,2.2000,0.0000
2023-10-17 20:00:00,0.0000,30.0000,25.8000,73.0000,1.9000,0.0000
2023-10-17 21:00:00,0.0000,30.0000,25.6000,74.0000,1.5000,0.0000
2023-10-17 22:00:00,0.0000,40.0000,24.8000,78.0000,1.7000,0.0000
2023-10-17 23:00:00,0.0000,40.0000,24.1000,83.0000,1.9000,0.0000
2023-10-18 00:00:00,0.0000,50.0000,23.3000,87.0000,2.1000,0.0000
2023-10-18 01:00:00,0.0000,50.0000,22.8000,87.0000,1.9000,0.0000
2023-10-18 02:00:00,0.0000,50.0000,22.2000,87.0000,1.7000,0.0000
2023-10-18 03:00:00,0.0000,50.0000,21.7000,87.0000,1.5000,0.0000
2023-10-18 04:00:00,0.0000,40.0000,21.5000,88.0000,1.9000,0.0000
2023-10-18 05:00:00,0.0000,40.0000,21.3000,89.0000,2.2000,0.0000
2023-10-18 06:00:00,33.0000,30.0000,21.1000,90.0000,2.6000,0.0000
2023-10-18 07:00:00,176.0000,20.0000,23.0000,84.0000,2.1000,0.8470
2023-10-18 08:00:00,413.0000,10.0000,24.8000,78.0000,1.5000,1.7540
2023-10-18 09:00:00,604.0000,0.0000,26.7000,72.0000,1.0000,2.5023
2023-10-18 10:00:00,759.0000,20.0000,27.6000,67.0000,1.4000,2.6032
2023-10-18 11:00:00,628.0000,40.0000,28.5000,62.0000,1.7000,2.5141
2023-10-18 12:00:00,400.0000,60.0000,29.4000,57.0000,2.1000,2.4042
2023-10-18 13:00:00,374.0000,70.0000,29.2000,58.0000,2.9000,2.2072
2023-10-18 14:00:00,558.0000,70.0000,29.1000,60.0000,3.8000,2.0230
2023-10-18 15:00:00,320.0000,80.0000,28.9000,61.0000,4.6000,1.0919
2023-10-18 16:00:00,205.0000,70.0000,28.2000,65.0000,4.1000,0.3481
2023-10-18 17:00:00,44.0000,60.0000,27.4000,68.0000,3.6000,0.0780
2023-10-18 18:00:00,0.0000,50.0000,26.7000,72.0000,3.1000,0.0000
2023-10-18 19:00:00,0.0000,40.0000,25.6000,76.0000,2.6000,0.0000
2023-10-18 20:00:00,0.0000,30.0000,24.4000,80.0000,2.0000,0.0000
2023-10-18 21:00:00,0.0000,20.0000,23.3000,84.0000,1.5000,0.0000
2023-10-18 22:00:00,0.0000,40.0000,23.3000,86.0000,1.9000,0.0000
2023-10-18 23:00:00,0.0000,60.0000,23.3000,88.0000,2.2000,0.0000
2023-10-19 00:00:00,0.0000,80.0000,23.3000,90.0000,2.6000,0.0000
2023-10-19 01:00:00,0.0000,70.0000,23.3000,91.0000,2.2000,0.0000
2023-10-19 02:00:00,0.0000,60.0000,23.3000,92.0000,1.9000,0.0000
2023-10-19 03:00:00,0.0000,50.0000,23.3000,93.0000,1.5000,0.0000
2023-10-19 04:00:00,0.0000,70.0000,23.1000,93.0000,1.5000,0.0000
2023-10-19 05:00:00,0.0000,80.0000,23.0000,93.0000,1.5000,0.0000
2023-10-19 06:00:00,25.0000,100.0000,22.8000,93.0000,1.5000,0.0000
2023-10-19 07:00:00,123.0000,80.0000,24.6000,84.0000,2.0000,0.9000
2023-10-19 08:00:00,373.0000,60.0000,26.5000,76.0000,2.6000,1.7567
2023-10-19 09:00:00,594.0000,40.0000,28.3000,67.0000,3.1000,2.5554
2023-10-19 10:00:00,607.0000,60.0000,28.5000,66.0000,3.3000,2.7319
2023-10-19 11:00:00,658.0000,70.0000,28.7000,66.0000,3.4000,2.1318
2023-10-19 12:00:00,574.0000,90.0000,28.9000,65.0000,3.6000,1.5976
2023-10-19 13:00:00,402.0000,90.0000,27.6000,71.0000,3.6000,1.9452
2023-10-19 14:00:00,416.0000,100.0000,26.3000,76.0000,3.6000,1.9914
2023-10-19 15:00:00,186.0000,100.0000,25.0000,82.0000,3.6000,1.2890
2023-10-19 16:00:00,71.0000,90.0000,24.6000,83.0000,2.7000,0.6218
2023-10-19 17:00:00,31.0000,90.0000,24.3000,83.0000,1.9000,0.0933
2023-10-19 18:00:00,0.0000,80.0000,23.9000,84.0000,1.0000,0.0000
2023-10-19 19:00:00,0.0000,80.0000,24.1000,84.0000,1.0000,0.0000
2023-10-19 20:00:00,0.0000,80.0000,24.2000,85.0000,1.0000,0.0000
2023-10-19 21:00:00,0.0000,80.0000,24.4000,85.0000,1.0000,0.0000
2023-10-19 22:00:00,0.0000,60.0000,24.6000,85.0000,1.4000,0.0000
2023-10-19 23:00:00,0.0000,50.0000,24.8000,85.0000,1.7000,0.0000
2023-10-20 00:00:00,0.0000,30.0000,25.0000,85.0000,2.1000,0.0000
2023-10-20 01:00:00,0.0000,30.0000,24.8000,87.0000,1.7000,0.0000
2023-10-20 02:00:00,0.0000,30.0000,24.6000,88.0000,1.4000,0.0000
2023-10-20 03:00:00,0.0000,30.0000,24.4000,90.0000,1.0000,0.0000
2023-10-20 04:00:00,0.0000,50.0000,24.2000,89.0000,1.4000,0.0000
2023-10-20 05:00:00,0.0000,60.0000,24.1000,88.0000,1.7000,0.0000
2023-10-20 06:00:00,31.0000,80.0000,23.9000,87.0000,2.1000,0.0000
2023-10-20 07:00:00,131.0000,80.0000,25.2000,83.0000,2.9000,0.8583
2023-10-20 08:00:00,325.0000,70.0000,26.5000,78.0000,3.8000,1.6756
2023-10-20 09:00:00,553.0000,70.0000,27.8000,74.0000,4.6000,2.2070
2023-10-20 10:00:00,538.0000,80.0000,27.6000,76.0000,4.3000,2.5152
2023-10-20 11:00:00,282.0000,90.0000,27.4000,77.0000,3.9000,2.4975
2023-10-20 12:00:00,449.0000,100.0000,27.2000,79.0000,3.6000,2.0144
2023-10-20 13:00:00,387.0000,100.0000,27.4000,77.0000,3.4000,1.6771
2023-10-20 14:00:00,280.0000,100.0000,27.6000,76.0000,3.3000,1.2854
2023-10-20 15:00:00,140.0000,100.0000,27.8000,74.0000,3.1000,0.5351
2023-10-20 16:00:00,140.0000,90.0000,26.9000,78.0000,2.9000,0.2127
2023-10-20 17:00:00,37.0000,90.0000,25.9000,81.0000,2.8000,0.0612
2023-10-20 18:00:00,0.0000,80.0000,25.0000,85.0000,2.6000,0.0000
2023-10-20 19:00:00,0.0000,80.0000,25.2000,85.0000,2.4000,0.0000
2023-10-20 20:00:00,0.0000,90.0000,25.4000,85.0000,2.3000,0.0000
2023-10-20 21:00:00,0.0000,90.0000,25.6000,85.0000,2.1000,0.0000
2023-10-20 22:00:00,0.0000,80.0000,25.6000,86.0000,2.4000,0.0000
2023-10-20 23:00:00,0.0000,80.0000,25.6000,87.0000,2.8000,0.0000
2023-10-21 00:00:00,0.0000,70.0000,25.6000,88.0000,3.1000,0.0000
2023-10-21 01:00:00,0.0000,70.0000,25.0000,89.0000,2.8000,0.0000
2023-10-21 02:00:00,0.0000,70.0000,24.5000,89.0000,2.4000,0.0000
2023-10-21 03:00:00,0.0000,70.0000,23.9000,90.0000,2.1000,0.0000
2023-10-21 04:00:00,0.0000,70.0000,23.9000,90.0000,1.7000,0.0000
2023-10-21 05:00:00,0.0000,80.0000,23.9000,90.0000,1.4000,0.0000
2023-10-21 06:00:00,17.0000,80.0000,23.9000,90.0000,1.0000,0.0000
2023-10-21 07:00:00,122.0000,80.0000,25.2000,86.0000,2.0000,0.8307
2023-10-21 08:00:00,227.0000,80.0000,26.5000,81.0000,3.1000,1.6030
2023-10-21 09:00:00,460.0000,80.0000,27.8000,77.0000,4.1000,2.0810
2023-10-21 10:00:00,505.0000,90.0000,28.0000,77.0000,4.8000,1.7336
2023-10-21 11:00:00,483.0000,90.0000,28.1000,77.0000,5.5000,1.4679
2023-10-21 12:00:00,537.0000,100.0000,28.3000,77.0000,6.2000,1.6860
2023-10-21 13:00:00,302.0000,100.0000,27.4000,79.0000,5.5000,1.3253
2023-10-21 14:00:00,310.0000,100.0000,26.5000,80.0000,4.8000,0.8521
2023-10-21 15:00:00,156.0000,100.0000,25.6000,82.0000,4.1000,0.5917
2023-10-21 16:00:00,79.0000,100.0000,25.8000,83.0000,6.3000,0.4127
2023-10-21 17:00:00,20.0000,100.0000,25.9000,84.0000,8.6000,0.0718
2023-10-21 18:00:00,0.0000,100.0000,26.1000,85.0000,10.8000,0.0000
2023-10-21 19:00:00,0.0000,100.0000,25.5000,87.0000,8.2000,0.0000
2023-10-21 20:00:00,0.0000,90.0000,25.0000,88.0000,5.7000,0.0000
2023-10-21 21:00:00,0.0000,90.0000,24.4000,90.0000,3.1000,0.0000
2023-10-21 22:00:00,0.0000,90.0000,24.2000,91.0000,2.9000,0.0000
2023-10-21 23:00:00,0.0000,90.0000,24.1000,93.0000,2.8000,0.0000
2023-10-22 00:00:00,0.0000,90.0000,23.9000,94.0000,2.6000,0.0000
2023-10-22 01:00:00,0.0000,90.0000,23.9000,93.0000,2.1000,0.0000
2023-10-22 02:00:00,0.0000,80.0000,23.9000,91.0000,1.5000,0.0000
2023-10-22 03:00:00,0.0000,80.0000,23.9000,90.0000,1.0000,0.0000
2023-10-22 04:00:00,0.0000,90.0000,23.3000,91.0000,2.2000,0.0000
2023-10-22 05:00:00,0.0000,90.0000,22.8000,92.0000,3.4000,0.0000
2023-10-22 06:00:00,7.0000,100.0000,22.2000,93.0000,4.6000,0.0000
2023-10-22 07:00:00,70.0000,100.0000,21.8000,89.0000,5.5000,0.6170
2023-10-22 08:00:00,148.0000,100.0000,21.5000,85.0000,6.3000,1.2698
2023-10-22 09:00:00,217.0000,100.0000,21.1000,81.0000,7.2000,1.8823
2023-10-22 10:00:00,189.0000,100.0000,21.5000,77.0000,6.5000,1.9841
2023-10-22 11:00:00,228.0000,100.0000,21.8000,72.0000,5.9000,2.0326
2023-10-22 12:00:00,328.0000,100.0000,22.2000,68.0000,5.2000,1.7962
2023-10-22 13:00:00,274.0000,100.0000,22.6000,65.0000,5.2000,1.2763
2023-10-22 14:00:00,346.0000,100.0000,22.9000,62.0000,5.2000,0.9834
2023-10-22 15:00:00,199.0000,100.0000,23.3000,59.0000,5.2000,0.4748
2023-10-22 16:00:00,90.0000,90.0000,22.9000,62.0000,4.2000,0.1930
2023-10-22 17:00:00,32.0000,80.0000,22.6000,65.0000,3.1000,0.0310
2023-10-22 18:00:00,0.0000,70.0000,22.2000,68.0000,2.1000,0.0000
2023-10-22 19:00:00,0.0000,60.0000,21.7000,71.0000,2.9000,0.0000
2023-10-22 20:00:00,0.0000,50.0000,21.1000,73.0000,3.8000,0.0000
2023-10-22 21:00:00,0.0000,40.0000,20.6000,76.0000,4.6000,0.0000
2023-10-22 22:00:00,0.0000,30.0000,20.0000,77.0000,4.1000,0.0000
2023-10-22 23:00:00,0.0000,10.0000,19.5000,77.0000,3.6000,0.0000
2023-10-23 00:00:00,0.0000,0.0000,18.9000,78.0000,3.1000,0.0000
2023-10-23 01:00:00,0.0000,0.0000,18.5000,79.0000,2.6000,0.0000
2023-10-23 02:00:00,0.0000,0.0000,18.2000,80.0000,2.0000,0.0000
2023-10-23 03:00:00,0.0000,0.0000,17.8000,81.0000,1.5000,0.0000
2023-10-23 04:00:00,0.0000,30.0000,17.8000,80.0000,1.7000,0.0000
2023-10-23 05:00:00,0.0000,50.0000,17.8000,79.0000,1.9000,0.0000
2023-10-23 06:00:00,25.0000,80.0000,17.8000,78.0000,2.1000,0.0000
2023-10-23 07:00:00,156.0000,80.0000,19.3000,74.0000,3.1000,0.4142
2023-10-23 08:00:00,360.0000,90.0000,20.7000,70.0000,4.2000,0.7387
2023-10-23 09:00:00,552.0000,90.0000,22.2000,66.0000,5.2000,0.9080
2023-10-23 10:00:00,752.0000,80.0000,23.1000,61.0000,5.5000,0.9376
2023-10-23 11:00:00,765.0000,60.0000,24.1000,55.0000,5.9000,1.1056
2023-10-23 12:00:00,772.0000,50.0000,25.0000,50.0000,6.2000,1.2248
2023-10-23 13:00:00,772.0000,50.0000,25.2000,49.0000,6.0000,1.2465
2023-10-23 14:00:00,573.0000,40.0000,25.4000,48.0000,5.9000,1.1773
2023-10-23 15:00:00,430.0000,40.0000,25.6000,47.0000,5.7000,0.6254
2023-10-23 16:00:00,185.0000,40.0000,24.5000,50.0000,4.8000,0.2580
2023-10-23 17:00:00,35.0000,30.0000,23.3000,52.0000,4.0000,0.0598
2023-10-23 18:00:00,0.0000,30.0000,22.2000,55.0000,3.1000,0.0000
2023-10-23 19:00:00,0.0000,20.0000,21.5000,58.0000,2.8000,0.0000
2023-10-23 20:00:00,0.0000,10.0000,20.7000,60.0000,2.4000,0.0000
2023-10-23 21:00:00,0.0000,0.0000,20.0000,63.0000,2.1000,0.0000
2023-10-23 22:00:00,0.0000,0.0000,19.8000,63.0000,2.1000,0.0000
2023-10-23 23:00:00,0.0000,0.0000,19.6000,63.0000,2.1000,0.0000
2023-10-24 00:00:00,0.0000,0.0000,19.4000,63.0000,2.1000,0.0000
2023-10-24 01:00:00,0.0000,0.0000,18.9000,68.0000,2.4000,0.0000
2023-10-24 02:00:00,0.0000,0.0000,18.3000,73.0000,2.8000,0.0000
2023-10-24 03:00:00,0.0000,0.0000,17.8000,78.0000,3.1000,0.0000
2023-10-24 04:00:00,0.0000,10.0000,17.6000,78.0000,2.8000,0.0000
2023-10-24 05:00:00,0.0000,10.0000,17.4000,78.0000,2.4000,0.0000
2023-10-24 06:00:00,26.0000,20.0000,17.2000,78.0000,2.1000,0.0000
2023-10-24 07:00:00,166.0000,20.0000,19.8000,72.0000,2.6000,0.8946
2023-10-24 08:00:00,324.0000,20.0000,22.4000,66.0000,3.1000,1.7479
2023-10-24 09:00:00,589.0000,20.0000,25.0000,60.0000,3.6000,2.4760
2023-10-24 10:00:00,634.0000,30.0000,25.0000,58.0000,4.6000,3.0009
2023-10-24 11:00:00,672.0000,50.0000,25.0000,56.0000,5.7000,3.2293
2023-10-24 12:00:00,491.0000,60.0000,25.0000,54.0000,6.7000,3.2614
2023-10-24 13:00:00,763.0000,50.0000,25.0000,53.0000,6.2000,2.8635
2023-10-24 14:00:00,442.0000,50.0000,25.0000,53.0000,5.7000,2.3339
2023-10-24 15:00:00,373.0000,40.0000,25.0000,52.0000,5.2000,1.5342
2023-10-24 16:00:00,193.0000,50.0000,24.6000,54.0000,4.7000,0.6034
2023-10-24 17:00:00,32.0000,70.0000,24.3000,56.0000,4.1000,0.0743
2023-10-24 18:00:00,0.0000,80.0000,23.9000,58.0000,3.6000,0.0000
2023-10-24 19:00:00,0.0000,90.0000,23.3000,61.0000,3.4000,0.0000
2023-10-24 20:00:00,0.0000,90.0000,22.8000,65.0000,3.3000,0.0000
2023-10-24 21:00:00,0.0000,100.0000,22.2000,68.0000,3.1000,0.0000
2023-10-24 22:00:00,0.0000,80.0000,21.7000,71.0000,3.1000,0.0000
2023-10-24 23:00:00,0.0000,50.0000,21.1000,73.0000,3.1000,0.0000
2023-10-25 00:00:00,0.0000,30.0000,20.6000,76.0000,3.1000,0.0000
2023-10-25 01:00:00,0.0000,20.0000,20.2000,78.0000,2.4000,0.0000
2023-10-25 02:00:00,0.0000,10.0000,19.8000,79.0000,1.7000,0.0000
2023-10-25 03:00:00,0.0000,0.0000,19.4000,81.0000,1.0000,0.0000
2023-10-25 04:00:00,0.0000,30.0000,19.6000,80.0000,1.9000,0.0000
2023-10-25 05:00:00,0.0000,60.0000,19.8000,79.0000,2.7000,0.0000
2023-10-25 06:00:00,23.0000,90.0000,20.0000,78.0000,3.6000,0.0000
2023-10-25 07:00:00,80.0000,80.0000,22.0000,72.0000,3.8000,0.8072
2023-10-25 08:00:00,317.0000,70.0000,24.1000,66.0000,3.9000,1.6582
2023-10-25 09:00:00,541.0000,60.0000,26.1000,60.0000,4.1000,2.3608
2023-10-25 10:00:00,524.0000,50.0000,26.3000,59.0000,4.6000,2.6312
2023-10-25 11:00:00,551.0000,50.0000,26.5000,59.0000,5.2000,2.4635
2023-10-25 12:00:00,681.0000,40.0000,26.7000,58.0000,5.7000,2.6392
2023-10-25 13:00:00,658.0000,40.0000,26.5000,57.0000,5.5000,2.7030
2023-10-25 14:00:00,446.0000,30.0000,26.3000,57.0000,5.4000,1.8927
2023-10-25 15:00:00,351.0000,30.0000,26.1000,56.0000,5.2000,1.4081
2023-10-25 16:00:00,187.0000,20.0000,25.4000,58.0000,4.7000,0.5551
2023-10-25 17:00:00,35.0000,20.0000,24.6000,60.0000,4.1000,0.0624
2023-10-25 18:00:00,0.0000,10.0000,23.9000,62.0000,3.6000,0.0000
2023-10-25 19:00:00,0.0000,10.0000,23.0000,64.0000,3.9000,0.0000
2023-10-25 20:00:00,0.0000,0.0000,22.0000,66.0000,4.3000,0.0000
2023-10-25 21:00:00,0.0000,0.0000,21.1000,68.0000,4.6000,0.0000
2023-10-25 22:00:00,0.0000,0.0000,20.7000,71.0000,4.4000,0.0000
2023-10-25 23:00:00,0.0000,0.0000,20.4000,73.0000,4.3000,0.0000
2023-10-26 00:00:00,0.0000,0.0000,20.0000,76.0000,4.1000,0.0000
2023-10-26 01:00:00,0.0000,0.0000,19.8000,78.0000,4.5000,0.0000
2023-10-26 02:00:00,0.0000,0.0000,19.6000,79.0000,4.8000,0.0000
2023-10-26 03:00:00,0.0000,0.0000,19.4000,81.0000,5.2000,0.0000
2023-10-26 04:00:00,0.0000,0.0000,19.4000,81.0000,5.2000,0.0000
2023-10-26 05:00:00,0.0000,0.0000,19.4000,81.0000,5.2000,0.0000
2023-10-26 06:00:00,30.0000,0.0000,19.4000,81.0000,5.2000,0.0000
2023-10-26 07:00:00,169.0000,0.0000,20.9000,75.0000,5.5000,0.5255
2023-10-26 08:00:00,388.0000,0.0000,22.4000,70.0000,5.9000,1.3150
2023-10-26 09:00:00,585.0000,0.0000,23.9000,64.0000,6.2000,2.1045
2023-10-26 10:00:00,721.0000,0.0000,24.6000,58.0000,5.9000,2.1689
2023-10-26 11:00:00,793.0000,0.0000,25.4000,53.0000,5.5000,2.5053
2023-10-26 12:00:00,804.0000,0.0000,26.1000,47.0000,5.2000,2.8799
2023-10-26 13:00:00,739.0000,0.0000,26.1000,47.0000,4.3000,2.4465
2023-10-26 14:00:00,604.0000,0.0000,26.1000,47.0000,3.5000,1.8249
2023-10-26 15:00:00,414.0000,0.0000,26.1000,47.0000,2.6000,1.3540
2023-10-26 16:00:00,198.0000,0.0000,25.5000,53.0000,2.6000,0.5987
2023-10-26 17:00:00,40.0000,0.0000,25.0000,60.0000,2.6000,0.0688
2023-10-26 18:00:00,0.0000,0.0000,24.4000,66.0000,2.6000,0.0000
2023-10-26 19:00:00,0.0000,0.0000,23.1000,68.0000,2.6000,0.0000
2023-10-26 20:00:00,0.0000,0.0000,21.9000,71.0000,2.6000,0.0000
2023-10-26 21:00:00,0.0000,0.0000,20.6000,73.0000,2.6000,0.0000
2023-10-26 22:00:00,0.0000,0.0000,20.4000,77.0000,2.4000,0.0000
2023-10-26 23:00:00,0.0000,10.0000,20.2000,80.0000,2.3000,0.0000
2023-10-27 00:00:00,0.0000,10.0000,20.0000,84.0000,2.1000,0.0000
2023-10-27 01:00:00,0.0000,10.0000,19.8000,83.0000,2.8000,0.0000
2023-10-27 02:00:00,0.0000,0.0000,19.6000,82.0000,3.4000,0.0000
2023-10-27 03:00:00,0.0000,0.0000,19.4000,81.0000,4.1000,0.0000
2023-10-27 04:00:00,0.0000,0.0000,19.2000,79.0000,4.1000,0.0000
2023-10-27 05:00:00,0.0000,0.0000,19.1000,77.0000,4.1000,0.0000
2023-10-27 06:00:00,30.0000,0.0000,18.9000,75.0000,4.1000,0.0000
2023-10-27 07:00:00,176.0000,0.0000,20.9000,72.0000,3.6000,0.8677
2023-10-27 08:00:00,392.0000,10.0000,23.0000,70.0000,3.1000,1.7706
2023-10-27 09:00:00,586.0000,10.0000,25.0000,67.0000,2.6000,2.6082
2023-10-27 10:00:00,717.0000,20.0000,25.7000,61.0000,2.8000,3.0684
2023-10-27 11:00:00,711.0000,30.0000,26.5000,55.0000,2.9000,3.3748
2023-10-27 12:00:00,604.0000,40.0000,27.2000,49.0000,3.1000,3.3597
2023-10-27 13:00:00,560.0000,40.0000,27.0000,51.0000,3.3000,3.0059
2023-10-27 14:00:00,481.0000,30.0000,26.9000,52.0000,3.4000,2.4563
2023-10-27 15:00:00,393.0000,30.0000,26.7000,54.0000,3.6000,1.6156
2023-10-27 16:00:00,144.0000,30.0000,26.1000,58.0000,3.1000,0.6632
2023-10-27 17:00:00,42.0000,30.0000,25.6000,63.0000,2.6000,0.0810
2023-10-27 18:00:00,0.0000,30.0000,25.0000,67.0000,2.1000,0.0000
2023-10-27 19:00:00,0.0000,20.0000,24.1000,71.0000,2.1000,0.0000
2023-10-27 20:00:00,0.0000,10.0000,23.1000,75.0000,2.1000,0.0000
2023-10-27 21:00:00,0.0000,0.0000,22.2000,79.0000,2.1000,0.0000
2023-10-27 22:00:00,0.0000,0.0000,21.8000,82.0000,2.4000,0.0000
2023-10-27 23:00:00,0.0000,10.0000,21.5000,84.0000,2.8000,0.0000
2023-10-28 00:00:00,0.0000,10.0000,21.1000,87.0000,3.1000,0.0000
2023-10-28 01:00:00,0.0000,20.0000,20.9000,88.0000,2.8000,0.0000
2023-10-28 02:00:00,0.0000,30.0000,20.8000,89.0000,2.4000,0.0000
2023-10-28 03:00:00,0.0000,40.0000,20.6000,90.0000,2.1000,0.0000
2023-10-28 04:00:00,0.0000,30.0000,20.8000,88.0000,2.8000,0.0000
2023-10-28 05:00:00,0.0000,30.0000,20.9000,86.0000,3.4000,0.0000
2023-10-28 06:00:00,23.0000,20.0000,21.1000,84.0000,4.1000,0.0000
2023-10-28 07:00:00,110.0000,40.0000,23.0000,77.0000,4.8000,0.9960
2023-10-28 08:00:00,259.0000,60.0000,24.8000,69.0000,5.5000,1.7418
2023-10-28 09:00:00,353.0000,80.0000,26.7000,62.0000,6.2000,2.5314
2023-10-28 10:00:00,516.0000,80.0000,27.1000,60.0000,7.2000,2.8789
2023-10-28 11:00:00,478.0000,80.0000,27.4000,58.0000,8.3000,2.7358
2023-10-28 12:00:00,580.0000,80.0000,27.8000,56.0000,9.3000,2.4626
2023-10-28 13:00:00,589.0000,70.0000,27.4000,55.0000,9.6000,2.2522
2023-10-28 14:00:00,577.0000,60.0000,27.1000,53.0000,10.0000,2.0934
2023-10-28 15:00:00,416.0000,50.0000,26.7000,52.0000,10.3000,1.3904
2023-10-28 16:00:00,184.0000,50.0000,26.1000,54.0000,8.8000,0.4659
2023-10-28 17:00:00,25.0000,50.0000,25.6000,56.0000,7.2000,0.0876
2023-10-28 18:00:00,0.0000,50.0000,25.0000,58.0000,5.7000,0.0000
2023-10-28 19:00:00,0.0000,30.0000,24.8000,59.0000,6.0000,0.0000
2023-10-28 20:00:00,0.0000,20.0000,24.6000,59.0000,6.4000,0.0000
2023-10-28 21:00:00,0.0000,0.0000,24.4000,60.0000,6.7000,0.0000
2023-10-28 22:00:00,0.0000,0.0000,24.2000,64.0000,6.7000,0.0000
2023-10-28 23:00:00,0.0000,10.0000,24.1000,67.0000,6.7000,0.0000
2023-10-29 00:00:00,0.0000,10.0000,23.9000,71.0000,6.7000,0.0000
2023-10-29 01:00:00,0.0000,30.0000,23.7000,75.0000,6.7000,0.0000
2023-10-29 02:00:00,0.0000,60.0000,23.5000,80.0000,6.7000,0.0000
2023-10-29 03:00:00,0.0000,80.0000,23.3000,84.0000,6.7000,0.0000
2023-10-29 04:00:00,0.0000,80.0000,23.7000,82.0000,6.5000,0.0000
2023-10-29 05:00:00,0.0000,90.0000,24.0000,81.0000,6.4000,0.0000
2023-10-29 06:00:00,13.0000,90.0000,24.4000,79.0000,6.2000,0.0000
2023-10-29 07:00:00,80.0000,90.0000,25.2000,77.0000,7.2000,0.6612
2023-10-29 08:00:00,278.0000,90.0000,25.9000,74.0000,8.3000,1.1824
2023-10-29 09:00:00,446.0000,90.0000,26.7000,72.0000,9.3000,1.7345
2023-10-29 10:00:00,448.0000,90.0000,26.7000,72.0000,9.3000,2.0175
2023-10-29 11:00:00,251.0000,100.0000,26.7000,72.0000,9.3000,2.1243
2023-10-29 12:00:00,215.0000,100.0000,26.7000,72.0000,9.3000,2.4394
2023-10-29 13:00:00,261.0000,100.0000,26.5000,73.0000,8.3000,2.5635
2023-10-29 14:00:00,235.0000,100.0000,26.3000,73.0000,7.2000,2.2958
2023-10-29 15:00:00,198.0000,100.0000,26.1000,74.0000,6.2000,1.4502
2023-10-29 16:00:00,104.0000,100.0000,25.5000,78.0000,5.5000,0.5259
2023-10-29 17:00:00,22.0000,100.0000,25.0000,83.0000,4.8000,0.0416
2023-10-29 18:00:00,0.0000,100.0000,24.4000,87.0000,4.1000,0.0000
2023-10-29 19:00:00,0.0000,100.0000,24.0000,88.0000,3.2000,0.0000
2023-10-29 20:00:00,0.0000,100.0000,23.7000,89.0000,2.4000,0.0000
2023-10-29 21:00:00,0.0000,100.0000,23.3000,90.0000,1.5000,0.0000
2023-10-29 22:00:00,0.0000,100.0000,23.9000,88.0000,3.1000,0.0000
2023-10-29 23:00:00,0.0000,100.0000,24.4000,87.0000,4.6000,0.0000
2023-10-30 00:00:00,0.0000,100.0000,25.0000,85.0000,6.2000,0.0000
2023-10-30 01:00:00,0.0000,100.0000,24.8000,85.0000,4.6000,0.0000
2023-10-30 02:00:00,0.0000,100.0000,24.6000,85.0000,3.1000,0.0000
2023-10-30 03:00:00,0.0000,100.0000,24.4000,85.0000,1.5000,0.0000
2023-10-30 04:00:00,0.0000,100.0000,23.7000,86.0000,1.7000,0.0000
2023-10-30 05:00:00,0.0000,100.0000,22.9000,86.0000,1.9000,0.0000
2023-10-30 06:00:00,0.0000,100.0000,22.2000,87.0000,2.1000,0.0000
2023-10-30 07:00:00,100.0000,100.0000,22.4000,88.0000,2.1000,0.6323
2023-10-30 08:00:00,131.0000,100.0000,22.6000,89.0000,2.1000,1.3433
2023-10-30 09:00:00,153.0000,100.0000,22.8000,90.0000,2.1000,1.7274
2023-10-30 10:00:00,413.0000,100.0000,23.5000,88.0000,2.3000,1.4342
2023-10-30 11:00:00,176.0000,100.0000,24.3000,87.0000,2.4000,1.0285
2023-10-30 12:00:00,270.0000,100.0000,25.0000,85.0000,2.6000,1.0574
2023-10-30 13:00:00,294.0000,100.0000,24.6000,86.0000,3.6000,1.0172
2023-10-30 14:00:00,232.0000,100.0000,24.3000,86.0000,4.7000,0.8985
2023-10-30 15:00:00,95.0000,100.0000,23.9000,87.0000,5.7000,0.6416
2023-10-30 16:00:00,82.0000,100.0000,23.5000,88.0000,4.5000,0.2801
2023-10-30 17:00:00,21.0000,100.0000,23.2000,89.0000,3.3000,0.0367
2023-10-30 18:00:00,0.0000,100.0000,23.1000,89.0000,2.3000,0.0000
2023-10-30 19:00:00,0.0000,100.0000,23.7000,85.0000,2.5000,0.0000
2023-10-30 20:00:00,0.0000,100.0000,24.1000,84.0000,2.6000,0.0000
2023-10-30 21:00:00,0.0000,100.0000,24.4000,82.0000,2.8000,0.0000
2023-10-30 22:00:00,0.0000,100.0000,24.5000,83.0000,3.1000,0.0000
2023-10-30 23:00:00,0.0000,100.0000,24.6000,83.0000,3.3000,0.0000
2023-10-31 00:00:00,0.0000,30.0000,25.0000,82.0000,3.4000,0.0000
2023-10-31 01:00:00,0.0000,40.0000,25.0000,81.0000,3.3000,0.0000
2023-10-31 02:00:00,0.0000,50.0000,24.9000,83.0000,3.2000,0.0000
2023-10-31 03:00:00,0.0000,30.0000,24.9000,82.0000,2.9000,0.0000
2023-10-31 04:00:00,0.0000,20.0000,24.9000,82.0000,2.8000,0.0000
2023-10-31 05:00:00,0.0000,20.0000,25.0000,84.0000,3.1000,0.0000
2023-10-31 06:00:00,13.0000,30.0000,24.4000,87.0000,3.1000,0.0000
2023-10-31 07:00:00,115.0000,30.0000,26.1000,82.0000,4.6000,0.4454
2023-10-31 08:00:00,331.0000,50.0000,27.8000,74.0000,6.2000,0.5763
2023-10-31 09:00:00,432.0000,70.0000,28.3000,70.0000,5.7000,1.1052
2023-10-31 10:00:00,526.0000,90.0000,28.3000,70.0000,5.2000,1.3116
2023-10-31 11:00:00,617.0000,90.0000,28.3000,70.0000,6.2000,0.9522
2023-10-31 12:00:00,550.0000,100.0000,27.8000,72.0000,7.2000,1.1163
2023-10-31 13:00:00,430.0000,100.0000,27.8000,72.0000,6.7000,1.0611
2023-10-31 14:00:00,327.0000,100.0000,27.8000,72.0000,6.2000,0.7007
2023-10-31 15:00:00,204.0000,100.0000,27.8000,72.0000,6.7000,0.3813
2023-10-31 16:00:00,104.0000,100.0000,27.2000,74.0000,6.2000,0.1976
2023-10-31 17:00:00,18.0000,100.0000,27.2000,74.0000,5.7000,0.0340
2023-10-31 18:00:00,0.0000,80.0000,27.2000,67.0000,6.2000,0.0000
2023-10-31 19:00:00,0.0000,60.0000,26.7000,72.0000,5.7000,0.0000
2023-10-31 20:00:00,0.0000,100.0000,26.7000,74.0000,5.7000,0.0000
2023-10-31 21:00:00,0.0000,90.0000,26.7000,74.0000,4.1000,0.0000
2023-10-31 22:00:00,0.0000,90.0000,26.7000,74.0000,3.6000,0.0000
2023-10-31 23:00:00,0.0000,90.0000,26.7000,74.0000,4.1000,0.0000
2023-11-01 00:00:00,0.0000,100.0000,26.7000,74.0000,5.2000,0.0000
2023-11-01 01:00:00,0.0000,100.0000,26.7000,77.0000,3.6000,0.0000
2023-11-01 02:00:00,0.0000,100.0000,26.7000,77.0000,2.6000,0.0000
2023-11-01 03:00:00,0.0000,100.0000,26.1000,79.0000,1.5000,0.0000
2023-11-01 04:00:00,0.0000,100.0000,25.0000,85.0000,3.6000,0.0000
2023-11-01 05:00:00,0.0000,100.0000,24.4000,87.0000,2.6000,0.0000
2023-11-01 06:00:00,3.0000,100.0000,25.0000,85.0000,3.1000,0.0000
2023-11-01 07:00:00,50.0000,100.0000,25.6000,82.0000,4.6000,0.7458
2023-11-01 08:00:00,154.0000,100.0000,26.7000,79.0000,5.7000,1.4151
2023-11-01 09:00:00,277.0000,100.0000,27.2000,77.0000,6.2000,1.9100
2023-11-01 10:00:00,394.0000,100.0000,27.8000,74.0000,6.2000,2.2734
2023-11-01 11:00:00,276.0000,100.0000,27.2000,77.0000,5.2000,2.4159
2023-11-01 12:00:00,295.0000,100.0000,27.2000,77.0000,4.1000,2.0158
2023-11-01 13:00:00,229.0000,100.0000,27.2000,77.0000,5.2000,1.5679
2023-11-01 14:00:00,240.0000,100.0000,27.2000,74.0000,5.7000,1.1161
2023-11-01 15:00:00,202.0000,100.0000,27.2000,74.0000,5.7000,0.6438
2023-11-01 16:00:00,72.0000,100.0000,25.6000,74.0000,2.6000,0.2470
2023-11-01 17:00:00,25.0000,90.0000,25.6000,82.0000,2.6000,0.0265
2023-11-01 18:00:00,0.0000,90.0000,25.6000,77.0000,2.6000,0.0000
2023-11-01 19:00:00,0.0000,90.0000,25.6000,79.0000,1.5000,0.0000
2023-11-01 20:00:00,0.0000,30.0000,25.6000,82.0000,3.1000,0.0000
2023-11-01 21:00:00,0.0000,10.0000,25.0000,85.0000,2.6000,0.0000
2023-11-01 22:00:00,0.0000,50.0000,25.6000,82.0000,3.1000,0.0000
2023-11-01 23:00:00,0.0000,50.0000,25.0000,76.0000,2.1000,0.0000
2023-11-02 00:00:00,0.0000,80.0000,24.4000,82.0000,2.6000,0.0000
2023-11-02 01:00:00,0.0000,80.0000,23.9000,85.0000,3.1000,0.0000
2023-11-02 02:00:00,0.0000,80.0000,23.9000,85.0000,1.5000,0.0000
2023-11-02 03:00:00,0.0000,80.0000,23.9000,87.0000,2.1000,0.0000
2023-11-02 04:00:00,0.0000,80.0000,23.9000,87.0000,1.5000,0.0000
2023-11-02 05:00:00,0.0000,80.0000,23.9000,87.0000,1.5000,0.0000
2023-11-02 06:00:00,16.0000,90.0000,23.9000,87.0000,1.5000,0.0000
2023-11-02 07:00:00,60.0000,100.0000,24.4000,90.0000,2.6000,0.4266
2023-11-02 08:00:00,248.0000,80.0000,26.7000,79.0000,3.1000,0.8908
2023-11-02 09:00:00,293.0000,100.0000,27.2000,77.0000,3.6000,1.3388
2023-11-02 10:00:00,293.0000,100.0000,25.6000,79.0000,6.2000,1.3720
2023-11-02 11:00:00,337.0000,90.0000,26.7000,82.0000,2.6000,1.1466
2023-11-02 12:00:00,213.0000,90.0000,26.7000,82.0000,3.1000,1.0591
2023-11-02 13:00:00,246.0000,90.0000,26.7000,79.0000,3.6000,0.9632
2023-11-02 14:00:00,223.0000,100.0000,26.7000,82.0000,4.1000,0.9455
2023-11-02 15:00:00,171.0000,100.0000,25.6000,82.0000,4.1000,0.5809
2023-11-02 16:00:00,49.0000,100.0000,25.0000,82.0000,3.1000,0.1898
2023-11-02 17:00:00,22.0000,90.0000,24.4000,82.0000,2.6000,0.0540
2023-11-02 18:00:00,0.0000,80.0000,24.4000,82.0000,2.1000,0.0000
2023-11-02 19:00:00,0.0000,70.0000,24.4000,82.0000,2.1000,0.0000
2023-11-02 20:00:00,0.0000,90.0000,24.4000,82.0000,3.6000,0.0000
2023-11-02 21:00:00,0.0000,100.0000,24.4000,82.0000,7.2000,0.0000
2023-11-02 22:00:00,0.0000,100.0000,23.9000,79.0000,3.6000,0.0000
2023-11-02 23:00:00,0.0000,100.0000,23.3000,84.0000,3.6000,0.0000
2023-11-03 00:00:00,0.0000,100.0000,23.3000,84.0000,4.1000,0.0000
2023-11-03 01:00:00,0.0000,100.0000,22.2000,90.0000,2.1000,0.0000
2023-11-03 02:00:00,0.0000,60.0000,22.2000,90.0000,2.6000,0.0000
2023-11-03 03:00:00,0.0000,30.0000,22.2000,90.0000,1.5000,0.0000
2023-11-03 04:00:00,0.0000,20.0000,21.7000,90.0000,2.1000,0.0000
2023-11-03 05:00:00,0.0000,80.0000,21.7000,90.0000,2.1000,0.0000
2023-11-03 06:00:00,5.0000,80.0000,22.2000,93.0000,3.1000,0.0000
2023-11-03 07:00:00,115.0000,30.0000,22.8000,90.0000,3.6000,0.5574
2023-11-03 08:00:00,308.0000,30.0000,23.9000,85.0000,5.2000,1.0530
2023-11-03 09:00:00,236.0000,80.0000,25.6000,79.0000,5.2000,1.1524
2023-11-03 10:00:00,588.0000,80.0000,26.7000,72.0000,5.2000,1.2483
2023-11-03 11:00:00,242.0000,100.0000,26.7000,72.0000,4.6000,1.1367
2023-11-03 12:00:00,324.0000,100.0000,26.7000,74.0000,3.6000,0.9189
2023-11-03 13:00:00,202.0000,100.0000,26.7000,74.0000,6.7000,0.9442
2023-11-03 14:00:00,112.0000,100.0000,26.7000,72.0000,6.2000,0.8049
2023-11-03 15:00:00,86.0000,100.0000,25.0000,79.0000,6.7000,0.4815
2023-11-03 16:00:00,95.0000,100.0000,25.0000,76.0000,4.6000,0.1383
2023-11-03 17:00:00,17.0000,100.0000,25.0000,74.0000,5.2000,0.0358
2023-11-03 18:00:00,0.0000,100.0000,25.0000,74.0000,5.2000,0.0000
2023-11-03 19:00:00,0.0000,100.0000,23.9000,82.0000,6.7000,0.0000
2023-11-03 20:00:00,0.0000,100.0000,23.3000,79.0000,3.1000,0.0000
2023-11-03 21:00:00,0.0000,100.0000,23.3000,82.0000,2.6000,0.0000
2023-11-03 22:00:00,0.0000,100.0000,23.3000,84.0000,3.1000,0.0000
2023-11-03 23:00:00,0.0000,100.0000,22.8000,84.0000,2.6000,0.0000
2023-11-04 00:00:00,0.0000,100.0000,22.2000,90.0000,3.6000,0.0000
2023-11-04 01:00:00,0.0000,100.0000,22.2000,87.0000,3.1000,0.0000
2023-11-04 02:00:00,0.0000,100.0000,22.2000,87.0000,3.1000,0.0000
2023-11-04 03:00:00,0.0000,100.0000,21.7000,90.0000,2.6000,0.0000
2023-11-04 04:00:00,0.0000,100.0000,21.7000,90.0000,3.1000,0.0000
2023-11-04 05:00:00,0.0000,100.0000,21.7000,90.0000,2.6000,0.0000
2023-11-04 06:00:00,8.0000,100.0000,22.2000,87.0000,2.6000,0.0000
2023-11-04 07:00:00,100.0000,90.0000,22.8000,90.0000,2.6000,0.7407
2023-11-04 08:00:00,214.0000,100.0000,24.4000,85.0000,4.1000,1.0472
2023-11-04 09:00:00,500.0000,30.0000,26.7000,67.0000,5.2000,1.5762
2023-11-04 10:00:00,370.0000,100.0000,27.8000,63.0000,5.2000,1.7568
2023-11-04 11:00:00,699.0000,80.0000,27.8000,65.0000,5.2000,1.1651
2023-11-04 12:00:00,719.0000,80.0000,27.8000,67.0000,6.2000,1.0604
2023-11-04 13:00:00,329.0000,90.0000,26.7000,65.0000,5.7000,0.6387
2023-11-04 14:00:00,324.0000,100.0000,26.7000,69.0000,5.2000,0.3922
2023-11-04 15:00:00,312.0000,80.0000,26.7000,67.0000,4.6000,0.3521
2023-11-04 16:00:00,102.0000,100.0000,25.0000,76.0000,5.7000,0.2343
2023-11-04 17:00:00,17.0000,100.0000,25.0000,79.0000,6.2000,0.0309
2023-11-04 18:00:00,0.0000,100.0000,25.0000,76.0000,6.2000,0.0000
2023-11-04 19:00:00,0.0000,100.0000,25.0000,76.0000,8.8000,0.0000
2023-11-04 20:00:00,0.0000,100.0000,25.0000,76.0000,6.2000,0.0000
2023-11-04 21:00:00,0.0000,90.0000,25.0000,74.0000,6.2000,0.0000
2023-11-04 22:00:00,0.0000,90.0000,25.0000,74.0000,6.2000,0.0000
2023-11-04 23:00:00,0.0000,50.0000,25.0000,71.0000,5.7000,0.0000
2023-11-05 00:00:00,0.0000,80.0000,25.0000,69.0000,6.7000,0.0000
2023-11-05 01:00:00,0.0000,80.0000,25.0000,71.0000,4.1000,0.0000
2023-11-05 02:00:00,0.0000,90.0000,24.4000,74.0000,5.2000,0.0000
2023-11-05 03:00:00,0.0000,90.0000,24.4000,76.0000,4.1000,0.0000
2023-11-05 04:00:00,0.0000,90.0000,24.4000,79.0000,4.1000,0.0000
2023-11-05 05:00:00,0.0000,90.0000,25.0000,71.0000,5.2000,0.0000
2023-11-05 06:00:00,13.0000,90.0000,24.4000,71.0000,4.1000,0.0000
2023-11-05 07:00:00,113.0000,90.0000,25.0000,76.0000,6.2000,0.5682
2023-11-05 08:00:00,227.0000,100.0000,25.6000,77.0000,6.7000,1.3590
2023-11-05 09:00:00,420.0000,70.0000,27.2000,67.0000,8.8000,1.7558
2023-11-05 10:00:00,470.0000,30.0000,26.7000,69.0000,7.7000,2.1510
2023-11-05 11:00:00,474.0000,80.0000,27.8000,67.0000,8.2000,2.9020
2023-11-05 12:00:00,551.0000,100.0000,26.7000,69.0000,8.8000,2.2736
2023-11-05 13:00:00,403.0000,100.0000,27.2000,67.0000,8.2000,1.3299
2023-11-05 14:00:00,374.0000,100.0000,27.2000,65.0000,9.3000,1.4067
2023-11-05 15:00:00,284.0000,80.0000,26.7000,67.0000,7.7000,1.0184
2023-11-05 16:00:00,134.0000,80.0000,26.1000,69.0000,8.8000,0.2536
2023-11-05 17:00:00,31.0000,80.0000,26.1000,72.0000,7.2000,0.0241
2023-11-05 18:00:00,0.0000,80.0000,25.6000,71.0000,5.7000,0.0000
2023-11-05 19:00:00,0.0000,80.0000,25.6000,74.0000,5.2000,0.0000
2023-11-05 20:00:00,0.0000,80.0000,25.0000,76.0000,4.1000,0.0000
2023-11-05 21:00:00,0.0000,80.0000,24.4000,79.0000,6.2000,0.0000
2023-11-05 22:00:00,0.0000,80.0000,23.9000,85.0000,3.1000,0.0000
2023-11-05 23:00:00,0.0000,50.0000,25.0000,79.0000,5.2000,0.0000
2023-11-06 00:00:00,0.0000,60.0000,24.4000,79.0000,4.1000,0.0000
2023-11-06 01:00:00,0.0000,60.0000,24.4000,82.0000,4.1000,0.0000
2023-11-06 02:00:00,0.0000,60.0000,24.4000,82.0000,3.6000,0.0000
2023-11-06 03:00:00,0.0000,40.0000,23.3000,84.0000,3.1000,0.0000
2023-11-06 04:00:00,0.0000,10.0000,22.2000,87.0000,3.1000,0.0000
2023-11-06 05:00:00,0.0000,10.0000,21.7000,90.0000,3.1000,0.0000
2023-11-06 06:00:00,22.0000,20.0000,21.7000,87.0000,3.1000,0.0000
2023-11-06 07:00:00,145.0000,10.0000,22.8000,84.0000,5.2000,0.5941
2023-11-06 08:00:00,348.0000,10.0000,24.4000,82.0000,4.1000,1.2633
2023-11-06 09:00:00,411.0000,20.0000,26.7000,72.0000,4.6000,1.7827
2023-11-06 10:00:00,623.0000,30.0000,27.2000,63.0000,5.7000,1.9162
2023-11-06 11:00:00,671.0000,30.0000,27.8000,63.0000,4.1000,2.1210
2023-11-06 12:00:00,621.0000,30.0000,27.8000,63.0000,6.2000,2.0326
2023-11-06 13:00:00,639.0000,20.0000,28.3000,61.0000,4.6000,1.5751
2023-11-06 14:00:00,580.0000,10.0000,28.3000,63.0000,5.7000,1.4107
2023-11-06 15:00:00,376.0000,0.0000,27.8000,61.0000,5.7000,1.0223
2023-11-06 16:00:00,175.0000,0.0000,27.2000,63.0000,5.7000,0.3971
2023-11-06 17:00:00,24.0000,40.0000,26.1000,69.0000,6.2000,0.0553
2023-11-06 18:00:00,0.0000,40.0000,25.6000,69.0000,4.1000,0.0000
2023-11-06 19:00:00,0.0000,70.0000,25.0000,76.0000,3.6000,0.0000
2023-11-06 20:00:00,0.0000,40.0000,23.9000,79.0000,4.6000,0.0000
2023-11-06 21:00:00,0.0000,0.0000,23.3000,79.0000,4.6000,0.0000
2023-11-06 22:00:00,0.0000,0.0000,22.8000,82.0000,3.6000,0.0000
2023-11-06 23:00:00,0.0000,0.0000,22.2000,84.0000,3.6000,0.0000
2023-11-07 00:00:00,0.0000,0.0000,21.1000,87.0000,4.1000,0.0000
2023-11-07 01:00:00,0.0000,0.0000,21.1000,87.0000,3.6000,0.0000
2023-11-07 02:00:00,0.0000,10.0000,20.6000,87.0000,3.1000,0.0000
2023-11-07 03:00:00,0.0000,80.0000,20.6000,90.0000,4.1000,0.0000
2023-11-07 04:00:00,0.0000,10.0000,20.6000,90.0000,2.6000,0.0000
2023-11-07 05:00:00,0.0000,0.0000,20.6000,90.0000,5.2000,0.0000
2023-11-07 06:00:00,9.0000,20.0000,21.1000,87.0000,4.1000,0.0000
2023-11-07 07:00:00,99.0000,30.0000,21.7000,87.0000,5.2000,0.7586
2023-11-07 08:00:00,316.0000,40.0000,22.8000,82.0000,5.2000,1.4150
2023-11-07 09:00:00,517.0000,60.0000,25.0000,71.0000,6.7000,2.0348
2023-11-07 10:00:00,604.0000,70.0000,26.1000,69.0000,6.2000,2.6444
2023-11-07 11:00:00,559.0000,50.0000,27.2000,58.0000,8.2000,2.7350
2023-11-07 12:00:00,706.0000,50.0000,27.2000,60.0000,8.2000,2.7269
2023-11-07 13:00:00,352.0000,80.0000,27.2000,58.0000,7.2000,2.7498
2023-11-07 14:00:00,225.0000,90.0000,25.6000,67.0000,8.2000,2.3588
2023-11-07 15:00:00,259.0000,70.0000,26.1000,65.0000,8.8000,1.4733
2023-11-07 16:00:00,123.0000,40.0000,26.1000,60.0000,6.2000,0.5539
2023-11-07 17:00:00,15.0000,50.0000,25.6000,62.0000,6.7000,0.0410
2023-11-07 18:00:00,0.0000,50.0000,25.0000,64.0000,4.6000,0.0000
2023-11-07 19:00:00,0.0000,50.0000,22.8000,82.0000,4.6000,0.0000
2023-11-07 20:00:00,0.0000,80.0000,23.9000,74.0000,8.8000,0.0000
2023-11-07 21:00:00,0.0000,80.0000,23.3000,79.0000,5.7000,0.0000
2023-11-07 22:00:00,0.0000,100.0000,23.9000,74.0000,8.2000,0.0000
2023-11-07 23:00:00,0.0000,100.0000,24.4000,66.0000,6.7000,0.0000
2023-11-08 00:00:00,0.0000,90.0000,24.4000,69.0000,6.2000,0.0000
2023-11-08 01:00:00,0.0000,90.0000,24.4000,69.0000,5.7000,0.0000
2023-11-08 02:00:00,0.0000,100.0000,23.9000,71.0000,5.2000,0.0000
2023-11-08 03:00:00,0.0000,100.0000,23.9000,74.0000,6.7000,0.0000
2023-11-08 04:00:00,0.0000,60.0000,23.3000,76.0000,6.7000,0.0000
2023-11-08 05:00:00,0.0000,20.0000,23.3000,74.0000,7.7000,0.0000
2023-11-08 06:00:00,17.0000,40.0000,23.3000,74.0000,6.7000,0.0000
2023-11-08 07:00:00,70.0000,80.0000,23.9000,71.0000,7.7000,0.6954
2023-11-08 08:00:00,312.0000,20.0000,23.9000,69.0000,8.8000,1.5460
2023-11-08 09:00:00,524.0000,20.0000,24.4000,66.0000,8.8000,2.2342
2023-11-08 10:00:00,667.0000,30.0000,25.6000,64.0000,7.7000,2.3606
2023-11-08 11:00:00,641.0000,60.0000,25.6000,64.0000,7.7000,2.6563
2023-11-08 12:00:00,509.0000,80.0000,26.1000,60.0000,8.8000,2.3665
2023-11-08 13:00:00,629.0000,70.0000,26.1000,62.0000,8.8000,1.2186
2023-11-08 14:00:00,281.0000,100.0000,25.6000,64.0000,7.7000,1.0623
2023-11-08 15:00:00,157.0000,100.0000,25.0000,62.0000,7.2000,0.9351
2023-11-08 16:00:00,93.0000,100.0000,25.0000,60.0000,6.7000,0.3506
2023-11-08 17:00:00,11.0000,100.0000,25.0000,60.0000,5.7000,0.0206
2023-11-08 18:00:00,0.0000,100.0000,25.0000,60.0000,4.1000,0.0000
2023-11-08 19:00:00,0.0000,100.0000,22.8000,82.0000,6.7000,0.0000
2023-11-08 20:00:00,0.0000,90.0000,22.8000,82.0000,4.1000,0.0000
2023-11-08 21:00:00,0.0000,90.0000,23.3000,79.0000,4.1000,0.0000
2023-11-08 22:00:00,0.0000,90.0000,23.9000,74.0000,3.6000,0.0000
2023-11-08 23:00:00,0.0000,90.0000,23.9000,69.0000,3.6000,0.0000
2023-11-09 00:00:00,0.0000,100.0000,23.9000,71.0000,3.1000,0.0000
2023-11-09 01:00:00,0.0000,100.0000,22.2000,84.0000,3.1000,0.0000
2023-11-09 02:00:00,0.0000,100.0000,21.7000,87.0000,3.6000,0.0000
2023-11-09 03:00:00,0.0000,100.0000,21.1000,87.0000,4.1000,0.0000
2023-11-09 04:00:00,0.0000,100.0000,21.1000,87.0000,3.1000,0.0000
2023-11-09 05:00:00,0.0000,100.0000,21.1000,87.0000,2.6000,0.0000
2023-11-09 06:00:00,14.0000,90.0000,21.1000,87.0000,3.1000,0.0000
2023-11-09 07:00:00,99.0000,50.0000,21.1000,87.0000,3.1000,0.6560
2023-11-09 08:00:00,335.0000,30.0000,22.8000,82.0000,2.6000,1.5630
2023-11-09 09:00:00,457.0000,60.0000,24.4000,71.0000,4.1000,2.3680
2023-11-09 10:00:00,335.0000,90.0000,23.3000,74.0000,8.2000,2.6833
2023-11-09 11:00:00,467.0000,90.0000,22.8000,76.0000,8.2000,2.4796
2023-11-09 12:00:00,708.0000,50.0000,23.3000,69.0000,8.8000,2.5253
2023-11-09 13:00:00,700.0000,30.0000,22.8000,66.0000,9.8000,2.0980
2023-11-09 14:00:00,561.0000,0.0000,22.8000,62.0000,7.7000,0.9381
2023-11-09 15:00:00,384.0000,0.0000,22.8000,59.0000,7.7000,0.5191
2023-11-09 16:00:00,178.0000,40.0000,22.8000,55.0000,6.7000,0.2007
2023-11-09 17:00:00,36.0000,40.0000,21.7000,61.0000,4.1000,0.0087
2023-11-09 18:00:00,0.0000,0.0000,20.6000,66.0000,4.6000,0.0000
2023-11-09 19:00:00,0.0000,10.0000,20.0000,68.0000,4.1000,0.0000
2023-11-09 20:00:00,0.0000,0.0000,18.9000,73.0000,4.1000,0.0000
2023-11-09 21:00:00,0.0000,0.0000,17.8000,73.0000,4.6000,0.0000
2023-11-09 22:00:00,0.0000,0.0000,16.7000,78.0000,5.2000,0.0000
2023-11-09 23:00:00,0.0000,0.0000,16.1000,75.0000,6.2000,0.0000
2023-11-10 00:00:00,0.0000,0.0000,15.6000,75.0000,6.2000,0.0000
2023-11-10 01:00:00,0.0000,0.0000,15.6000,75.0000,7.2000,0.0000
2023-11-10 02:00:00,0.0000,0.0000,15.6000,75.0000,6.2000,0.0000
2023-11-10 03:00:00,0.0000,0.0000,15.6000,78.0000,5.7000,0.0000
2023-11-10 04:00:00,0.0000,0.0000,15.0000,84.0000,4.6000,0.0000
2023-11-10 05:00:00,0.0000,0.0000,15.0000,84.0000,5.2000,0.0000
2023-11-10 06:00:00,19.0000,60.0000,15.0000,81.0000,5.2000,0.0000
2023-11-10 07:00:00,127.0000,40.0000,15.6000,75.0000,5.2000,0.7263
2023-11-10 08:00:00,337.0000,20.0000,17.8000,68.0000,5.2000,1.4912
2023-11-10 09:00:00,526.0000,10.0000,20.6000,61.0000,5.7000,1.6417
2023-11-10 10:00:00,658.0000,10.0000,22.2000,59.0000,6.2000,1.6444
2023-11-10 11:00:00,739.0000,20.0000,23.9000,54.0000,5.7000,2.5124
2023-11-10 12:00:00,623.0000,30.0000,24.4000,50.0000,6.7000,3.1413
2023-11-10 13:00:00,582.0000,50.0000,25.0000,48.0000,7.7000,2.9358
2023-11-10 14:00:00,526.0000,30.0000,25.0000,43.0000,7.7000,2.4714
2023-11-10 15:00:00,295.0000,40.0000,25.0000,42.0000,4.6000,1.5907
2023-11-10 16:00:00,136.0000,40.0000,23.9000,52.0000,6.2000,0.6278
2023-11-10 17:00:00,29.0000,50.0000,22.8000,50.0000,4.1000,0.0699
2023-11-10 18:00:00,0.0000,40.0000,20.6000,57.0000,3.1000,0.0000
2023-11-10 19:00:00,0.0000,30.0000,20.0000,61.0000,3.1000,0.0000
2023-11-10 20:00:00,0.0000,20.0000,20.0000,66.0000,6.7000,0.0000
2023-11-10 21:00:00,0.0000,0.0000,19.4000,68.0000,5.2000,0.0000
2023-11-10 22:00:00,0.0000,10.0000,17.8000,75.0000,4.6000,0.0000
2023-11-10 23:00:00,0.0000,20.0000,17.8000,75.0000,4.1000,0.0000
2023-11-11 00:00:00,0.0000,0.0000,17.2000,78.0000,4.1000,0.0000
2023-11-11 01:00:00,0.0000,0.0000,16.7000,81.0000,4.1000,0.0000
2023-11-11 02:00:00,0.0000,0.0000,16.7000,78.0000,4.6000,0.0000
2023-11-11 03:00:00,0.0000,20.0000,16.1000,81.0000,3.6000,0.0000
2023-11-11 04:00:00,0.0000,40.0000,15.6000,84.0000,3.6000,0.0000
2023-11-11 05:00:00,0.0000,40.0000,16.1000,78.0000,3.6000,0.0000
2023-11-11 06:00:00,14.0000,50.0000,15.6000,81.0000,4.1000,0.0000
2023-11-11 07:00:00,118.0000,30.0000,16.7000,75.0000,5.2000,0.7480
2023-11-11 08:00:00,280.0000,40.0000,18.9000,65.0000,4.1000,1.5935
2023-11-11 09:00:00,467.0000,20.0000,21.7000,57.0000,3.1000,2.3972
2023-11-11 10:00:00,545.0000,40.0000,23.3000,48.0000,4.1000,2.9487
2023-11-11 11:00:00,755.0000,30.0000,24.4000,45.0000,6.7000,2.9650
2023-11-11 12:00:00,762.0000,10.0000,24.4000,42.0000,6.2000,2.6595
2023-11-11 13:00:00,697.0000,10.0000,25.0000,42.0000,4.6000,2.6050
2023-11-11 14:00:00,556.0000,20.0000,25.0000,40.0000,6.7000,2.0495
2023-11-11 15:00:00,376.0000,20.0000,24.4000,43.0000,5.2000,1.1680
2023-11-11 16:00:00,151.0000,20.0000,23.9000,43.0000,4.6000,0.4408
2023-11-11 17:00:00,30.0000,10.0000,22.8000,46.0000,4.6000,0.0543
2023-11-11 18:00:00,0.0000,0.0000,20.6000,55.0000,3.1000,0.0000
2023-11-11 19:00:00,0.0000,10.0000,20.0000,59.0000,2.6000,0.0000
2023-11-11 20:00:00,0.0000,0.0000,18.9000,65.0000,3.1000,0.0000
2023-11-11 21:00:00,0.0000,20.0000,18.3000,68.0000,3.6000,0.0000
2023-11-11 22:00:00,0.0000,20.0000,18.3000,68.0000,3.1000,0.0000
2023-11-11 23:00:00,0.0000,60.0000,18.3000,68.0000,3.6000,0.0000
2023-11-12 00:00:00,0.0000,60.0000,18.3000,68.0000,4.1000,0.0000
2023-11-12 01:00:00,0.0000,60.0000,17.8000,73.0000,3.6000,0.0000
2023-11-12 02:00:00,0.0000,70.0000,16.7000,81.0000,3.6000,0.0000
2023-11-12 03:00:00,0.0000,40.0000,16.7000,81.0000,3.6000,0.0000
2023-11-12 04:00:00,0.0000,50.0000,16.7000,81.0000,3.6000,0.0000
2023-11-12 05:00:00,0.0000,40.0000,16.1000,84.0000,3.6000,0.0000
2023-11-12 06:00:00,6.0000,90.0000,16.1000,84.0000,4.6000,0.0000
2023-11-12 07:00:00,74.0000,90.0000,17.2000,78.0000,4.6000,0.6622
2023-11-12 08:00:00,184.0000,100.0000,19.4000,68.0000,4.6000,1.4477
2023-11-12 09:00:00,424.0000,30.0000,22.2000,59.0000,4.6000,2.0431
2023-11-12 10:00:00,502.0000,80.0000,23.9000,56.0000,4.1000,2.6934
2023-11-12 11:00:00,526.0000,80.0000,25.0000,50.0000,4.6000,3.2408
2023-11-12 12:00:00,590.0000,70.0000,25.0000,48.0000,4.1000,3.1877
2023-11-12 13:00:00,325.0000,90.0000,25.0000,48.0000,4.1000,2.8718
2023-11-12 14:00:00,377.0000,90.0000,25.0000,48.0000,4.1000,2.3025
2023-11-12 15:00:00,195.0000,90.0000,24.4000,50.0000,5.7000,1.4286
2023-11-12 16:00:00,113.0000,90.0000,24.4000,48.0000,5.2000,0.5063
2023-11-12 17:00:00,12.0000,70.0000,23.3000,52.0000,4.1000,0.0557
2023-11-12 18:00:00,0.0000,60.0000,21.7000,59.0000,3.6000,0.0000
2023-11-12 19:00:00,0.0000,70.0000,21.1000,64.0000,3.1000,0.0000
2023-11-12 20:00:00,0.0000,80.0000,20.0000,68.0000,3.6000,0.0000
2023-11-12 21:00:00,0.0000,50.0000,20.0000,68.0000,3.6000,0.0000
2023-11-12 22:00:00,0.0000,70.0000,20.0000,71.0000,3.6000,0.0000
2023-11-12 23:00:00,0.0000,80.0000,19.4000,73.0000,3.1000,0.0000
2023-11-13 00:00:00,0.0000,50.0000,19.4000,76.0000,3.6000,0.0000
2023-11-13 01:00:00,0.0000,80.0000,19.4000,76.0000,3.6000,0.0000
2023-11-13 02:00:00,0.0000,90.0000,19.4000,76.0000,3.1000,0.0000
2023-11-13 03:00:00,0.0000,70.0000,19.4000,76.0000,3.1000,0.0000
2023-11-13 04:00:00,0.0000,80.0000,19.4000,76.0000,3.1000,0.0000
2023-11-13 05:00:00,0.0000,100.0000,19.4000,78.0000,3.6000,0.0000
2023-11-13 06:00:00,4.0000,90.0000,20.0000,76.0000,3.6000,0.0000
2023-11-13 07:00:00,52.0000,90.0000,20.0000,76.0000,3.6000,0.4989
2023-11-13 08:00:00,106.0000,90.0000,22.8000,69.0000,6.7000,1.1779
2023-11-13 09:00:00,326.0000,80.0000,24.4000,64.0000,8.8000,1.8997
2023-11-13 10:00:00,487.0000,80.0000,25.0000,56.0000,8.2000,2.1077
2023-11-13 11:00:00,575.0000,80.0000,26.7000,49.0000,10.3000,2.3626
2023-11-13 12:00:00,552.0000,80.0000,26.1000,54.0000,8.8000,1.9912
2023-11-13 13:00:00,538.0000,80.0000,25.6000,56.0000,8.2000,1.4572
2023-11-13 14:00:00,484.0000,80.0000,26.1000,54.0000,9.8000,1.2456
2023-11-13 15:00:00,303.0000,70.0000,25.6000,54.0000,7.7000,0.6943
2023-11-13 16:00:00,103.0000,90.0000,25.0000,56.0000,8.8000,0.2993
2023-11-13 17:00:00,21.0000,100.0000,24.4000,60.0000,7.2000,0.0129
2023-11-13 18:00:00,0.0000,90.0000,23.9000,62.0000,7.2000,0.0000
2023-11-13 19:00:00,0.0000,80.0000,23.9000,60.0000,5.7000,0.0000
2023-11-13 20:00:00,0.0000,90.0000,23.9000,60.0000,8.2000,0.0000
2023-11-13 21:00:00,0.0000,100.0000,23.9000,60.0000,7.7000,0.0000
2023-11-13 22:00:00,0.0000,90.0000,23.9000,56.0000,8.2000,0.0000
2023-11-13 23:00:00,0.0000,100.0000,23.9000,60.0000,8.2000,0.0000
2023-11-14 00:00:00,0.0000,90.0000,23.9000,56.0000,6.7000,0.0000
2023-11-14 01:00:00,0.0000,90.0000,23.9000,60.0000,6.7000,0.0000
2023-11-14 02:00:00,0.0000,90.0000,23.9000,58.0000,6.2000,0.0000
2023-11-14 03:00:00,0.0000,100.0000,23.9000,60.0000,7.2000,0.0000
2023-11-14 04:00:00,0.0000,90.0000,23.9000,60.0000,5.7000,0.0000
2023-11-14 05:00:00,0.0000,90.0000,23.9000,60.0000,4.6000,0.0000
2023-11-14 06:00:00,11.0000,100.0000,23.9000,62.0000,4.1000,0.0000
2023-11-14 07:00:00,55.0000,100.0000,23.9000,64.0000,6.7000,0.2968
2023-11-14 08:00:00,160.0000,100.0000,24.4000,62.0000,8.2000,0.8396
2023-11-14 09:00:00,286.0000,100.0000,25.0000,60.0000,8.2000,1.6489
2023-11-14 10:00:00,347.0000,100.0000,25.6000,58.0000,7.7000,2.2388
2023-11-14 11:00:00,242.0000,100.0000,25.6000,60.0000,7.7000,2.4377
2023-11-14 12:00:00,381.0000,100.0000,25.6000,60.0000,8.8000,2.4222
2023-11-14 13:00:00,313.0000,100.0000,25.6000,58.0000,8.8000,2.3549
2023-11-14 14:00:00,235.0000,100.0000,25.6000,62.0000,8.2000,1.9211
2023-11-14 15:00:00,174.0000,100.0000,25.0000,62.0000,7.7000,1.0548
2023-11-14 16:00:00,40.0000,100.0000,25.0000,64.0000,6.2000,0.3094
2023-11-14 17:00:00,8.0000,100.0000,25.0000,67.0000,6.7000,0.0319
2023-11-14 18:00:00,0.0000,100.0000,25.0000,64.0000,9.3000,0.0000
2023-11-14 19:00:00,0.0000,100.0000,25.0000,64.0000,7.7000,0.0000
2023-11-14 20:00:00,0.0000,100.0000,25.0000,67.0000,8.2000,0.0000
2023-11-14 21:00:00,0.0000,80.0000,25.0000,64.0000,7.7000,0.0000
2023-11-14 22:00:00,0.0000,80.0000,25.0000,64.0000,8.2000,0.0000
2023-11-14 23:00:00,0.0000,90.0000,25.0000,64.0000,6.2000,0.0000
2023-11-15 00:00:00,0.0000,90.0000,25.0000,64.0000,7.7000,0.0000
2023-11-15 01:00:00,0.0000,100.0000,25.0000,69.0000,7.2000,0.0000
2023-11-15 02:00:00,0.0000,100.0000,25.0000,67.0000,6.7000,0.0000
2023-11-15 03:00:00,0.0000,100.0000,25.0000,67.0000,7.2000,0.0000
2023-11-15 04:00:00,0.0000,100.0000,25.0000,64.0000,8.2000,0.0000
2023-11-15 05:00:00,0.0000,100.0000,25.0000,62.0000,8.8000,0.0000
2023-11-15 06:00:00,9.0000,100.0000,25.6000,60.0000,6.7000,0.0000
2023-11-15 07:00:00,53.0000,100.0000,25.6000,62.0000,6.2000,0.3841
2023-11-15 08:00:00,145.0000,100.0000,25.6000,67.0000,7.7000,0.8745
2023-11-15 09:00:00,209.0000,100.0000,25.6000,67.0000,8.8000,1.2747
2023-11-15 10:00:00,381.0000,100.0000,25.6000,64.0000,9.3000,1.2277
2023-11-15 11:00:00,453.0000,100.0000,26.7000,60.0000,8.8000,1.2845
2023-11-15 12:00:00,326.0000,100.0000,26.7000,58.0000,10.3000,1.4417
2023-11-15 13:00:00,261.0000,100.0000,26.7000,52.0000,8.2000,1.0918
2023-11-15 14:00:00,216.0000,100.0000,26.7000,51.0000,8.8000,0.8449
2023-11-15 15:00:00,203.0000,100.0000,26.1000,54.0000,8.2000,0.4393
2023-11-15 16:00:00,68.0000,100.0000,25.6000,56.0000,9.3000,0.0777
2023-11-15 17:00:00,22.0000,90.0000,25.0000,56.0000,7.2000,0.0040
2023-11-15 18:00:00,0.0000,80.0000,24.4000,58.0000,6.7000,0.0000
2023-11-15 19:00:00,0.0000,70.0000,24.4000,58.0000,6.7000,0.0000
2023-11-15 20:00:00,0.0000,40.0000,23.9000,58.0000,4.6000,0.0000
2023-11-15 21:00:00,0.0000,40.0000,24.4000,58.0000,6.2000,0.0000
2023-11-15 22:00:00,0.0000,50.0000,23.9000,66.0000,7.7000,0.0000
2023-11-15 23:00:00,0.0000,40.0000,23.9000,62.0000,7.2000,0.0000
2023-11-16 00:00:00,0.0000,20.0000,23.9000,58.0000,7.2000,0.0000
2023-11-16 01:00:00,0.0000,60.0000,23.9000,56.0000,7.7000,0.0000
2023-11-16 02:00:00,0.0000,40.0000,23.9000,56.0000,6.7000,0.0000
2023-11-16 03:00:00,0.0000,50.0000,23.9000,58.0000,7.7000,0.0000
2023-11-16 04:00:00,0.0000,60.0000,23.9000,60.0000,5.7000,0.0000
2023-11-16 05:00:00,0.0000,50.0000,23.9000,60.0000,7.7000,0.0000
2023-11-16 06:00:00,9.0000,30.0000,23.9000,60.0000,6.7000,0.0000
2023-11-16 07:00:00,103.0000,20.0000,24.4000,58.0000,9.3000,0.3646
2023-11-16 08:00:00,314.0000,20.0000,24.4000,58.0000,7.7000,0.6856
2023-11-16 09:00:00,409.0000,30.0000,25.6000,54.0000,9.3000,1.1717
2023-11-16 10:00:00,558.0000,40.0000,26.7000,51.0000,10.8000,1.7057
2023-11-16 11:00:00,743.0000,30.0000,27.2000,51.0000,8.2000,1.6403
2023-11-16 12:00:00,756.0000,30.0000,27.2000,51.0000,8.8000,1.2064
2023-11-16 13:00:00,567.0000,30.0000,26.7000,54.0000,8.2000,0.9536
2023-11-16 14:00:00,531.0000,20.0000,26.7000,52.0000,8.8000,0.8772
2023-11-16 15:00:00,265.0000,40.0000,26.1000,56.0000,7.2000,0.6066
2023-11-16 16:00:00,119.0000,10.0000,25.6000,56.0000,7.7000,0.1721
2023-11-16 17:00:00,24.0000,40.0000,25.0000,56.0000,7.7000,0.0355
2023-11-16 18:00:00,0.0000,30.0000,25.0000,56.0000,5.2000,0.0000
2023-11-16 19:00:00,0.0000,70.0000,25.0000,58.0000,6.2000,0.0000
2023-11-16 20:00:00,0.0000,60.0000,25.0000,64.0000,7.7000,0.0000
2023-11-16 21:00:00,0.0000,70.0000,24.4000,66.0000,7.2000,0.0000
2023-11-16 22:00:00,0.0000,40.0000,23.9000,69.0000,7.2000,0.0000
2023-11-16 23:00:00,0.0000,80.0000,23.9000,69.0000,7.7000,0.0000
2023-11-17 00:00:00,0.0000,60.0000,23.9000,66.0000,6.2000,0.0000
2023-11-17 01:00:00,0.0000,60.0000,23.9000,66.0000,6.2000,0.0000
2023-11-17 02:00:00,0.0000,60.0000,23.9000,66.0000,5.7000,0.0000
2023-11-17 03:00:00,0.0000,60.0000,23.9000,64.0000,6.2000,0.0000
2023-11-17 04:00:00,0.0000,100.0000,23.9000,60.0000,6.7000,0.0000
2023-11-17 05:00:00,0.0000,70.0000,23.9000,60.0000,5.7000,0.0000
2023-11-17 06:00:00,10.0000,20.0000,23.9000,58.0000,5.2000,0.0000
2023-11-17 07:00:00,93.0000,30.0000,23.9000,58.0000,7.2000,0.6671
2023-11-17 08:00:00,285.0000,30.0000,24.4000,56.0000,7.2000,1.3588
2023-11-17 09:00:00,474.0000,20.0000,25.6000,54.0000,7.7000,1.9715
2023-11-17 10:00:00,635.0000,30.0000,26.1000,50.0000,8.2000,2.6781
2023-11-17 11:00:00,707.0000,50.0000,26.7000,47.0000,8.2000,3.0926
2023-11-17 12:00:00,549.0000,100.0000,26.7000,49.0000,8.2000,2.8805
2023-11-17 13:00:00,517.0000,60.0000,27.2000,46.0000,8.8000,2.6057
2023-11-17 14:00:00,412.0000,60.0000,26.7000,52.0000,6.7000,1.9877
2023-11-17 15:00:00,228.0000,70.0000,26.7000,54.0000,7.2000,0.9873
2023-11-17 16:00:00,105.0000,50.0000,26.1000,58.0000,5.7000,0.4080
2023-11-17 17:00:00,25.0000,10.0000,25.0000,60.0000,5.7000,0.0394
2023-11-17 18:00:00,0.0000,30.0000,25.0000,62.0000,5.2000,0.0000
2023-11-17 19:00:00,0.0000,0.0000,24.4000,66.0000,6.2000,0.0000
2023-11-17 20:00:00,0.0000,10.0000,24.4000,66.0000,5.7000,0.0000
2023-11-17 21:00:00,0.0000,30.0000,24.4000,66.0000,6.2000,0.0000
2023-11-17 22:00:00,0.0000,20.0000,24.4000,66.0000,6.7000,0.0000
2023-11-17 23:00:00,0.0000,10.0000,24.4000,64.0000,8.2000,0.0000
2023-11-18 00:00:00,0.0000,30.0000,23.9000,64.0000,6.2000,0.0000
2023-11-18 01:00:00,0.0000,40.0000,23.9000,66.0000,6.7000,0.0000
2023-11-18 02:00:00,0.0000,80.0000,23.9000,64.0000,7.2000,0.0000
2023-11-18 03:00:00,0.0000,80.0000,23.9000,69.0000,6.2000,0.0000
2023-11-18 04:00:00,0.0000,10.0000,23.3000,66.0000,6.7000,0.0000
2023-11-18 05:00:00,0.0000,10.0000,22.8000,64.0000,4.1000,0.0000
2023-11-18 06:00:00,8.0000,10.0000,22.2000,64.0000,4.1000,0.0000
2023-11-18 07:00:00,108.0000,10.0000,24.4000,58.0000,6.2000,0.6543
2023-11-18 08:00:00,305.0000,20.0000,24.4000,60.0000,7.7000,1.4553
2023-11-18 09:00:00,494.0000,30.0000,25.6000,60.0000,7.7000,2.2243
2023-11-18 10:00:00,561.0000,50.0000,26.7000,51.0000,8.2000,2.7668
2023-11-18 11:00:00,569.0000,90.0000,26.7000,49.0000,7.7000,2.6461
2023-11-18 12:00:00,580.0000,70.0000,26.7000,47.0000,6.7000,2.3024
2023-11-18 13:00:00,665.0000,50.0000,26.7000,51.0000,6.2000,2.1373
2023-11-18 14:00:00,501.0000,40.0000,26.7000,47.0000,4.6000,1.4901
2023-11-18 15:00:00,320.0000,20.0000,26.1000,49.0000,5.2000,0.7530
2023-11-18 16:00:00,140.0000,50.0000,25.6000,52.0000,4.6000,0.3085
2023-11-18 17:00:00,21.0000,30.0000,24.4000,58.0000,3.1000,0.0397
2023-11-18 18:00:00,0.0000,20.0000,23.9000,62.0000,3.1000,0.0000
2023-11-18 19:00:00,0.0000,0.0000,23.9000,62.0000,2.1000,0.0000
2023-11-18 20:00:00,0.0000,0.0000,23.9000,64.0000,2.1000,0.0000
2023-11-18 21:00:00,0.0000,0.0000,21.1000,73.0000,2.1000,0.0000
2023-11-18 22:00:00,0.0000,0.0000,21.1000,73.0000,2.6000,0.0000
2023-11-18 23:00:00,0.0000,0.0000,20.6000,73.0000,2.6000,0.0000
2023-11-19 00:00:00,0.0000,0.0000,20.6000,73.0000,2.6000,0.0000
2023-11-19 01:00:00,0.0000,0.0000,20.0000,76.0000,3.1000,0.0000
2023-11-19 02:00:00,0.0000,0.0000,19.4000,78.0000,2.1000,0.0000
2023-11-19 03:00:00,0.0000,20.0000,19.4000,78.0000,2.1000,0.0000
2023-11-19 04:00:00,0.0000,10.0000,19.4000,78.0000,2.1000,0.0000
2023-11-19 05:00:00,0.0000,0.0000,19.4000,78.0000,2.1000,0.0000
2023-11-19 06:00:00,9.0000,40.0000,18.9000,81.0000,2.6000,0.0000
2023-11-19 07:00:00,88.0000,80.0000,18.9000,87.0000,3.1000,0.6630
2023-11-19 08:00:00,280.0000,40.0000,20.6000,84.0000,2.6000,1.4510
2023-11-19 09:00:00,465.0000,90.0000,23.3000,74.0000,2.6000,2.1258
2023-11-19 10:00:00,642.0000,50.0000,25.6000,54.0000,2.6000,2.3672
2023-11-19 11:00:00,566.0000,70.0000,26.7000,47.0000,2.6000,2.4446
2023-11-19 12:00:00,631.0000,80.0000,26.7000,49.0000,4.6000,2.6487
2023-11-19 13:00:00,656.0000,40.0000,27.2000,46.0000,3.6000,2.6717
2023-11-19 14:00:00,552.0000,30.0000,27.2000,46.0000,3.6000,2.0864
2023-11-19 15:00:00,295.0000,30.0000,26.7000,51.0000,6.2000,1.2455
2023-11-19 16:00:00,129.0000,40.0000,25.6000,54.0000,3.1000,0.4325
2023-11-19 17:00:00,14.0000,30.0000,24.4000,62.0000,3.1000,0.0323
2023-11-19 18:00:00,0.0000,60.0000,24.4000,58.0000,3.6000,0.0000
2023-11-19 19:00:00,0.0000,20.0000,23.3000,64.0000,4.1000,0.0000
2023-11-19 20:00:00,0.0000,10.0000,21.1000,76.0000,3.1000,0.0000
2023-11-19 21:00:00,0.0000,0.0000,20.6000,79.0000,3.6000,0.0000
2023-11-19 22:00:00,0.0000,0.0000,20.0000,78.0000,3.6000,0.0000
2023-11-19 23:00:00,0.0000,0.0000,19.4000,76.0000,3.6000,0.0000
2023-11-20 00:00:00,0.0000,0.0000,19.4000,76.0000,3.6000,0.0000
2023-11-20 01:00:00,0.0000,0.0000,19.4000,78.0000,3.1000,0.0000
2023-11-20 02:00:00,0.0000,0.0000,19.4000,87.0000,3.1000,0.0000
2023-11-20 03:00:00,0.0000,0.0000,19.4000,87.0000,3.1000,0.0000
2023-11-20 04:00:00,0.0000,0.0000,18.3000,87.0000,2.6000,0.0000
2023-11-20 05:00:00,0.0000,30.0000,18.3000,90.0000,2.6000,0.0000
2023-11-20 06:00:00,1.0000,60.0000,18.9000,93.0000,2.6000,0.0000
2023-11-20 07:00:00,86.0000,30.0000,19.4000,93.0000,2.6000,0.6485
2023-11-20 08:00:00,203.0000,90.0000,21.1000,84.0000,5.2000,1.4290
2023-11-20 09:00:00,468.0000,0.0000,22.2000,71.0000,4.6000,2.1805
2023-11-20 10:00:00,626.0000,0.0000,23.9000,58.0000,3.6000,2.4541
2023-11-20 11:00:00,707.0000,0.0000,24.4000,56.0000,5.2000,2.5827
2023-11-20 12:00:00,722.0000,0.0000,25.0000,52.0000,5.2000,2.7759
2023-11-20 13:00:00,668.0000,10.0000,25.0000,52.0000,5.2000,2.6419
2023-11-20 14:00:00,504.0000,10.0000,25.0000,52.0000,3.1000,2.0577
2023-11-20 15:00:00,355.0000,10.0000,25.6000,49.0000,3.6000,1.1406
2023-11-20 16:00:00,145.0000,20.0000,25.0000,48.0000,3.6000,0.4007
2023-11-20 17:00:00,17.0000,50.0000,23.9000,54.0000,3.1000,0.0164
2023-11-20 18:00:00,0.0000,0.0000,21.1000,64.0000,3.6000,0.0000
2023-11-20 19:00:00,0.0000,0.0000,20.0000,68.0000,3.6000,0.0000
2023-11-20 20:00:00,0.0000,0.0000,19.4000,68.0000,4.1000,0.0000
2023-11-20 21:00:00,0.0000,0.0000,17.8000,73.0000,2.6000,0.0000
2023-11-20 22:00:00,0.0000,0.0000,17.2000,73.0000,2.6000,0.0000
2023-11-20 23:00:00,0.0000,0.0000,16.1000,78.0000,2.6000,0.0000
2023-11-21 00:00:00,0.0000,0.0000,16.1000,81.0000,3.6000,0.0000
2023-11-21 01:00:00,0.0000,0.0000,16.1000,84.0000,3.6000,0.0000
2023-11-21 02:00:00,0.0000,0.0000,15.6000,84.0000,3.6000,0.0000
2023-11-21 03:00:00,0.0000,0.0000,15.6000,84.0000,3.6000,0.0000
2023-11-21 04:00:00,0.0000,0.0000,14.4000,84.0000,3.1000,0.0000
2023-11-21 05:00:00,0.0000,0.0000,13.9000,87.0000,3.1000,0.0000
2023-11-21 06:00:00,12.0000,20.0000,13.3000,80.0000,2.6000,0.0000
2023-11-21 07:00:00,100.0000,10.0000,14.4000,75.0000,3.1000,0.5416
2023-11-21 08:00:00,312.0000,10.0000,17.8000,56.0000,4.1000,1.3339
2023-11-21 09:00:00,499.0000,0.0000,20.0000,49.0000,5.2000,2.2402
2023-11-21 10:00:00,634.0000,10.0000,21.7000,48.0000,4.1000,2.8039
2023-11-21 11:00:00,710.0000,10.0000,22.8000,50.0000,3.6000,3.0460
2023-11-21 12:00:00,643.0000,30.0000,23.9000,50.0000,4.1000,3.0657
2023-11-21 13:00:00,528.0000,40.0000,23.9000,50.0000,3.6000,2.7353
2023-11-21 14:00:00,415.0000,20.0000,23.9000,52.0000,4.6000,2.1351
2023-11-21 15:00:00,313.0000,30.0000,23.9000,52.0000,4.6000,1.3353
2023-11-21 16:00:00,104.0000,40.0000,23.9000,54.0000,5.7000,0.4531
2023-11-21 17:00:00,30.0000,70.0000,22.8000,57.0000,3.6000,0.0239
2023-11-21 18:00:00,0.0000,70.0000,22.2000,59.0000,3.6000,0.0000
2023-11-21 19:00:00,0.0000,50.0000,22.2000,62.0000,3.6000,0.0000
2023-11-21 20:00:00,0.0000,50.0000,22.2000,62.0000,4.1000,0.0000
2023-11-21 21:00:00,0.0000,40.0000,21.7000,61.0000,3.6000,0.0000
2023-11-21 22:00:00,0.0000,80.0000,18.3000,75.0000,3.1000,0.0000
2023-11-21 23:00:00,0.0000,50.0000,21.7000,64.0000,4.1000,0.0000
2023-11-22 00:00:00,0.0000,70.0000,21.7000,66.0000,5.2000,0.0000
2023-11-22 01:00:00,0.0000,50.0000,21.7000,66.0000,4.6000,0.0000
2023-11-22 02:00:00,0.0000,70.0000,21.7000,66.0000,3.6000,0.0000
2023-11-22 03:00:00,0.0000,70.0000,21.7000,71.0000,7.2000,0.0000
2023-11-22 04:00:00,0.0000,70.0000,21.7000,76.0000,4.1000,0.0000
2023-11-22 05:00:00,0.0000,50.0000,21.7000,76.0000,5.2000,0.0000
2023-11-22 06:00:00,4.0000,90.0000,21.7000,79.0000,6.2000,0.0000
2023-11-22 07:00:00,35.0000,90.0000,22.2000,76.0000,7.7000,0.6623
2023-11-22 08:00:00,123.0000,90.0000,22.2000,76.0000,8.8000,1.5338
2023-11-22 09:00:00,98.0000,100.0000,22.2000,79.0000,4.1000,2.3310
2023-11-22 10:00:00,262.0000,70.0000,23.3000,76.0000,7.7000,2.8525
2023-11-22 11:00:00,563.0000,50.0000,25.0000,69.0000,7.2000,3.0152
2023-11-22 12:00:00,520.0000,50.0000,25.0000,67.0000,9.3000,2.5863
2023-11-22 13:00:00,474.0000,60.0000,26.1000,62.0000,9.3000,2.1383
2023-11-22 14:00:00,408.0000,80.0000,25.6000,67.0000,9.3000,1.8140
2023-11-22 15:00:00,247.0000,50.0000,25.6000,64.0000,9.3000,1.0891
2023-11-22 16:00:00,127.0000,60.0000,25.0000,67.0000,8.2000,0.3233
2023-11-22 17:00:00,23.0000,30.0000,24.4000,69.0000,5.7000,0.0538
2023-11-22 18:00:00,0.0000,10.0000,23.9000,74.0000,4.6000,0.0000
2023-11-22 19:00:00,0.0000,60.0000,23.9000,74.0000,4.1000,0.0000
2023-11-22 20:00:00,0.0000,70.0000,23.9000,74.0000,4.6000,0.0000
2023-11-22 21:00:00,0.0000,50.0000,23.3000,74.0000,4.1000,0.0000
2023-11-22 22:00:00,0.0000,40.0000,23.3000,74.0000,3.6000,0.0000
2023-11-22 23:00:00,0.0000,50.0000,22.8000,76.0000,2.6000,0.0000
2023-11-23 00:00:00,0.0000,50.0000,22.8000,79.0000,3.1000,0.0000
2023-11-23 01:00:00,0.0000,40.0000,22.8000,76.0000,3.1000,0.0000
2023-11-23 02:00:00,0.0000,20.0000,22.2000,79.0000,2.6000,0.0000
2023-11-23 03:00:00,0.0000,20.0000,21.7000,81.0000,3.1000,0.0000
2023-11-23 04:00:00,0.0000,20.0000,21.7000,81.0000,2.6000,0.0000
2023-11-23 05:00:00,0.0000,20.0000,22.2000,79.0000,2.6000,0.0000
2023-11-23 06:00:00,2.0000,40.0000,21.7000,81.0000,2.6000,0.0000
2023-11-23 07:00:00,90.0000,80.0000,22.8000,79.0000,3.1000,0.3093
2023-11-23 08:00:00,249.0000,80.0000,24.4000,74.0000,4.6000,0.4658
2023-11-23 09:00:00,430.0000,90.0000,25.6000,71.0000,5.7000,0.6223
2023-11-23 10:00:00,532.0000,90.0000,26.1000,69.0000,5.7000,0.7787
2023-11-23 11:00:00,568.0000,90.0000,26.7000,67.0000,5.2000,2.1616
2023-11-23 12:00:00,540.0000,90.0000,26.7000,65.0000,5.2000,1.9965
2023-11-23 13:00:00,578.0000,90.0000,27.2000,63.0000,4.6000,1.8199
2023-11-23 14:00:00,280.0000,80.0000,27.2000,63.0000,4.1000,1.4046
2023-11-23 15:00:00,222.0000,90.0000,26.7000,65.0000,4.1000,0.9251
2023-11-23 16:00:00,106.0000,60.0000,26.7000,67.0000,3.6000,0.4204
2023-11-23 17:00:00,24.0000,80.0000,25.6000,71.0000,2.6000,0.0387
2023-11-23 18:00:00,0.0000,30.0000,24.4000,76.0000,2.1000,0.0000
2023-11-23 19:00:00,0.0000,0.0000,23.3000,79.0000,2.1000,0.0000
2023-11-23 20:00:00,0.0000,0.0000,22.8000,82.0000,2.6000,0.0000
2023-11-23 21:00:00,0.0000,0.0000,22.2000,84.0000,3.1000,0.0000
2023-11-23 22:00:00,0.0000,0.0000,21.1000,87.0000,3.1000,0.0000
2023-11-23 23:00:00,0.0000,0.0000,21.1000,87.0000,2.6000,0.0000
2023-11-24 00:00:00,0.0000,0.0000,21.1000,87.0000,3.1000,0.0000
2023-11-24 01:00:00,0.0000,70.0000,21.1000,90.0000,4.1000,0.0000
2023-11-24 02:00:00,0.0000,0.0000,21.1000,84.0000,2.6000,0.0000
2023-11-24 03:00:00,0.0000,0.0000,20.6000,87.0000,3.1000,0.0000
2023-11-24 04:00:00,0.0000,100.0000,20.6000,90.0000,6.2000,0.0000
2023-11-24 05:00:00,0.0000,20.0000,20.6000,87.0000,3.6000,0.0000
2023-11-24 06:00:00,4.0000,100.0000,20.6000,87.0000,4.6000,0.0000
2023-11-24 07:00:00,38.0000,100.0000,20.6000,87.0000,4.6000,0.5789
2023-11-24 08:00:00,146.0000,90.0000,20.6000,87.0000,4.1000,1.2685
2023-11-24 09:00:00,413.0000,50.0000,22.2000,79.0000,5.2000,1.9291
2023-11-24 10:00:00,601.0000,50.0000,23.3000,74.0000,6.2000,2.2839
2023-11-24 11:00:00,382.0000,80.0000,23.9000,69.0000,6.2000,2.3302
2023-11-24 12:00:00,588.0000,80.0000,25.0000,64.0000,4.6000,2.4696
2023-11-24 13:00:00,499.0000,80.0000,25.6000,62.0000,5.2000,1.9611
2023-11-24 14:00:00,282.0000,70.0000,25.6000,62.0000,6.2000,1.1175
2023-11-24 15:00:00,344.0000,50.0000,25.0000,62.0000,4.6000,0.7527
2023-11-24 16:00:00,135.0000,20.0000,23.3000,62.0000,6.7000,0.2918
2023-11-24 17:00:00,25.0000,20.0000,22.2000,62.0000,6.7000,0.0334
2023-11-24 18:00:00,0.0000,0.0000,20.6000,66.0000,5.7000,0.0000
2023-11-24 19:00:00,0.0000,0.0000,19.4000,68.0000,4.6000,0.0000
2023-11-24 20:00:00,0.0000,0.0000,18.3000,73.0000,4.6000,0.0000
2023-11-24 21:00:00,0.0000,0.0000,17.8000,78.0000,5.7000,0.0000
2023-11-24 22:00:00,0.0000,0.0000,17.2000,81.0000,4.6000,0.0000
2023-11-24 23:00:00,0.0000,0.0000,16.7000,84.0000,3.1000,0.0000
2023-11-25 00:00:00,0.0000,0.0000,16.7000,81.0000,3.6000,0.0000
2023-11-25 01:00:00,0.0000,0.0000,16.1000,84.0000,3.6000,0.0000
2023-11-25 02:00:00,0.0000,0.0000,15.6000,87.0000,3.1000,0.0000
2023-11-25 03:00:00,0.0000,0.0000,15.0000,87.0000,2.1000,0.0000
2023-11-25 04:00:00,0.0000,0.0000,14.4000,87.0000,2.6000,0.0000
2023-11-25 05:00:00,0.0000,0.0000,13.9000,90.0000,3.1000,0.0000
2023-11-25 06:00:00,5.0000,10.0000,14.4000,87.0000,2.1000,0.0000
2023-11-25 07:00:00,84.0000,20.0000,15.6000,87.0000,2.1000,0.3361
2023-11-25 08:00:00,295.0000,20.0000,20.0000,68.0000,2.1000,1.0761
2023-11-25 09:00:00,488.0000,20.0000,23.3000,54.0000,4.6000,2.0976
2023-11-25 10:00:00,605.0000,40.0000,23.9000,48.0000,4.1000,2.0871
2023-11-25 11:00:00,620.0000,50.0000,25.0000,50.0000,5.7000,2.0280
2023-11-25 12:00:00,597.0000,50.0000,25.0000,48.0000,6.2000,2.4102
2023-11-25 13:00:00,662.0000,50.0000,25.0000,50.0000,6.2000,1.7380
2023-11-25 14:00:00,407.0000,50.0000,24.4000,52.0000,4.6000,1.4509
2023-11-25 15:00:00,292.0000,50.0000,23.9000,52.0000,4.6000,1.3241
2023-11-25 16:00:00,105.0000,70.0000,23.3000,54.0000,4.6000,0.4532
2023-11-25 17:00:00,20.0000,80.0000,22.8000,55.0000,3.6000,0.0407
2023-11-25 18:00:00,0.0000,70.0000,22.2000,59.0000,4.1000,0.0000
2023-11-25 19:00:00,0.0000,80.0000,21.1000,64.0000,3.1000,0.0000
2023-11-25 20:00:00,0.0000,90.0000,21.7000,61.0000,4.1000,0.0000
2023-11-25 21:00:00,0.0000,80.0000,21.7000,55.0000,3.1000,0.0000
2023-11-25 22:00:00,0.0000,80.0000,21.7000,57.0000,2.6000,0.0000
2023-11-25 23:00:00,0.0000,70.0000,21.7000,59.0000,2.1000,0.0000
2023-11-26 00:00:00,0.0000,60.0000,21.7000,61.0000,2.1000,0.0000
2023-11-26 01:00:00,0.0000,80.0000,17.8000,75.0000,2.1000,0.0000
2023-11-26 02:00:00,0.0000,50.0000,17.8000,78.0000,3.1000,0.0000
2023-11-26 03:00:00,0.0000,20.0000,17.8000,81.0000,2.1000,0.0000
2023-11-26 04:00:00,0.0000,0.0000,17.8000,75.0000,2.1000,0.0000
2023-11-26 05:00:00,0.0000,60.0000,17.2000,81.0000,2.6000,0.0000
2023-11-26 06:00:00,2.0000,90.0000,17.2000,81.0000,3.1000,0.0000
2023-11-26 07:00:00,46.0000,90.0000,17.8000,78.0000,2.1000,0.6411
2023-11-26 08:00:00,179.0000,90.0000,21.1000,64.0000,3.1000,1.4295
2023-11-26 09:00:00,394.0000,80.0000,22.2000,62.0000,2.1000,2.1409
2023-11-26 10:00:00,339.0000,80.0000,23.3000,58.0000,2.1000,2.5876
2023-11-26 11:00:00,528.0000,80.0000,24.4000,54.0000,3.1000,2.6703
2023-11-26 12:00:00,306.0000,80.0000,25.0000,52.0000,3.1000,2.7576
2023-11-26 13:00:00,485.0000,50.0000,25.6000,49.0000,3.6000,2.4417
2023-11-26 14:00:00,454.0000,80.0000,25.6000,49.0000,3.1000,1.7136
2023-11-26 15:00:00,264.0000,100.0000,25.0000,54.0000,3.6000,1.0343
2023-11-26 16:00:00,75.0000,100.0000,25.0000,56.0000,3.6000,0.3025
2023-11-26 17:00:00,22.0000,90.0000,23.3000,62.0000,2.6000,0.0308
2023-11-26 18:00:00,0.0000,90.0000,22.8000,66.0000,2.1000,0.0000
2023-11-26 19:00:00,0.0000,80.0000,22.2000,71.0000,2.1000,0.0000
2023-11-26 20:00:00,0.0000,90.0000,21.7000,73.0000,1.5000,0.0000
2023-11-26 21:00:00,0.0000,60.0000,21.1000,73.0000,2.1000,0.0000
2023-11-26 22:00:00,0.0000,30.0000,20.6000,76.0000,2.1000,0.0000
2023-11-26 23:00:00,0.0000,30.0000,20.0000,76.0000,2.1000,0.0000
2023-11-27 00:00:00,0.0000,0.0000,17.8000,84.0000,2.1000,0.0000
2023-11-27 01:00:00,0.0000,20.0000,17.8000,84.0000,2.1000,0.0000
2023-11-27 02:00:00,0.0000,0.0000,17.2000,87.0000,2.1000,0.0000
2023-11-27 03:00:00,0.0000,0.0000,17.2000,90.0000,2.1000,0.0000
2023-11-27 04:00:00,0.0000,0.0000,17.2000,90.0000,2.1000,0.0000
2023-11-27 05:00:00,0.0000,0.0000,17.2000,87.0000,2.1000,0.0000
2023-11-27 06:00:00,5.0000,10.0000,17.2000,84.0000,2.1000,0.0000
2023-11-27 07:00:00,82.0000,10.0000,18.3000,84.0000,2.1000,0.4097
2023-11-27 08:00:00,279.0000,20.0000,21.7000,68.0000,2.6000,1.1362
2023-11-27 09:00:00,464.0000,30.0000,23.9000,60.0000,2.6000,1.5121
2023-11-27 10:00:00,603.0000,40.0000,25.0000,54.0000,4.6000,1.8040
2023-11-27 11:00:00,551.0000,70.0000,25.6000,54.0000,4.6000,1.7893
2023-11-27 12:00:00,684.0000,50.0000,26.1000,49.0000,4.6000,1.6707
2023-11-27 13:00:00,527.0000,40.0000,26.1000,49.0000,4.1000,2.1522
2023-11-27 14:00:00,523.0000,50.0000,26.1000,52.0000,4.6000,1.6892
2023-11-27 15:00:00,323.0000,40.0000,25.6000,52.0000,4.6000,0.7904
2023-11-27 16:00:00,139.0000,20.0000,25.0000,58.0000,3.1000,0.1950
2023-11-27 17:00:00,24.0000,10.0000,23.3000,66.0000,2.1000,0.0367
2023-11-27 18:00:00,0.0000,10.0000,23.3000,69.0000,2.6000,0.0000
2023-11-27 19:00:00,0.0000,0.0000,22.8000,71.0000,3.6000,0.0000
2023-11-27 20:00:00,0.0000,0.0000,22.8000,71.0000,3.1000,0.0000
2023-11-27 21:00:00,0.0000,0.0000,22.8000,71.0000,3.1000,0.0000
2023-11-27 22:00:00,0.0000,10.0000,22.8000,74.0000,2.1000,0.0000
2023-11-27 23:00:00,0.0000,10.0000,22.2000,73.0000,2.6000,0.0000
2023-11-28 00:00:00,0.0000,40.0000,22.2000,76.0000,2.1000,0.0000
2023-11-28 01:00:00,0.0000,30.0000,22.2000,79.0000,2.1000,0.0000
2023-11-28 02:00:00,0.0000,40.0000,22.2000,79.0000,3.1000,0.0000
2023-11-28 03:00:00,0.0000,20.0000,22.2000,79.0000,3.6000,0.0000
2023-11-28 04:00:00,0.0000,20.0000,22.2000,79.0000,3.6000,0.0000
2023-11-28 05:00:00,0.0000,20.0000,22.2000,82.0000,3.6000,0.0000
2023-11-28 06:00:00,3.0000,70.0000,22.8000,82.0000,3.6000,0.0000
2023-11-28 07:00:00,57.0000,70.0000,22.8000,84.0000,2.6000,0.6012
2023-11-28 08:00:00,202.0000,90.0000,24.4000,76.0000,4.6000,1.3774
2023-11-28 09:00:00,268.0000,100.0000,25.6000,69.0000,7.7000,2.1157
2023-11-28 10:00:00,299.0000,100.0000,25.6000,69.0000,6.7000,2.4079
2023-11-28 11:00:00,262.0000,100.0000,25.6000,67.0000,5.2000,2.5934
2023-11-28 12:00:00,239.0000,100.0000,25.6000,69.0000,4.1000,2.7041
2023-11-28 13:00:00,345.0000,90.0000,25.6000,71.0000,6.2000,2.4482
2023-11-28 14:00:00,143.0000,90.0000,25.0000,74.0000,6.7000,2.1736
2023-11-28 15:00:00,150.0000,90.0000,25.0000,74.0000,4.6000,1.2834
2023-11-28 16:00:00,70.0000,90.0000,24.4000,76.0000,3.1000,0.4847
2023-11-28 17:00:00,1.0000,100.0000,23.9000,79.0000,2.6000,0.0373
2023-11-28 18:00:00,0.0000,100.0000,23.3000,82.0000,2.6000,0.0000
2023-11-28 19:00:00,0.0000,100.0000,23.3000,82.0000,2.6000,0.0000
2023-11-28 20:00:00,0.0000,100.0000,23.3000,82.0000,3.1000,0.0000
2023-11-28 21:00:00,0.0000,100.0000,23.3000,84.0000,2.6000,0.0000
2023-11-28 22:00:00,0.0000,70.0000,23.3000,84.0000,2.1000,0.0000
2023-11-28 23:00:00,0.0000,100.0000,22.2000,87.0000,1.5000,0.0000
2023-11-29 00:00:00,0.0000,100.0000,22.2000,90.0000,2.1000,0.0000
2023-11-29 01:00:00,0.0000,100.0000,22.2000,87.0000,2.1000,0.0000
2023-11-29 02:00:00,0.0000,100.0000,22.2000,87.0000,2.1000,0.0000
2023-11-29 03:00:00,0.0000,80.0000,21.7000,90.0000,2.1000,0.0000
2023-11-29 04:00:00,0.0000,90.0000,22.2000,87.0000,2.1000,0.0000
2023-11-29 05:00:00,0.0000,50.0000,22.2000,87.0000,2.1000,0.0000
2023-11-29 06:00:00,2.0000,50.0000,22.2000,90.0000,2.1000,0.0000
2023-11-29 07:00:00,63.0000,40.0000,22.2000,97.0000,2.6000,0.4701
2023-11-29 08:00:00,219.0000,70.0000,25.0000,85.0000,3.1000,0.9247
2023-11-29 09:00:00,180.0000,90.0000,26.7000,79.0000,4.1000,1.1479
2023-11-29 10:00:00,225.0000,90.0000,27.2000,74.0000,4.6000,1.1742
2023-11-29 11:00:00,515.0000,80.0000,27.2000,67.0000,3.6000,1.0208
2023-11-29 12:00:00,519.0000,70.0000,27.8000,65.0000,3.6000,1.1605
2023-11-29 13:00:00,452.0000,80.0000,28.3000,59.0000,3.1000,1.0534
2023-11-29 14:00:00,323.0000,90.0000,27.8000,65.0000,3.6000,0.6259
2023-11-29 15:00:00,144.0000,90.0000,26.7000,72.0000,4.6000,0.4768
2023-11-29 16:00:00,74.0000,80.0000,26.1000,74.0000,4.1000,0.1541
2023-11-29 17:00:00,13.0000,60.0000,25.0000,79.0000,4.1000,0.0000
2023-11-29 18:00:00,0.0000,70.0000,23.5000,76.0000,4.1000,0.0000
2023-11-29 19:00:00,0.0000,80.0000,22.2000,73.0000,5.0000,0.0000
2023-11-29 20:00:00,0.0000,70.0000,21.3000,68.0000,4.5000,0.0000
2023-11-29 21:00:00,0.0000,20.0000,19.7000,68.0000,3.8000,0.0000
2023-11-29 22:00:00,0.0000,10.0000,19.1000,62.0000,4.0000,0.0000
2023-11-29 23:00:00,0.0000,10.0000,18.2000,62.0000,4.1000,0.0000
2023-11-30 00:00:00,0.0000,100.0000,17.4000,58.0000,4.7000,0.0000
2023-11-30 01:00:00,0.0000,90.0000,16.7000,56.0000,5.0000,0.0000
2023-11-30 02:00:00,0.0000,90.0000,15.8000,55.0000,5.3000,0.0000
2023-11-30 03:00:00,0.0000,80.0000,14.6000,54.0000,5.7000,0.0000
2023-11-30 04:00:00,0.0000,70.0000,13.4000,51.0000,6.3000,0.0000
2023-11-30 05:00:00,0.0000,60.0000,12.1000,48.0000,7.0000,0.0000
2023-11-30 06:00:00,0.0000,50.0000,10.6000,46.0000,7.7000,0.0000
2023-11-30 07:00:00,63.0000,50.0000,12.1000,48.0000,7.5000,0.5164
2023-11-30 08:00:00,187.0000,40.0000,13.5000,49.0000,7.4000,0.7781
2023-11-30 09:00:00,365.0000,40.0000,15.0000,51.0000,7.2000,0.8052
2023-11-30 10:00:00,533.0000,30.0000,16.7000,45.0000,6.9000,1.4657
2023-11-30 11:00:00,674.0000,10.0000,18.3000,38.0000,6.5000,2.1701
2023-11-30 12:00:00,613.0000,0.0000,20.0000,32.0000,6.2000,2.0805
2023-11-30 13:00:00,607.0000,0.0000,20.2000,34.0000,5.7000,1.7202
2023-11-30 14:00:00,473.0000,10.0000,20.4000,37.0000,5.1000,1.0515
2023-11-30 15:00:00,306.0000,10.0000,20.6000,39.0000,4.6000,0.4555
2023-11-30 16:00:00,125.0000,20.0000,19.1000,46.0000,5.3000,0.1839
2023-11-30 17:00:00,15.0000,30.0000,17.6000,53.0000,6.0000,0.0188
2023-11-30 18:00:00,0.0000,40.0000,16.1000,60.0000,6.7000,0.0000
2023-11-30 19:00:00,0.0000,40.0000,15.4000,63.0000,6.2000,0.0000
2023-11-30 20:00:00,0.0000,30.0000,14.6000,66.0000,5.7000,0.0000
2023-11-30 21:00:00,0.0000,30.0000,13.9000,69.0000,5.2000,0.0000
2023-11-30 22:00:00,0.0000,40.0000,13.5000,74.0000,4.2000,0.0000
2023-11-30 23:00:00,0.0000,50.0000,13.2000,78.0000,3.1000,0.0000
2023-12-01 00:00:00,0.0000,60.0000,12.8000,83.0000,2.1000,0.0000
2023-12-01 01:00:00,0.0000,60.0000,13.3000,82.0000,2.6000,0.0000
2023-12-01 02:00:00,0.0000,70.0000,13.9000,81.0000,3.1000,0.0000
2023-12-01 03:00:00,0.0000,70.0000,14.4000,80.0000,3.6000,0.0000
2023-12-01 04:00:00,0.0000,70.0000,16.3000,71.0000,4.8000,0.0000
2023-12-01 05:00:00,0.0000,80.0000,18.1000,62.0000,6.0000,0.0000
2023-12-01 06:00:00,0.0000,80.0000,20.0000,53.0000,7.2000,0.0000
2023-12-01 07:00:00,43.0000,80.0000,20.6000,52.0000,6.5000,0.4736
2023-12-01 08:00:00,142.0000,90.0000,21.1000,52.0000,5.9000,1.1132
2023-12-01 09:00:00,258.0000,90.0000,21.7000,51.0000,5.2000,1.9149
2023-12-01 10:00:00,434.0000,90.0000,22.2000,51.0000,6.4000,2.6413
2023-12-01 11:00:00,580.0000,90.0000,22.8000,50.0000,7.6000,2.9092
2023-12-01 12:00:00,451.0000,90.0000,23.3000,50.0000,8.8000,2.8396
2023-12-01 13:00:00,355.0000,90.0000,22.9000,50.0000,8.1000,2.6723
2023-12-01 14:00:00,167.0000,100.0000,22.6000,51.0000,7.4000,2.0343
2023-12-01 15:00:00,162.0000,100.0000,22.2000,51.0000,6.7000,1.2183
2023-12-01 16:00:00,83.0000,90.0000,21.8000,52.0000,6.0000,0.4137
2023-12-01 17:00:00,15.0000,80.0000,21.5000,54.0000,5.3000,0.0217
2023-12-01 18:00:00,0.0000,70.0000,21.1000,55.0000,4.6000,0.0000
2023-12-01 19:00:00,0.0000,70.0000,21.1000,55.0000,4.4000,0.0000
2023-12-01 20:00:00,0.0000,70.0000,21.1000,55.0000,4.3000,0.0000
2023-12-01 21:00:00,0.0000,70.0000,21.1000,55.0000,4.1000,0.0000
2023-12-01 22:00:00,0.0000,70.0000,21.1000,56.0000,4.1000,0.0000
2023-12-01 23:00:00,0.0000,70.0000,21.1000,56.0000,4.1000,0.0000
2023-12-02 00:00:00,0.0000,70.0000,21.1000,57.0000,4.1000,0.0000
2023-12-02 01:00:00,0.0000,70.0000,21.1000,62.0000,3.8000,0.0000
2023-12-02 02:00:00,0.0000,80.0000,21.1000,66.0000,3.4000,0.0000
2023-12-02 03:00:00,0.0000,80.0000,21.1000,71.0000,3.1000,0.0000
2023-12-02 04:00:00,0.0000,80.0000,21.1000,68.0000,2.9000,0.0000
2023-12-02 05:00:00,0.0000,90.0000,21.1000,64.0000,2.8000,0.0000
2023-12-02 06:00:00,0.0000,90.0000,21.1000,61.0000,2.6000,0.0000
2023-12-02 07:00:00,46.0000,90.0000,22.4000,59.0000,4.3000,0.3490
2023-12-02 08:00:00,157.0000,90.0000,23.7000,56.0000,6.0000,0.7899
2023-12-02 09:00:00,361.0000,90.0000,25.0000,54.0000,7.7000,1.3600
2023-12-02 10:00:00,493.0000,90.0000,25.0000,53.0000,7.9000,2.0197
2023-12-02 11:00:00,453.0000,100.0000,25.0000,53.0000,8.0000,2.2562
2023-12-02 12:00:00,549.0000,100.0000,25.0000,52.0000,8.2000,1.7594
2023-12-02 13:00:00,292.0000,100.0000,24.6000,55.0000,7.5000,1.1217
2023-12-02 14:00:00,234.0000,100.0000,24.3000,57.0000,6.9000,0.6761
2023-12-02 15:00:00,138.0000,100.0000,23.9000,60.0000,6.2000,0.5394
2023-12-02 16:00:00,76.0000,100.0000,23.3000,61.0000,5.0000,0.2065
2023-12-02 17:00:00,12.0000,90.0000,22.8000,63.0000,3.8000,0.0216
2023-12-02 18:00:00,0.0000,90.0000,22.2000,64.0000,2.6000,0.0000
2023-12-02 19:00:00,0.0000,90.0000,22.2000,65.0000,2.6000,0.0000
2023-12-02 20:00:00,0.0000,90.0000,22.2000,67.0000,2.6000,0.0000
2023-12-02 21:00:00,0.0000,90.0000,22.2000,68.0000,2.6000,0.0000
2023-12-02 22:00:00,0.0000,90.0000,21.5000,73.0000,2.2000,0.0000
2023-12-02 23:00:00,0.0000,90.0000,20.7000,79.0000,1.9000,0.0000
2023-12-03 00:00:00,0.0000,90.0000,20.0000,84.0000,1.5000,0.0000
2023-12-03 01:00:00,0.0000,90.0000,20.0000,83.0000,1.3000,0.0000
2023-12-03 02:00:00,0.0000,80.0000,20.0000,82.0000,1.2000,0.0000
2023-12-03 03:00:00,0.0000,80.0000,20.0000,81.0000,1.0000,0.0000
2023-12-03 04:00:00,0.0000,90.0000,20.4000,78.0000,1.5000,0.0000
2023-12-03 05:00:00,0.0000,90.0000,20.7000,76.0000,2.1000,0.0000
2023-12-03 06:00:00,0.0000,100.0000,21.1000,73.0000,2.6000,0.0000
2023-12-03 07:00:00,35.0000,100.0000,22.2000,71.0000,2.6000,0.3780
2023-12-03 08:00:00,99.0000,100.0000,23.3000,68.0000,2.6000,1.0210
2023-12-03 09:00:00,219.0000,100.0000,24.4000,66.0000,2.6000,1.7472
2023-12-03 10:00:00,281.0000,100.0000,24.8000,63.0000,2.2000,2.0098
2023-12-03 11:00:00,405.0000,100.0000,25.2000,61.0000,1.9000,2.1662
2023-12-03 12:00:00,404.0000,100.0000,25.6000,58.0000,1.5000,1.8670
2023-12-03 13:00:00,349.0000,100.0000,25.4000,60.0000,2.0000,1.1117
2023-12-03 14:00:00,215.0000,100.0000,25.2000,62.0000,2.6000,0.7794
2023-12-03 15:00:00,148.0000,100.0000,25.0000,64.0000,3.1000,0.4418
2023-12-03 16:00:00,75.0000,100.0000,24.4000,66.0000,3.8000,0.1800
2023-12-03 17:00:00,13.0000,100.0000,23.9000,69.0000,4.5000,0.0121
2023-12-03 18:00:00,0.0000,100.0000,23.3000,71.0000,5.2000,0.0000
2023-12-03 19:00:00,0.0000,100.0000,22.8000,68.0000,4.8000,0.0000
2023-12-03 20:00:00,0.0000,100.0000,22.2000,66.0000,4.5000,0.0000
2023-12-03 21:00:00,0.0000,100.0000,21.7000,63.0000,4.1000,0.0000
2023-12-03 22:00:00,0.0000,100.0000,21.3000,68.0000,4.1000,0.0000
2023-12-03 23:00:00,0.0000,100.0000,21.0000,73.0000,4.1000,0.0000
2023-12-04 00:00:00,0.0000,100.0000,20.6000,78.0000,4.1000,0.0000
2023-12-04 01:00:00,0.0000,100.0000,20.4000,80.0000,3.6000,0.0000
2023-12-04 02:00:00,0.0000,100.0000,20.2000,82.0000,3.1000,0.0000
2023-12-04 03:00:00,0.0000,100.0000,20.0000,84.0000,2.6000,0.0000
2023-12-04 04:00:00,0.0000,90.0000,19.6000,84.0000,3.5000,0.0000
2023-12-04 05:00:00,0.0000,70.0000,19.3000,84.0000,4.3000,0.0000
2023-12-04 06:00:00,1.0000,60.0000,18.9000,84.0000,5.2000,0.0000
2023-12-04 07:00:00,54.0000,70.0000,19.6000,81.0000,4.8000,0.2413
2023-12-04 08:00:00,222.0000,90.0000,20.4000,79.0000,4.5000,0.6088
2023-12-04 09:00:00,295.0000,100.0000,21.1000,76.0000,4.1000,1.0016
2023-12-04 10:00:00,323.0000,90.0000,22.6000,73.0000,3.8000,1.4044
2023-12-04 11:00:00,490.0000,90.0000,24.1000,70.0000,3.4000,1.6618
2023-12-04 12:00:00,645.0000,80.0000,25.6000,67.0000,3.1000,1.5620
2023-12-04 13:00:00,344.0000,90.0000,25.0000,71.0000,3.6000,1.2040
2023-12-04 14:00:00,167.0000,90.0000,24.5000,75.0000,4.1000,0.7641
2023-12-04 15:00:00,144.0000,100.0000,23.9000,79.0000,4.6000,0.4657
2023-12-04 16:00:00,93.0000,90.0000,23.2000,83.0000,3.8000,0.1843
2023-12-04 17:00:00,13.0000,90.0000,22.4000,86.0000,2.9000,0.0172
2023-12-04 18:00:00,0.0000,80.0000,21.7000,90.0000,2.1000,0.0000
2023-12-04 19:00:00,0.0000,70.0000,21.5000,91.0000,1.7000,0.0000
2023-12-04 20:00:00,0.0000,60.0000,21.3000,92.0000,1.4000,0.0000
2023-12-04 21:00:00,0.0000,50.0000,21.1000,93.0000,1.0000,0.0000
2023-12-04 22:00:00,0.0000,30.0000,20.4000,91.0000,0.7000,0.0000
2023-12-04 23:00:00,0.0000,20.0000,19.6000,89.0000,0.3000,0.0000
2023-12-05 00:00:00,0.0000,0.0000,18.9000,87.0000,0.0000,0.0000
2023-12-05 01:00:00,0.0000,20.0000,18.5000,87.0000,0.7000,0.0000
2023-12-05 02:00:00,0.0000,30.0000,18.2000,87.0000,1.4000,0.0000
2023-12-05 03:00:00,0.0000,50.0000,17.8000,87.0000,2.1000,0.0000
2023-12-05 04:00:00,0.0000,40.0000,16.9000,89.0000,2.4000,0.0000
2023-12-05 05:00:00,0.0000,30.0000,15.9000,91.0000,2.8000,0.0000
2023-12-05 06:00:00,1.0000,20.0000,15.0000,93.0000,3.1000,0.0000
2023-12-05 07:00:00,61.0000,20.0000,17.0000,82.0000,2.9000,0.4935
2023-12-05 08:00:00,265.0000,10.0000,19.1000,72.0000,2.8000,0.9895
2023-12-05 09:00:00,462.0000,10.0000,21.1000,61.0000,2.6000,1.2621
2023-12-05 10:00:00,543.0000,30.0000,22.6000,57.0000,3.1000,1.6445
2023-12-05 11:00:00,544.0000,40.0000,24.1000,52.0000,3.6000,2.4406
2023-12-05 12:00:00,615.0000,60.0000,25.6000,48.0000,4.1000,2.1802
2023-12-05 13:00:00,612.0000,70.0000,25.4000,47.0000,4.1000,1.1005
2023-12-05 14:00:00,359.0000,70.0000,25.2000,46.0000,4.1000,0.6456
2023-12-05 15:00:00,271.0000,80.0000,25.0000,45.0000,4.1000,0.5065
2023-12-05 16:00:00,97.0000,80.0000,23.5000,47.0000,3.9000,0.2349
2023-12-05 17:00:00,18.0000,90.0000,22.1000,49.0000,3.8000,0.0137
2023-12-05 18:00:00,0.0000,90.0000,20.6000,51.0000,3.6000,0.0000
2023-12-05 19:00:00,0.0000,90.0000,20.2000,49.0000,2.4000,0.0000
2023-12-05 20:00:00,0.0000,100.0000,19.8000,47.0000,1.2000,0.0000
2023-12-05 21:00:00,0.0000,100.0000,19.4000,45.0000,0.0000,0.0000
2023-12-05 22:00:00,0.0000,100.0000,19.2000,49.0000,1.5000,0.0000
2023-12-05 23:00:00,0.0000,100.0000,19.1000,52.0000,3.1000,0.0000
2023-12-06 00:00:00,0.0000,100.0000,18.9000,56.0000,4.6000,0.0000
2023-12-06 01:00:00,0.0000,80.0000,18.0000,61.0000,4.4000,0.0000
2023-12-06 02:00:00,0.0000,70.0000,17.0000,67.0000,4.3000,0.0000
2023-12-06 03:00:00,0.0000,50.0000,16.1000,72.0000,4.1000,0.0000
2023-12-06 04:00:00,0.0000,60.0000,15.7000,75.0000,4.5000,0.0000
2023-12-06 05:00:00,0.0000,80.0000,15.4000,77.0000,4.8000,0.0000
2023-12-06 06:00:00,0.0000,90.0000,15.0000,80.0000,5.2000,0.0000
2023-12-06 07:00:00,38.0000,90.0000,16.1000,73.0000,6.4000,0.5636
2023-12-06 08:00:00,169.0000,80.0000,17.2000,65.0000,7.6000,1.2968
2023-12-06 09:00:00,264.0000,80.0000,18.3000,58.0000,8.8000,2.0199
2023-12-06 10:00:00,488.0000,60.0000,20.3000,50.0000,8.4000,2.2859
2023-12-06 11:00:00,583.0000,30.0000,22.4000,41.0000,8.1000,2.4893
2023-12-06 12:00:00,637.0000,10.0000,24.4000,33.0000,7.7000,2.7651
2023-12-06 13:00:00,580.0000,10.0000,23.9000,35.0000,7.5000,2.2509
2023-12-06 14:00:00,444.0000,10.0000,23.3000,38.0000,7.4000,1.5256
2023-12-06 15:00:00,349.0000,10.0000,22.8000,40.0000,7.2000,0.9473
2023-12-06 16:00:00,148.0000,10.0000,21.5000,44.0000,6.7000,0.2538
2023-12-06 17:00:00,13.0000,20.0000,20.2000,48.0000,6.2000,0.0274
2023-12-06 18:00:00,0.0000,20.0000,18.9000,52.0000,5.7000,0.0000
2023-12-06 19:00:00,0.0000,40.0000,17.8000,59.0000,5.9000,0.0000
2023-12-06 20:00:00,0.0000,50.0000,16.7000,65.0000,6.0000,0.0000
2023-12-06 21:00:00,0.0000,70.0000,15.6000,72.0000,6.2000,0.0000
2023-12-06 22:00:00,0.0000,80.0000,15.4000,73.0000,5.5000,0.0000
2023-12-06 23:00:00,0.0000,90.0000,15.2000,74.0000,4.8000,0.0000
2023-12-07 00:00:00,0.0000,100.0000,15.0000,75.0000,4.1000,0.0000
2023-12-07 01:00:00,0.0000,80.0000,14.8000,75.0000,4.3000,0.0000
2023-12-07 02:00:00,0.0000,60.0000,14.6000,75.0000,4.4000,0.0000
2023-12-07 03:00:00,0.0000,40.0000,14.4000,75.0000,4.6000,0.0000
2023-12-07 04:00:00,0.0000,40.0000,13.9000,78.0000,4.6000,0.0000
2023-12-07 05:00:00,0.0000,30.0000,13.3000,80.0000,4.6000,0.0000
2023-12-07 06:00:00,0.0000,30.0000,12.8000,83.0000,4.6000,0.0000
2023-12-07 07:00:00,50.0000,30.0000,14.8000,76.0000,4.4000,0.3888
2023-12-07 08:00:00,104.0000,40.0000,16.9000,70.0000,4.3000,0.8954
2023-12-07 09:00:00,424.0000,40.0000,18.9000,63.0000,4.1000,1.5656
2023-12-07 10:00:00,478.0000,60.0000,20.0000,56.0000,6.0000,2.3275
2023-12-07 11:00:00,483.0000,70.0000,21.1000,50.0000,7.9000,2.6887
2023-12-07 12:00:00,525.0000,90.0000,22.2000,43.0000,9.8000,2.7823
2023-12-07 13:00:00,428.0000,90.0000,22.0000,44.0000,9.3000,2.4573
2023-12-07 14:00:00,455.0000,80.0000,21.9000,46.0000,8.7000,2.0372
2023-12-07 15:00:00,174.0000,80.0000,21.7000,47.0000,8.2000,1.4376
2023-12-07 16:00:00,64.0000,80.0000,21.3000,49.0000,7.5000,0.4884
2023-12-07 17:00:00,6.0000,70.0000,21.0000,51.0000,6.9000,0.0141
2023-12-07 18:00:00,0.0000,70.0000,20.6000,53.0000,6.2000,0.0000
2023-12-07 19:00:00,0.0000,70.0000,20.2000,53.0000,5.5000,0.0000
2023-12-07 20:00:00,0.0000,70.0000,19.8000,54.0000,4.8000,0.0000
2023-12-07 21:00:00,0.0000,70.0000,19.4000,54.0000,4.1000,0.0000
2023-12-07 22:00:00,0.0000,80.0000,19.4000,56.0000,3.8000,0.0000
2023-12-07 23:00:00,0.0000,80.0000,19.4000,57.0000,3.4000,0.0000
2023-12-08 00:00:00,0.0000,90.0000,19.4000,59.0000,3.1000,0.0000
2023-12-08 01:00:00,0.0000,60.0000,17.6000,69.0000,3.1000,0.0000
2023-12-08 02:00:00,0.0000,40.0000,15.7000,80.0000,3.1000,0.0000
2023-12-08 03:00:00,0.0000,10.0000,13.9000,90.0000,3.1000,0.0000
2023-12-08 04:00:00,0.0000,20.0000,13.9000,89.0000,3.4000,0.0000
2023-12-08 05:00:00,0.0000,30.0000,13.9000,87.0000,3.8000,0.0000
2023-12-08 06:00:00,0.0000,40.0000,13.9000,86.0000,4.1000,0.0000
2023-12-08 07:00:00,55.0000,40.0000,16.1000,78.0000,4.1000,0.3201
2023-12-08 08:00:00,226.0000,40.0000,18.4000,71.0000,4.1000,1.0571
2023-12-08 09:00:00,400.0000,40.0000,20.6000,63.0000,4.1000,1.8736
2023-12-08 10:00:00,319.0000,40.0000,21.5000,57.0000,5.5000,2.0605
2023-12-08 11:00:00,591.0000,40.0000,22.4000,50.0000,6.8000,2.1773
2023-12-08 12:00:00,540.0000,40.0000,23.3000,44.0000,8.2000,2.1211
2023-12-08 13:00:00,573.0000,30.0000,22.9000,45.0000,8.2000,2.0457
2023-12-08 14:00:00,443.0000,20.0000,22.6000,47.0000,8.2000,1.4367
2023-12-08 15:00:00,322.0000,10.0000,22.2000,48.0000,8.2000,0.5212
2023-12-08 16:00:00,133.0000,10.0000,21.7000,51.0000,7.0000,0.1575
2023-12-08 17:00:00,21.0000,0.0000,21.1000,54.0000,5.8000,0.0012
2023-12-08 18:00:00,0.0000,0.0000,20.6000,57.0000,4.6000,0.0000
2023-12-08 19:00:00,0.0000,0.0000,20.4000,58.0000,4.3000,0.0000
2023-12-08 20:00:00,0.0000,10.0000,20.2000,58.0000,3.9000,0.0000
2023-12-08 21:00:00,0.0000,10.0000,20.0000,59.0000,3.6000,0.0000
2023-12-08 22:00:00,0.0000,30.0000,20.2000,58.0000,3.6000,0.0000
2023-12-08 23:00:00,0.0000,60.0000,20.4000,58.0000,3.6000,0.0000
2023-12-09 00:00:00,0.0000,80.0000,20.6000,57.0000,3.6000,0.0000
2023-12-09 01:00:00,0.0000,90.0000,19.3000,62.0000,3.4000,0.0000
2023-12-09 02:00:00,0.0000,90.0000,18.0000,67.0000,3.3000,0.0000
2023-12-09 03:00:00,0.0000,100.0000,16.7000,72.0000,3.1000,0.0000
2023-12-09 04:00:00,0.0000,90.0000,16.7000,73.0000,3.1000,0.0000
2023-12-09 05:00:00,0.0000,90.0000,16.7000,74.0000,3.1000,0.0000
2023-12-09 06:00:00,0.0000,80.0000,16.7000,75.0000,3.1000,0.0000
2023-12-09 07:00:00,32.0000,80.0000,18.0000,70.0000,3.4000,0.5176
2023-12-09 08:00:00,165.0000,80.0000,19.3000,66.0000,3.8000,1.2306
2023-12-09 09:00:00,257.0000,80.0000,20.6000,61.0000,4.1000,1.5322
2023-12-09 10:00:00,152.0000,90.0000,20.8000,61.0000,3.2000,1.9375
2023-12-09 11:00:00,386.0000,90.0000,20.9000,61.0000,2.4000,2.5439
2023-12-09 12:00:00,214.0000,100.0000,21.1000,61.0000,1.5000,2.5792
2023-12-09 13:00:00,263.0000,100.0000,21.7000,59.0000,2.9000,2.5077
2023-12-09 14:00:00,342.0000,100.0000,22.2000,57.0000,4.3000,2.0051
2023-12-09 15:00:00,112.0000,100.0000,22.8000,55.0000,5.7000,1.3551
2023-12-09 16:00:00,76.0000,80.0000,22.2000,56.0000,5.3000,0.4858
2023-12-09 17:00:00,13.0000,70.0000,21.7000,58.0000,5.0000,0.0364
2023-12-09 18:00:00,0.0000,50.0000,21.1000,59.0000,4.6000,0.0000
2023-12-09 19:00:00,0.0000,50.0000,20.7000,60.0000,3.9000,0.0000
2023-12-09 20:00:00,0.0000,50.0000,20.4000,60.0000,3.3000,0.0000
2023-12-09 21:00:00,0.0000,50.0000,20.0000,61.0000,2.6000,0.0000
2023-12-09 22:00:00,0.0000,60.0000,19.3000,67.0000,2.6000,0.0000
2023-12-09 23:00:00,0.0000,70.0000,18.5000,72.0000,2.6000,0.0000
2023-12-10 00:00:00,0.0000,80.0000,17.8000,78.0000,2.6000,0.0000
2023-12-10 01:00:00,0.0000,80.0000,18.9000,73.0000,2.2000,0.0000
2023-12-10 02:00:00,0.0000,90.0000,20.0000,68.0000,1.9000,0.0000
2023-12-10 03:00:00,0.0000,90.0000,21.1000,63.0000,1.5000,0.0000
2023-12-10 04:00:00,0.0000,90.0000,20.2000,69.0000,1.9000,0.0000
2023-12-10 05:00:00,0.0000,100.0000,19.2000,75.0000,2.2000,0.0000
2023-12-10 06:00:00,0.0000,100.0000,18.3000,81.0000,2.6000,0.0000
2023-12-10 07:00:00,46.0000,80.0000,20.7000,67.0000,3.8000,0.3609
2023-12-10 08:00:00,170.0000,60.0000,23.2000,53.0000,5.0000,0.8404
2023-12-10 09:00:00,334.0000,40.0000,25.6000,39.0000,6.2000,0.9012
2023-12-10 10:00:00,547.0000,40.0000,25.4000,42.0000,5.9000,1.1056
2023-12-10 11:00:00,615.0000,50.0000,25.2000,45.0000,5.5000,1.3562
2023-12-10 12:00:00,608.0000,50.0000,25.0000,48.0000,5.2000,1.0523
2023-12-10 13:00:00,505.0000,50.0000,24.8000,49.0000,5.0000,1.2842
2023-12-10 14:00:00,357.0000,60.0000,24.6000,51.0000,4.8000,1.0397
2023-12-10 15:00:00,255.0000,60.0000,24.4000,52.0000,4.6000,0.4103
2023-12-10 16:00:00,129.0000,60.0000,23.7000,54.0000,3.6000,0.1955
2023-12-10 17:00:00,23.0000,50.0000,22.9000,55.0000,2.5000,0.0159
2023-12-10 18:00:00,0.0000,50.0000,22.2000,57.0000,1.5000,0.0000
2023-12-10 19:00:00,0.0000,50.0000,20.9000,67.0000,1.5000,0.0000
2023-12-10 20:00:00,0.0000,40.0000,19.6000,77.0000,1.5000,0.0000
2023-12-10 21:00:00,0.0000,40.0000,18.3000,87.0000,1.5000,0.0000
2023-12-10 22:00:00,0.0000,30.0000,18.3000,87.0000,1.5000,0.0000
2023-12-10 23:00:00,0.0000,30.0000,18.3000,87.0000,1.5000,0.0000
2023-12-11 00:00:00,0.0000,20.0000,18.3000,87.0000,1.5000,0.0000
2023-12-11 01:00:00,0.0000,20.0000,18.1000,86.0000,1.0000,0.0000
2023-12-11 02:00:00,0.0000,10.0000,18.0000,85.0000,0.5000,0.0000
2023-12-11 03:00:00,0.0000,10.0000,17.8000,84.0000,0.0000,0.0000
2023-12-11 04:00:00,0.0000,10.0000,17.2000,86.0000,0.3000,0.0000
2023-12-11 05:00:00,0.0000,20.0000,16.7000,88.0000,0.7000,0.0000
2023-12-11 06:00:00,0.0000,20.0000,16.1000,90.0000,1.0000,0.0000
2023-12-11 07:00:00,49.0000,40.0000,18.9000,82.0000,2.7000,0.3900
2023-12-11 08:00:00,220.0000,60.0000,21.6000,74.0000,4.5000,0.9852
2023-12-11 09:00:00,366.0000,80.0000,24.4000,66.0000,6.2000,1.7855
2023-12-11 10:00:00,395.0000,80.0000,24.8000,65.0000,6.4000,2.4606
2023-12-11 11:00:00,610.0000,90.0000,25.2000,65.0000,6.5000,2.7183
2023-12-11 12:00:00,426.0000,90.0000,25.6000,64.0000,6.7000,2.5286
2023-12-11 13:00:00,370.0000,90.0000,25.4000,66.0000,6.2000,2.0139
2023-12-11 14:00:00,267.0000,100.0000,25.2000,67.0000,5.7000,1.4590
2023-12-11 15:00:00,237.0000,100.0000,25.0000,69.0000,5.2000,0.9905
2023-12-11 16:00:00,104.0000,100.0000,24.4000,71.0000,4.7000,0.4277
2023-12-11 17:00:00,5.0000,100.0000,23.9000,74.0000,4.1000,0.0374
2023-12-11 18:00:00,0.0000,100.0000,23.3000,76.0000,3.6000,0.0000
2023-12-11 19:00:00,0.0000,90.0000,23.1000,77.0000,3.8000,0.0000
2023-12-11 20:00:00,0.0000,90.0000,23.0000,78.0000,3.9000,0.0000
2023-12-11 21:00:00,0.0000,80.0000,22.8000,79.0000,4.1000,0.0000
2023-12-11 22:00:00,0.0000,80.0000,22.8000,79.0000,4.3000,0.0000
2023-12-11 23:00:00,0.0000,70.0000,22.8000,79.0000,4.4000,0.0000
2023-12-12 00:00:00,0.0000,70.0000,22.8000,79.0000,4.6000,0.0000
2023-12-12 01:00:00,0.0000,80.0000,22.8000,81.0000,4.4000,0.0000
2023-12-12 02:00:00,0.0000,80.0000,22.8000,82.0000,4.3000,0.0000
2023-12-12 03:00:00,0.0000,90.0000,22.8000,84.0000,4.1000,0.0000
2023-12-12 04:00:00,0.0000,90.0000,22.8000,84.0000,3.8000,0.0000
2023-12-12 05:00:00,0.0000,100.0000,22.8000,84.0000,3.4000,0.0000
2023-12-12 06:00:00,0.0000,100.0000,22.8000,84.0000,3.1000,0.0000
2023-12-12 07:00:00,30.0000,100.0000,23.2000,81.0000,3.3000,0.4745
2023-12-12 08:00:00,119.0000,100.0000,23.5000,79.0000,3.4000,1.1743
2023-12-12 09:00:00,246.0000,100.0000,23.9000,76.0000,3.6000,1.5829
2023-12-12 10:00:00,431.0000,90.0000,25.0000,69.0000,4.1000,2.1128
2023-12-12 11:00:00,442.0000,90.0000,26.1000,63.0000,4.7000,2.2754
2023-12-12 12:00:00,596.0000,80.0000,27.2000,56.0000,5.2000,1.7192
2023-12-12 13:00:00,442.0000,80.0000,27.2000,55.0000,4.7000,1.3860
2023-12-12 14:00:00,273.0000,80.0000,27.2000,55.0000,4.1000,1.0830
2023-12-12 15:00:00,283.0000,80.0000,27.2000,54.0000,3.6000,0.7757
2023-12-12 16:00:00,99.0000,50.0000,26.1000,61.0000,3.3000,0.2574
2023-12-12 17:00:00,19.0000,30.0000,25.0000,69.0000,2.9000,0.0000
2023-12-12 18:00:00,0.0000,0.0000,23.9000,76.0000,2.6000,0.0000
2023-12-12 19:00:00,0.0000,0.0000,23.0000,80.0000,2.2000,0.0000
2023-12-12 20:00:00,0.0000,0.0000,22.0000,83.0000,1.9000,0.0000
2023-12-12 21:00:00,0.0000,0.0000,21.1000,87.0000,1.5000,0.0000
2023-12-12 22:00:00,0.0000,0.0000,20.7000,89.0000,1.7000,0.0000
2023-12-12 23:00:00,0.0000,0.0000,20.4000,91.0000,1.9000,0.0000
2023-12-13 00:00:00,0.0000,0.0000,20.0000,93.0000,2.1000,0.0000
2023-12-13 01:00:00,0.0000,0.0000,19.4000,94.0000,2.3000,0.0000
2023-12-13 02:00:00,0.0000,0.0000,18.9000,96.0000,2.4000,0.0000
2023-12-13 03:00:00,0.0000,0.0000,18.3000,97.0000,2.6000,0.0000
2023-12-13 04:00:00,0.0000,30.0000,18.3000,97.0000,1.7000,0.0000
2023-12-13 05:00:00,0.0000,50.0000,18.3000,97.0000,0.9000,0.0000
2023-12-13 06:00:00,0.0000,80.0000,18.3000,97.0000,0.0000,0.0000
2023-12-13 07:00:00,46.0000,80.0000,19.8000,92.0000,0.5000,0.0000
2023-12-13 08:00:00,177.0000,70.0000,21.3000,86.0000,1.0000,0.7036
2023-12-13 09:00:00,305.0000,70.0000,22.8000,81.0000,1.5000,1.3639
2023-12-13 10:00:00,571.0000,70.0000,24.1000,73.0000,1.9000,1.8047
2023-12-13 11:00:00,604.0000,80.0000,25.4000,66.0000,2.2000,2.1777
2023-12-13 12:00:00,670.0000,80.0000,26.7000,58.0000,2.6000,2.3288
2023-12-13 13:00:00,527.0000,80.0000,26.3000,60.0000,3.3000,1.5921
2023-12-13 14:00:00,342.0000,80.0000,26.0000,62.0000,3.9000,1.2848
2023-12-13 15:00:00,309.0000,80.0000,25.6000,64.0000,4.6000,0.9735
2023-12-13 16:00:00,110.0000,70.0000,24.8000,72.0000,4.3000,0.2841
2023-12-13 17:00:00,20.0000,60.0000,24.1000,79.0000,3.9000,0.0302
2023-12-13 18:00:00,0.0000,50.0000,23.3000,87.0000,3.6000,0.0000
2023-12-13 19:00:00,0.0000,40.0000,22.8000,89.0000,2.9000,0.0000
2023-12-13 20:00:00,0.0000,40.0000,22.2000,91.0000,2.2000,0.0000
2023-12-13 21:00:00,0.0000,30.0000,21.7000,93.0000,1.5000,0.0000
2023-12-13 22:00:00,0.0000,30.0000,21.3000,94.0000,1.3000,0.0000
2023-12-13 23:00:00,0.0000,30.0000,21.0000,96.0000,1.2000,0.0000
2023-12-14 00:00:00,0.0000,30.0000,20.6000,97.0000,1.0000,0.0000
2023-12-14 01:00:00,0.0000,20.0000,20.6000,97.0000,1.5000,0.0000
2023-12-14 02:00:00,0.0000,20.0000,20.6000,97.0000,2.1000,0.0000
2023-12-14 03:00:00,0.0000,10.0000,20.6000,97.0000,2.6000,0.0000
2023-12-14 04:00:00,0.0000,10.0000,20.6000,97.0000,2.1000,0.0000
2023-12-14 05:00:00,0.0000,0.0000,20.6000,97.0000,1.5000,0.0000
2023-12-14 06:00:00,0.0000,0.0000,20.6000,97.0000,1.0000,0.0000
2023-12-14 07:00:00,43.0000,10.0000,22.3000,88.0000,1.9000,0.0000
2023-12-14 08:00:00,198.0000,20.0000,23.9000,80.0000,2.7000,0.9576
2023-12-14 09:00:00,380.0000,30.0000,25.6000,71.0000,3.6000,1.7201
2023-12-14 10:00:00,443.0000,50.0000,26.0000,69.0000,4.5000,2.4295
2023-12-14 11:00:00,491.0000,60.0000,26.3000,67.0000,5.3000,2.7494
2023-12-14 12:00:00,414.0000,80.0000,26.7000,65.0000,6.2000,2.6541
2023-12-14 13:00:00,449.0000,80.0000,26.5000,68.0000,6.0000,2.0034
2023-12-14 14:00:00,318.0000,80.0000,26.3000,71.0000,5.9000,1.5443
2023-12-14 15:00:00,267.0000,80.0000,26.1000,74.0000,5.7000,1.1092
2023-12-14 16:00:00,114.0000,70.0000,25.4000,78.0000,5.0000,0.2999
2023-12-14 17:00:00,15.0000,60.0000,24.6000,83.0000,4.3000,0.0331
2023-12-14 18:00:00,0.0000,50.0000,23.9000,87.0000,3.6000,0.0000
2023-12-14 19:00:00,0.0000,30.0000,23.3000,90.0000,3.1000,0.0000
2023-12-14 20:00:00,0.0000,20.0000,22.8000,94.0000,2.6000,0.0000
2023-12-14 21:00:00,0.0000,0.0000,22.2000,97.0000,2.1000,0.0000
2023-12-14 22:00:00,0.0000,10.0000,22.0000,97.0000,1.9000,0.0000
2023-12-14 23:00:00,0.0000,10.0000,21.9000,97.0000,1.7000,0.0000
2023-12-15 00:00:00,0.0000,20.0000,21.7000,97.0000,1.5000,0.0000
2023-12-15 01:00:00,0.0000,20.0000,21.5000,97.0000,1.5000,0.0000
2023-12-15 02:00:00,0.0000,20.0000,21.3000,97.0000,1.5000,0.0000
2023-12-15 03:00:00,0.0000,20.0000,21.1000,97.0000,1.5000,0.0000
2023-12-15 04:00:00,0.0000,40.0000,21.1000,97.0000,1.7000,0.0000
2023-12-15 05:00:00,0.0000,70.0000,21.1000,97.0000,1.9000,0.0000
2023-12-15 06:00:00,0.0000,90.0000,21.1000,97.0000,2.1000,0.0000
2023-12-15 07:00:00,37.0000,90.0000,22.6000,88.0000,2.8000,0.0000
2023-12-15 08:00:00,168.0000,90.0000,24.1000,80.0000,3.4000,1.1080
2023-12-15 09:00:00,316.0000,90.0000,25.6000,71.0000,4.1000,1.6875
2023-12-15 10:00:00,543.0000,90.0000,26.1000,67.0000,4.5000,1.9699
2023-12-15 11:00:00,584.0000,80.0000,26.7000,64.0000,4.8000,1.9770
2023-12-15 12:00:00,615.0000,80.0000,27.2000,60.0000,5.2000,1.8732
2023-12-15 13:00:00,441.0000,80.0000,26.7000,64.0000,5.4000,1.6863
2023-12-15 14:00:00,318.0000,80.0000,26.1000,67.0000,5.5000,1.3887
2023-12-15 15:00:00,262.0000,80.0000,25.6000,71.0000,5.7000,0.9725
2023-12-15 16:00:00,89.0000,50.0000,24.7000,76.0000,5.0000,0.3216
2023-12-15 17:00:00,23.0000,30.0000,23.7000,82.0000,4.3000,0.0223
2023-12-15 18:00:00,0.0000,0.0000,22.8000,87.0000,3.6000,0.0000
2023-12-15 19:00:00,0.0000,10.0000,22.4000,88.0000,3.3000,0.0000
2023-12-15 20:00:00,0.0000,20.0000,22.1000,89.0000,2.9000,0.0000
2023-12-15 21:00:00,0.0000,30.0000,21.7000,90.0000,2.6000,0.0000
2023-12-15 22:00:00,0.0000,20.0000,21.1000,91.0000,2.4000,0.0000
2023-12-15 23:00:00,0.0000,10.0000,20.6000,92.0000,2.3000,0.0000
2023-12-16 00:00:00,0.0000,0.0000,20.0000,93.0000,2.1000,0.0000
2023-12-16 01:00:00,0.0000,0.0000,19.8000,93.0000,1.7000,0.0000
2023-12-16 02:00:00,0.0000,0.0000,19.6000,93.0000,1.4000,0.0000
2023-12-16 03:00:00,0.0000,0.0000,19.4000,93.0000,1.0000,0.0000
2023-12-16 04:00:00,0.0000,20.0000,19.2000,95.0000,1.2000,0.0000
2023-12-16 05:00:00,0.0000,40.0000,19.1000,98.0000,1.3000,0.0000
2023-12-16 06:00:00,0.0000,60.0000,18.9000,100.0000,1.5000,0.0000
2023-12-16 07:00:00,50.0000,70.0000,20.9000,91.0000,2.2000,0.0000
2023-12-16 08:00:00,195.0000,70.0000,23.0000,83.0000,2.9000,0.9636
2023-12-16 09:00:00,375.0000,80.0000,25.0000,74.0000,3.6000,1.7365
2023-12-16 10:00:00,391.0000,80.0000,25.7000,69.0000,3.1000,2.4025
2023-12-16 11:00:00,375.0000,90.0000,26.5000,65.0000,2.6000,2.6230
2023-12-16 12:00:00,621.0000,90.0000,27.2000,60.0000,2.1000,2.3600
2023-12-16 13:00:00,337.0000,90.0000,27.4000,59.0000,2.4000,1.7214
2023-12-16 14:00:00,458.0000,80.0000,27.6000,57.0000,2.8000,1.3448
2023-12-16 15:00:00,287.0000,80.0000,27.8000,56.0000,3.1000,0.8764
2023-12-16 16:00:00,94.0000,80.0000,26.7000,64.0000,3.1000,0.2632
2023-12-16 17:00:00,20.0000,70.0000,25.5000,71.0000,3.1000,0.0404
2023-12-16 18:00:00,0.0000,70.0000,24.4000,79.0000,3.1000,0.0000
2023-12-16 19:00:00,0.0000,70.0000,23.9000,80.0000,3.3000,0.0000
2023-12-16 20:00:00,0.0000,80.0000,23.3000,80.0000,3.4000,0.0000
2023-12-16 21:00:00,0.0000,80.0000,22.8000,81.0000,3.6000,0.0000
2023-12-16 22:00:00,0.0000,50.0000,22.1000,84.0000,2.9000,0.0000
2023-12-16 23:00:00,0.0000,30.0000,21.3000,87.0000,2.2000,0.0000
2023-12-17 00:00:00,0.0000,0.0000,20.6000,90.0000,1.5000,0.0000
2023-12-17 01:00:00,0.0000,10.0000,20.2000,91.0000,2.4000,0.0000
2023-12-17 02:00:00,0.0000,20.0000,19.8000,92.0000,3.2000,0.0000
2023-12-17 03:00:00,0.0000,30.0000,19.4000,93.0000,4.1000,0.0000
2023-12-17 04:00:00,0.0000,40.0000,19.4000,92.0000,3.6000,0.0000
2023-12-17 05:00:00,0.0000,60.0000,19.4000,91.0000,3.1000,0.0000
2023-12-17 06:00:00,0.0000,70.0000,19.4000,90.0000,2.6000,0.0000
2023-12-17 07:00:00,47.0000,80.0000,21.1000,85.0000,3.5000,0.0000
2023-12-17 08:00:00,154.0000,90.0000,22.7000,79.0000,4.3000,1.0951
2023-12-17 09:00:00,241.0000,100.0000,24.4000,74.0000,5.2000,1.5566
2023-12-17 10:00:00,358.0000,100.0000,24.4000,75.0000,5.2000,1.6036
2023-12-17 11:00:00,342.0000,100.0000,24.4000,75.0000,5.2000,1.9794
2023-12-17 12:00:00,322.0000,100.0000,24.4000,76.0000,5.2000,1.9846
2023-12-17 13:00:00,299.0000,100.0000,24.2000,77.0000,5.4000,1.7656
2023-12-17 14:00:00,364.0000,100.0000,24.1000,78.0000,5.5000,1.8036
2023-12-17 15:00:00,167.0000,100.0000,23.9000,79.0000,5.7000,0.9375
2023-12-17 16:00:00,63.0000,90.0000,23.5000,81.0000,4.7000,0.2368
2023-12-17 17:00:00,20.0000,90.0000,23.2000,82.0000,3.6000,0.0331
2023-12-17 18:00:00,0.0000,80.0000,22.8000,84.0000,2.6000,0.0000
2023-12-17 19:00:00,0.0000,70.0000,22.6000,85.0000,2.6000,0.0000
2023-12-17 20:00:00,0.0000,50.0000,22.4000,86.0000,2.6000,0.0000
2023-12-17 21:00:00,0.0000,40.0000,22.2000,87.0000,2.6000,0.0000
2023-12-17 22:00:00,0.0000,40.0000,21.8000,90.0000,2.4000,0.0000
2023-12-17 23:00:00,0.0000,40.0000,21.5000,94.0000,2.3000,0.0000
2023-12-18 00:00:00,0.0000,40.0000,21.1000,97.0000,2.1000,0.0000
2023-12-18 01:00:00,0.0000,30.0000,20.7000,97.0000,2.3000,0.0000
2023-12-18 02:00:00,0.0000,20.0000,20.4000,97.0000,2.4000,0.0000
2023-12-18 03:00:00,0.0000,10.0000,20.0000,97.0000,2.6000,0.0000
2023-12-18 04:00:00,0.0000,30.0000,20.6000,94.0000,2.8000,0.0000
2023-12-18 05:00:00,0.0000,50.0000,21.1000,90.0000,2.9000,0.0000
2023-12-18 06:00:00,0.0000,70.0000,21.7000,87.0000,3.1000,0.0000
2023-12-18 07:00:00,54.0000,60.0000,22.6000,83.0000,4.1000,0.0000
2023-12-18 08:00:00,207.0000,40.0000,23.5000,80.0000,5.2000,0.7687
2023-12-18 09:00:00,410.0000,30.0000,24.4000,76.0000,6.2000,1.2137
2023-12-18 10:00:00,387.0000,30.0000,25.3000,70.0000,6.5000,1.4323
2023-12-18 11:00:00,572.0000,40.0000,26.3000,64.0000,6.9000,1.3467
2023-12-18 12:00:00,646.0000,40.0000,27.2000,58.0000,7.2000,1.2756
2023-12-18 13:00:00,600.0000,50.0000,27.0000,59.0000,7.2000,1.4245
2023-12-18 14:00:00,457.0000,60.0000,26.9000,59.0000,7.2000,1.2065
2023-12-18 15:00:00,240.0000,70.0000,26.7000,60.0000,7.2000,0.4964
2023-12-18 16:00:00,125.0000,50.0000,25.4000,66.0000,6.0000,0.1767
2023-12-18 17:00:00,29.0000,20.0000,24.1000,73.0000,4.8000,0.0335
2023-12-18 18:00:00,0.0000,0.0000,22.8000,79.0000,3.6000,0.0000
2023-12-18 19:00:00,0.0000,10.0000,22.4000,82.0000,3.6000,0.0000
2023-12-18 20:00:00,0.0000,10.0000,22.1000,84.0000,3.6000,0.0000
2023-12-18 21:00:00,0.0000,20.0000,21.7000,87.0000,3.6000,0.0000
2023-12-18 22:00:00,0.0000,20.0000,22.1000,87.0000,4.3000,0.0000
2023-12-18 23:00:00,0.0000,20.0000,22.4000,87.0000,5.0000,0.0000
2023-12-19 00:00:00,0.0000,20.0000,22.8000,87.0000,5.7000,0.0000
2023-12-19 01:00:00,0.0000,50.0000,23.2000,86.0000,6.4000,0.0000
2023-12-19 02:00:00,0.0000,70.0000,23.5000,85.0000,7.0000,0.0000
2023-12-19 03:00:00,0.0000,100.0000,23.9000,84.0000,7.7000,0.0000
2023-12-19 04:00:00,0.0000,80.0000,21.9000,85.0000,6.2000,0.0000
2023-12-19 05:00:00,0.0000,70.0000,19.8000,86.0000,4.6000,0.0000
2023-12-19 06:00:00,0.0000,50.0000,17.8000,87.0000,3.1000,0.0000
2023-12-19 07:00:00,36.0000,50.0000,18.7000,81.0000,4.6000,0.0000
2023-12-19 08:00:00,160.0000,50.0000,19.7000,76.0000,6.2000,1.1278
2023-12-19 09:00:00,337.0000,50.0000,20.6000,70.0000,7.7000,1.6179
2023-12-19 10:00:00,549.0000,60.0000,20.8000,68.0000,7.2000,2.0618
2023-12-19 11:00:00,490.0000,80.0000,20.9000,65.0000,6.7000,2.6389
2023-12-19 12:00:00,545.0000,90.0000,21.1000,63.0000,6.2000,2.8054
2023-12-19 13:00:00,463.0000,80.0000,20.5000,65.0000,6.2000,2.5031
2023-12-19 14:00:00,312.0000,60.0000,20.0000,68.0000,6.2000,1.7206
2023-12-19 15:00:00,266.0000,50.0000,19.4000,70.0000,6.2000,0.9180
2023-12-19 16:00:00,120.0000,40.0000,18.3000,74.0000,5.0000,0.3976
2023-12-19 17:00:00,26.0000,40.0000,17.2000,77.0000,3.8000,0.0574
2023-12-19 18:00:00,0.0000,30.0000,16.1000,81.0000,2.6000,0.0000
2023-12-19 19:00:00,0.0000,20.0000,15.5000,83.0000,3.1000,0.0000
2023-12-19 20:00:00,0.0000,10.0000,15.0000,85.0000,3.6000,0.0000
2023-12-19 21:00:00,0.0000,0.0000,14.4000,87.0000,4.1000,0.0000
2023-12-19 22:00:00,0.0000,0.0000,13.9000,88.0000,3.8000,0.0000
2023-12-19 23:00:00,0.0000,0.0000,13.3000,89.0000,3.4000,0.0000
2023-12-20 00:00:00,0.0000,0.0000,12.8000,90.0000,3.1000,0.0000
2023-12-20 01:00:00,0.0000,0.0000,12.4000,86.0000,2.4000,0.0000
2023-12-20 02:00:00,0.0000,0.0000,12.1000,81.0000,1.7000,0.0000
2023-12-20 03:00:00,0.0000,0.0000,11.7000,77.0000,1.0000,0.0000
2023-12-20 04:00:00,0.0000,0.0000,11.1000,81.0000,1.4000,0.0000
2023-12-20 05:00:00,0.0000,0.0000,10.6000,85.0000,1.7000,0.0000
2023-12-20 06:00:00,0.0000,0.0000,10.0000,89.0000,2.1000,0.0000
2023-12-20 07:00:00,54.0000,0.0000,12.4000,82.0000,3.3000,0.0000
2023-12-20 08:00:00,234.0000,0.0000,14.8000,74.0000,4.5000,0.9844
2023-12-20 09:00:00,424.0000,0.0000,17.2000,67.0000,5.7000,1.7708
2023-12-20 10:00:00,572.0000,0.0000,18.5000,60.0000,6.2000,2.1559
2023-12-20 11:00:00,665.0000,0.0000,19.8000,54.0000,6.7000,2.1908
2023-12-20 12:00:00,690.0000,0.0000,21.1000,47.0000,7.2000,2.2323
2023-12-20 13:00:00,643.0000,0.0000,21.1000,46.0000,6.5000,1.7913
2023-12-20 14:00:00,527.0000,10.0000,21.1000,46.0000,5.9000,1.3727
2023-12-20 15:00:00,358.0000,10.0000,21.1000,45.0000,5.2000,1.0316
2023-12-20 16:00:00,161.0000,10.0000,20.0000,51.0000,4.5000,0.3776
2023-12-20 17:00:00,30.0000,0.0000,18.9000,57.0000,3.8000,0.0484
2023-12-20 18:00:00,0.0000,0.0000,17.8000,63.0000,3.1000,0.0000
2023-12-20 19:00:00,0.0000,0.0000,17.2000,65.0000,2.4000,0.0000
2023-12-20 20:00:00,0.0000,0.0000,16.7000,68.0000,1.7000,0.0000
2023-12-20 21:00:00,0.0000,0.0000,16.1000,70.0000,1.0000,0.0000
2023-12-20 22:00:00,0.0000,0.0000,15.0000,75.0000,1.2000,0.0000
2023-12-20 23:00:00,0.0000,0.0000,13.9000,81.0000,1.3000,0.0000
2023-12-21 00:00:00,0.0000,0.0000,12.8000,86.0000,1.5000,0.0000
2023-12-21 01:00:00,0.0000,0.0000,13.0000,84.0000,1.7000,0.0000
2023-12-21 02:00:00,0.0000,0.0000,13.1000,82.0000,1.9000,0.0000
2023-12-21 03:00:00,0.0000,0.0000,13.3000,80.0000,2.1000,0.0000
2023-12-21 04:00:00,0.0000,20.0000,12.8000,83.0000,2.6000,0.0000
2023-12-21 05:00:00,0.0000,50.0000,12.2000,86.0000,3.1000,0.0000
2023-12-21 06:00:00,0.0000,70.0000,11.7000,89.0000,3.6000,0.0000
2023-12-21 07:00:00,50.0000,60.0000,13.5000,73.0000,4.1000,0.0000
2023-12-21 08:00:00,202.0000,50.0000,15.4000,57.0000,4.7000,1.2463
2023-12-21 09:00:00,394.0000,40.0000,17.2000,41.0000,5.2000,2.1163
2023-12-21 10:00:00,528.0000,30.0000,18.7000,38.0000,5.5000,2.7544
2023-12-21 11:00:00,589.0000,30.0000,20.2000,35.0000,5.9000,3.0999
2023-12-21 12:00:00,683.0000,20.0000,21.7000,32.0000,6.2000,3.1388
2023-12-21 13:00:00,610.0000,10.0000,21.7000,33.0000,5.9000,2.9310
2023-12-21 14:00:00,524.0000,10.0000,21.7000,34.0000,5.5000,2.3511
2023-12-21 15:00:00,360.0000,0.0000,21.7000,35.0000,5.2000,1.5419
2023-12-21 16:00:00,158.0000,10.0000,20.0000,41.0000,4.5000,0.6063
2023-12-21 17:00:00,29.0000,10.0000,18.4000,48.0000,3.8000,0.0628
2023-12-21 18:00:00,0.0000,20.0000,16.7000,54.0000,3.1000,0.0000
2023-12-21 19:00:00,0.0000,10.0000,15.9000,58.0000,3.1000,0.0000
2023-12-21 20:00:00,0.0000,10.0000,15.2000,63.0000,3.1000,0.0000
2023-12-21 21:00:00,0.0000,0.0000,14.4000,67.0000,3.1000,0.0000
2023-12-21 22:00:00,0.0000,0.0000,14.4000,69.0000,3.4000,0.0000
2023-12-21 23:00:00,0.0000,0.0000,14.4000,70.0000,3.8000,0.0000
2023-12-22 00:00:00,0.0000,0.0000,14.4000,72.0000,4.1000,0.0000
2023-12-22 01:00:00,0.0000,0.0000,14.0000,75.0000,4.1000,0.0000
2023-12-22 02:00:00,0.0000,0.0000,13.7000,77.0000,4.1000,0.0000
2023-12-22 03:00:00,0.0000,0.0000,13.3000,80.0000,4.1000,0.0000
2023-12-22 04:00:00,0.0000,30.0000,13.3000,82.0000,3.8000,0.0000
2023-12-22 05:00:00,0.0000,50.0000,13.3000,84.0000,3.4000,0.0000
2023-12-22 06:00:00,0.0000,80.0000,13.3000,86.0000,3.1000,0.0000
2023-12-22 07:00:00,49.0000,80.0000,16.5000,78.0000,4.8000,0.0000
2023-12-22 08:00:00,134.0000,70.0000,19.6000,70.0000,6.5000,1.1718
2023-12-22 09:00:00,398.0000,70.0000,22.8000,62.0000,8.2000,1.9247
2023-12-22 10:00:00,384.0000,80.0000,22.6000,59.0000,8.4000,2.4604
2023-12-22 11:00:00,563.0000,80.0000,22.4000,56.0000,8.6000,2.8392
2023-12-22 12:00:00,632.0000,90.0000,22.2000,53.0000,8.8000,3.0478
2023-12-22 13:00:00,599.0000,90.0000,22.0000,52.0000,8.1000,2.7509
2023-12-22 14:00:00,492.0000,100.0000,21.9000,52.0000,7.4000,2.3407
2023-12-22 15:00:00,331.0000,100.0000,21.7000,51.0000,6.7000,1.5548
2023-12-22 16:00:00,128.0000,80.0000,21.3000,52.0000,5.8000,0.6084
2023-12-22 17:00:00,32.0000,70.0000,21.0000,54.0000,5.0000,0.0610
2023-12-22 18:00:00,0.0000,50.0000,20.6000,55.0000,4.1000,0.0000
2023-12-22 19:00:00,0.0000,50.0000,20.8000,57.0000,4.6000,0.0000
2023-12-22 20:00:00,0.0000,50.0000,20.9000,59.0000,5.2000,0.0000
2023-12-22 21:00:00,0.0000,50.0000,21.1000,61.0000,5.7000,0.0000
2023-12-22 22:00:00,0.0000,50.0000,20.7000,63.0000,5.3000,0.0000
2023-12-22 23:00:00,0.0000,50.0000,20.4000,66.0000,5.0000,0.0000
2023-12-23 00:00:00,0.0000,50.0000,20.0000,68.0000,4.6000,0.0000
2023-12-23 01:00:00,0.0000,40.0000,20.0000,70.0000,4.6000,0.0000
2023-12-23 02:00:00,0.0000,40.0000,20.0000,71.0000,4.6000,0.0000
2023-12-23 03:00:00,0.0000,30.0000,20.0000,73.0000,4.6000,0.0000
2023-12-23 04:00:00,0.0000,50.0000,20.0000,75.0000,4.1000,0.0000
2023-12-23 05:00:00,0.0000,60.0000,20.0000,76.0000,3.6000,0.0000
2023-12-23 06:00:00,0.0000,80.0000,20.0000,78.0000,3.1000,0.0000
2023-12-23 07:00:00,29.0000,90.0000,21.1000,74.0000,5.3000,0.0000
2023-12-23 08:00:00,164.0000,90.0000,22.2000,70.0000,7.6000,0.9789
2023-12-23 09:00:00,145.0000,100.0000,23.3000,66.0000,9.8000,1.6406
2023-12-23 10:00:00,450.0000,90.0000,23.7000,63.0000,9.8000,2.1010
2023-12-23 11:00:00,544.0000,80.0000,24.0000,59.0000,9.8000,2.4781
2023-12-23 12:00:00,604.0000,70.0000,24.4000,56.0000,9.8000,2.8553
2023-12-23 13:00:00,601.0000,80.0000,24.2000,55.0000,9.3000,2.6314
2023-12-23 14:00:00,484.0000,90.0000,24.1000,55.0000,8.7000,2.0290
2023-12-23 15:00:00,300.0000,100.0000,23.9000,54.0000,8.2000,1.1904
2023-12-23 16:00:00,126.0000,90.0000,23.0000,58.0000,7.2000,0.4183
2023-12-23 17:00:00,19.0000,80.0000,22.0000,62.0000,6.2000,0.0620
2023-12-23 18:00:00,0.0000,70.0000,21.1000,66.0000,5.2000,0.0000
2023-12-23 19:00:00,0.0000,60.0000,20.7000,69.0000,4.5000,0.0000
2023-12-23 20:00:00,0.0000,60.0000,20.4000,73.0000,3.8000,0.0000
2023-12-23 21:00:00,0.0000,50.0000,20.0000,76.0000,3.1000,0.0000
2023-12-23 22:00:00,0.0000,30.0000,20.0000,74.0000,3.1000,0.0000
2023-12-23 23:00:00,0.0000,20.0000,20.0000,72.0000,3.1000,0.0000
2023-12-24 00:00:00,0.0000,0.0000,20.0000,70.0000,3.1000,0.0000
2023-12-24 01:00:00,0.0000,0.0000,19.1000,75.0000,2.6000,0.0000
2023-12-24 02:00:00,0.0000,0.0000,18.1000,79.0000,2.0000,0.0000
2023-12-24 03:00:00,0.0000,0.0000,17.2000,84.0000,1.5000,0.0000
2023-12-24 04:00:00,0.0000,30.0000,16.7000,86.0000,1.7000,0.0000
2023-12-24 05:00:00,0.0000,60.0000,16.1000,88.0000,1.9000,0.0000
2023-12-24 06:00:00,0.0000,90.0000,15.6000,90.0000,2.1000,0.0000
2023-12-24 07:00:00,49.0000,90.0000,17.4000,84.0000,2.1000,0.0000
2023-12-24 08:00:00,177.0000,90.0000,19.3000,77.0000,2.1000,0.6155
2023-12-24 09:00:00,327.0000,90.0000,21.1000,71.0000,2.1000,1.1776
2023-12-24 10:00:00,446.0000,80.0000,22.2000,67.0000,2.4000,2.1294
2023-12-24 11:00:00,593.0000,80.0000,23.3000,62.0000,2.8000,2.5254
2023-12-24 12:00:00,625.0000,70.0000,24.4000,58.0000,3.1000,2.7610
2023-12-24 13:00:00,604.0000,70.0000,24.4000,58.0000,3.3000,2.6522
2023-12-24 14:00:00,509.0000,80.0000,24.4000,58.0000,3.4000,1.9703
2023-12-24 15:00:00,278.0000,80.0000,24.4000,58.0000,3.6000,1.0513
2023-12-24 16:00:00,124.0000,80.0000,23.5000,64.0000,3.3000,0.3528
2023-12-24 17:00:00,24.0000,70.0000,22.6000,70.0000,2.9000,0.0289
2023-12-24 18:00:00,0.0000,70.0000,21.7000,76.0000,2.6000,0.0000
2023-12-24 19:00:00,0.0000,60.0000,20.8000,77.0000,2.6000,0.0000
2023-12-24 20:00:00,0.0000,40.0000,19.8000,77.0000,2.6000,0.0000
2023-12-24 21:00:00,0.0000,30.0000,18.9000,78.0000,2.6000,0.0000
2023-12-24 22:00:00,0.0000,50.0000,19.1000,78.0000,2.2000,0.0000
2023-12-24 23:00:00,0.0000,80.0000,19.2000,78.0000,1.9000,0.0000
2023-12-25 00:00:00,0.0000,100.0000,19.4000,78.0000,1.5000,0.0000
2023-12-25 01:00:00,0.0000,100.0000,19.4000,82.0000,1.9000,0.0000
2023-12-25 02:00:00,0.0000,100.0000,19.4000,86.0000,2.2000,0.0000
2023-12-25 03:00:00,0.0000,100.0000,19.4000,90.0000,2.6000,0.0000
2023-12-25 04:00:00,0.0000,100.0000,18.7000,89.0000,3.5000,0.0000
2023-12-25 05:00:00,0.0000,100.0000,17.9000,88.0000,4.3000,0.0000
2023-12-25 06:00:00,0.0000,100.0000,17.2000,87.0000,5.2000,0.0000
2023-12-25 07:00:00,28.0000,100.0000,17.4000,83.0000,5.5000,0.0000
2023-12-25 08:00:00,87.0000,100.0000,17.6000,79.0000,5.9000,0.9909
2023-12-25 09:00:00,146.0000,100.0000,17.8000,75.0000,6.2000,1.6022
2023-12-25 10:00:00,416.0000,70.0000,18.7000,70.0000,5.9000,2.1862
2023-12-25 11:00:00,626.0000,30.0000,19.7000,66.0000,5.5000,2.6585
2023-12-25 12:00:00,664.0000,0.0000,20.6000,61.0000,5.2000,2.7549
2023-12-25 13:00:00,624.0000,0.0000,21.0000,57.0000,5.2000,2.6564
2023-12-25 14:00:00,510.0000,0.0000,21.3000,53.0000,5.2000,1.9241
2023-12-25 15:00:00,349.0000,0.0000,21.7000,49.0000,5.2000,1.0251
2023-12-25 16:00:00,157.0000,0.0000,20.4000,54.0000,5.2000,0.3792
2023-12-25 17:00:00,29.0000,0.0000,19.1000,58.0000,5.2000,0.0424
2023-12-25 18:00:00,0.0000,0.0000,17.8000,63.0000,5.2000,0.0000
2023-12-25 19:00:00,0.0000,10.0000,16.5000,68.0000,5.4000,0.0000
2023-12-25 20:00:00,0.0000,10.0000,15.2000,72.0000,5.5000,0.0000
2023-12-25 21:00:00,0.0000,20.0000,13.9000,77.0000,5.7000,0.0000
2023-12-25 22:00:00,0.0000,10.0000,13.3000,80.0000,4.8000,0.0000
2023-12-25 23:00:00,0.0000,10.0000,12.8000,83.0000,4.0000,0.0000
2023-12-26 00:00:00,0.0000,0.0000,12.2000,86.0000,3.1000,0.0000
2023-12-26 01:00:00,0.0000,0.0000,12.0000,87.0000,3.1000,0.0000
2023-12-26 02:00:00,0.0000,0.0000,11.9000,88.0000,3.1000,0.0000
2023-12-26 03:00:00,0.0000,0.0000,11.7000,89.0000,3.1000,0.0000
2023-12-26 04:00:00,0.0000,10.0000,11.5000,89.0000,3.1000,0.0000
2023-12-26 05:00:00,0.0000,10.0000,11.3000,89.0000,3.1000,0.0000
2023-12-26 06:00:00,0.0000,20.0000,11.1000,89.0000,3.1000,0.0000
2023-12-26 07:00:00,46.0000,20.0000,13.9000,81.0000,3.1000,0.0000
2023-12-26 08:00:00,171.0000,30.0000,16.6000,73.0000,3.1000,0.4595
2023-12-26 09:00:00,421.0000,30.0000,19.4000,65.0000,3.1000,1.1417
2023-12-26 10:00:00,577.0000,40.0000,20.3000,60.0000,4.1000,2.2193
2023-12-26 11:00:00,646.0000,60.0000,21.3000,54.0000,5.2000,2.9384
2023-12-26 12:00:00,680.0000,70.0000,22.2000,49.0000,6.2000,2.9737
2023-12-26 13:00:00,593.0000,70.0000,22.4000,49.0000,6.2000,2.8293
2023-12-26 14:00:00,453.0000,70.0000,22.6000,48.0000,6.2000,2.2769
2023-12-26 15:00:00,252.0000,70.0000,22.8000,48.0000,6.2000,1.5057
2023-12-26 16:00:00,140.0000,70.0000,21.9000,54.0000,5.2000,0.5780
2023-12-26 17:00:00,28.0000,60.0000,20.9000,59.0000,4.1000,0.0596
2023-12-26 18:00:00,0.0000,60.0000,20.0000,65.0000,3.1000,0.0000
2023-12-26 19:00:00,0.0000,50.0000,20.4000,66.0000,3.6000,0.0000
2023-12-26 20:00:00,0.0000,40.0000,20.7000,67.0000,4.1000,0.0000
2023-12-26 21:00:00,0.0000,30.0000,21.1000,68.0000,4.6000,0.0000
2023-12-26 22:00:00,0.0000,30.0000,19.6000,73.0000,4.1000,0.0000
2023-12-26 23:00:00,0.0000,20.0000,18.2000,79.0000,3.6000,0.0000
2023-12-27 00:00:00,0.0000,20.0000,16.7000,84.0000,3.1000,0.0000
2023-12-27 01:00:00,0.0000,50.0000,17.8000,80.0000,3.1000,0.0000
2023-12-27 02:00:00,0.0000,70.0000,18.9000,77.0000,3.1000,0.0000
2023-12-27 03:00:00,0.0000,100.0000,20.0000,73.0000,3.1000,0.0000
2023-12-27 04:00:00,0.0000,90.0000,18.5000,79.0000,2.8000,0.0000
2023-12-27 05:00:00,0.0000,80.0000,17.1000,84.0000,2.4000,0.0000
2023-12-27 06:00:00,0.0000,70.0000,15.6000,90.0000,2.1000,0.0000
2023-12-27 07:00:00,48.0000,50.0000,18.2000,77.0000,3.6000,0.0000
2023-12-27 08:00:00,217.0000,20.0000,20.7000,64.0000,5.2000,1.1551
2023-12-27 09:00:00,413.0000,0.0000,23.3000,51.0000,6.7000,1.9414
2023-12-27 10:00:00,502.0000,20.0000,23.7000,53.0000,7.9000,2.5837
2023-12-27 11:00:00,557.0000,30.0000,24.0000,54.0000,9.1000,2.9002
2023-12-27 12:00:00,446.0000,50.0000,24.4000,56.0000,10.3000,2.8432
2023-12-27 13:00:00,525.0000,70.0000,24.0000,56.0000,9.6000,2.5362
2023-12-27 14:00:00,293.0000,80.0000,23.7000,57.0000,8.9000,1.7369
2023-12-27 15:00:00,177.0000,100.0000,23.3000,57.0000,8.2000,1.0125
2023-12-27 16:00:00,89.0000,100.0000,22.9000,58.0000,8.2000,0.4620
2023-12-27 17:00:00,23.0000,90.0000,22.6000,58.0000,8.2000,0.0553
2023-12-27 18:00:00,0.0000,90.0000,22.2000,59.0000,8.2000,0.0000
2023-12-27 19:00:00,0.0000,70.0000,21.8000,60.0000,7.5000,0.0000
2023-12-27 20:00:00,0.0000,50.0000,21.5000,60.0000,6.9000,0.0000
2023-12-27 21:00:00,0.0000,30.0000,21.1000,61.0000,6.2000,0.0000
2023-12-27 22:00:00,0.0000,40.0000,21.3000,61.0000,6.4000,0.0000
2023-12-27 23:00:00,0.0000,60.0000,21.5000,61.0000,6.5000,0.0000
2023-12-28 00:00:00,0.0000,70.0000,21.7000,61.0000,6.7000,0.0000
2023-12-28 01:00:00,0.0000,70.0000,21.5000,61.0000,6.5000,0.0000
2023-12-28 02:00:00,0.0000,70.0000,21.3000,61.0000,6.4000,0.0000
2023-12-28 03:00:00,0.0000,70.0000,21.1000,61.0000,6.2000,0.0000
2023-12-28 04:00:00,0.0000,80.0000,21.3000,60.0000,6.0000,0.0000
2023-12-28 05:00:00,0.0000,90.0000,21.5000,60.0000,5.9000,0.0000
2023-12-28 06:00:00,0.0000,100.0000,21.7000,59.0000,5.7000,0.0000
2023-12-28 07:00:00,23.0000,100.0000,21.9000,61.0000,6.2000,0.0000
2023-12-28 08:00:00,127.0000,90.0000,22.0000,64.0000,6.7000,1.1668
2023-12-28 09:00:00,301.0000,90.0000,22.2000,66.0000,7.2000,1.8881
2023-12-28 10:00:00,351.0000,90.0000,22.8000,63.0000,6.5000,2.3020
2023-12-28 11:00:00,409.0000,90.0000,23.3000,61.0000,5.9000,2.2411
2023-12-28 12:00:00,307.0000,90.0000,23.9000,58.0000,5.2000,2.1814
2023-12-28 13:00:00,528.0000,80.0000,23.7000,61.0000,5.4000,1.9305
2023-12-28 14:00:00,270.0000,60.0000,23.5000,63.0000,5.5000,1.0613
2023-12-28 15:00:00,297.0000,50.0000,23.3000,66.0000,5.7000,0.5872
2023-12-28 16:00:00,141.0000,70.0000,22.6000,69.0000,4.8000,0.2335
2023-12-28 17:00:00,23.0000,80.0000,21.8000,73.0000,4.0000,0.0379
2023-12-28 18:00:00,0.0000,100.0000,21.1000,76.0000,3.1000,0.0000
2023-12-28 19:00:00,0.0000,80.0000,21.1000,74.0000,4.3000,0.0000
2023-12-28 20:00:00,0.0000,60.0000,21.1000,73.0000,5.5000,0.0000
2023-12-28 21:00:00,0.0000,40.0000,21.1000,71.0000,6.7000,0.0000
2023-12-28 22:00:00,0.0000,50.0000,20.7000,75.0000,6.5000,0.0000
2023-12-28 23:00:00,0.0000,70.0000,20.4000,80.0000,6.4000,0.0000
2023-12-29 00:00:00,0.0000,80.0000,20.0000,84.0000,6.2000,0.0000
2023-12-29 01:00:00,0.0000,80.0000,20.6000,76.0000,6.4000,0.0000
2023-12-29 02:00:00,0.0000,80.0000,21.1000,67.0000,6.5000,0.0000
2023-12-29 03:00:00,0.0000,80.0000,21.7000,59.0000,6.7000,0.0000
2023-12-29 04:00:00,0.0000,70.0000,21.5000,60.0000,6.7000,0.0000
2023-12-29 05:00:00,0.0000,60.0000,21.3000,62.0000,6.7000,0.0000
2023-12-29 06:00:00,0.0000,50.0000,21.1000,63.0000,6.7000,0.0000
2023-12-29 07:00:00,40.0000,60.0000,21.7000,60.0000,7.2000,0.0000
2023-12-29 08:00:00,153.0000,60.0000,22.2000,58.0000,7.7000,0.8267
2023-12-29 09:00:00,385.0000,70.0000,22.8000,55.0000,8.2000,1.3276
2023-12-29 10:00:00,368.0000,60.0000,23.3000,53.0000,8.6000,1.5736
2023-12-29 11:00:00,514.0000,50.0000,23.9000,50.0000,8.9000,1.5580
2023-12-29 12:00:00,632.0000,40.0000,24.4000,48.0000,9.3000,1.8624
2023-12-29 13:00:00,535.0000,30.0000,24.2000,50.0000,8.8000,1.8975
2023-12-29 14:00:00,495.0000,30.0000,24.1000,53.0000,8.2000,1.3753
2023-12-29 15:00:00,285.0000,20.0000,23.9000,55.0000,7.7000,1.1307
2023-12-29 16:00:00,156.0000,10.0000,23.3000,56.0000,7.0000,0.4025
2023-12-29 17:00:00,29.0000,10.0000,22.8000,58.0000,6.4000,0.0402
2023-12-29 18:00:00,0.0000,0.0000,22.2000,59.0000,5.7000,0.0000
2023-12-29 19:00:00,0.0000,0.0000,22.0000,60.0000,6.0000,0.0000
2023-12-29 20:00:00,0.0000,10.0000,21.9000,62.0000,6.4000,0.0000
2023-12-29 21:00:00,0.0000,10.0000,21.7000,63.0000,6.7000,0.0000
2023-12-29 22:00:00,0.0000,10.0000,21.7000,66.0000,6.4000,0.0000
2023-12-29 23:00:00,0.0000,20.0000,21.7000,68.0000,6.0000,0.0000
2023-12-30 00:00:00,0.0000,20.0000,21.7000,71.0000,5.7000,0.0000
2023-12-30 01:00:00,0.0000,20.0000,21.5000,71.0000,5.5000,0.0000
2023-12-30 02:00:00,0.0000,20.0000,21.3000,71.0000,5.4000,0.0000
2023-12-30 03:00:00,0.0000,20.0000,21.1000,71.0000,5.2000,0.0000
2023-12-30 04:00:00,0.0000,40.0000,20.9000,75.0000,4.8000,0.0000
2023-12-30 05:00:00,0.0000,50.0000,20.8000,80.0000,4.5000,0.0000
2023-12-30 06:00:00,0.0000,70.0000,20.6000,84.0000,4.1000,0.0000
2023-12-30 07:00:00,45.0000,60.0000,21.7000,77.0000,5.1000,0.0000
2023-12-30 08:00:00,201.0000,60.0000,22.8000,71.0000,6.2000,0.9992
2023-12-30 09:00:00,385.0000,50.0000,23.9000,64.0000,7.2000,1.4955
2023-12-30 10:00:00,547.0000,50.0000,24.3000,63.0000,7.4000,1.8653
2023-12-30 11:00:00,657.0000,60.0000,24.6000,61.0000,7.5000,2.5614
2023-12-30 12:00:00,690.0000,60.0000,25.0000,60.0000,7.7000,2.6732
2023-12-30 13:00:00,640.0000,60.0000,24.6000,62.0000,7.4000,2.4768
2023-12-30 14:00:00,450.0000,50.0000,24.3000,64.0000,7.0000,1.9995
2023-12-30 15:00:00,369.0000,50.0000,23.9000,66.0000,6.7000,1.2195
2023-12-30 16:00:00,136.0000,50.0000,23.3000,68.0000,6.7000,0.5719
2023-12-30 17:00:00,31.0000,50.0000,22.8000,69.0000,6.7000,0.0618
2023-12-30 18:00:00,0.0000,50.0000,22.2000,71.0000,6.7000,0.0000
2023-12-30 19:00:00,0.0000,50.0000,22.2000,69.0000,6.5000,0.0000
2023-12-30 20:00:00,0.0000,50.0000,22.2000,68.0000,6.4000,0.0000
2023-12-30 21:00:00,0.0000,50.0000,22.2000,66.0000,6.2000,0.0000
2023-12-30 22:00:00,0.0000,50.0000,22.2000,67.0000,6.0000,0.0000
2023-12-30 23:00:00,0.0000,60.0000,22.2000,67.0000,5.9000,0.0000
