time,ghi,dni,dhi,cloud,temp,rh,wind
2023-01-01 00:00:00,0.0,0.0,0.0,70.0,20.0,73.0,6.7
2023-01-01 01:00:00,0.0,0.0,0.0,80.0,20.6,73.0,5.7
2023-01-01 02:00:00,0.0,0.0,0.0,90.0,20.0,76.0,5.2
2023-01-01 03:00:00,0.0,0.0,0.0,100.0,20.6,76.0,4.6
2023-01-01 04:00:00,0.0,0.0,0.0,100.0,20.0,84.0,4.1
2023-01-01 05:00:00,0.0,0.0,0.0,100.0,19.4,90.0,3.1
2023-01-01 06:00:00,0.0,0.0,0.0,100.0,19.4,93.0,4.1
2023-01-01 07:00:00,10.0,0.0,11.0,100.0,19.4,93.0,3.6
2023-01-01 08:00:00,49.0,0.0,64.0,100.0,18.3,93.0,3.6
2023-01-01 09:00:00,96.0,0.0,109.0,100.0,18.9,93.0,3.6
2023-01-01 10:00:00,139.0,0.0,138.0,100.0,18.9,93.0,4.1
2023-01-01 11:00:00,134.0,0.0,128.0,100.0,19.4,90.0,5.7
2023-01-01 12:00:00,145.0,9.0,137.0,100.0,18.9,97.0,4.1
2023-01-01 13:00:00,173.0,55.0,134.0,100.0,19.4,87.0,4.6
2023-01-01 14:00:00,162.0,0.0,177.0,100.0,19.4,90.0,5.2
2023-01-01 15:00:00,114.0,8.0,106.0,100.0,19.4,87.0,6.2
2023-01-01 16:00:00,59.0,0.0,71.0,100.0,18.3,90.0,6.2
2023-01-01 17:00:00,14.0,0.0,15.0,100.0,17.8,93.0,5.7
2023-01-01 18:00:00,0.0,0.0,0.0,100.0,16.7,93.0,3.6
2023-01-01 19:00:00,0.0,0.0,0.0,100.0,17.2,78.0,7.2
2023-01-01 20:00:00,0.0,0.0,0.0,100.0,16.7,75.0,6.2
2023-01-01 21:00:00,0.0,0.0,0.0,0.0,15.6,78.0,4.1
2023-01-01 22:00:00,0.0,0.0,0.0,0.0,13.3,86.0,4.1
2023-01-01 23:00:00,0.0,0.0,0.0,0.0,12.8,86.0,7.2
2023-01-02 00:00:00,0.0,0.0,0.0,0.0,11.7,83.0,5.7
2023-01-02 01:00:00,0.0,0.0,0.0,0.0,11.1,80.0,5.2
2023-01-02 02:00:00,0.0,0.0,0.0,0.0,10.0,83.0,3.6
2023-01-02 03:00:00,0.0,0.0,0.0,0.0,10.0,83.0,2.6
2023-01-02 04:00:00,0.0,0.0,0.0,0.0,8.9,89.0,3.1
2023-01-02 05:00:00,0.0,0.0,0.0,0.0,8.3,89.0,2.6
2023-01-02 06:00:00,0.0,0.0,0.0,40.0,7.8,93.0,3.6
2023-01-02 07:00:00,40.0,92.0,25.0,30.0,8.3,86.0,3.6
2023-01-02 08:00:00,165.0,275.0,89.0,30.0,9.4,83.0,3.6
2023-01-02 09:00:00,367.0,626.0,94.0,30.0,11.1,72.0,3.6
2023-01-02 10:00:00,519.0,744.0,118.0,0.0,13.3,64.0,4.6
2023-01-02 11:00:00,613.0,748.0,120.0,40.0,15.0,60.0,4.1
2023-01-02 12:00:00,564.0,459.0,262.0,60.0,15.6,60.0,4.6
2023-01-02 13:00:00,418.0,187.0,301.0,90.0,15.6,58.0,7.2
2023-01-02 14:00:00,256.0,32.0,239.0,80.0,16.7,54.0,6.7
2023-01-02 15:00:00,260.0,297.0,140.0,40.0,16.7,54.0,8.8
2023-01-02 16:00:00,138.0,286.0,71.0,20.0,16.1,58.0,5.2
2023-01-02 17:00:00,29.0,54.0,23.0,0.0,15.0,65.0,5.2
2023-01-02 18:00:00,0.0,0.0,0.0,0.0,14.4,65.0,3.1
2023-01-02 19:00:00,0.0,0.0,0.0,0.0,13.3,67.0,3.6
2023-01-02 20:00:00,0.0,0.0,0.0,0.0,12.2,69.0,3.6
2023-01-02 21:00:00,0.0,0.0,0.0,0.0,11.7,69.0,3.1
2023-01-02 22:00:00,0.0,0.0,0.0,0.0,10.0,74.0,3.1
2023-01-02 23:00:00,0.0,0.0,0.0,0.0,8.9,77.0,2.6
2023-01-03 00:00:00,0.0,0.0,0.0,0.0,8.3,80.0,2.6
2023-01-03 01:00:00,0.0,0.0,0.0,0.0,7.2,86.0,3.6
2023-01-03 02:00:00,0.0,0.0,0.0,0.0,6.7,89.0,2.1
2023-01-03 03:00:00,0.0,0.0,0.0,0.0,6.1,89.0,2.6
2023-01-03 04:00:00,0.0,0.0,0.0,0.0,5.6,93.0,2.6
2023-01-03 05:00:00,0.0,0.0,0.0,0.0,4.4,93.0,2.1
2023-01-03 06:00:00,0.0,0.0,0.0,0.0,3.3,93.0,2.6
2023-01-03 07:00:00,57.0,376.0,16.0,0.0,5.6,79.0,2.6
2023-01-03 08:00:00,228.0,757.0,30.0,20.0,8.3,58.0,5.2
2023-01-03 09:00:00,424.0,899.0,41.0,0.0,10.6,48.0,5.7
2023-01-03 10:00:00,594.0,957.0,56.0,20.0,13.3,37.0,5.2
2023-01-03 11:00:00,685.0,966.0,56.0,30.0,15.0,39.0,3.1
2023-01-03 12:00:00,717.0,976.0,64.0,30.0,16.1,29.0,3.6
2023-01-03 13:00:00,627.0,865.0,88.0,40.0,16.7,26.0,2.6
2023-01-03 14:00:00,524.0,815.0,65.0,80.0,17.2,24.0,2.1
2023-01-03 15:00:00,383.0,854.0,38.0,30.0,17.8,26.0,2.1
2023-01-03 16:00:00,190.0,688.0,23.0,30.0,17.2,28.0,3.1
2023-01-03 17:00:00,38.0,170.0,19.0,30.0,14.4,44.0,2.1
2023-01-03 18:00:00,0.0,0.0,0.0,30.0,12.8,55.0,1.5
2023-01-03 19:00:00,0.0,0.0,0.0,20.0,12.2,59.0,2.1
2023-01-03 20:00:00,0.0,0.0,0.0,0.0,11.7,55.0,2.6
2023-01-03 21:00:00,0.0,0.0,0.0,20.0,10.6,46.0,3.1
2023-01-03 22:00:00,0.0,0.0,0.0,10.0,10.6,46.0,2.1
2023-01-03 23:00:00,0.0,0.0,0.0,60.0,11.1,47.0,2.6
2023-01-04 00:00:00,0.0,0.0,0.0,70.0,10.6,50.0,4.1
2023-01-04 01:00:00,0.0,0.0,0.0,80.0,10.6,52.0,3.1
2023-01-04 02:00:00,0.0,0.0,0.0,90.0,11.7,55.0,3.1
2023-01-04 03:00:00,0.0,0.0,0.0,40.0,10.6,65.0,1.5
2023-01-04 04:00:00,0.0,0.0,0.0,80.0,10.6,66.0,1.5
2023-01-04 05:00:00,0.0,0.0,0.0,90.0,11.1,61.0,2.1
2023-01-04 06:00:00,0.0,0.0,0.0,90.0,11.7,57.0,2.1
2023-01-04 07:00:00,30.0,0.0,33.0,100.0,12.2,55.0,2.1
2023-01-04 08:00:00,117.0,18.0,112.0,100.0,13.3,51.0,3.6
2023-01-04 09:00:00,168.0,6.0,165.0,100.0,15.0,54.0,4.1
2023-01-04 10:00:00,220.0,13.0,212.0,100.0,16.7,54.0,3.1
2023-01-04 11:00:00,210.0,0.0,234.0,100.0,18.3,54.0,2.6
2023-01-04 12:00:00,279.0,0.0,275.0,100.0,20.0,53.0,3.1
2023-01-04 13:00:00,317.0,87.0,260.0,100.0,20.6,57.0,5.2
2023-01-04 14:00:00,267.0,15.0,257.0,100.0,20.6,59.0,4.6
2023-01-04 15:00:00,170.0,137.0,115.0,80.0,20.6,61.0,4.1
2023-01-04 16:00:00,131.0,132.0,101.0,80.0,20.0,63.0,5.2
2023-01-04 17:00:00,20.0,0.0,20.0,100.0,20.0,68.0,2.6
2023-01-04 18:00:00,0.0,0.0,0.0,100.0,19.4,70.0,2.6
2023-01-04 19:00:00,0.0,0.0,0.0,100.0,20.0,71.0,3.6
2023-01-04 20:00:00,0.0,0.0,0.0,80.0,20.0,73.0,3.1
2023-01-04 21:00:00,0.0,0.0,0.0,100.0,20.6,73.0,3.1
2023-01-04 22:00:00,0.0,0.0,0.0,100.0,19.4,84.0,4.1
2023-01-04 23:00:00,0.0,0.0,0.0,100.0,20.0,81.0,3.1
2023-01-05 00:00:00,0.0,0.0,0.0,90.0,20.6,78.0,3.1
2023-01-05 01:00:00,0.0,0.0,0.0,100.0,20.6,81.0,4.1
2023-01-05 02:00:00,0.0,0.0,0.0,90.0,20.6,81.0,4.1
2023-01-05 03:00:00,0.0,0.0,0.0,80.0,20.6,81.0,4.6
2023-01-05 04:00:00,0.0,0.0,0.0,40.0,20.6,84.0,4.1
2023-01-05 05:00:00,0.0,0.0,0.0,60.0,21.1,84.0,4.6
2023-01-05 06:00:00,0.0,0.0,0.0,40.0,21.1,87.0,4.1
2023-01-05 07:00:00,44.0,146.0,28.0,20.0,21.1,90.0,4.6
2023-01-05 08:00:00,149.0,156.0,106.0,40.0,22.8,82.0,6.7
2023-01-05 09:00:00,360.0,550.0,117.0,50.0,24.4,76.0,6.7
2023-01-05 10:00:00,532.0,735.0,118.0,50.0,25.0,76.0,7.7
2023-01-05 11:00:00,295.0,10.0,289.0,100.0,24.4,79.0,7.2
2023-01-05 12:00:00,424.0,185.0,290.0,100.0,25.0,76.0,8.2
2023-01-05 13:00:00,381.0,84.0,323.0,100.0,25.0,79.0,7.7
2023-01-05 14:00:00,363.0,362.0,166.0,70.0,24.4,79.0,8.2
2023-01-05 15:00:00,277.0,252.0,167.0,80.0,24.4,79.0,7.2
2023-01-05 16:00:00,167.0,457.0,47.0,60.0,24.4,82.0,5.7
2023-01-05 17:00:00,37.0,126.0,23.0,20.0,23.3,87.0,4.1
2023-01-05 18:00:00,0.0,0.0,0.0,0.0,22.8,90.0,5.2
2023-01-05 19:00:00,0.0,0.0,0.0,10.0,22.8,90.0,5.2
2023-01-05 20:00:00,0.0,0.0,0.0,0.0,22.8,90.0,6.7
2023-01-05 21:00:00,0.0,0.0,0.0,0.0,22.8,90.0,6.2
2023-01-05 22:00:00,0.0,0.0,0.0,40.0,22.8,90.0,6.2
2023-01-05 23:00:00,0.0,0.0,0.0,20.0,22.8,87.0,6.2
2023-01-06 00:00:00,0.0,0.0,0.0,50.0,22.2,90.0,6.7
2023-01-06 01:00:00,0.0,0.0,0.0,100.0,22.8,87.0,5.7
2023-01-06 02:00:00,0.0,0.0,0.0,30.0,22.2,87.0,5.7
2023-01-06 03:00:00,0.0,0.0,0.0,70.0,22.2,87.0,5.2
2023-01-06 04:00:00,0.0,0.0,0.0,90.0,22.2,90.0,6.2
2023-01-06 05:00:00,0.0,0.0,0.0,60.0,22.2,90.0,5.7
2023-01-06 06:00:00,0.0,0.0,0.0,70.0,22.2,90.0,5.7
2023-01-06 07:00:00,38.0,96.0,28.0,30.0,22.2,93.0,5.2
2023-01-06 08:00:00,206.0,539.0,58.0,50.0,23.9,87.0,6.2
2023-01-06 09:00:00,227.0,118.0,176.0,90.0,25.0,82.0,7.7
2023-01-06 10:00:00,469.0,568.0,151.0,90.0,25.6,79.0,8.2
2023-01-06 11:00:00,466.0,294.0,278.0,90.0,26.7,74.0,11.8
2023-01-06 12:00:00,529.0,387.0,272.0,90.0,27.2,69.0,11.3
2023-01-06 13:00:00,496.0,367.0,264.0,100.0,26.7,72.0,8.8
2023-01-06 14:00:00,417.0,472.0,153.0,100.0,25.6,77.0,8.8
2023-01-06 15:00:00,298.0,370.0,148.0,90.0,25.6,77.0,8.8
2023-01-06 16:00:00,132.0,38.0,123.0,100.0,24.4,85.0,7.7
2023-01-06 17:00:00,13.0,1.0,13.0,100.0,23.9,87.0,7.2
2023-01-06 18:00:00,0.0,0.0,0.0,100.0,23.3,90.0,5.2
2023-01-06 19:00:00,0.0,0.0,0.0,100.0,23.3,90.0,6.2
2023-01-06 20:00:00,0.0,0.0,0.0,100.0,23.9,87.0,4.1
2023-01-06 21:00:00,0.0,0.0,0.0,100.0,17.8,93.0,7.7
2023-01-06 22:00:00,0.0,0.0,0.0,80.0,17.2,90.0,4.1
2023-01-06 23:00:00,0.0,0.0,0.0,100.0,16.7,90.0,3.1
2023-01-07 00:00:00,0.0,0.0,0.0,100.0,16.7,90.0,2.6
2023-01-07 01:00:00,0.0,0.0,0.0,90.0,16.7,90.0,0.0
2023-01-07 02:00:00,0.0,0.0,0.0,100.0,16.7,90.0,0.0
2023-01-07 03:00:00,0.0,0.0,0.0,100.0,16.7,90.0,0.0
2023-01-07 04:00:00,0.0,0.0,0.0,100.0,16.7,90.0,1.5
2023-01-07 05:00:00,0.0,0.0,0.0,100.0,16.7,90.0,0.0
2023-01-07 06:00:00,0.0,0.0,0.0,90.0,16.7,93.0,1.5
2023-01-07 07:00:00,39.0,19.0,34.0,100.0,17.2,90.0,0.0
2023-01-07 08:00:00,82.0,1.0,82.0,90.0,18.3,81.0,2.1
2023-01-07 09:00:00,150.0,1.0,150.0,100.0,18.9,73.0,1.5
2023-01-07 10:00:00,361.0,142.0,272.0,100.0,20.0,68.0,2.1
2023-01-07 11:00:00,349.0,12.0,342.0,100.0,21.1,61.0,1.5
2023-01-07 12:00:00,353.0,165.0,243.0,100.0,21.7,61.0,2.1
2023-01-07 13:00:00,277.0,32.0,249.0,100.0,21.1,66.0,3.6
2023-01-07 14:00:00,335.0,82.0,288.0,100.0,21.1,68.0,4.1
2023-01-07 15:00:00,321.0,377.0,158.0,90.0,21.7,68.0,4.1
2023-01-07 16:00:00,145.0,262.0,82.0,70.0,21.1,68.0,5.2
2023-01-07 17:00:00,32.0,11.0,31.0,90.0,20.0,78.0,3.6
2023-01-07 18:00:00,0.0,0.0,0.0,100.0,20.0,78.0,2.6
2023-01-07 19:00:00,0.0,0.0,0.0,100.0,20.0,78.0,2.6
2023-01-07 20:00:00,0.0,0.0,0.0,100.0,20.0,78.0,3.1
2023-01-07 21:00:00,0.0,0.0,0.0,100.0,20.0,78.0,3.6
2023-01-07 22:00:00,0.0,0.0,0.0,70.0,19.4,84.0,3.6
2023-01-07 23:00:00,0.0,0.0,0.0,30.0,18.9,84.0,3.1
2023-01-08 00:00:00,0.0,0.0,0.0,70.0,18.3,87.0,2.1
2023-01-08 01:00:00,0.0,0.0,0.0,70.0,18.3,87.0,1.5
2023-01-08 02:00:00,0.0,0.0,0.0,90.0,18.3,84.0,2.6
2023-01-08 03:00:00,0.0,0.0,0.0,100.0,18.9,81.0,1.5
2023-01-08 04:00:00,0.0,0.0,0.0,100.0,18.9,84.0,2.6
2023-01-08 05:00:00,0.0,0.0,0.0,60.0,18.9,81.0,2.6
2023-01-08 06:00:00,0.0,0.0,0.0,30.0,18.3,84.0,2.6
2023-01-08 07:00:00,45.0,209.0,23.0,0.0,18.3,84.0,1.5
2023-01-08 08:00:00,211.0,623.0,46.0,0.0,21.7,76.0,4.6
2023-01-08 09:00:00,406.0,781.0,66.0,10.0,23.9,66.0,3.1
2023-01-08 10:00:00,556.0,840.0,82.0,20.0,25.0,58.0,7.7
2023-01-08 11:00:00,574.0,595.0,190.0,30.0,25.6,56.0,9.3
2023-01-08 12:00:00,630.0,711.0,152.0,10.0,26.1,47.0,9.3
2023-01-08 13:00:00,661.0,886.0,86.0,10.0,27.2,42.0,5.2
2023-01-08 14:00:00,535.0,829.0,76.0,10.0,27.2,46.0,3.6
2023-01-08 15:00:00,375.0,641.0,104.0,20.0,26.7,47.0,7.2
2023-01-08 16:00:00,186.0,581.0,44.0,10.0,25.6,52.0,5.2
2023-01-08 17:00:00,40.0,162.0,21.0,20.0,23.3,64.0,4.6
2023-01-08 18:00:00,0.0,0.0,0.0,0.0,21.7,73.0,4.1
2023-01-08 19:00:00,0.0,0.0,0.0,0.0,20.0,78.0,3.6
2023-01-08 20:00:00,0.0,0.0,0.0,0.0,18.9,73.0,2.1
2023-01-08 21:00:00,0.0,0.0,0.0,0.0,18.3,70.0,4.1
2023-01-08 22:00:00,0.0,0.0,0.0,0.0,16.7,70.0,3.1
2023-01-08 23:00:00,0.0,0.0,0.0,0.0,15.6,62.0,3.1
2023-01-09 00:00:00,0.0,0.0,0.0,0.0,14.4,55.0,4.1
2023-01-09 01:00:00,0.0,0.0,0.0,0.0,12.8,53.0,5.2
2023-01-09 02:00:00,0.0,0.0,0.0,0.0,11.7,55.0,5.2
2023-01-09 03:00:00,0.0,0.0,0.0,0.0,11.1,57.0,2.6
2023-01-09 04:00:00,0.0,0.0,0.0,0.0,11.1,61.0,3.6
2023-01-09 05:00:00,0.0,0.0,0.0,50.0,10.6,69.0,2.6
2023-01-09 06:00:00,0.0,0.0,0.0,30.0,10.6,74.0,2.6
2023-01-09 07:00:00,44.0,98.0,28.0,0.0,11.1,77.0,2.6
2023-01-09 08:00:00,190.0,481.0,66.0,0.0,13.9,72.0,3.1
2023-01-09 09:00:00,356.0,559.0,115.0,20.0,18.9,63.0,3.1
2023-01-09 10:00:00,472.0,494.0,194.0,30.0,22.2,64.0,3.1
2023-01-09 11:00:00,533.0,400.0,281.0,20.0,24.4,64.0,5.7
2023-01-09 12:00:00,662.0,795.0,131.0,20.0,25.0,58.0,5.2
2023-01-09 13:00:00,606.0,649.0,192.0,30.0,25.6,64.0,6.7
2023-01-09 14:00:00,505.0,655.0,143.0,30.0,26.7,62.0,5.2
2023-01-09 15:00:00,225.0,270.0,112.0,30.0,25.0,56.0,5.7
2023-01-09 16:00:00,178.0,460.0,65.0,20.0,23.9,64.0,4.1
2023-01-09 17:00:00,32.0,100.0,21.0,20.0,22.8,69.0,3.1
2023-01-09 18:00:00,0.0,0.0,0.0,0.0,21.7,73.0,2.1
2023-01-09 19:00:00,0.0,0.0,0.0,10.0,20.6,78.0,2.6
2023-01-09 20:00:00,0.0,0.0,0.0,10.0,20.6,84.0,2.1
2023-01-09 21:00:00,0.0,0.0,0.0,10.0,20.6,87.0,2.6
2023-01-09 22:00:00,0.0,0.0,0.0,10.0,20.6,87.0,3.1
2023-01-09 23:00:00,0.0,0.0,0.0,10.0,21.1,87.0,2.6
2023-01-10 00:00:00,0.0,0.0,0.0,10.0,21.1,90.0,3.1
2023-01-10 01:00:00,0.0,0.0,0.0,0.0,21.7,87.0,3.6
2023-01-10 02:00:00,0.0,0.0,0.0,10.0,20.6,93.0,2.6
2023-01-10 03:00:00,0.0,0.0,0.0,10.0,21.7,87.0,2.6
2023-01-10 04:00:00,0.0,0.0,0.0,80.0,21.1,87.0,2.1
2023-01-10 05:00:00,0.0,0.0,0.0,60.0,21.1,87.0,2.6
2023-01-10 06:00:00,0.0,0.0,0.0,90.0,20.6,90.0,0.0
2023-01-10 07:00:00,48.0,47.0,39.0,100.0,21.1,90.0,1.5
2023-01-10 08:00:00,127.0,107.0,97.0,100.0,22.8,84.0,3.6
2023-01-10 09:00:00,225.0,38.0,205.0,100.0,24.4,71.0,5.2
2023-01-10 10:00:00,399.0,176.0,291.0,100.0,25.6,64.0,4.1
2023-01-10 11:00:00,385.0,150.0,283.0,100.0,25.6,64.0,4.6
2023-01-10 12:00:00,303.0,86.0,242.0,100.0,25.0,67.0,6.2
2023-01-10 13:00:00,326.0,72.0,276.0,100.0,25.6,60.0,4.6
2023-01-10 14:00:00,262.0,81.0,215.0,100.0,25.6,60.0,4.6
2023-01-10 15:00:00,190.0,54.0,168.0,90.0,24.4,66.0,4.1
2023-01-10 16:00:00,119.0,18.0,114.0,80.0,24.4,66.0,3.1
2023-01-10 17:00:00,38.0,86.0,29.0,80.0,23.3,74.0,2.1
2023-01-10 18:00:00,0.0,0.0,0.0,80.0,22.2,79.0,0.0
2023-01-10 19:00:00,0.0,0.0,0.0,90.0,22.2,79.0,2.1
2023-01-10 20:00:00,0.0,0.0,0.0,70.0,22.2,79.0,2.1
2023-01-10 21:00:00,0.0,0.0,0.0,100.0,21.1,87.0,5.7
2023-01-10 22:00:00,0.0,0.0,0.0,70.0,20.6,84.0,3.6
2023-01-10 23:00:00,0.0,0.0,0.0,80.0,20.6,84.0,3.1
2023-01-11 00:00:00,0.0,0.0,0.0,100.0,19.4,90.0,3.1
2023-01-11 01:00:00,0.0,0.0,0.0,100.0,18.3,93.0,6.2
2023-01-11 02:00:00,0.0,0.0,0.0,100.0,17.8,93.0,4.6
2023-01-11 03:00:00,0.0,0.0,0.0,100.0,17.2,93.0,4.6
2023-01-11 04:00:00,0.0,0.0,0.0,100.0,16.7,93.0,4.1
2023-01-11 05:00:00,0.0,0.0,0.0,100.0,16.7,97.0,3.6
2023-01-11 06:00:00,0.0,0.0,0.0,100.0,16.7,97.0,4.1
2023-01-11 07:00:00,37.0,0.0,37.0,100.0,16.7,100.0,3.1
2023-01-11 08:00:00,102.0,1.0,102.0,100.0,16.1,97.0,3.6
2023-01-11 09:00:00,202.0,8.0,198.0,100.0,16.7,97.0,3.1
2023-01-11 10:00:00,232.0,1.0,232.0,100.0,17.8,93.0,3.1
2023-01-11 11:00:00,334.0,43.0,308.0,100.0,19.4,84.0,3.1
2023-01-11 12:00:00,537.0,480.0,213.0,30.0,22.2,73.0,3.1
2023-01-11 13:00:00,627.0,664.0,197.0,40.0,24.4,69.0,3.1
2023-01-11 14:00:00,495.0,583.0,167.0,40.0,25.6,67.0,2.1
2023-01-11 15:00:00,336.0,403.0,160.0,60.0,25.0,69.0,3.6
2023-01-11 16:00:00,173.0,392.0,71.0,50.0,23.9,74.0,3.6
2023-01-11 17:00:00,33.0,2.0,33.0,100.0,23.3,79.0,4.1
2023-01-11 18:00:00,0.0,0.0,0.0,90.0,22.8,82.0,2.6
2023-01-11 19:00:00,0.0,0.0,0.0,100.0,21.1,76.0,4.1
2023-01-11 20:00:00,0.0,0.0,0.0,100.0,19.4,93.0,5.2
2023-01-11 21:00:00,0.0,0.0,0.0,70.0,18.3,93.0,5.2
2023-01-11 22:00:00,0.0,0.0,0.0,50.0,17.8,93.0,3.1
2023-01-11 23:00:00,0.0,0.0,0.0,10.0,17.2,97.0,2.1
2023-01-12 00:00:00,0.0,0.0,0.0,100.0,16.7,97.0,3.1
2023-01-12 01:00:00,0.0,0.0,0.0,100.0,16.1,97.0,4.6
2023-01-12 02:00:00,0.0,0.0,0.0,100.0,15.6,96.0,4.1
2023-01-12 03:00:00,0.0,0.0,0.0,100.0,15.0,96.0,3.1
2023-01-12 04:00:00,0.0,0.0,0.0,100.0,15.0,96.0,4.1
2023-01-12 05:00:00,0.0,0.0,0.0,100.0,14.4,96.0,6.2
2023-01-12 06:00:00,0.0,0.0,0.0,100.0,13.3,96.0,4.6
2023-01-12 07:00:00,13.0,22.0,9.0,100.0,11.7,96.0,6.7
2023-01-12 08:00:00,58.0,1.0,58.0,100.0,10.6,96.0,5.2
2023-01-12 09:00:00,135.0,2.0,134.0,100.0,10.0,93.0,8.2
2023-01-12 10:00:00,170.0,2.0,169.0,100.0,8.9,96.0,9.3
2023-01-12 11:00:00,213.0,0.0,258.0,100.0,9.4,93.0,7.7
2023-01-12 12:00:00,237.0,32.0,212.0,100.0,10.0,93.0,8.2
2023-01-12 13:00:00,261.0,0.0,267.0,100.0,10.6,86.0,8.2
2023-01-12 14:00:00,231.0,19.0,215.0,100.0,11.1,86.0,5.7
2023-01-12 15:00:00,184.0,13.0,171.0,100.0,12.2,77.0,6.7
2023-01-12 16:00:00,95.0,1.0,94.0,80.0,12.2,77.0,6.2
2023-01-12 17:00:00,38.0,41.0,33.0,80.0,11.7,74.0,6.2
2023-01-12 18:00:00,0.0,0.0,0.0,80.0,11.1,74.0,4.1
2023-01-12 19:00:00,0.0,0.0,0.0,60.0,11.1,69.0,4.1
2023-01-12 20:00:00,0.0,0.0,0.0,0.0,10.0,74.0,4.1
2023-01-12 21:00:00,0.0,0.0,0.0,50.0,9.4,77.0,2.6
2023-01-12 22:00:00,0.0,0.0,0.0,0.0,10.0,56.0,5.7
2023-01-12 23:00:00,0.0,0.0,0.0,0.0,8.9,44.0,5.2
2023-01-13 00:00:00,0.0,0.0,0.0,0.0,7.8,40.0,3.6
2023-01-13 01:00:00,0.0,0.0,0.0,0.0,6.7,49.0,3.6
2023-01-13 02:00:00,0.0,0.0,0.0,0.0,6.1,53.0,3.6
2023-01-13 03:00:00,0.0,0.0,0.0,0.0,5.6,58.0,3.6
2023-01-13 04:00:00,0.0,0.0,0.0,0.0,5.0,53.0,4.1
2023-01-13 05:00:00,0.0,0.0,0.0,0.0,4.4,57.0,4.1
2023-01-13 06:00:00,0.0,0.0,0.0,0.0,4.4,60.0,3.6
2023-01-13 07:00:00,38.0,97.0,28.0,0.0,3.9,67.0,4.1
2023-01-13 08:00:00,161.0,123.0,135.0,30.0,6.1,68.0,3.6
2023-01-13 09:00:00,387.0,670.0,96.0,0.0,10.0,64.0,4.6
2023-01-13 10:00:00,511.0,761.0,117.0,0.0,12.8,62.0,6.2
2023-01-13 11:00:00,576.0,514.0,202.0,80.0,15.0,60.0,5.2
2023-01-13 12:00:00,346.0,75.0,295.0,90.0,16.7,58.0,4.6
2023-01-13 13:00:00,378.0,181.0,263.0,100.0,17.2,65.0,5.2
2023-01-13 14:00:00,252.0,125.0,179.0,100.0,18.9,68.0,5.7
2023-01-13 15:00:00,148.0,0.0,176.0,100.0,19.4,63.0,6.7
2023-01-13 16:00:00,66.0,0.0,65.0,100.0,19.4,63.0,6.7
2023-01-13 17:00:00,17.0,1.0,17.0,100.0,19.4,68.0,5.7
2023-01-13 18:00:00,0.0,0.0,0.0,100.0,19.4,70.0,6.7
2023-01-13 19:00:00,0.0,0.0,0.0,90.0,19.4,70.0,6.7
2023-01-13 20:00:00,0.0,0.0,0.0,80.0,19.4,70.0,4.6
2023-01-13 21:00:00,0.0,0.0,0.0,0.0,19.4,73.0,6.2
2023-01-13 22:00:00,0.0,0.0,0.0,20.0,19.4,76.0,5.7
2023-01-13 23:00:00,0.0,0.0,0.0,90.0,20.0,78.0,5.7
2023-01-14 00:00:00,0.0,0.0,0.0,90.0,20.6,76.0,4.6
2023-01-14 01:00:00,0.0,0.0,0.0,100.0,20.6,76.0,6.2
2023-01-14 02:00:00,0.0,0.0,0.0,100.0,20.6,78.0,4.1
2023-01-14 03:00:00,0.0,0.0,0.0,100.0,20.6,84.0,4.6
2023-01-14 04:00:00,0.0,0.0,0.0,90.0,20.0,90.0,3.6
2023-01-14 05:00:00,0.0,0.0,0.0,100.0,19.4,97.0,1.5
2023-01-14 06:00:00,0.0,0.0,0.0,100.0,20.0,93.0,4.1
2023-01-14 07:00:00,23.0,7.0,22.0,70.0,20.6,90.0,2.6
2023-01-14 08:00:00,110.0,55.0,93.0,80.0,21.7,90.0,2.6
2023-01-14 09:00:00,294.0,421.0,112.0,60.0,23.3,79.0,6.7
2023-01-14 10:00:00,506.0,561.0,187.0,40.0,24.4,74.0,10.3
2023-01-14 11:00:00,647.0,878.0,62.0,40.0,25.6,69.0,10.3
2023-01-14 12:00:00,690.0,860.0,105.0,50.0,25.6,69.0,9.8
2023-01-14 13:00:00,536.0,508.0,209.0,50.0,25.0,69.0,7.7
2023-01-14 14:00:00,466.0,534.0,163.0,40.0,25.6,71.0,7.7
2023-01-14 15:00:00,371.0,460.0,166.0,80.0,24.4,71.0,7.7
2023-01-14 16:00:00,158.0,221.0,97.0,80.0,23.3,82.0,7.2
2023-01-14 17:00:00,35.0,61.0,29.0,50.0,22.8,84.0,7.2
2023-01-14 18:00:00,0.0,0.0,0.0,50.0,22.8,82.0,6.7
2023-01-14 19:00:00,0.0,0.0,0.0,50.0,22.8,82.0,5.2
2023-01-14 20:00:00,0.0,0.0,0.0,20.0,22.2,84.0,6.2
2023-01-14 21:00:00,0.0,0.0,0.0,0.0,22.2,84.0,5.2
2023-01-14 22:00:00,0.0,0.0,0.0,40.0,22.8,82.0,5.7
2023-01-14 23:00:00,0.0,0.0,0.0,50.0,22.8,84.0,5.2
2023-01-15 00:00:00,0.0,0.0,0.0,50.0,22.2,87.0,4.6
2023-01-15 01:00:00,0.0,0.0,0.0,50.0,22.2,87.0,3.6
2023-01-15 02:00:00,0.0,0.0,0.0,70.0,22.2,87.0,4.1
2023-01-15 03:00:00,0.0,0.0,0.0,0.0,21.7,87.0,2.6
2023-01-15 04:00:00,0.0,0.0,0.0,10.0,20.6,90.0,2.1
2023-01-15 05:00:00,0.0,0.0,0.0,10.0,20.6,90.0,2.1
2023-01-15 06:00:00,0.0,0.0,0.0,10.0,20.0,93.0,1.5
2023-01-15 07:00:00,47.0,237.0,22.0,0.0,20.0,90.0,2.1
2023-01-15 08:00:00,174.0,386.0,86.0,10.0,23.9,76.0,2.6
2023-01-15 09:00:00,386.0,621.0,110.0,30.0,25.0,71.0,4.6
2023-01-15 10:00:00,580.0,804.0,86.0,50.0,25.6,69.0,4.6
2023-01-15 11:00:00,469.0,373.0,225.0,50.0,26.1,65.0,2.1
2023-01-15 12:00:00,583.0,512.0,234.0,50.0,25.6,64.0,4.1
2023-01-15 13:00:00,679.0,864.0,92.0,40.0,26.1,62.0,5.7
2023-01-15 14:00:00,564.0,828.0,84.0,40.0,26.1,60.0,3.1
2023-01-15 15:00:00,408.0,782.0,61.0,20.0,26.1,62.0,3.1
2023-01-15 16:00:00,208.0,638.0,41.0,20.0,25.0,69.0,3.1
2023-01-15 17:00:00,51.0,299.0,17.0,10.0,23.9,76.0,3.1
2023-01-15 18:00:00,0.0,0.0,0.0,10.0,22.8,82.0,3.1
2023-01-15 19:00:00,0.0,0.0,0.0,10.0,21.7,87.0,3.1
2023-01-15 20:00:00,0.0,0.0,0.0,60.0,21.7,90.0,3.1
2023-01-15 21:00:00,0.0,0.0,0.0,70.0,21.7,90.0,2.1
2023-01-15 22:00:00,0.0,0.0,0.0,90.0,21.7,90.0,2.6
2023-01-15 23:00:00,0.0,0.0,0.0,0.0,20.6,93.0,1.5
2023-01-16 00:00:00,0.0,0.0,0.0,0.0,20.6,90.0,2.1
2023-01-16 01:00:00,0.0,0.0,0.0,0.0,19.4,90.0,2.1
2023-01-16 02:00:00,0.0,0.0,0.0,0.0,18.9,93.0,3.6
2023-01-16 03:00:00,0.0,0.0,0.0,0.0,18.3,93.0,2.6
2023-01-16 04:00:00,0.0,0.0,0.0,100.0,17.2,100.0,2.6
2023-01-16 05:00:00,0.0,0.0,0.0,100.0,17.2,97.0,2.1
2023-01-16 06:00:00,0.0,0.0,0.0,20.0,17.2,97.0,0.0
2023-01-16 07:00:00,39.0,99.0,28.0,0.0,18.3,93.0,3.1
2023-01-16 08:00:00,195.0,483.0,66.0,0.0,20.6,84.0,2.6
2023-01-16 09:00:00,372.0,620.0,104.0,10.0,22.8,76.0,3.1
2023-01-16 10:00:00,496.0,568.0,171.0,10.0,25.6,62.0,3.1
2023-01-16 11:00:00,598.0,565.0,231.0,30.0,25.6,62.0,2.1
2023-01-16 12:00:00,712.0,775.0,183.0,50.0,26.7,56.0,4.1
2023-01-16 13:00:00,657.0,791.0,127.0,30.0,27.2,58.0,5.7
2023-01-16 14:00:00,479.0,521.0,181.0,30.0,26.1,60.0,5.2
2023-01-16 15:00:00,389.0,669.0,96.0,0.0,26.1,65.0,5.7
2023-01-16 16:00:00,187.0,482.0,67.0,0.0,25.0,71.0,4.1
2023-01-16 17:00:00,38.0,86.0,29.0,30.0,24.4,74.0,3.6
2023-01-16 18:00:00,0.0,0.0,0.0,20.0,23.9,82.0,3.1
2023-01-16 19:00:00,0.0,0.0,0.0,20.0,23.3,84.0,3.1
2023-01-16 20:00:00,0.0,0.0,0.0,80.0,22.2,90.0,4.1
2023-01-16 21:00:00,0.0,0.0,0.0,60.0,21.7,93.0,3.6
2023-01-16 22:00:00,0.0,0.0,0.0,80.0,19.4,93.0,5.2
2023-01-16 23:00:00,0.0,0.0,0.0,40.0,18.9,93.0,6.2
2023-01-17 00:00:00,0.0,0.0,0.0,20.0,18.3,97.0,5.2
2023-01-17 01:00:00,0.0,0.0,0.0,40.0,18.3,93.0,4.1
2023-01-17 02:00:00,0.0,0.0,0.0,50.0,18.3,93.0,2.1
2023-01-17 03:00:00,0.0,0.0,0.0,30.0,17.2,97.0,2.6
2023-01-17 04:00:00,0.0,0.0,0.0,30.0,17.2,93.0,3.6
2023-01-17 05:00:00,0.0,0.0,0.0,20.0,16.7,93.0,2.1
2023-01-17 06:00:00,0.0,0.0,0.0,0.0,15.6,93.0,4.1
2023-01-17 07:00:00,48.0,241.0,22.0,0.0,15.6,90.0,5.2
2023-01-17 08:00:00,193.0,482.0,70.0,10.0,17.8,81.0,2.6
2023-01-17 09:00:00,390.0,597.0,128.0,40.0,20.0,76.0,4.6
2023-01-17 10:00:00,547.0,842.0,55.0,30.0,22.8,69.0,5.7
2023-01-17 11:00:00,658.0,872.0,79.0,40.0,25.0,64.0,5.2
2023-01-17 12:00:00,603.0,610.0,185.0,70.0,25.0,67.0,5.7
2023-01-17 13:00:00,538.0,576.0,158.0,40.0,25.6,62.0,5.7
2023-01-17 14:00:00,406.0,302.0,232.0,60.0,24.4,66.0,8.2
2023-01-17 15:00:00,238.0,23.0,223.0,80.0,24.4,66.0,7.2
2023-01-17 16:00:00,149.0,150.0,104.0,80.0,23.3,71.0,8.2
2023-01-17 17:00:00,43.0,60.0,36.0,50.0,22.8,71.0,8.2
2023-01-17 18:00:00,0.0,0.0,0.0,40.0,22.2,73.0,5.7
2023-01-17 19:00:00,0.0,0.0,0.0,0.0,22.2,73.0,4.1
2023-01-17 20:00:00,0.0,0.0,0.0,60.0,21.7,73.0,4.1
2023-01-17 21:00:00,0.0,0.0,0.0,70.0,21.7,76.0,4.6
2023-01-17 22:00:00,0.0,0.0,0.0,90.0,21.7,76.0,4.6
2023-01-17 23:00:00,0.0,0.0,0.0,80.0,21.7,76.0,4.1
2023-01-18 00:00:00,0.0,0.0,0.0,30.0,21.7,79.0,3.6
2023-01-18 01:00:00,0.0,0.0,0.0,50.0,21.1,79.0,2.6
2023-01-18 02:00:00,0.0,0.0,0.0,70.0,17.8,90.0,2.6
2023-01-18 03:00:00,0.0,0.0,0.0,50.0,17.2,90.0,2.6
2023-01-18 04:00:00,0.0,0.0,0.0,40.0,16.7,90.0,2.1
2023-01-18 05:00:00,0.0,0.0,0.0,40.0,16.7,90.0,2.6
2023-01-18 06:00:00,0.0,0.0,0.0,50.0,16.7,87.0,0.0
2023-01-18 07:00:00,34.0,81.0,28.0,20.0,16.7,87.0,2.1
2023-01-18 08:00:00,150.0,232.0,85.0,40.0,21.1,84.0,2.6
2023-01-18 09:00:00,308.0,401.0,123.0,60.0,23.3,71.0,4.6
2023-01-18 10:00:00,457.0,266.0,294.0,60.0,24.4,62.0,4.6
2023-01-18 11:00:00,483.0,261.0,310.0,60.0,24.4,62.0,6.2
2023-01-18 12:00:00,454.0,202.0,311.0,60.0,25.0,60.0,4.6
2023-01-18 13:00:00,652.0,762.0,149.0,40.0,24.4,62.0,6.2
2023-01-18 14:00:00,370.0,178.0,263.0,50.0,25.0,62.0,7.2
2023-01-18 15:00:00,311.0,210.0,212.0,50.0,24.4,64.0,5.7
2023-01-18 16:00:00,166.0,220.0,101.0,40.0,24.4,66.0,7.2
2023-01-18 17:00:00,53.0,254.0,23.0,20.0,23.3,66.0,4.1
2023-01-18 18:00:00,0.0,0.0,0.0,20.0,22.8,71.0,3.1
2023-01-18 19:00:00,0.0,0.0,0.0,20.0,21.7,79.0,3.1
2023-01-18 20:00:00,0.0,0.0,0.0,10.0,21.1,84.0,3.1
2023-01-18 21:00:00,0.0,0.0,0.0,10.0,21.1,84.0,3.1
2023-01-18 22:00:00,0.0,0.0,0.0,0.0,21.7,84.0,2.6
2023-01-18 23:00:00,0.0,0.0,0.0,0.0,21.7,84.0,3.1
2023-01-19 00:00:00,0.0,0.0,0.0,70.0,20.6,87.0,3.1
2023-01-19 01:00:00,0.0,0.0,0.0,90.0,20.0,90.0,0.0
2023-01-19 02:00:00,0.0,0.0,0.0,90.0,20.6,90.0,0.0
2023-01-19 03:00:00,0.0,0.0,0.0,90.0,20.0,90.0,2.1
2023-01-19 04:00:00,0.0,0.0,0.0,90.0,20.0,93.0,2.1
2023-01-19 05:00:00,0.0,0.0,0.0,90.0,20.0,93.0,0.0
2023-01-19 06:00:00,0.0,0.0,0.0,90.0,20.6,93.0,1.5
2023-01-19 07:00:00,34.0,70.0,21.0,90.0,19.4,93.0,2.1
2023-01-19 08:00:00,121.0,121.0,87.0,80.0,21.7,87.0,0.0
2023-01-19 09:00:00,240.0,80.0,201.0,80.0,22.8,84.0,2.1
2023-01-19 10:00:00,323.0,169.0,226.0,90.0,24.4,74.0,2.1
2023-01-19 11:00:00,450.0,322.0,237.0,80.0,26.1,65.0,2.1
2023-01-19 12:00:00,492.0,238.0,323.0,80.0,26.7,58.0,4.1
2023-01-19 13:00:00,628.0,613.0,222.0,80.0,25.6,69.0,5.2
2023-01-19 14:00:00,345.0,172.0,246.0,80.0,25.6,67.0,5.2
2023-01-19 15:00:00,269.0,137.0,203.0,80.0,25.0,69.0,5.2
2023-01-19 16:00:00,122.0,85.0,98.0,80.0,25.0,71.0,4.1
2023-01-19 17:00:00,37.0,100.0,26.0,80.0,23.9,76.0,3.1
2023-01-19 18:00:00,0.0,0.0,0.0,80.0,23.3,82.0,2.1
2023-01-19 19:00:00,0.0,0.0,0.0,90.0,22.8,87.0,2.6
2023-01-19 20:00:00,0.0,0.0,0.0,90.0,22.8,84.0,2.6
2023-01-19 21:00:00,0.0,0.0,0.0,100.0,22.2,87.0,2.1
2023-01-19 22:00:00,0.0,0.0,0.0,100.0,22.2,84.0,2.6
2023-01-19 23:00:00,0.0,0.0,0.0,70.0,22.2,84.0,3.1
2023-01-20 00:00:00,0.0,0.0,0.0,80.0,21.1,87.0,1.5
2023-01-20 01:00:00,0.0,0.0,0.0,50.0,21.1,84.0,0.0
2023-01-20 02:00:00,0.0,0.0,0.0,50.0,20.6,84.0,0.0
2023-01-20 03:00:00,0.0,0.0,0.0,70.0,20.0,90.0,0.0
2023-01-20 04:00:00,0.0,0.0,0.0,20.0,20.0,87.0,0.0
2023-01-20 05:00:00,0.0,0.0,0.0,0.0,19.4,90.0,1.5
2023-01-20 06:00:00,0.0,0.0,0.0,40.0,19.4,90.0,1.5
2023-01-20 07:00:00,28.0,17.0,29.0,50.0,20.0,87.0,2.1
2023-01-20 08:00:00,172.0,275.0,95.0,30.0,21.7,84.0,2.6
2023-01-20 09:00:00,383.0,617.0,101.0,70.0,23.9,74.0,1.5
2023-01-20 10:00:00,501.0,473.0,223.0,80.0,25.6,64.0,1.5
2023-01-20 11:00:00,407.0,135.0,316.0,70.0,25.6,64.0,2.6
2023-01-20 12:00:00,471.0,216.0,321.0,80.0,26.7,62.0,4.1
2023-01-20 13:00:00,479.0,228.0,325.0,80.0,26.1,62.0,4.6
2023-01-20 14:00:00,271.0,75.0,249.0,80.0,26.1,67.0,5.2
2023-01-20 15:00:00,242.0,59.0,213.0,80.0,25.6,71.0,6.2
2023-01-20 16:00:00,168.0,248.0,93.0,90.0,25.0,71.0,5.2
2023-01-20 17:00:00,48.0,142.0,32.0,90.0,23.9,76.0,4.6
2023-01-20 18:00:00,0.0,0.0,0.0,90.0,23.9,76.0,4.1
2023-01-20 19:00:00,0.0,0.0,0.0,80.0,23.3,76.0,4.6
2023-01-20 20:00:00,0.0,0.0,0.0,80.0,23.3,76.0,3.6
2023-01-20 21:00:00,0.0,0.0,0.0,80.0,23.3,79.0,4.1
2023-01-20 22:00:00,0.0,0.0,0.0,30.0,23.3,76.0,5.7
2023-01-20 23:00:00,0.0,0.0,0.0,10.0,23.3,74.0,6.2
2023-01-21 00:00:00,0.0,0.0,0.0,10.0,22.8,76.0,7.2
2023-01-21 01:00:00,0.0,0.0,0.0,10.0,22.8,79.0,5.7
2023-01-21 02:00:00,0.0,0.0,0.0,10.0,22.8,73.0,5.7
2023-01-21 03:00:00,0.0,0.0,0.0,10.0,22.8,76.0,5.7
2023-01-21 04:00:00,0.0,0.0,0.0,10.0,22.8,73.0,5.7
2023-01-21 05:00:00,0.0,0.0,0.0,10.0,22.8,73.0,5.7
2023-01-21 06:00:00,0.0,0.0,0.0,10.0,22.8,71.0,5.7
2023-01-21 07:00:00,39.0,122.0,28.0,20.0,22.8,76.0,6.7
2023-01-21 08:00:00,180.0,405.0,78.0,30.0,24.4,69.0,7.7
2023-01-21 09:00:00,349.0,436.0,156.0,70.0,25.0,67.0,8.2
2023-01-21 10:00:00,276.0,83.0,228.0,90.0,25.6,64.0,8.2
2023-01-21 11:00:00,361.0,93.0,300.0,90.0,25.0,69.0,9.8
2023-01-21 12:00:00,456.0,108.0,381.0,90.0,24.4,74.0,8.2
2023-01-21 13:00:00,241.0,84.0,182.0,90.0,22.2,87.0,5.2
2023-01-21 14:00:00,353.0,176.0,223.0,100.0,23.3,84.0,8.2
2023-01-21 15:00:00,208.0,162.0,103.0,100.0,21.7,90.0,5.2
2023-01-21 16:00:00,75.0,1.0,74.0,100.0,21.7,90.0,8.8
2023-01-21 17:00:00,10.0,0.0,14.0,100.0,21.7,90.0,7.2
2023-01-21 18:00:00,0.0,0.0,0.0,80.0,21.7,90.0,5.7
2023-01-21 19:00:00,0.0,0.0,0.0,40.0,22.8,82.0,4.1
2023-01-21 20:00:00,0.0,0.0,0.0,100.0,22.8,82.0,7.2
2023-01-21 21:00:00,0.0,0.0,0.0,90.0,23.3,79.0,7.2
2023-01-21 22:00:00,0.0,0.0,0.0,90.0,23.3,76.0,6.7
2023-01-21 23:00:00,0.0,0.0,0.0,100.0,22.8,76.0,6.2
2023-01-22 00:00:00,0.0,0.0,0.0,100.0,23.3,74.0,5.7
2023-01-22 01:00:00,0.0,0.0,0.0,90.0,22.8,76.0,6.2
2023-01-22 02:00:00,0.0,0.0,0.0,100.0,22.8,76.0,6.2
2023-01-22 03:00:00,0.0,0.0,0.0,80.0,22.8,76.0,5.7
2023-01-22 04:00:00,0.0,0.0,0.0,80.0,22.8,76.0,5.2
2023-01-22 05:00:00,0.0,0.0,0.0,100.0,23.3,76.0,6.7
2023-01-22 06:00:00,0.0,0.0,0.0,100.0,23.3,76.0,6.7
2023-01-22 07:00:00,44.0,25.0,39.0,70.0,23.3,79.0,6.2
2023-01-22 08:00:00,184.0,387.0,75.0,50.0,24.4,74.0,7.2
2023-01-22 09:00:00,386.0,623.0,104.0,40.0,25.0,71.0,8.8
2023-01-22 10:00:00,503.0,588.0,160.0,40.0,25.6,69.0,9.8
2023-01-22 11:00:00,494.0,436.0,203.0,70.0,26.1,69.0,8.8
2023-01-22 12:00:00,538.0,448.0,225.0,50.0,25.6,71.0,6.7
2023-01-22 13:00:00,717.0,822.0,131.0,60.0,25.6,69.0,7.7
2023-01-22 14:00:00,544.0,614.0,173.0,60.0,26.1,69.0,7.7
2023-01-22 15:00:00,365.0,416.0,169.0,80.0,25.6,71.0,7.7
2023-01-22 16:00:00,197.0,324.0,106.0,70.0,25.0,71.0,7.2
2023-01-22 17:00:00,42.0,37.0,38.0,70.0,23.9,76.0,7.2
2023-01-22 18:00:00,0.0,0.0,0.0,70.0,23.9,79.0,5.7
2023-01-22 19:00:00,0.0,0.0,0.0,50.0,23.9,79.0,4.6
2023-01-22 20:00:00,0.0,0.0,0.0,20.0,23.3,82.0,5.2
2023-01-22 21:00:00,0.0,0.0,0.0,20.0,23.3,82.0,5.2
2023-01-22 22:00:00,0.0,0.0,0.0,20.0,23.3,82.0,5.2
2023-01-22 23:00:00,0.0,0.0,0.0,20.0,22.8,84.0,5.2
2023-01-23 00:00:00,0.0,0.0,0.0,10.0,22.8,84.0,5.7
2023-01-23 01:00:00,0.0,0.0,0.0,20.0,22.8,84.0,4.6
2023-01-23 02:00:00,0.0,0.0,0.0,20.0,22.8,84.0,4.1
2023-01-23 03:00:00,0.0,0.0,0.0,10.0,22.8,84.0,5.2
2023-01-23 04:00:00,0.0,0.0,0.0,10.0,22.2,87.0,4.6
2023-01-23 05:00:00,0.0,0.0,0.0,0.0,22.2,84.0,4.1
2023-01-23 06:00:00,0.0,0.0,0.0,40.0,22.8,84.0,3.6
2023-01-23 07:00:00,41.0,66.0,34.0,60.0,22.8,87.0,3.1
2023-01-23 08:00:00,178.0,300.0,98.0,40.0,24.4,79.0,4.6
2023-01-23 09:00:00,410.0,736.0,68.0,50.0,25.6,71.0,5.7
2023-01-23 10:00:00,601.0,814.0,126.0,50.0,26.1,69.0,6.7
2023-01-23 11:00:00,665.0,730.0,174.0,60.0,26.1,69.0,6.2
2023-01-23 12:00:00,527.0,290.0,322.0,70.0,26.7,67.0,5.7
2023-01-23 13:00:00,527.0,478.0,203.0,80.0,26.1,67.0,6.2
2023-01-23 14:00:00,497.0,494.0,205.0,50.0,25.6,69.0,5.2
2023-01-23 15:00:00,430.0,794.0,56.0,30.0,25.6,71.0,5.7
2023-01-23 16:00:00,221.0,587.0,53.0,30.0,25.0,74.0,5.7
2023-01-23 17:00:00,57.0,310.0,23.0,30.0,23.9,79.0,4.6
2023-01-23 18:00:00,0.0,0.0,0.0,30.0,23.3,82.0,2.6
2023-01-23 19:00:00,0.0,0.0,0.0,20.0,22.8,84.0,2.6
2023-01-23 20:00:00,0.0,0.0,0.0,30.0,22.8,84.0,3.6
2023-01-23 21:00:00,0.0,0.0,0.0,40.0,22.8,84.0,2.6
2023-01-23 22:00:00,0.0,0.0,0.0,40.0,22.8,84.0,2.6
2023-01-23 23:00:00,0.0,0.0,0.0,50.0,22.8,84.0,0.0
2023-01-24 00:00:00,0.0,0.0,0.0,30.0,22.2,87.0,1.5
2023-01-24 01:00:00,0.0,0.0,0.0,0.0,20.6,90.0,1.5
2023-01-24 02:00:00,0.0,0.0,0.0,10.0,20.0,93.0,0.0
2023-01-24 03:00:00,0.0,0.0,0.0,10.0,20.0,90.0,0.0
2023-01-24 04:00:00,0.0,0.0,0.0,10.0,20.6,90.0,2.1
2023-01-24 05:00:00,0.0,0.0,0.0,10.0,19.4,93.0,2.1
2023-01-24 06:00:00,0.0,0.0,0.0,10.0,18.9,93.0,1.5
2023-01-24 07:00:00,46.0,220.0,25.0,10.0,20.0,90.0,2.1
2023-01-24 08:00:00,193.0,518.0,62.0,20.0,23.3,79.0,1.5
2023-01-24 09:00:00,401.0,695.0,94.0,30.0,25.0,69.0,5.2
2023-01-24 10:00:00,561.0,730.0,138.0,30.0,25.6,69.0,5.2
2023-01-24 11:00:00,647.0,871.0,65.0,40.0,25.6,64.0,5.2
2023-01-24 12:00:00,648.0,700.0,160.0,50.0,25.6,67.0,4.6
2023-01-24 13:00:00,623.0,561.0,245.0,50.0,26.7,62.0,5.7
2023-01-24 14:00:00,462.0,475.0,185.0,70.0,25.0,67.0,5.2
2023-01-24 15:00:00,271.0,101.0,222.0,90.0,25.0,67.0,6.2
2023-01-24 16:00:00,143.0,78.0,119.0,90.0,24.4,69.0,5.7
2023-01-24 17:00:00,45.0,91.0,31.0,90.0,24.4,74.0,2.6
2023-01-24 18:00:00,0.0,0.0,0.0,90.0,23.3,76.0,3.6
2023-01-24 19:00:00,0.0,0.0,0.0,80.0,23.3,76.0,2.1
2023-01-24 20:00:00,0.0,0.0,0.0,80.0,22.8,82.0,2.1
2023-01-24 21:00:00,0.0,0.0,0.0,80.0,22.8,82.0,2.1
2023-01-24 22:00:00,0.0,0.0,0.0,80.0,22.8,82.0,2.6
2023-01-24 23:00:00,0.0,0.0,0.0,80.0,22.8,82.0,2.6
2023-01-25 00:00:00,0.0,0.0,0.0,80.0,22.2,81.0,2.1
2023-01-25 01:00:00,0.0,0.0,0.0,90.0,22.8,82.0,3.1
2023-01-25 02:00:00,0.0,0.0,0.0,100.0,22.8,79.0,2.6
2023-01-25 03:00:00,0.0,0.0,0.0,100.0,22.8,79.0,1.5
2023-01-25 04:00:00,0.0,0.0,0.0,100.0,22.8,82.0,2.1
2023-01-25 05:00:00,0.0,0.0,0.0,30.0,21.1,87.0,2.1
2023-01-25 06:00:00,0.0,0.0,0.0,20.0,21.1,87.0,2.1
2023-01-25 07:00:00,27.0,21.0,25.0,80.0,21.1,87.0,1.5
2023-01-25 08:00:00,207.0,389.0,82.0,70.0,23.9,74.0,3.1
2023-01-25 09:00:00,426.0,729.0,76.0,40.0,24.4,66.0,4.1
2023-01-25 10:00:00,566.0,810.0,79.0,40.0,25.0,58.0,3.6
2023-01-25 11:00:00,706.0,878.0,84.0,30.0,26.1,58.0,4.1
2023-01-25 12:00:00,696.0,766.0,153.0,30.0,26.1,58.0,3.6
2023-01-25 13:00:00,688.0,772.0,162.0,50.0,25.6,60.0,3.1
2023-01-25 14:00:00,589.0,817.0,68.0,40.0,25.6,58.0,5.2
2023-01-25 15:00:00,441.0,767.0,72.0,30.0,25.0,60.0,4.6
2023-01-25 16:00:00,241.0,645.0,53.0,0.0,24.4,62.0,5.2
2023-01-25 17:00:00,57.0,261.0,28.0,0.0,23.3,69.0,4.1
2023-01-25 18:00:00,0.0,0.0,0.0,0.0,22.8,71.0,3.6
2023-01-25 19:00:00,0.0,0.0,0.0,0.0,21.7,76.0,2.6
2023-01-25 20:00:00,0.0,0.0,0.0,0.0,21.7,73.0,2.6
2023-01-25 21:00:00,0.0,0.0,0.0,0.0,21.1,79.0,3.1
2023-01-25 22:00:00,0.0,0.0,0.0,0.0,21.7,76.0,2.6
2023-01-25 23:00:00,0.0,0.0,0.0,0.0,21.7,76.0,3.6
2023-01-26 00:00:00,0.0,0.0,0.0,10.0,21.7,76.0,3.6
2023-01-26 01:00:00,0.0,0.0,0.0,20.0,21.7,73.0,4.1
2023-01-26 02:00:00,0.0,0.0,0.0,10.0,21.1,71.0,3.6
2023-01-26 03:00:00,0.0,0.0,0.0,0.0,20.6,68.0,3.6
2023-01-26 04:00:00,0.0,0.0,0.0,0.0,20.0,73.0,3.1
2023-01-26 05:00:00,0.0,0.0,0.0,0.0,20.0,73.0,3.1
2023-01-26 06:00:00,0.0,0.0,0.0,0.0,20.0,76.0,2.6
2023-01-26 07:00:00,51.0,257.0,23.0,0.0,20.6,78.0,2.6
2023-01-26 08:00:00,214.0,502.0,74.0,20.0,23.9,71.0,4.1
2023-01-26 09:00:00,408.0,663.0,101.0,30.0,24.4,66.0,6.2
2023-01-26 10:00:00,538.0,634.0,163.0,30.0,25.0,67.0,6.7
2023-01-26 11:00:00,717.0,880.0,83.0,40.0,26.1,65.0,6.7
2023-01-26 12:00:00,670.0,659.0,201.0,40.0,26.1,65.0,7.2
2023-01-26 13:00:00,683.0,784.0,150.0,50.0,26.1,67.0,7.2
2023-01-26 14:00:00,414.0,325.0,214.0,50.0,25.0,69.0,6.7
2023-01-26 15:00:00,312.0,345.0,146.0,50.0,25.0,69.0,7.2
2023-01-26 16:00:00,225.0,586.0,48.0,50.0,24.4,71.0,6.7
2023-01-26 17:00:00,59.0,220.0,34.0,50.0,23.9,76.0,5.2
2023-01-26 18:00:00,0.0,0.0,0.0,50.0,23.3,82.0,4.1
2023-01-26 19:00:00,0.0,0.0,0.0,20.0,23.3,82.0,4.1
2023-01-26 20:00:00,0.0,0.0,0.0,20.0,22.8,84.0,3.1
2023-01-26 21:00:00,0.0,0.0,0.0,10.0,22.8,84.0,3.6
2023-01-26 22:00:00,0.0,0.0,0.0,60.0,22.8,84.0,3.1
2023-01-26 23:00:00,0.0,0.0,0.0,10.0,22.8,82.0,4.6
2023-01-27 00:00:00,0.0,0.0,0.0,10.0,22.8,82.0,4.1
2023-01-27 01:00:00,0.0,0.0,0.0,20.0,22.8,79.0,3.6
2023-01-27 02:00:00,0.0,0.0,0.0,10.0,22.2,81.0,2.6
2023-01-27 03:00:00,0.0,0.0,0.0,10.0,22.2,81.0,3.6
2023-01-27 04:00:00,0.0,0.0,0.0,20.0,22.8,82.0,4.6
2023-01-27 05:00:00,0.0,0.0,0.0,20.0,22.8,82.0,3.6
2023-01-27 06:00:00,0.0,0.0,0.0,60.0,22.8,84.0,3.6
2023-01-27 07:00:00,25.0,7.0,23.0,90.0,23.3,76.0,4.1
2023-01-27 08:00:00,106.0,30.0,93.0,90.0,23.3,69.0,5.7
2023-01-27 09:00:00,235.0,34.0,213.0,80.0,25.0,58.0,5.7
2023-01-27 10:00:00,344.0,139.0,255.0,80.0,24.4,64.0,6.2
2023-01-27 11:00:00,454.0,156.0,342.0,90.0,25.0,71.0,6.7
2023-01-27 12:00:00,542.0,162.0,427.0,90.0,26.1,67.0,6.7
2023-01-27 13:00:00,510.0,419.0,221.0,90.0,26.7,65.0,6.2
2023-01-27 14:00:00,405.0,217.0,261.0,100.0,26.1,69.0,6.7
2023-01-27 15:00:00,258.0,228.0,144.0,80.0,25.0,71.0,7.2
2023-01-27 16:00:00,129.0,32.0,112.0,70.0,25.0,64.0,5.2
2023-01-27 17:00:00,40.0,20.0,36.0,70.0,24.4,64.0,4.1
2023-01-27 18:00:00,0.0,0.0,0.0,50.0,23.3,71.0,3.1
2023-01-27 19:00:00,0.0,0.0,0.0,60.0,22.8,76.0,2.1
2023-01-27 20:00:00,0.0,0.0,0.0,30.0,21.7,81.0,2.6
2023-01-27 21:00:00,0.0,0.0,0.0,0.0,21.1,87.0,3.1
2023-01-27 22:00:00,0.0,0.0,0.0,0.0,21.1,84.0,2.6
2023-01-27 23:00:00,0.0,0.0,0.0,0.0,20.6,90.0,2.6
2023-01-28 00:00:00,0.0,0.0,0.0,0.0,20.0,93.0,3.1
2023-01-28 01:00:00,0.0,0.0,0.0,0.0,21.1,93.0,3.6
2023-01-28 02:00:00,0.0,0.0,0.0,0.0,21.1,90.0,3.6
2023-01-28 03:00:00,0.0,0.0,0.0,10.0,21.1,93.0,3.6
2023-01-28 04:00:00,0.0,0.0,0.0,0.0,21.1,93.0,4.1
2023-01-28 05:00:00,0.0,0.0,0.0,60.0,21.1,93.0,4.1
2023-01-28 06:00:00,0.0,0.0,0.0,100.0,21.7,93.0,4.1
2023-01-28 07:00:00,22.0,38.0,12.0,100.0,20.6,90.0,5.7
2023-01-28 08:00:00,59.0,0.0,64.0,100.0,20.6,90.0,3.1
2023-01-28 09:00:00,164.0,0.0,162.0,100.0,21.1,84.0,6.7
2023-01-28 10:00:00,396.0,218.0,259.0,70.0,22.2,79.0,6.7
2023-01-28 11:00:00,574.0,480.0,243.0,80.0,24.4,64.0,7.7
2023-01-28 12:00:00,592.0,331.0,351.0,70.0,24.4,64.0,8.2
2023-01-28 13:00:00,674.0,817.0,104.0,40.0,26.1,58.0,6.7
2023-01-28 14:00:00,590.0,797.0,104.0,40.0,25.6,52.0,8.2
2023-01-28 15:00:00,443.0,775.0,81.0,0.0,25.0,50.0,9.8
2023-01-28 16:00:00,248.0,626.0,58.0,0.0,23.9,46.0,9.3
2023-01-28 17:00:00,59.0,252.0,30.0,0.0,22.2,51.0,6.7
2023-01-28 18:00:00,0.0,0.0,0.0,0.0,20.6,57.0,5.2
2023-01-28 19:00:00,0.0,0.0,0.0,0.0,18.3,68.0,5.2
2023-01-28 20:00:00,0.0,0.0,0.0,0.0,17.8,70.0,5.2
2023-01-28 21:00:00,0.0,0.0,0.0,0.0,17.2,70.0,5.2
2023-01-28 22:00:00,0.0,0.0,0.0,0.0,16.1,75.0,5.7
2023-01-28 23:00:00,0.0,0.0,0.0,0.0,16.7,70.0,5.2
2023-01-29 00:00:00,0.0,0.0,0.0,0.0,15.0,78.0,4.1
2023-01-29 01:00:00,0.0,0.0,0.0,0.0,14.4,81.0,5.2
2023-01-29 02:00:00,0.0,0.0,0.0,0.0,13.3,80.0,4.6
2023-01-29 03:00:00,0.0,0.0,0.0,10.0,12.8,77.0,5.7
2023-01-29 04:00:00,0.0,0.0,0.0,100.0,13.9,78.0,4.1
2023-01-29 05:00:00,0.0,0.0,0.0,60.0,13.3,72.0,5.2
2023-01-29 06:00:00,0.0,0.0,0.0,60.0,12.8,75.0,4.1
2023-01-29 07:00:00,58.0,299.0,22.0,0.0,12.2,77.0,5.2
2023-01-29 08:00:00,221.0,480.0,84.0,10.0,13.9,62.0,8.8
2023-01-29 09:00:00,436.0,820.0,53.0,20.0,15.6,62.0,8.2
2023-01-29 10:00:00,607.0,903.0,69.0,0.0,17.2,54.0,5.7
2023-01-29 11:00:00,719.0,936.0,76.0,0.0,18.9,51.0,6.2
2023-01-29 12:00:00,754.0,949.0,79.0,0.0,20.0,49.0,4.6
2023-01-29 13:00:00,683.0,763.0,151.0,20.0,21.1,47.0,5.7
2023-01-29 14:00:00,554.0,608.0,181.0,30.0,21.7,46.0,4.6
2023-01-29 15:00:00,445.0,699.0,106.0,30.0,21.7,44.0,6.2
2023-01-29 16:00:00,235.0,464.0,92.0,10.0,20.6,55.0,5.7
2023-01-29 17:00:00,65.0,364.0,24.0,10.0,18.9,63.0,6.7
2023-01-29 18:00:00,0.0,0.0,0.0,0.0,18.3,68.0,6.2
2023-01-29 19:00:00,0.0,0.0,0.0,0.0,17.2,70.0,5.7
2023-01-29 20:00:00,0.0,0.0,0.0,0.0,16.1,72.0,7.7
2023-01-29 21:00:00,0.0,0.0,0.0,20.0,15.0,78.0,8.2
2023-01-29 22:00:00,0.0,0.0,0.0,0.0,14.4,78.0,7.2
2023-01-29 23:00:00,0.0,0.0,0.0,0.0,13.3,83.0,6.7
2023-01-30 00:00:00,0.0,0.0,0.0,0.0,13.3,86.0,5.2
2023-01-30 01:00:00,0.0,0.0,0.0,0.0,12.8,90.0,5.2
2023-01-30 02:00:00,0.0,0.0,0.0,10.0,12.8,90.0,6.2
2023-01-30 03:00:00,0.0,0.0,0.0,0.0,12.8,86.0,6.7
2023-01-30 04:00:00,0.0,0.0,0.0,0.0,12.8,86.0,5.2
2023-01-30 05:00:00,0.0,0.0,0.0,0.0,12.2,90.0,3.6
2023-01-30 06:00:00,0.0,0.0,0.0,0.0,11.7,90.0,3.6
2023-01-30 07:00:00,51.0,203.0,28.0,0.0,11.7,86.0,2.6
2023-01-30 08:00:00,233.0,616.0,57.0,0.0,14.4,69.0,4.6
2023-01-30 09:00:00,439.0,783.0,80.0,0.0,17.8,65.0,4.6
2023-01-30 10:00:00,606.0,862.0,97.0,0.0,19.4,57.0,5.7
2023-01-30 11:00:00,718.0,872.0,110.0,30.0,21.7,49.0,6.7
2023-01-30 12:00:00,601.0,512.0,231.0,60.0,22.8,46.0,4.6
2023-01-30 13:00:00,720.0,795.0,139.0,60.0,23.9,42.0,3.6
2023-01-30 14:00:00,551.0,544.0,218.0,70.0,23.3,41.0,3.6
2023-01-30 15:00:00,401.0,453.0,182.0,50.0,23.3,38.0,5.2
2023-01-30 16:00:00,224.0,433.0,90.0,50.0,22.2,44.0,4.1
2023-01-30 17:00:00,63.0,249.0,31.0,30.0,21.1,47.0,2.6
2023-01-30 18:00:00,0.0,0.0,0.0,30.0,19.4,53.0,3.1
2023-01-30 19:00:00,0.0,0.0,0.0,40.0,18.9,54.0,2.1
2023-01-30 20:00:00,0.0,0.0,0.0,50.0,16.7,73.0,1.5
2023-01-30 21:00:00,0.0,0.0,0.0,50.0,15.0,72.0,2.1
2023-01-30 22:00:00,0.0,0.0,0.0,30.0,15.0,65.0,4.1
2023-01-30 23:00:00,0.0,0.0,0.0,50.0,14.4,60.0,3.6
2023-01-31 00:00:00,0.0,0.0,0.0,30.0,12.8,67.0,4.1
2023-01-31 01:00:00,0.0,0.0,0.0,30.0,12.2,69.0,5.2
2023-01-31 02:00:00,0.0,0.0,0.0,30.0,11.1,72.0,3.6
2023-01-31 03:00:00,0.0,0.0,0.0,30.0,10.6,77.0,3.6
2023-01-31 04:00:00,0.0,0.0,0.0,30.0,9.4,77.0,3.6
2023-01-31 05:00:00,0.0,0.0,0.0,0.0,9.4,77.0,4.1
2023-01-31 06:00:00,0.0,0.0,0.0,0.0,10.0,77.0,3.6
2023-01-31 07:00:00,56.0,312.0,22.0,0.0,11.1,77.0,1.5
2023-01-31 08:00:00,248.0,715.0,41.0,0.0,13.9,67.0,3.6
2023-01-31 09:00:00,454.0,856.0,58.0,0.0,16.7,63.0,4.6
2023-01-31 10:00:00,625.0,922.0,70.0,0.0,18.9,52.0,4.6
2023-01-31 11:00:00,740.0,953.0,77.0,10.0,20.6,38.0,5.2
2023-01-31 12:00:00,777.0,960.0,76.0,10.0,21.7,29.0,4.6
2023-01-31 13:00:00,745.0,942.0,85.0,20.0,22.2,28.0,3.6
2023-01-31 14:00:00,635.0,908.0,67.0,30.0,22.8,30.0,2.1
2023-01-31 15:00:00,469.0,841.0,51.0,30.0,22.2,33.0,4.1
2023-01-31 16:00:00,243.0,584.0,61.0,80.0,21.1,29.0,4.6
2023-01-31 17:00:00,62.0,204.0,39.0,80.0,20.0,38.0,3.6
2023-01-31 18:00:00,0.0,0.0,0.0,50.0,17.4,54.0,0.4
2023-01-31 19:00:00,0.0,0.0,0.0,20.0,16.6,61.0,2.3
2023-01-31 20:00:00,0.0,0.0,0.0,0.0,16.0,65.0,3.8
2023-01-31 21:00:00,0.0,0.0,0.0,0.0,15.3,73.0,2.9
2023-01-31 22:00:00,0.0,0.0,0.0,0.0,14.8,78.0,2.9
2023-01-31 23:00:00,0.0,0.0,0.0,0.0,15.0,77.0,3.0
2023-02-01 00:00:00,0.0,0.0,0.0,50.0,15.0,77.0,2.6
2023-02-01 01:00:00,0.0,0.0,0.0,40.0,14.8,78.0,2.4
2023-02-01 02:00:00,0.0,0.0,0.0,30.0,14.5,79.0,1.6
2023-02-01 03:00:00,0.0,0.0,0.0,50.0,14.7,79.0,2.4
2023-02-01 04:00:00,0.0,0.0,0.0,60.0,15.0,77.0,1.9
2023-02-01 05:00:00,0.0,0.0,0.0,70.0,15.5,77.0,1.7
2023-02-01 06:00:00,0.0,0.0,0.0,30.0,14.4,83.0,2.6
2023-02-01 07:00:00,48.0,119.0,35.0,20.0,14.4,83.0,1.5
2023-02-01 08:00:00,188.0,414.0,86.0,10.0,17.8,73.0,1.0
2023-02-01 09:00:00,417.0,611.0,128.0,20.0,21.7,61.0,1.0
2023-02-01 10:00:00,602.0,831.0,95.0,50.0,22.8,53.0,1.5
2023-02-01 11:00:00,694.0,751.0,165.0,60.0,23.3,50.0,1.5
2023-02-01 12:00:00,640.0,516.0,267.0,70.0,23.9,52.0,3.6
2023-02-01 13:00:00,636.0,589.0,217.0,70.0,23.3,52.0,2.1
2023-02-01 14:00:00,543.0,565.0,187.0,60.0,22.8,57.0,4.1
2023-02-01 15:00:00,482.0,795.0,67.0,40.0,22.8,57.0,5.2
2023-02-01 16:00:00,261.0,681.0,47.0,30.0,22.2,62.0,5.2
2023-02-01 17:00:00,61.0,263.0,32.0,20.0,21.1,64.0,5.2
2023-02-01 18:00:00,0.0,0.0,0.0,10.0,20.6,68.0,2.6
2023-02-01 19:00:00,0.0,0.0,0.0,0.0,20.0,71.0,2.6
2023-02-01 20:00:00,0.0,0.0,0.0,0.0,19.4,76.0,2.1
2023-02-01 21:00:00,0.0,0.0,0.0,0.0,18.9,76.0,3.1
2023-02-01 22:00:00,0.0,0.0,0.0,0.0,18.3,78.0,3.1
2023-02-01 23:00:00,0.0,0.0,0.0,0.0,18.3,75.0,0.0
2023-02-02 00:00:00,0.0,0.0,0.0,20.0,17.2,84.0,1.5
2023-02-02 01:00:00,0.0,0.0,0.0,0.0,17.2,81.0,1.5
2023-02-02 02:00:00,0.0,0.0,0.0,20.0,17.2,81.0,3.1
2023-02-02 03:00:00,0.0,0.0,0.0,80.0,17.8,78.0,2.1
2023-02-02 04:00:00,0.0,0.0,0.0,20.0,17.2,81.0,3.1
2023-02-02 05:00:00,0.0,0.0,0.0,10.0,15.6,87.0,2.1
2023-02-02 06:00:00,0.0,0.0,0.0,40.0,15.0,87.0,3.1
2023-02-02 07:00:00,28.0,33.0,24.0,90.0,16.1,81.0,2.1
2023-02-02 08:00:00,201.0,290.0,111.0,80.0,19.4,70.0,1.5
2023-02-02 09:00:00,314.0,355.0,143.0,80.0,21.7,68.0,1.5
2023-02-02 10:00:00,484.0,213.0,350.0,80.0,23.9,56.0,3.6
2023-02-02 11:00:00,439.0,156.0,331.0,80.0,24.4,54.0,5.2
2023-02-02 12:00:00,491.0,254.0,300.0,80.0,24.4,54.0,4.6
2023-02-02 13:00:00,476.0,218.0,318.0,100.0,23.9,64.0,4.1
2023-02-02 14:00:00,269.0,123.0,189.0,100.0,23.9,66.0,4.1
2023-02-02 15:00:00,216.0,10.0,211.0,100.0,23.3,71.0,3.6
2023-02-02 16:00:00,110.0,7.0,108.0,100.0,22.8,76.0,4.1
2023-02-02 17:00:00,44.0,29.0,38.0,100.0,22.8,76.0,2.6
2023-02-02 18:00:00,0.0,0.0,0.0,90.0,22.2,79.0,2.6
2023-02-02 19:00:00,0.0,0.0,0.0,100.0,21.7,81.0,2.6
2023-02-02 20:00:00,0.0,0.0,0.0,100.0,20.0,84.0,4.6
2023-02-02 21:00:00,0.0,0.0,0.0,100.0,19.4,84.0,5.2
2023-02-02 22:00:00,0.0,0.0,0.0,100.0,20.0,87.0,3.1
2023-02-02 23:00:00,0.0,0.0,0.0,40.0,20.0,87.0,3.1
2023-02-03 00:00:00,0.0,0.0,0.0,10.0,20.0,84.0,2.6
2023-02-03 01:00:00,0.0,0.0,0.0,20.0,20.6,90.0,4.1
2023-02-03 02:00:00,0.0,0.0,0.0,80.0,21.1,90.0,3.6
2023-02-03 03:00:00,0.0,0.0,0.0,90.0,21.1,90.0,4.1
2023-02-03 04:00:00,0.0,0.0,0.0,100.0,21.7,84.0,5.7
2023-02-03 05:00:00,0.0,0.0,0.0,100.0,21.7,87.0,3.6
2023-02-03 06:00:00,0.0,0.0,0.0,100.0,21.7,87.0,3.6
2023-02-03 07:00:00,27.0,26.0,23.0,100.0,21.1,87.0,4.6
2023-02-03 08:00:00,114.0,11.0,113.0,90.0,21.7,84.0,6.2
2023-02-03 09:00:00,220.0,80.0,187.0,90.0,23.3,79.0,6.7
2023-02-03 10:00:00,370.0,88.0,318.0,90.0,23.3,82.0,6.7
2023-02-03 11:00:00,564.0,378.0,302.0,100.0,24.4,74.0,6.2
2023-02-03 12:00:00,704.0,768.0,144.0,100.0,25.6,71.0,8.2
2023-02-03 13:00:00,639.0,524.0,265.0,100.0,25.0,71.0,5.7
2023-02-03 14:00:00,520.0,586.0,152.0,90.0,25.0,74.0,6.2
2023-02-03 15:00:00,312.0,207.0,211.0,90.0,24.4,71.0,6.2
2023-02-03 16:00:00,142.0,114.0,109.0,90.0,24.4,71.0,4.6
2023-02-03 17:00:00,54.0,147.0,36.0,90.0,23.9,66.0,2.6
2023-02-03 18:00:00,1.0,0.0,1.0,90.0,22.8,71.0,1.5
2023-02-03 19:00:00,0.0,0.0,0.0,100.0,22.2,81.0,0.0
2023-02-03 20:00:00,0.0,0.0,0.0,100.0,20.6,87.0,2.1
2023-02-03 21:00:00,0.0,0.0,0.0,100.0,20.0,90.0,2.1
2023-02-03 22:00:00,0.0,0.0,0.0,100.0,19.4,93.0,3.1
2023-02-03 23:00:00,0.0,0.0,0.0,100.0,19.4,90.0,2.1
2023-02-04 00:00:00,0.0,0.0,0.0,100.0,19.4,90.0,2.1
2023-02-04 01:00:00,0.0,0.0,0.0,100.0,19.4,90.0,3.1
2023-02-04 02:00:00,0.0,0.0,0.0,100.0,19.4,90.0,3.1
2023-02-04 03:00:00,0.0,0.0,0.0,100.0,19.4,93.0,0.0
2023-02-04 04:00:00,0.0,0.0,0.0,100.0,18.9,93.0,3.1
2023-02-04 05:00:00,0.0,0.0,0.0,100.0,18.9,90.0,3.1
2023-02-04 06:00:00,0.0,0.0,0.0,100.0,18.3,93.0,3.1
2023-02-04 07:00:00,21.0,26.0,17.0,100.0,18.3,93.0,4.1
2023-02-04 08:00:00,105.0,2.0,104.0,100.0,18.3,93.0,4.6
2023-02-04 09:00:00,67.0,0.0,64.0,100.0,18.3,90.0,4.1
2023-02-04 10:00:00,115.0,0.0,149.0,100.0,17.2,90.0,6.2
2023-02-04 11:00:00,358.0,3.0,356.0,100.0,18.3,87.0,3.6
2023-02-04 12:00:00,367.0,72.0,316.0,100.0,20.0,81.0,3.1
2023-02-04 13:00:00,322.0,48.0,291.0,80.0,21.7,73.0,3.1
2023-02-04 14:00:00,211.0,0.0,221.0,100.0,21.7,73.0,5.2
2023-02-04 15:00:00,234.0,85.0,192.0,90.0,21.1,76.0,4.6
2023-02-04 16:00:00,111.0,19.0,122.0,80.0,20.6,76.0,4.1
2023-02-04 17:00:00,54.0,29.0,49.0,100.0,20.6,76.0,3.1
2023-02-04 18:00:00,0.0,0.0,0.0,80.0,20.0,78.0,5.2
2023-02-04 19:00:00,0.0,0.0,0.0,80.0,19.4,78.0,5.2
2023-02-04 20:00:00,0.0,0.0,0.0,80.0,18.3,81.0,6.2
2023-02-04 21:00:00,0.0,0.0,0.0,80.0,17.2,84.0,3.1
2023-02-04 22:00:00,0.0,0.0,0.0,80.0,17.2,81.0,5.2
2023-02-04 23:00:00,0.0,0.0,0.0,80.0,17.2,81.0,3.6
2023-02-05 00:00:00,0.0,0.0,0.0,90.0,16.7,84.0,4.6
2023-02-05 01:00:00,0.0,0.0,0.0,90.0,16.7,84.0,4.1
2023-02-05 02:00:00,0.0,0.0,0.0,100.0,16.7,84.0,2.1
2023-02-05 03:00:00,0.0,0.0,0.0,90.0,16.1,87.0,4.1
2023-02-05 04:00:00,0.0,0.0,0.0,100.0,16.7,84.0,2.1
2023-02-05 05:00:00,0.0,0.0,0.0,100.0,17.2,84.0,1.5
2023-02-05 06:00:00,0.0,0.0,0.0,100.0,16.7,90.0,2.6
2023-02-05 07:00:00,29.0,8.0,26.0,100.0,19.4,78.0,2.6
2023-02-05 08:00:00,134.0,31.0,117.0,90.0,20.6,73.0,6.7
2023-02-05 09:00:00,308.0,303.0,154.0,80.0,21.1,68.0,7.2
2023-02-05 10:00:00,437.0,213.0,298.0,80.0,21.7,66.0,8.2
2023-02-05 11:00:00,483.0,222.0,319.0,80.0,22.2,62.0,8.2
2023-02-05 12:00:00,476.0,185.0,315.0,100.0,21.7,61.0,7.2
2023-02-05 13:00:00,304.0,16.0,290.0,100.0,21.1,64.0,4.6
2023-02-05 14:00:00,289.0,25.0,263.0,100.0,21.7,59.0,8.8
2023-02-05 15:00:00,263.0,166.0,171.0,100.0,21.1,61.0,9.3
2023-02-05 16:00:00,173.0,125.0,123.0,90.0,20.6,59.0,8.8
2023-02-05 17:00:00,67.0,177.0,42.0,70.0,20.6,61.0,6.7
2023-02-05 18:00:00,1.0,0.0,1.0,100.0,20.6,63.0,6.2
2023-02-05 19:00:00,0.0,0.0,0.0,30.0,20.0,61.0,6.2
2023-02-05 20:00:00,0.0,0.0,0.0,10.0,19.4,63.0,7.7
2023-02-05 21:00:00,0.0,0.0,0.0,0.0,19.4,61.0,7.2
2023-02-05 22:00:00,0.0,0.0,0.0,10.0,18.9,61.0,6.2
2023-02-05 23:00:00,0.0,0.0,0.0,0.0,18.9,61.0,5.2
2023-02-06 00:00:00,0.0,0.0,0.0,30.0,19.4,61.0,5.7
2023-02-06 01:00:00,0.0,0.0,0.0,20.0,19.4,61.0,6.2
2023-02-06 02:00:00,0.0,0.0,0.0,20.0,19.4,63.0,4.6
2023-02-06 03:00:00,0.0,0.0,0.0,30.0,19.4,66.0,6.7
2023-02-06 04:00:00,0.0,0.0,0.0,10.0,19.4,63.0,7.2
2023-02-06 05:00:00,0.0,0.0,0.0,0.0,19.4,66.0,6.2
2023-02-06 06:00:00,0.0,0.0,0.0,40.0,19.4,66.0,6.7
2023-02-06 07:00:00,48.0,52.0,44.0,50.0,19.4,63.0,6.2
2023-02-06 08:00:00,175.0,154.0,134.0,100.0,20.6,61.0,8.2
2023-02-06 09:00:00,381.0,537.0,135.0,80.0,21.1,61.0,8.2
2023-02-06 10:00:00,597.0,777.0,117.0,80.0,22.2,59.0,10.3
2023-02-06 11:00:00,730.0,829.0,100.0,70.0,22.8,55.0,8.8
2023-02-06 12:00:00,746.0,819.0,139.0,90.0,22.2,57.0,10.3
2023-02-06 13:00:00,656.0,615.0,215.0,90.0,22.8,59.0,7.7
2023-02-06 14:00:00,462.0,327.0,257.0,100.0,22.2,62.0,7.2
2023-02-06 15:00:00,300.0,197.0,201.0,90.0,22.8,59.0,6.7
2023-02-06 16:00:00,170.0,102.0,139.0,90.0,21.7,66.0,8.2
2023-02-06 17:00:00,47.0,88.0,37.0,90.0,21.7,66.0,6.2
2023-02-06 18:00:00,0.0,0.0,0.0,100.0,21.1,71.0,7.7
2023-02-06 19:00:00,0.0,0.0,0.0,100.0,21.1,71.0,6.7
2023-02-06 20:00:00,0.0,0.0,0.0,100.0,21.1,73.0,7.7
2023-02-06 21:00:00,0.0,0.0,0.0,100.0,21.1,73.0,8.2
2023-02-06 22:00:00,0.0,0.0,0.0,100.0,21.7,71.0,7.2
2023-02-06 23:00:00,0.0,0.0,0.0,100.0,21.7,73.0,8.8
2023-02-07 00:00:00,0.0,0.0,0.0,30.0,21.1,79.0,7.7
2023-02-07 01:00:00,0.0,0.0,0.0,100.0,21.7,79.0,8.2
2023-02-07 02:00:00,0.0,0.0,0.0,100.0,21.7,81.0,7.2
2023-02-07 03:00:00,0.0,0.0,0.0,90.0,21.7,81.0,7.2
2023-02-07 04:00:00,0.0,0.0,0.0,50.0,21.7,84.0,7.7
2023-02-07 05:00:00,0.0,0.0,0.0,80.0,22.2,81.0,6.7
2023-02-07 06:00:00,0.0,0.0,0.0,30.0,21.7,84.0,7.2
2023-02-07 07:00:00,31.0,1.0,31.0,100.0,22.2,84.0,9.3
2023-02-07 08:00:00,168.0,144.0,125.0,80.0,23.3,79.0,7.2
2023-02-07 09:00:00,334.0,379.0,151.0,80.0,23.9,79.0,7.2
2023-02-07 10:00:00,448.0,375.0,214.0,80.0,25.0,74.0,8.2
2023-02-07 11:00:00,590.0,549.0,198.0,80.0,25.6,77.0,8.8
2023-02-07 12:00:00,667.0,604.0,212.0,80.0,26.7,69.0,9.3
2023-02-07 13:00:00,667.0,642.0,206.0,50.0,26.7,67.0,8.8
2023-02-07 14:00:00,490.0,389.0,240.0,40.0,26.1,69.0,7.2
2023-02-07 15:00:00,311.0,198.0,209.0,60.0,26.7,60.0,8.2
2023-02-07 16:00:00,183.0,222.0,114.0,60.0,26.1,67.0,7.2
2023-02-07 17:00:00,70.0,216.0,45.0,60.0,25.0,71.0,3.1
2023-02-07 18:00:00,0.0,0.0,0.0,90.0,24.4,76.0,3.1
2023-02-07 19:00:00,0.0,0.0,0.0,100.0,23.3,84.0,4.1
2023-02-07 20:00:00,0.0,0.0,0.0,100.0,23.3,84.0,3.6
2023-02-07 21:00:00,0.0,0.0,0.0,100.0,21.1,90.0,4.1
2023-02-07 22:00:00,0.0,0.0,0.0,100.0,21.1,93.0,4.6
2023-02-07 23:00:00,0.0,0.0,0.0,100.0,21.1,90.0,2.6
2023-02-08 00:00:00,0.0,0.0,0.0,90.0,21.1,90.0,3.1
2023-02-08 01:00:00,0.0,0.0,0.0,30.0,20.6,90.0,3.1
2023-02-08 02:00:00,0.0,0.0,0.0,60.0,20.6,90.0,3.1
2023-02-08 03:00:00,0.0,0.0,0.0,100.0,20.6,90.0,2.6
2023-02-08 04:00:00,0.0,0.0,0.0,90.0,20.6,87.0,4.1
2023-02-08 05:00:00,0.0,0.0,0.0,90.0,19.4,84.0,3.6
2023-02-08 06:00:00,0.0,0.0,0.0,100.0,18.9,87.0,4.1
2023-02-08 07:00:00,59.0,78.0,47.0,60.0,18.9,84.0,4.1
2023-02-08 08:00:00,222.0,373.0,98.0,70.0,19.4,78.0,7.2
2023-02-08 09:00:00,341.0,360.0,155.0,60.0,18.9,73.0,8.8
2023-02-08 10:00:00,583.0,727.0,126.0,30.0,19.4,66.0,5.7
2023-02-08 11:00:00,771.0,963.0,58.0,10.0,20.0,57.0,7.2
2023-02-08 12:00:00,803.0,972.0,63.0,0.0,21.1,51.0,6.7
2023-02-08 13:00:00,779.0,968.0,62.0,0.0,22.2,48.0,5.7
2023-02-08 14:00:00,687.0,946.0,57.0,0.0,22.8,41.0,5.7
2023-02-08 15:00:00,516.0,900.0,48.0,0.0,22.8,40.0,5.2
2023-02-08 16:00:00,297.0,800.0,35.0,0.0,22.8,43.0,5.2
2023-02-08 17:00:00,97.0,541.0,20.0,0.0,21.1,46.0,3.6
2023-02-08 18:00:00,9.0,32.0,2.0,0.0,19.4,51.0,4.1
2023-02-08 19:00:00,0.0,0.0,0.0,0.0,17.8,61.0,4.1
2023-02-08 20:00:00,0.0,0.0,0.0,0.0,17.2,68.0,4.6
2023-02-08 21:00:00,0.0,0.0,0.0,0.0,16.1,72.0,6.2
2023-02-08 22:00:00,0.0,0.0,0.0,0.0,15.0,75.0,6.2
2023-02-08 23:00:00,0.0,0.0,0.0,0.0,13.9,78.0,4.1
2023-02-09 00:00:00,0.0,0.0,0.0,0.0,13.9,78.0,3.6
2023-02-09 01:00:00,0.0,0.0,0.0,0.0,13.3,83.0,4.1
2023-02-09 02:00:00,0.0,0.0,0.0,0.0,12.8,83.0,3.6
2023-02-09 03:00:00,0.0,0.0,0.0,90.0,12.8,83.0,5.7
2023-02-09 04:00:00,0.0,0.0,0.0,80.0,12.8,80.0,4.1
2023-02-09 05:00:00,0.0,0.0,0.0,10.0,12.2,83.0,3.6
2023-02-09 06:00:00,0.0,0.0,0.0,0.0,12.2,80.0,3.1
2023-02-09 07:00:00,63.0,318.0,26.0,20.0,12.2,80.0,3.6
2023-02-09 08:00:00,265.0,659.0,59.0,20.0,13.9,72.0,5.2
2023-02-09 09:00:00,484.0,767.0,82.0,40.0,15.6,60.0,7.7
2023-02-09 10:00:00,647.0,832.0,122.0,40.0,16.1,60.0,8.2
2023-02-09 11:00:00,785.0,932.0,98.0,0.0,16.7,58.0,4.1
2023-02-09 12:00:00,812.0,943.0,102.0,0.0,17.8,52.0,6.2
2023-02-09 13:00:00,781.0,939.0,99.0,0.0,18.9,49.0,4.1
2023-02-09 14:00:00,682.0,910.0,91.0,0.0,19.4,47.0,5.7
2023-02-09 15:00:00,514.0,847.0,78.0,0.0,20.0,44.0,5.2
2023-02-09 16:00:00,294.0,718.0,57.0,0.0,20.0,44.0,4.6
2023-02-09 17:00:00,85.0,392.0,33.0,0.0,19.4,45.0,4.1
2023-02-09 18:00:00,4.0,14.0,2.0,20.0,17.8,52.0,2.6
2023-02-09 19:00:00,0.0,0.0,0.0,0.0,16.1,58.0,2.1
2023-02-09 20:00:00,0.0,0.0,0.0,0.0,15.0,65.0,4.1
2023-02-09 21:00:00,0.0,0.0,0.0,0.0,14.4,69.0,4.6
2023-02-09 22:00:00,0.0,0.0,0.0,0.0,13.9,75.0,3.6
2023-02-09 23:00:00,0.0,0.0,0.0,0.0,12.8,77.0,3.6
2023-02-10 00:00:00,0.0,0.0,0.0,0.0,11.7,77.0,2.6
2023-02-10 01:00:00,0.0,0.0,0.0,0.0,11.1,80.0,3.1
2023-02-10 02:00:00,0.0,0.0,0.0,0.0,10.6,83.0,4.6
2023-02-10 03:00:00,0.0,0.0,0.0,40.0,10.0,83.0,5.7
2023-02-10 04:00:00,0.0,0.0,0.0,30.0,10.0,80.0,5.2
2023-02-10 05:00:00,0.0,0.0,0.0,80.0,9.4,86.0,5.7
2023-02-10 06:00:00,0.0,0.0,0.0,90.0,9.4,86.0,3.6
2023-02-10 07:00:00,47.0,110.0,39.0,20.0,8.9,89.0,3.1
2023-02-10 08:00:00,237.0,622.0,56.0,20.0,11.1,74.0,3.6
2023-02-10 09:00:00,393.0,470.0,162.0,30.0,13.3,57.0,5.7
2023-02-10 10:00:00,676.0,911.0,79.0,20.0,15.0,48.0,5.2
2023-02-10 11:00:00,590.0,437.0,273.0,60.0,16.7,48.0,3.6
2023-02-10 12:00:00,686.0,508.0,299.0,70.0,17.2,45.0,4.6
2023-02-10 13:00:00,564.0,365.0,291.0,90.0,16.7,45.0,6.7
2023-02-10 14:00:00,592.0,595.0,202.0,30.0,17.2,41.0,5.2
2023-02-10 15:00:00,451.0,486.0,195.0,90.0,17.2,43.0,3.6
2023-02-10 16:00:00,210.0,253.0,125.0,80.0,16.7,43.0,3.1
2023-02-10 17:00:00,57.0,59.0,51.0,80.0,15.0,46.0,3.6
2023-02-10 18:00:00,0.0,0.0,0.0,80.0,13.9,47.0,3.6
2023-02-10 19:00:00,0.0,0.0,0.0,50.0,13.3,49.0,2.6
2023-02-10 20:00:00,0.0,0.0,0.0,60.0,12.2,53.0,2.6
2023-02-10 21:00:00,0.0,0.0,0.0,80.0,12.2,55.0,2.1
2023-02-10 22:00:00,0.0,0.0,0.0,80.0,12.8,55.0,2.1
2023-02-10 23:00:00,0.0,0.0,0.0,90.0,12.8,53.0,1.5
2023-02-11 00:00:00,0.0,0.0,0.0,100.0,12.8,55.0,2.1
2023-02-11 01:00:00,0.0,0.0,0.0,100.0,12.8,64.0,3.1
2023-02-11 02:00:00,0.0,0.0,0.0,100.0,12.2,69.0,3.6
2023-02-11 03:00:00,0.0,0.0,0.0,100.0,12.2,62.0,3.1
2023-02-11 04:00:00,0.0,0.0,0.0,100.0,11.7,61.0,4.1
2023-02-11 05:00:00,0.0,0.0,0.0,100.0,11.7,61.0,4.1
2023-02-11 06:00:00,0.0,0.0,0.0,100.0,11.7,61.0,4.6
2023-02-11 07:00:00,27.0,31.0,22.0,100.0,11.7,64.0,2.1
2023-02-11 08:00:00,117.0,20.0,104.0,100.0,12.2,62.0,5.2
2023-02-11 09:00:00,278.0,140.0,202.0,100.0,13.9,60.0,4.1
2023-02-11 10:00:00,316.0,3.0,314.0,100.0,15.0,54.0,5.2
2023-02-11 11:00:00,320.0,2.0,318.0,100.0,15.6,46.0,6.2
2023-02-11 12:00:00,436.0,149.0,321.0,100.0,16.1,46.0,3.6
2023-02-11 13:00:00,386.0,27.0,361.0,100.0,17.2,46.0,4.6
2023-02-11 14:00:00,375.0,176.0,258.0,100.0,17.2,45.0,5.2
2023-02-11 15:00:00,281.0,96.0,223.0,100.0,16.7,50.0,4.1
2023-02-11 16:00:00,154.0,52.0,130.0,100.0,16.7,52.0,3.6
2023-02-11 17:00:00,59.0,80.0,45.0,100.0,16.1,56.0,2.1
2023-02-11 18:00:00,3.0,2.0,2.0,100.0,15.6,58.0,2.1
2023-02-11 19:00:00,0.0,0.0,0.0,100.0,15.0,70.0,1.5
2023-02-11 20:00:00,0.0,0.0,0.0,60.0,13.3,75.0,2.1
2023-02-11 21:00:00,0.0,0.0,0.0,40.0,13.3,72.0,1.5
2023-02-11 22:00:00,0.0,0.0,0.0,30.0,12.8,77.0,0.0
2023-02-11 23:00:00,0.0,0.0,0.0,30.0,11.7,86.0,3.1
2023-02-12 00:00:00,0.0,0.0,0.0,70.0,11.7,86.0,1.5
2023-02-12 01:00:00,0.0,0.0,0.0,70.0,11.7,80.0,2.1
2023-02-12 02:00:00,0.0,0.0,0.0,60.0,11.7,80.0,1.5
2023-02-12 03:00:00,0.0,0.0,0.0,50.0,11.1,80.0,2.1
2023-02-12 04:00:00,0.0,0.0,0.0,10.0,9.4,77.0,2.1
2023-02-12 05:00:00,0.0,0.0,0.0,10.0,8.9,80.0,1.5
2023-02-12 06:00:00,0.0,0.0,0.0,30.0,8.9,74.0,1.5
2023-02-12 07:00:00,49.0,101.0,37.0,50.0,8.9,74.0,1.5
2023-02-12 08:00:00,205.0,320.0,102.0,30.0,11.7,61.0,2.6
2023-02-12 09:00:00,453.0,669.0,117.0,10.0,15.0,50.0,3.1
2023-02-12 10:00:00,659.0,789.0,144.0,10.0,17.8,38.0,2.1
2023-02-12 11:00:00,766.0,833.0,158.0,10.0,20.6,46.0,3.1
2023-02-12 12:00:00,810.0,838.0,156.0,20.0,20.6,47.0,4.6
2023-02-12 13:00:00,770.0,846.0,154.0,0.0,21.7,43.0,4.1
2023-02-12 14:00:00,664.0,781.0,144.0,10.0,21.7,44.0,1.5
2023-02-12 15:00:00,493.0,696.0,123.0,30.0,21.7,44.0,1.0
2023-02-12 16:00:00,295.0,550.0,86.0,30.0,21.1,53.0,4.1
2023-02-12 17:00:00,76.0,178.0,50.0,20.0,20.0,57.0,3.1
2023-02-12 18:00:00,2.0,1.0,2.0,40.0,18.9,65.0,2.6
2023-02-12 19:00:00,0.0,0.0,0.0,40.0,17.8,73.0,1.0
2023-02-12 20:00:00,0.0,0.0,0.0,0.0,16.1,84.0,0.0
2023-02-12 21:00:00,0.0,0.0,0.0,0.0,15.6,84.0,0.0
2023-02-12 22:00:00,0.0,0.0,0.0,0.0,15.0,84.0,0.0
2023-02-12 23:00:00,0.0,0.0,0.0,0.0,14.4,87.0,0.0
2023-02-13 00:00:00,0.0,0.0,0.0,0.0,14.4,83.0,1.0
2023-02-13 01:00:00,0.0,0.0,0.0,0.0,13.3,90.0,1.5
2023-02-13 02:00:00,0.0,0.0,0.0,0.0,13.3,86.0,2.1
2023-02-13 03:00:00,0.0,0.0,0.0,0.0,13.3,83.0,0.0
2023-02-13 04:00:00,0.0,0.0,0.0,0.0,12.8,69.0,3.6
2023-02-13 05:00:00,0.0,0.0,0.0,0.0,11.7,66.0,2.6
2023-02-13 06:00:00,0.0,0.0,0.0,10.0,12.2,69.0,2.1
2023-02-13 07:00:00,60.0,231.0,34.0,10.0,13.3,60.0,2.6
2023-02-13 08:00:00,263.0,632.0,64.0,0.0,16.7,58.0,3.1
2023-02-13 09:00:00,477.0,788.0,89.0,0.0,19.4,57.0,3.1
2023-02-13 10:00:00,662.0,862.0,106.0,10.0,21.7,57.0,5.7
2023-02-13 11:00:00,801.0,898.0,118.0,10.0,22.8,53.0,7.7
2023-02-13 12:00:00,864.0,912.0,117.0,10.0,22.8,50.0,5.2
2023-02-13 13:00:00,808.0,904.0,123.0,10.0,22.8,51.0,6.2
2023-02-13 14:00:00,669.0,844.0,107.0,10.0,22.8,53.0,5.7
2023-02-13 15:00:00,469.0,536.0,185.0,10.0,22.2,53.0,5.7
2023-02-13 16:00:00,298.0,672.0,69.0,0.0,22.2,53.0,4.1
2023-02-13 17:00:00,93.0,348.0,39.0,0.0,21.1,59.0,5.2
2023-02-13 18:00:00,4.0,6.0,3.0,0.0,20.0,61.0,4.1
2023-02-13 19:00:00,0.0,0.0,0.0,0.0,19.4,68.0,3.1
2023-02-13 20:00:00,0.0,0.0,0.0,0.0,18.9,70.0,3.1
2023-02-13 21:00:00,0.0,0.0,0.0,0.0,18.9,68.0,3.6
2023-02-13 22:00:00,0.0,0.0,0.0,0.0,18.3,70.0,2.6
2023-02-13 23:00:00,0.0,0.0,0.0,20.0,18.3,73.0,2.6
2023-02-14 00:00:00,0.0,0.0,0.0,30.0,18.3,73.0,3.1
2023-02-14 01:00:00,0.0,0.0,0.0,40.0,18.9,73.0,2.6
2023-02-14 02:00:00,0.0,0.0,0.0,40.0,18.3,75.0,2.1
2023-02-14 03:00:00,0.0,0.0,0.0,40.0,17.8,78.0,1.5
2023-02-14 04:00:00,0.0,0.0,0.0,30.0,16.7,81.0,2.6
2023-02-14 05:00:00,0.0,0.0,0.0,0.0,15.0,87.0,2.1
2023-02-14 06:00:00,0.0,0.0,0.0,40.0,16.1,84.0,2.6
2023-02-14 07:00:00,65.0,257.0,32.0,50.0,16.7,84.0,1.0
2023-02-14 08:00:00,247.0,557.0,70.0,40.0,21.1,68.0,3.6
2023-02-14 09:00:00,439.0,602.0,137.0,50.0,22.2,59.0,5.7
2023-02-14 10:00:00,588.0,685.0,144.0,40.0,23.3,55.0,5.7
2023-02-14 11:00:00,604.0,409.0,303.0,40.0,23.3,54.0,6.7
2023-02-14 12:00:00,674.0,411.0,355.0,60.0,23.3,55.0,6.2
2023-02-14 13:00:00,730.0,742.0,171.0,50.0,23.9,50.0,6.7
2023-02-14 14:00:00,586.0,489.0,263.0,90.0,23.9,52.0,6.2
2023-02-14 15:00:00,396.0,276.0,248.0,100.0,23.3,54.0,5.2
2023-02-14 16:00:00,265.0,444.0,105.0,80.0,23.3,55.0,6.2
2023-02-14 17:00:00,83.0,207.0,52.0,80.0,22.2,57.0,5.2
2023-02-14 18:00:00,6.0,10.0,4.0,70.0,21.1,64.0,4.1
2023-02-14 19:00:00,0.0,0.0,0.0,20.0,21.1,66.0,3.1
2023-02-14 20:00:00,0.0,0.0,0.0,70.0,20.6,71.0,3.6
2023-02-14 21:00:00,0.0,0.0,0.0,30.0,20.6,68.0,3.6
2023-02-14 22:00:00,0.0,0.0,0.0,30.0,20.6,71.0,3.1
2023-02-14 23:00:00,0.0,0.0,0.0,30.0,20.6,73.0,3.1
2023-02-15 00:00:00,0.0,0.0,0.0,60.0,19.4,78.0,1.5
2023-02-15 01:00:00,0.0,0.0,0.0,80.0,19.4,81.0,2.6
2023-02-15 02:00:00,0.0,0.0,0.0,100.0,19.4,81.0,1.0
2023-02-15 03:00:00,0.0,0.0,0.0,80.0,18.9,84.0,2.6
2023-02-15 04:00:00,0.0,0.0,0.0,70.0,18.3,84.0,2.1
2023-02-15 05:00:00,0.0,0.0,0.0,30.0,17.2,90.0,0.0
2023-02-15 06:00:00,0.0,0.0,0.0,70.0,17.8,87.0,0.0
2023-02-15 07:00:00,59.0,178.0,38.0,70.0,19.4,84.0,0.0
2023-02-15 08:00:00,153.0,178.0,95.0,70.0,23.3,66.0,5.2
2023-02-15 09:00:00,428.0,626.0,110.0,40.0,23.9,64.0,4.1
2023-02-15 10:00:00,676.0,853.0,86.0,40.0,24.4,58.0,5.2
2023-02-15 11:00:00,628.0,506.0,249.0,50.0,24.4,60.0,5.2
2023-02-15 12:00:00,359.0,71.0,312.0,80.0,23.9,60.0,4.1
2023-02-15 13:00:00,399.0,110.0,315.0,90.0,24.4,60.0,6.2
2023-02-15 14:00:00,503.0,290.0,306.0,90.0,24.4,62.0,5.7
2023-02-15 15:00:00,435.0,437.0,191.0,70.0,24.4,60.0,4.6
2023-02-15 16:00:00,299.0,611.0,78.0,30.0,23.9,62.0,5.7
2023-02-15 17:00:00,90.0,257.0,50.0,10.0,22.8,66.0,4.1
2023-02-15 18:00:00,6.0,18.0,4.0,0.0,22.2,68.0,4.1
2023-02-15 19:00:00,0.0,0.0,0.0,0.0,21.7,71.0,3.1
2023-02-15 20:00:00,0.0,0.0,0.0,0.0,21.1,73.0,3.1
2023-02-15 21:00:00,0.0,0.0,0.0,0.0,21.1,73.0,3.1
2023-02-15 22:00:00,0.0,0.0,0.0,0.0,20.6,76.0,2.6
2023-02-15 23:00:00,0.0,0.0,0.0,0.0,20.0,78.0,2.6
2023-02-16 00:00:00,0.0,0.0,0.0,0.0,19.4,81.0,3.1
2023-02-16 01:00:00,0.0,0.0,0.0,0.0,18.9,84.0,2.1
2023-02-16 02:00:00,0.0,0.0,0.0,10.0,18.9,84.0,2.1
2023-02-16 03:00:00,0.0,0.0,0.0,60.0,18.3,84.0,1.5
2023-02-16 04:00:00,0.0,0.0,0.0,80.0,17.8,87.0,2.1
2023-02-16 05:00:00,0.0,0.0,0.0,60.0,17.8,87.0,1.5
2023-02-16 06:00:00,0.0,0.0,0.0,60.0,17.8,87.0,2.1
2023-02-16 07:00:00,48.0,35.0,43.0,60.0,17.8,87.0,3.1
2023-02-16 08:00:00,265.0,534.0,90.0,50.0,20.6,73.0,2.6
2023-02-16 09:00:00,323.0,236.0,197.0,50.0,23.3,62.0,2.6
2023-02-16 10:00:00,502.0,409.0,233.0,50.0,24.4,54.0,6.2
2023-02-16 11:00:00,678.0,533.0,275.0,50.0,25.0,56.0,5.7
2023-02-16 12:00:00,541.0,338.0,281.0,80.0,25.0,62.0,5.2
2023-02-16 13:00:00,386.0,92.0,318.0,90.0,23.9,64.0,5.7
2023-02-16 14:00:00,422.0,284.0,230.0,100.0,24.4,60.0,6.7
2023-02-16 15:00:00,372.0,222.0,245.0,100.0,24.4,60.0,6.2
2023-02-16 16:00:00,270.0,452.0,106.0,100.0,23.3,62.0,6.7
2023-02-16 17:00:00,75.0,34.0,69.0,100.0,22.8,64.0,5.7
2023-02-16 18:00:00,11.0,25.0,7.0,80.0,22.2,62.0,4.1
2023-02-16 19:00:00,0.0,0.0,0.0,0.0,21.1,68.0,3.6
2023-02-16 20:00:00,0.0,0.0,0.0,0.0,21.1,68.0,3.6
2023-02-16 21:00:00,0.0,0.0,0.0,20.0,21.7,68.0,4.1
2023-02-16 22:00:00,0.0,0.0,0.0,30.0,22.2,66.0,4.1
2023-02-16 23:00:00,0.0,0.0,0.0,20.0,21.7,73.0,3.6
2023-02-17 00:00:00,0.0,0.0,0.0,40.0,21.7,79.0,3.6
2023-02-17 01:00:00,0.0,0.0,0.0,30.0,21.7,81.0,4.6
2023-02-17 02:00:00,0.0,0.0,0.0,20.0,21.7,79.0,3.6
2023-02-17 03:00:00,0.0,0.0,0.0,20.0,21.7,81.0,4.6
2023-02-17 04:00:00,0.0,0.0,0.0,30.0,21.7,81.0,4.1
2023-02-17 05:00:00,0.0,0.0,0.0,40.0,21.7,81.0,4.6
2023-02-17 06:00:00,1.0,1.0,1.0,70.0,21.7,81.0,4.6
2023-02-17 07:00:00,44.0,58.0,34.0,90.0,22.2,79.0,5.7
2023-02-17 08:00:00,155.0,6.0,146.0,90.0,22.8,73.0,6.7
2023-02-17 09:00:00,347.0,176.0,255.0,90.0,23.9,69.0,6.2
2023-02-17 10:00:00,526.0,295.0,327.0,80.0,24.4,66.0,8.8
2023-02-17 11:00:00,574.0,437.0,248.0,80.0,25.0,62.0,6.7
2023-02-17 12:00:00,451.0,199.0,341.0,70.0,24.4,62.0,8.8
2023-02-17 13:00:00,408.0,148.0,296.0,80.0,25.0,60.0,7.2
2023-02-17 14:00:00,378.0,133.0,289.0,80.0,23.3,64.0,7.7
2023-02-17 15:00:00,328.0,219.0,206.0,60.0,23.9,64.0,7.7
2023-02-17 16:00:00,297.0,519.0,107.0,30.0,23.3,66.0,6.2
2023-02-17 17:00:00,94.0,393.0,33.0,30.0,23.3,69.0,7.2
2023-02-17 18:00:00,12.0,35.0,6.0,20.0,22.2,71.0,6.7
2023-02-17 19:00:00,0.0,0.0,0.0,0.0,22.2,64.0,5.2
2023-02-17 20:00:00,0.0,0.0,0.0,20.0,22.2,68.0,6.2
2023-02-17 21:00:00,0.0,0.0,0.0,20.0,22.2,71.0,6.2
2023-02-17 22:00:00,0.0,0.0,0.0,20.0,22.2,71.0,6.2
2023-02-17 23:00:00,0.0,0.0,0.0,10.0,22.2,73.0,6.7
2023-02-18 00:00:00,0.0,0.0,0.0,10.0,22.2,73.0,5.7
2023-02-18 01:00:00,0.0,0.0,0.0,40.0,22.2,79.0,7.2
2023-02-18 02:00:00,0.0,0.0,0.0,40.0,22.8,76.0,6.7
2023-02-18 03:00:00,0.0,0.0,0.0,50.0,22.2,79.0,6.7
2023-02-18 04:00:00,0.0,0.0,0.0,30.0,22.2,81.0,6.7
2023-02-18 05:00:00,0.0,0.0,0.0,30.0,22.2,81.0,6.2
2023-02-18 06:00:00,2.0,1.0,1.0,30.0,22.2,81.0,6.2
2023-02-18 07:00:00,64.0,261.0,34.0,20.0,22.8,79.0,6.2
2023-02-18 08:00:00,272.0,662.0,55.0,10.0,23.9,74.0,8.2
2023-02-18 09:00:00,493.0,803.0,74.0,30.0,25.0,69.0,8.2
2023-02-18 10:00:00,599.0,609.0,197.0,50.0,25.6,69.0,8.2
2023-02-18 11:00:00,521.0,189.0,381.0,60.0,25.6,69.0,8.2
2023-02-18 12:00:00,527.0,204.0,366.0,80.0,25.6,69.0,7.2
2023-02-18 13:00:00,788.0,884.0,80.0,40.0,26.7,62.0,7.2
2023-02-18 14:00:00,601.0,634.0,164.0,50.0,25.6,67.0,7.7
2023-02-18 15:00:00,312.0,143.0,232.0,50.0,25.0,69.0,7.7
2023-02-18 16:00:00,210.0,80.0,178.0,50.0,25.0,69.0,6.7
2023-02-18 17:00:00,80.0,156.0,55.0,20.0,24.4,74.0,5.2
2023-02-18 18:00:00,9.0,30.0,4.0,10.0,23.9,79.0,3.1
2023-02-18 19:00:00,0.0,0.0,0.0,10.0,23.3,82.0,3.1
2023-02-18 20:00:00,0.0,0.0,0.0,50.0,23.3,82.0,2.6
2023-02-18 21:00:00,0.0,0.0,0.0,30.0,22.8,84.0,2.6
2023-02-18 22:00:00,0.0,0.0,0.0,20.0,23.3,82.0,3.1
2023-02-18 23:00:00,0.0,0.0,0.0,40.0,23.3,84.0,3.6
2023-02-19 00:00:00,0.0,0.0,0.0,40.0,23.3,82.0,5.7
2023-02-19 01:00:00,0.0,0.0,0.0,30.0,23.3,84.0,7.2
2023-02-19 02:00:00,0.0,0.0,0.0,80.0,23.3,84.0,6.7
2023-02-19 03:00:00,0.0,0.0,0.0,70.0,23.3,84.0,5.2
2023-02-19 04:00:00,0.0,0.0,0.0,90.0,23.3,85.0,4.6
2023-02-19 05:00:00,0.0,0.0,0.0,50.0,23.3,84.0,5.2
2023-02-19 06:00:00,2.0,2.0,1.0,40.0,23.3,84.0,7.2
2023-02-19 07:00:00,73.0,315.0,34.0,40.0,23.9,82.0,6.7
2023-02-19 08:00:00,247.0,486.0,83.0,70.0,25.0,76.0,7.2
2023-02-19 09:00:00,272.0,111.0,214.0,80.0,25.6,74.0,7.7
2023-02-19 10:00:00,556.0,459.0,249.0,80.0,26.1,74.0,8.2
2023-02-19 11:00:00,550.0,352.0,285.0,90.0,26.7,72.0,7.7
2023-02-19 12:00:00,542.0,255.0,339.0,80.0,25.6,74.0,7.2
2023-02-19 13:00:00,581.0,376.0,297.0,80.0,26.1,69.0,7.7
2023-02-19 14:00:00,706.0,846.0,103.0,40.0,27.2,67.0,6.2
2023-02-19 15:00:00,475.0,674.0,104.0,40.0,26.7,67.0,5.7
2023-02-19 16:00:00,213.0,143.0,157.0,80.0,25.6,71.0,4.6
2023-02-19 17:00:00,62.0,29.0,56.0,80.0,25.6,74.0,4.1
2023-02-19 18:00:00,11.0,16.0,9.0,50.0,25.0,76.0,4.1
2023-02-19 19:00:00,0.0,0.0,0.0,40.0,24.4,85.0,3.6
2023-02-19 20:00:00,0.0,0.0,0.0,10.0,23.9,85.0,3.6
2023-02-19 21:00:00,0.0,0.0,0.0,0.0,23.9,85.0,4.6
2023-02-19 22:00:00,0.0,0.0,0.0,0.0,23.9,85.0,7.2
2023-02-19 23:00:00,0.0,0.0,0.0,40.0,23.9,85.0,5.7
2023-02-20 00:00:00,0.0,0.0,0.0,50.0,23.3,84.0,5.2
2023-02-20 01:00:00,0.0,0.0,0.0,60.0,23.9,82.0,5.2
2023-02-20 02:00:00,0.0,0.0,0.0,60.0,23.3,82.0,6.2
2023-02-20 03:00:00,0.0,0.0,0.0,50.0,23.9,79.0,6.2
2023-02-20 04:00:00,0.0,0.0,0.0,70.0,23.3,82.0,4.1
2023-02-20 05:00:00,0.0,0.0,0.0,60.0,23.3,82.0,5.7
2023-02-20 06:00:00,2.0,4.0,1.0,70.0,23.3,82.0,4.6
2023-02-20 07:00:00,69.0,235.0,39.0,60.0,23.9,79.0,5.7
2023-02-20 08:00:00,262.0,499.0,97.0,50.0,25.0,76.0,7.7
2023-02-20 09:00:00,467.0,492.0,208.0,70.0,25.6,71.0,8.8
2023-02-20 10:00:00,614.0,641.0,186.0,70.0,26.1,69.0,8.8
2023-02-20 11:00:00,674.0,576.0,234.0,70.0,25.6,69.0,7.7
2023-02-20 12:00:00,717.0,610.0,228.0,70.0,26.1,67.0,7.7
2023-02-20 13:00:00,687.0,544.0,265.0,60.0,26.1,67.0,8.2
2023-02-20 14:00:00,605.0,591.0,196.0,50.0,26.1,69.0,8.2
2023-02-20 15:00:00,463.0,599.0,133.0,70.0,26.1,69.0,8.2
2023-02-20 16:00:00,195.0,73.0,169.0,80.0,25.0,74.0,6.7
2023-02-20 17:00:00,57.0,24.0,54.0,90.0,24.4,79.0,6.2
2023-02-20 18:00:00,5.0,4.0,5.0,90.0,24.4,82.0,5.2
2023-02-20 19:00:00,0.0,0.0,0.0,80.0,24.4,82.0,7.2
2023-02-20 20:00:00,0.0,0.0,0.0,60.0,23.9,82.0,8.2
2023-02-20 21:00:00,0.0,0.0,0.0,80.0,23.9,82.0,6.2
2023-02-20 22:00:00,0.0,0.0,0.0,80.0,23.9,82.0,6.7
2023-02-20 23:00:00,0.0,0.0,0.0,80.0,23.9,82.0,7.2
2023-02-21 00:00:00,0.0,0.0,0.0,60.0,23.9,79.0,6.2
2023-02-21 01:00:00,0.0,0.0,0.0,60.0,23.9,79.0,4.6
2023-02-21 02:00:00,0.0,0.0,0.0,40.0,23.3,82.0,4.1
2023-02-21 03:00:00,0.0,0.0,0.0,40.0,23.3,79.0,6.2
2023-02-21 04:00:00,0.0,0.0,0.0,90.0,23.3,79.0,5.2
2023-02-21 05:00:00,0.0,0.0,0.0,70.0,23.3,79.0,5.2
2023-02-21 06:00:00,2.0,2.0,2.0,90.0,23.3,79.0,5.2
2023-02-21 07:00:00,47.0,43.0,42.0,90.0,23.9,79.0,4.1
2023-02-21 08:00:00,200.0,320.0,90.0,90.0,24.4,76.0,6.7
2023-02-21 09:00:00,420.0,469.0,175.0,70.0,25.6,77.0,8.2
2023-02-21 10:00:00,605.0,587.0,213.0,70.0,25.6,74.0,8.8
2023-02-21 11:00:00,667.0,541.0,252.0,80.0,26.1,72.0,9.3
2023-02-21 12:00:00,691.0,509.0,281.0,80.0,25.6,71.0,8.8
2023-02-21 13:00:00,642.0,521.0,235.0,80.0,26.7,69.0,8.8
2023-02-21 14:00:00,509.0,315.0,290.0,90.0,26.1,69.0,7.7
2023-02-21 15:00:00,398.0,400.0,176.0,90.0,26.1,72.0,7.2
2023-02-21 16:00:00,267.0,360.0,130.0,80.0,25.6,74.0,7.2
2023-02-21 17:00:00,88.0,225.0,50.0,70.0,25.0,76.0,6.2
2023-02-21 18:00:00,6.0,5.0,6.0,70.0,24.4,82.0,6.7
2023-02-21 19:00:00,0.0,0.0,0.0,50.0,23.9,82.0,5.7
2023-02-21 20:00:00,0.0,0.0,0.0,60.0,23.9,82.0,6.7
2023-02-21 21:00:00,0.0,0.0,0.0,70.0,23.9,85.0,5.2
2023-02-21 22:00:00,0.0,0.0,0.0,80.0,23.9,85.0,7.7
2023-02-21 23:00:00,0.0,0.0,0.0,60.0,23.3,84.0,6.7
2023-02-22 00:00:00,0.0,0.0,0.0,40.0,23.9,82.0,5.2
2023-02-22 01:00:00,0.0,0.0,0.0,80.0,23.9,82.0,6.7
2023-02-22 02:00:00,0.0,0.0,0.0,70.0,23.3,84.0,5.7
2023-02-22 03:00:00,0.0,0.0,0.0,40.0,23.3,82.0,5.2
2023-02-22 04:00:00,0.0,0.0,0.0,50.0,23.3,79.0,5.2
2023-02-22 05:00:00,0.0,0.0,0.0,40.0,23.3,82.0,6.7
2023-02-22 06:00:00,1.0,2.0,0.0,30.0,23.3,82.0,4.6
2023-02-22 07:00:00,65.0,132.0,45.0,50.0,23.9,82.0,5.7
2023-02-22 08:00:00,232.0,412.0,86.0,50.0,25.0,74.0,6.2
2023-02-22 09:00:00,413.0,466.0,158.0,80.0,25.6,71.0,8.8
2023-02-22 10:00:00,596.0,534.0,232.0,70.0,26.1,69.0,8.8
2023-02-22 11:00:00,778.0,881.0,88.0,40.0,27.2,65.0,9.8
2023-02-22 12:00:00,869.0,843.0,159.0,60.0,26.7,67.0,8.8
2023-02-22 13:00:00,773.0,671.0,249.0,40.0,27.8,61.0,8.2
2023-02-22 14:00:00,572.0,520.0,209.0,40.0,26.7,65.0,7.2
2023-02-22 15:00:00,555.0,819.0,72.0,30.0,27.2,65.0,7.2
2023-02-22 16:00:00,306.0,524.0,100.0,50.0,25.6,69.0,6.7
2023-02-22 17:00:00,109.0,341.0,51.0,20.0,25.0,71.0,5.7
2023-02-22 18:00:00,12.0,26.0,7.0,0.0,24.4,74.0,4.1
2023-02-22 19:00:00,0.0,0.0,0.0,0.0,23.9,74.0,3.1
2023-02-22 20:00:00,0.0,0.0,0.0,0.0,23.9,76.0,3.1
2023-02-22 21:00:00,0.0,0.0,0.0,0.0,23.3,79.0,3.1
2023-02-22 22:00:00,0.0,0.0,0.0,10.0,23.3,82.0,3.1
2023-02-22 23:00:00,0.0,0.0,0.0,20.0,23.3,84.0,4.1
2023-02-23 00:00:00,0.0,0.0,0.0,10.0,23.9,79.0,7.7
2023-02-23 01:00:00,0.0,0.0,0.0,20.0,23.9,79.0,6.2
2023-02-23 02:00:00,0.0,0.0,0.0,40.0,23.9,79.0,6.7
2023-02-23 03:00:00,0.0,0.0,0.0,20.0,23.9,79.0,7.2
2023-02-23 04:00:00,0.0,0.0,0.0,30.0,23.9,79.0,7.2
2023-02-23 05:00:00,0.0,0.0,0.0,10.0,23.9,79.0,7.2
2023-02-23 06:00:00,1.0,7.0,0.0,10.0,23.9,79.0,6.7
2023-02-23 07:00:00,76.0,206.0,49.0,10.0,24.4,76.0,4.6
2023-02-23 08:00:00,280.0,524.0,97.0,20.0,25.6,74.0,9.3
2023-02-23 09:00:00,519.0,810.0,81.0,30.0,26.7,69.0,8.8
2023-02-23 10:00:00,726.0,878.0,98.0,30.0,27.2,69.0,9.3
2023-02-23 11:00:00,815.0,860.0,96.0,50.0,27.8,67.0,7.2
2023-02-23 12:00:00,707.0,473.0,331.0,80.0,27.2,69.0,7.7
2023-02-23 13:00:00,539.0,179.0,399.0,90.0,27.2,67.0,9.3
2023-02-23 14:00:00,237.0,3.0,235.0,100.0,26.1,72.0,6.7
2023-02-23 15:00:00,321.0,168.0,226.0,100.0,26.7,69.0,7.2
2023-02-23 16:00:00,131.0,10.0,127.0,100.0,25.6,74.0,6.7
2023-02-23 17:00:00,52.0,0.0,52.0,90.0,25.0,76.0,7.7
2023-02-23 18:00:00,4.0,2.0,4.0,90.0,24.4,76.0,3.6
2023-02-23 19:00:00,0.0,0.0,0.0,70.0,24.4,79.0,3.6
2023-02-23 20:00:00,0.0,0.0,0.0,90.0,23.9,82.0,1.5
2023-02-23 21:00:00,0.0,0.0,0.0,20.0,23.3,84.0,0.0
2023-02-23 22:00:00,0.0,0.0,0.0,70.0,22.2,90.0,0.0
2023-02-23 23:00:00,0.0,0.0,0.0,100.0,22.8,87.0,1.5
2023-02-24 00:00:00,0.0,0.0,0.0,60.0,22.2,90.0,2.1
2023-02-24 01:00:00,0.0,0.0,0.0,90.0,21.7,93.0,2.6
2023-02-24 02:00:00,0.0,0.0,0.0,40.0,22.8,87.0,2.6
2023-02-24 03:00:00,0.0,0.0,0.0,70.0,23.3,87.0,3.1
2023-02-24 04:00:00,0.0,0.0,0.0,60.0,23.3,84.0,4.1
2023-02-24 05:00:00,0.0,0.0,0.0,60.0,23.3,82.0,4.6
2023-02-24 06:00:00,6.0,12.0,4.0,70.0,23.3,82.0,4.6
2023-02-24 07:00:00,73.0,163.0,47.0,70.0,23.9,79.0,4.1
2023-02-24 08:00:00,266.0,428.0,109.0,70.0,25.0,74.0,5.7
2023-02-24 09:00:00,428.0,468.0,172.0,80.0,25.0,71.0,7.2
2023-02-24 10:00:00,634.0,661.0,177.0,40.0,26.7,62.0,7.2
2023-02-24 11:00:00,826.0,884.0,98.0,40.0,27.8,61.0,6.7
2023-02-24 12:00:00,861.0,920.0,99.0,30.0,27.8,56.0,7.2
2023-02-24 13:00:00,808.0,890.0,108.0,20.0,26.7,62.0,6.2
2023-02-24 14:00:00,638.0,706.0,141.0,30.0,26.7,65.0,5.7
2023-02-24 15:00:00,491.0,566.0,165.0,40.0,26.1,69.0,5.2
2023-02-24 16:00:00,346.0,698.0,60.0,30.0,25.6,69.0,5.2
2023-02-24 17:00:00,117.0,516.0,27.0,10.0,25.0,74.0,5.2
2023-02-24 18:00:00,12.0,29.0,8.0,0.0,23.9,79.0,3.1
2023-02-24 19:00:00,0.0,0.0,0.0,0.0,23.3,82.0,4.1
2023-02-24 20:00:00,0.0,0.0,0.0,10.0,23.9,79.0,5.2
2023-02-24 21:00:00,0.0,0.0,0.0,20.0,23.3,79.0,5.7
2023-02-24 22:00:00,0.0,0.0,0.0,0.0,23.3,79.0,5.7
2023-02-24 23:00:00,0.0,0.0,0.0,10.0,23.3,82.0,5.7
2023-02-25 00:00:00,0.0,0.0,0.0,30.0,23.3,79.0,5.2
2023-02-25 01:00:00,0.0,0.0,0.0,50.0,23.9,76.0,4.1
2023-02-25 02:00:00,0.0,0.0,0.0,50.0,23.3,79.0,5.7
2023-02-25 03:00:00,0.0,0.0,0.0,90.0,23.9,76.0,6.7
2023-02-25 04:00:00,0.0,0.0,0.0,90.0,23.9,79.0,5.7
2023-02-25 05:00:00,0.0,0.0,0.0,100.0,23.9,79.0,4.6
2023-02-25 06:00:00,0.0,0.0,0.0,100.0,24.4,79.0,5.2
2023-02-25 07:00:00,68.0,65.0,53.0,100.0,24.4,82.0,6.7
2023-02-25 08:00:00,186.0,141.0,136.0,100.0,25.6,74.0,7.7
2023-02-25 09:00:00,187.0,4.0,185.0,100.0,26.7,69.0,5.2
2023-02-25 10:00:00,281.0,4.0,278.0,100.0,27.2,65.0,8.2
2023-02-25 11:00:00,629.0,499.0,246.0,80.0,28.3,61.0,7.2
2023-02-25 12:00:00,707.0,531.0,277.0,80.0,29.4,53.0,9.8
2023-02-25 13:00:00,714.0,677.0,178.0,80.0,30.0,48.0,8.2
2023-02-25 14:00:00,335.0,244.0,163.0,90.0,26.7,62.0,8.2
2023-02-25 15:00:00,280.0,11.0,270.0,90.0,25.0,64.0,9.8
2023-02-25 16:00:00,213.0,57.0,181.0,90.0,23.3,64.0,8.8
2023-02-25 17:00:00,51.0,7.0,50.0,100.0,22.2,64.0,6.7
2023-02-25 18:00:00,4.0,0.0,3.0,100.0,21.7,57.0,6.7
2023-02-25 19:00:00,0.0,0.0,0.0,70.0,20.6,61.0,6.7
2023-02-25 20:00:00,0.0,0.0,0.0,70.0,18.9,56.0,4.1
2023-02-25 21:00:00,0.0,0.0,0.0,0.0,17.8,63.0,4.1
2023-02-25 22:00:00,0.0,0.0,0.0,0.0,16.7,58.0,4.1
2023-02-25 23:00:00,0.0,0.0,0.0,0.0,15.0,65.0,7.2
2023-02-26 00:00:00,0.0,0.0,0.0,0.0,13.9,67.0,4.6
2023-02-26 01:00:00,0.0,0.0,0.0,0.0,13.3,72.0,2.6
2023-02-26 02:00:00,0.0,0.0,0.0,0.0,12.8,75.0,3.1
2023-02-26 03:00:00,0.0,0.0,0.0,0.0,12.8,72.0,4.1
2023-02-26 04:00:00,0.0,0.0,0.0,0.0,12.2,74.0,4.6
2023-02-26 05:00:00,0.0,0.0,0.0,0.0,11.1,80.0,2.1
2023-02-26 06:00:00,10.0,41.0,3.0,0.0,10.6,80.0,3.1
2023-02-26 07:00:00,103.0,497.0,30.0,20.0,11.7,77.0,3.1
2023-02-26 08:00:00,345.0,799.0,40.0,20.0,13.9,51.0,7.7
2023-02-26 09:00:00,574.0,903.0,55.0,20.0,15.6,41.0,7.2
2023-02-26 10:00:00,750.0,954.0,65.0,10.0,17.2,40.0,7.7
2023-02-26 11:00:00,867.0,981.0,69.0,0.0,18.9,33.0,5.2
2023-02-26 12:00:00,906.0,990.0,71.0,0.0,21.1,32.0,4.6
2023-02-26 13:00:00,884.0,988.0,69.0,0.0,21.7,25.0,3.1
2023-02-26 14:00:00,785.0,951.0,76.0,20.0,22.8,20.0,4.1
2023-02-26 15:00:00,615.0,931.0,55.0,0.0,22.2,37.0,3.6
2023-02-26 16:00:00,400.0,847.0,41.0,0.0,21.7,39.0,4.6
2023-02-26 17:00:00,139.0,632.0,26.0,0.0,20.6,42.0,5.2
2023-02-26 18:00:00,21.0,103.0,7.0,10.0,18.9,49.0,4.1
2023-02-26 19:00:00,0.0,0.0,0.0,0.0,18.3,54.0,2.6
2023-02-26 20:00:00,0.0,0.0,0.0,0.0,17.2,56.0,2.6
2023-02-26 21:00:00,0.0,0.0,0.0,0.0,16.7,63.0,2.6
2023-02-26 22:00:00,0.0,0.0,0.0,0.0,16.7,58.0,2.1
2023-02-26 23:00:00,0.0,0.0,0.0,0.0,16.1,60.0,1.5
2023-02-27 00:00:00,0.0,0.0,0.0,0.0,15.0,67.0,2.1
2023-02-27 01:00:00,0.0,0.0,0.0,0.0,13.9,75.0,1.5
2023-02-27 02:00:00,0.0,0.0,0.0,40.0,13.3,77.0,2.1
2023-02-27 03:00:00,0.0,0.0,0.0,50.0,13.3,77.0,1.0
2023-02-27 04:00:00,0.0,0.0,0.0,40.0,13.3,77.0,1.5
2023-02-27 05:00:00,0.0,0.0,0.0,20.0,13.3,77.0,1.5
2023-02-27 06:00:00,3.0,10.0,2.0,20.0,13.3,80.0,2.1
2023-02-27 07:00:00,78.0,118.0,60.0,70.0,16.1,72.0,2.1
2023-02-27 08:00:00,218.0,286.0,111.0,70.0,21.1,61.0,2.1
2023-02-27 09:00:00,438.0,376.0,226.0,70.0,22.8,57.0,5.7
2023-02-27 10:00:00,643.0,586.0,234.0,40.0,23.3,55.0,5.7
2023-02-27 11:00:00,805.0,763.0,203.0,50.0,23.3,55.0,7.2
2023-02-27 12:00:00,829.0,655.0,288.0,50.0,24.4,54.0,4.1
2023-02-27 13:00:00,872.0,937.0,118.0,30.0,23.9,56.0,6.2
2023-02-27 14:00:00,740.0,896.0,101.0,10.0,23.9,58.0,5.7
2023-02-27 15:00:00,440.0,244.0,294.0,70.0,23.9,62.0,6.7
2023-02-27 16:00:00,136.0,16.0,130.0,100.0,22.8,71.0,5.2
2023-02-27 17:00:00,49.0,5.0,47.0,100.0,22.8,71.0,5.2
2023-02-27 18:00:00,10.0,6.0,9.0,100.0,22.8,73.0,4.6
2023-02-27 19:00:00,0.0,0.0,0.0,90.0,22.8,76.0,4.6
2023-02-27 20:00:00,0.0,0.0,0.0,90.0,22.8,79.0,4.1
2023-02-27 21:00:00,0.0,0.0,0.0,40.0,22.8,79.0,2.6
2023-02-27 22:00:00,0.0,0.0,0.0,70.0,22.8,84.0,3.6
2023-02-27 23:00:00,0.0,0.0,0.0,60.0,23.3,84.0,4.1
2023-02-28 00:00:00,0.0,0.0,0.0,20.0,22.8,84.0,4.1
2023-02-28 01:00:00,0.0,0.0,0.0,20.0,22.8,84.0,3.6
2023-02-28 02:00:00,0.0,0.0,0.0,10.0,22.8,84.0,3.1
2023-02-28 03:00:00,0.0,0.0,0.0,0.0,22.2,87.0,2.1
2023-02-28 04:00:00,0.0,0.0,0.0,10.0,21.7,87.0,2.6
2023-02-28 05:00:00,0.0,0.0,0.0,0.0,22.2,87.0,3.1
2023-02-28 06:00:00,4.0,7.0,3.0,20.0,22.2,87.0,2.6
2023-02-28 07:00:00,91.0,338.0,40.0,20.0,23.3,82.0,3.6
2023-02-28 08:00:00,321.0,682.0,69.0,20.0,25.0,74.0,7.2
2023-02-28 09:00:00,551.0,822.0,82.0,20.0,26.1,65.0,7.7
2023-02-28 10:00:00,722.0,853.0,103.0,30.0,26.7,62.0,6.7
2023-02-28 11:00:00,830.0,883.0,118.0,30.0,26.7,60.0,7.2
2023-02-28 12:00:00,870.0,920.0,98.0,20.0,27.2,58.0,7.7
2023-02-28 13:00:00,844.0,904.0,118.0,30.0,26.7,60.0,8.2
2023-02-28 14:00:00,753.0,888.0,95.0,20.0,26.1,62.0,7.7
2023-02-28 15:00:00,601.0,834.0,80.0,20.0,26.7,62.0,7.2
2023-02-28 16:00:00,331.0,661.0,68.0,10.0,25.6,62.0,5.2
2023-02-28 17:00:00,113.0,356.0,48.0,20.0,25.6,67.0,3.1
2023-02-28 18:00:00,10.0,19.0,8.0,40.0,23.6,72.0,2.6
2023-02-28 19:00:00,0.0,0.0,0.0,0.0,22.0,76.0,3.4
2023-02-28 20:00:00,0.0,0.0,0.0,0.0,21.0,77.0,2.7
2023-02-28 21:00:00,0.0,0.0,0.0,0.0,20.4,77.0,3.0
2023-02-28 22:00:00,0.0,0.0,0.0,0.0,19.8,77.0,2.6
2023-02-28 23:00:00,0.0,0.0,0.0,20.0,19.2,77.0,2.8
2023-03-01 00:00:00,0.0,0.0,0.0,0.0,18.0,76.0,2.9
2023-03-01 01:00:00,0.0,0.0,0.0,0.0,17.4,76.0,3.1
2023-03-01 02:00:00,0.0,0.0,0.0,0.0,16.6,77.0,2.7
2023-03-01 03:00:00,0.0,0.0,0.0,0.0,15.6,78.0,3.0
2023-03-01 04:00:00,0.0,0.0,0.0,0.0,14.8,81.0,3.0
2023-03-01 05:00:00,0.0,0.0,0.0,0.0,13.6,84.0,1.7
2023-03-01 06:00:00,11.0,42.0,5.0,0.0,12.8,90.0,2.1
2023-03-01 07:00:00,115.0,536.0,28.0,0.0,14.4,87.0,3.1
2023-03-01 08:00:00,345.0,793.0,46.0,0.0,17.2,75.0,5.7
2023-03-01 09:00:00,564.0,890.0,62.0,0.0,19.4,70.0,5.2
2023-03-01 10:00:00,739.0,939.0,73.0,0.0,20.0,66.0,6.2
2023-03-01 11:00:00,854.0,965.0,80.0,0.0,22.8,48.0,4.6
2023-03-01 12:00:00,849.0,938.0,64.0,10.0,23.3,45.0,5.2
2023-03-01 13:00:00,823.0,836.0,146.0,20.0,23.3,45.0,4.1
2023-03-01 14:00:00,732.0,800.0,153.0,20.0,24.4,42.0,6.7
2023-03-01 15:00:00,508.0,664.0,119.0,20.0,25.0,37.0,4.1
2023-03-01 16:00:00,342.0,642.0,83.0,20.0,24.4,39.0,4.6
2023-03-01 17:00:00,141.0,439.0,58.0,30.0,23.3,43.0,3.1
2023-03-01 18:00:00,20.0,68.0,11.0,10.0,21.1,55.0,3.6
2023-03-01 19:00:00,0.0,0.0,0.0,20.0,20.6,57.0,2.6
2023-03-01 20:00:00,0.0,0.0,0.0,20.0,19.4,66.0,2.1
2023-03-01 21:00:00,0.0,0.0,0.0,20.0,17.8,73.0,1.0
2023-03-01 22:00:00,0.0,0.0,0.0,10.0,16.7,78.0,2.1
2023-03-01 23:00:00,0.0,0.0,0.0,10.0,17.8,68.0,2.1
2023-03-02 00:00:00,0.0,0.0,0.0,30.0,16.7,73.0,2.1
2023-03-02 01:00:00,0.0,0.0,0.0,10.0,15.0,84.0,0.0
2023-03-02 02:00:00,0.0,0.0,0.0,10.0,15.0,84.0,0.0
2023-03-02 03:00:00,0.0,0.0,0.0,10.0,15.0,87.0,0.0
2023-03-02 04:00:00,0.0,0.0,0.0,0.0,14.4,90.0,1.0
2023-03-02 05:00:00,0.0,0.0,0.0,0.0,15.0,90.0,2.6
2023-03-02 06:00:00,9.0,40.0,4.0,10.0,15.0,87.0,2.1
2023-03-02 07:00:00,103.0,305.0,53.0,40.0,16.1,81.0,1.5
2023-03-02 08:00:00,334.0,741.0,52.0,10.0,22.2,59.0,2.1
2023-03-02 09:00:00,534.0,786.0,87.0,20.0,23.9,48.0,6.2
2023-03-02 10:00:00,704.0,901.0,62.0,10.0,24.4,45.0,7.2
2023-03-02 11:00:00,830.0,935.0,78.0,10.0,24.4,45.0,7.2
2023-03-02 12:00:00,828.0,873.0,96.0,20.0,25.0,42.0,8.2
2023-03-02 13:00:00,745.0,667.0,202.0,40.0,25.6,44.0,7.7
2023-03-02 14:00:00,766.0,936.0,86.0,20.0,24.4,47.0,7.7
2023-03-02 15:00:00,383.0,430.0,131.0,30.0,23.3,50.0,7.2
2023-03-02 16:00:00,339.0,577.0,105.0,50.0,23.3,48.0,7.2
2023-03-02 17:00:00,93.0,155.0,63.0,80.0,22.2,55.0,7.2
2023-03-02 18:00:00,15.0,15.0,13.0,70.0,21.7,61.0,6.7
2023-03-02 19:00:00,0.0,0.0,0.0,40.0,21.1,66.0,5.7
2023-03-02 20:00:00,0.0,0.0,0.0,60.0,21.1,66.0,4.6
2023-03-02 21:00:00,0.0,0.0,0.0,40.0,20.6,66.0,4.1
2023-03-02 22:00:00,0.0,0.0,0.0,80.0,21.1,64.0,5.7
2023-03-02 23:00:00,0.0,0.0,0.0,50.0,20.6,66.0,5.7
2023-03-03 00:00:00,0.0,0.0,0.0,50.0,20.6,66.0,5.7
2023-03-03 01:00:00,0.0,0.0,0.0,30.0,20.6,63.0,7.2
2023-03-03 02:00:00,0.0,0.0,0.0,30.0,20.6,61.0,6.7
2023-03-03 03:00:00,0.0,0.0,0.0,60.0,20.6,61.0,6.7
2023-03-03 04:00:00,0.0,0.0,0.0,60.0,21.1,66.0,7.2
2023-03-03 05:00:00,0.0,0.0,0.0,70.0,21.1,66.0,6.2
2023-03-03 06:00:00,11.0,12.0,9.0,70.0,21.1,68.0,6.2
2023-03-03 07:00:00,98.0,252.0,55.0,50.0,22.2,66.0,7.2
2023-03-03 08:00:00,301.0,467.0,121.0,80.0,23.9,64.0,8.8
2023-03-03 09:00:00,479.0,589.0,142.0,50.0,24.4,64.0,8.8
2023-03-03 10:00:00,540.0,393.0,258.0,80.0,25.0,62.0,7.2
2023-03-03 11:00:00,645.0,419.0,306.0,80.0,26.1,60.0,9.3
2023-03-03 12:00:00,578.0,385.0,254.0,80.0,26.1,62.0,6.7
2023-03-03 13:00:00,750.0,620.0,244.0,90.0,25.6,64.0,9.3
2023-03-03 14:00:00,752.0,664.0,267.0,90.0,25.6,64.0,8.2
2023-03-03 15:00:00,436.0,361.0,223.0,90.0,25.6,67.0,8.8
2023-03-03 16:00:00,260.0,158.0,196.0,90.0,24.4,74.0,7.7
2023-03-03 17:00:00,95.0,91.0,77.0,90.0,24.4,74.0,7.2
2023-03-03 18:00:00,16.0,16.0,13.0,60.0,23.9,76.0,7.2
2023-03-03 19:00:00,0.0,0.0,0.0,50.0,23.3,82.0,5.7
2023-03-03 20:00:00,0.0,0.0,0.0,80.0,23.3,82.0,6.2
2023-03-03 21:00:00,0.0,0.0,0.0,90.0,23.3,82.0,6.7
2023-03-03 22:00:00,0.0,0.0,0.0,40.0,23.3,82.0,6.7
2023-03-03 23:00:00,0.0,0.0,0.0,30.0,23.3,82.0,7.7
2023-03-04 00:00:00,0.0,0.0,0.0,40.0,23.3,82.0,8.8
2023-03-04 01:00:00,0.0,0.0,0.0,50.0,23.3,82.0,7.2
2023-03-04 02:00:00,0.0,0.0,0.0,80.0,22.8,84.0,6.7
2023-03-04 03:00:00,0.0,0.0,0.0,40.0,22.8,84.0,6.2
2023-03-04 04:00:00,0.0,0.0,0.0,30.0,22.8,84.0,6.2
2023-03-04 05:00:00,0.0,0.0,0.0,40.0,22.8,84.0,5.7
2023-03-04 06:00:00,6.0,5.0,6.0,40.0,22.8,87.0,6.2
2023-03-04 07:00:00,93.0,91.0,78.0,70.0,23.9,85.0,7.7
2023-03-04 08:00:00,329.0,529.0,123.0,70.0,24.4,82.0,7.7
2023-03-04 09:00:00,371.0,194.0,259.0,80.0,25.6,77.0,6.2
2023-03-04 10:00:00,543.0,352.0,289.0,80.0,26.7,72.0,6.2
2023-03-04 11:00:00,831.0,698.0,263.0,80.0,27.2,69.0,6.2
2023-03-04 12:00:00,652.0,269.0,424.0,80.0,26.7,72.0,9.3
2023-03-04 13:00:00,686.0,256.0,476.0,90.0,27.8,67.0,9.3
2023-03-04 14:00:00,475.0,251.0,291.0,100.0,27.8,63.0,8.2
2023-03-04 15:00:00,409.0,318.0,220.0,90.0,27.8,63.0,8.2
2023-03-04 16:00:00,250.0,120.0,201.0,100.0,26.1,69.0,7.7
2023-03-04 17:00:00,94.0,41.0,86.0,100.0,25.6,74.0,7.7
2023-03-04 18:00:00,12.0,2.0,12.0,90.0,23.9,85.0,5.7
2023-03-04 19:00:00,0.0,0.0,0.0,60.0,23.9,87.0,4.6
2023-03-04 20:00:00,0.0,0.0,0.0,80.0,23.3,90.0,4.1
2023-03-04 21:00:00,0.0,0.0,0.0,80.0,23.3,90.0,4.6
2023-03-04 22:00:00,0.0,0.0,0.0,50.0,23.3,90.0,3.6
2023-03-04 23:00:00,0.0,0.0,0.0,60.0,23.3,90.0,5.2
2023-03-05 00:00:00,0.0,0.0,0.0,90.0,22.8,90.0,4.1
2023-03-05 01:00:00,0.0,0.0,0.0,100.0,22.8,90.0,4.6
2023-03-05 02:00:00,0.0,0.0,0.0,100.0,22.8,90.0,5.2
2023-03-05 03:00:00,0.0,0.0,0.0,100.0,23.3,90.0,5.2
2023-03-05 04:00:00,0.0,0.0,0.0,100.0,23.3,90.0,5.2
2023-03-05 05:00:00,0.0,0.0,0.0,100.0,22.8,94.0,4.1
2023-03-05 06:00:00,8.0,3.0,7.0,90.0,22.8,94.0,3.6
2023-03-05 07:00:00,58.0,4.0,57.0,100.0,23.9,90.0,4.6
2023-03-05 08:00:00,132.0,11.0,128.0,100.0,24.4,88.0,3.1
2023-03-05 09:00:00,276.0,12.0,269.0,100.0,25.0,82.0,4.1
2023-03-05 10:00:00,314.0,4.0,311.0,100.0,26.7,74.0,5.2
2023-03-05 11:00:00,689.0,448.0,323.0,90.0,28.3,67.0,5.2
2023-03-05 12:00:00,430.0,14.0,418.0,100.0,27.8,69.0,5.7
2023-03-05 13:00:00,376.0,8.0,369.0,100.0,28.3,67.0,6.7
2023-03-05 14:00:00,353.0,1.0,352.0,100.0,27.8,69.0,6.7
2023-03-05 15:00:00,205.0,61.0,169.0,80.0,27.2,74.0,7.7
2023-03-05 16:00:00,213.0,134.0,158.0,90.0,26.7,74.0,7.2
2023-03-05 17:00:00,101.0,60.0,89.0,90.0,25.0,82.0,7.2
2023-03-05 18:00:00,14.0,3.0,13.0,100.0,24.4,85.0,5.7
2023-03-05 19:00:00,0.0,0.0,0.0,90.0,23.9,87.0,5.2
2023-03-05 20:00:00,0.0,0.0,0.0,90.0,23.9,87.0,4.6
2023-03-05 21:00:00,0.0,0.0,0.0,70.0,23.3,90.0,4.6
2023-03-05 22:00:00,0.0,0.0,0.0,80.0,23.3,90.0,3.6
2023-03-05 23:00:00,0.0,0.0,0.0,100.0,22.8,87.0,3.6
2023-03-06 00:00:00,0.0,0.0,0.0,100.0,22.2,94.0,3.6
2023-03-06 01:00:00,0.0,0.0,0.0,100.0,22.8,94.0,4.6
2023-03-06 02:00:00,0.0,0.0,0.0,70.0,22.8,94.0,5.2
2023-03-06 03:00:00,0.0,0.0,0.0,50.0,22.2,97.0,4.6
2023-03-06 04:00:00,0.0,0.0,0.0,70.0,22.8,94.0,4.6
2023-03-06 05:00:00,0.0,0.0,0.0,100.0,22.8,94.0,5.2
2023-03-06 06:00:00,6.0,2.0,6.0,100.0,22.8,90.0,5.7
2023-03-06 07:00:00,76.0,33.0,70.0,100.0,23.3,87.0,6.2
2023-03-06 08:00:00,180.0,8.0,177.0,100.0,23.9,87.0,4.6
2023-03-06 09:00:00,290.0,3.0,288.0,100.0,24.4,85.0,5.2
2023-03-06 10:00:00,287.0,10.0,280.0,100.0,25.0,82.0,4.1
2023-03-06 11:00:00,217.0,3.0,214.0,100.0,24.4,88.0,5.7
2023-03-06 12:00:00,390.0,2.0,388.0,100.0,23.9,87.0,5.7
2023-03-06 13:00:00,371.0,4.0,368.0,100.0,25.0,79.0,6.2
2023-03-06 14:00:00,326.0,2.0,325.0,100.0,24.4,79.0,7.2
2023-03-06 15:00:00,284.0,3.0,282.0,100.0,25.6,72.0,7.2
2023-03-06 16:00:00,193.0,1.0,193.0,100.0,25.0,74.0,7.2
2023-03-06 17:00:00,90.0,0.0,90.0,100.0,23.3,82.0,4.6
2023-03-06 18:00:00,12.0,5.0,12.0,90.0,22.8,82.0,4.6
2023-03-06 19:00:00,0.0,0.0,0.0,70.0,22.8,79.0,3.1
2023-03-06 20:00:00,0.0,0.0,0.0,100.0,22.8,82.0,2.6
2023-03-06 21:00:00,0.0,0.0,0.0,100.0,22.2,84.0,4.6
2023-03-06 22:00:00,0.0,0.0,0.0,100.0,22.2,84.0,4.1
2023-03-06 23:00:00,0.0,0.0,0.0,90.0,21.7,87.0,2.6
2023-03-07 00:00:00,0.0,0.0,0.0,100.0,21.1,90.0,4.6
2023-03-07 01:00:00,0.0,0.0,0.0,100.0,21.1,90.0,3.6
2023-03-07 02:00:00,0.0,0.0,0.0,100.0,20.6,90.0,2.6
2023-03-07 03:00:00,0.0,0.0,0.0,90.0,20.6,90.0,4.1
2023-03-07 04:00:00,0.0,0.0,0.0,100.0,20.6,87.0,3.6
2023-03-07 05:00:00,0.0,0.0,0.0,100.0,20.0,90.0,4.1
2023-03-07 06:00:00,8.0,0.0,8.0,100.0,20.0,90.0,5.2
2023-03-07 07:00:00,70.0,8.0,68.0,100.0,20.6,87.0,3.6
2023-03-07 08:00:00,135.0,2.0,134.0,100.0,21.1,84.0,4.6
2023-03-07 09:00:00,226.0,9.0,221.0,100.0,22.2,79.0,4.6
2023-03-07 10:00:00,327.0,8.0,322.0,100.0,22.8,79.0,5.2
2023-03-07 11:00:00,358.0,3.0,356.0,100.0,22.8,79.0,4.1
2023-03-07 12:00:00,356.0,1.0,355.0,100.0,24.4,69.0,4.1
2023-03-07 13:00:00,344.0,0.0,344.0,100.0,24.4,69.0,5.7
2023-03-07 14:00:00,528.0,233.0,355.0,90.0,25.0,64.0,6.2
2023-03-07 15:00:00,380.0,187.0,268.0,90.0,24.4,64.0,6.2
2023-03-07 16:00:00,248.0,191.0,168.0,80.0,24.4,64.0,5.7
2023-03-07 17:00:00,98.0,67.0,85.0,80.0,23.9,69.0,5.2
2023-03-07 18:00:00,11.0,3.0,10.0,90.0,23.3,71.0,5.2
2023-03-07 19:00:00,0.0,0.0,0.0,70.0,23.3,71.0,5.2
2023-03-07 20:00:00,0.0,0.0,0.0,70.0,23.3,71.0,4.6
2023-03-07 21:00:00,0.0,0.0,0.0,60.0,22.8,71.0,4.6
2023-03-07 22:00:00,0.0,0.0,0.0,30.0,22.8,71.0,5.2
2023-03-07 23:00:00,0.0,0.0,0.0,30.0,22.2,73.0,5.2
2023-03-08 00:00:00,0.0,0.0,0.0,30.0,22.2,76.0,5.7
2023-03-08 01:00:00,0.0,0.0,0.0,10.0,22.2,73.0,5.2
2023-03-08 02:00:00,0.0,0.0,0.0,20.0,21.7,76.0,5.2
2023-03-08 03:00:00,0.0,0.0,0.0,30.0,21.7,76.0,4.6
2023-03-08 04:00:00,0.0,0.0,0.0,20.0,21.7,73.0,5.2
2023-03-08 05:00:00,0.0,0.0,0.0,60.0,21.7,73.0,5.2
2023-03-08 06:00:00,15.0,43.0,9.0,20.0,21.7,71.0,6.2
2023-03-08 07:00:00,126.0,432.0,44.0,20.0,22.8,69.0,7.2
2023-03-08 08:00:00,241.0,304.0,118.0,60.0,23.3,66.0,7.7
2023-03-08 09:00:00,485.0,421.0,236.0,70.0,24.4,62.0,6.7
2023-03-08 10:00:00,518.0,285.0,308.0,90.0,23.9,66.0,7.2
2023-03-08 11:00:00,743.0,603.0,245.0,80.0,24.4,62.0,5.7
2023-03-08 12:00:00,577.0,259.0,355.0,90.0,24.4,60.0,7.2
2023-03-08 13:00:00,564.0,316.0,301.0,70.0,25.0,58.0,4.1
2023-03-08 14:00:00,647.0,544.0,242.0,60.0,25.0,58.0,7.2
2023-03-08 15:00:00,572.0,743.0,123.0,50.0,25.0,60.0,8.8
2023-03-08 16:00:00,228.0,111.0,181.0,90.0,24.4,64.0,3.6
2023-03-08 17:00:00,111.0,91.0,93.0,80.0,23.3,69.0,4.6
2023-03-08 18:00:00,19.0,31.0,15.0,50.0,22.8,69.0,5.2
2023-03-08 19:00:00,0.0,0.0,0.0,40.0,22.8,69.0,5.2
2023-03-08 20:00:00,0.0,0.0,0.0,40.0,22.8,69.0,6.7
2023-03-08 21:00:00,0.0,0.0,0.0,30.0,22.2,69.0,6.2
2023-03-08 22:00:00,0.0,0.0,0.0,20.0,22.2,73.0,7.2
2023-03-08 23:00:00,0.0,0.0,0.0,10.0,22.2,73.0,7.2
2023-03-09 00:00:00,0.0,0.0,0.0,80.0,22.2,76.0,5.7
2023-03-09 01:00:00,0.0,0.0,0.0,100.0,22.2,76.0,6.2
2023-03-09 02:00:00,0.0,0.0,0.0,100.0,22.2,82.0,4.6
2023-03-09 03:00:00,0.0,0.0,0.0,100.0,22.8,79.0,5.7
2023-03-09 04:00:00,0.0,0.0,0.0,100.0,22.8,79.0,5.7
2023-03-09 05:00:00,0.0,0.0,0.0,100.0,22.8,82.0,6.7
2023-03-09 06:00:00,12.0,4.0,12.0,100.0,22.8,79.0,7.7
2023-03-09 07:00:00,114.0,219.0,72.0,90.0,22.8,82.0,7.2
2023-03-09 08:00:00,321.0,397.0,159.0,90.0,23.9,79.0,8.8
2023-03-09 09:00:00,484.0,434.0,225.0,60.0,25.0,74.0,8.2
2023-03-09 10:00:00,488.0,183.0,352.0,90.0,25.0,79.0,9.3
2023-03-09 11:00:00,258.0,10.0,250.0,100.0,25.6,79.0,8.8
2023-03-09 12:00:00,387.0,80.0,318.0,90.0,25.6,74.0,7.2
2023-03-09 13:00:00,652.0,409.0,310.0,80.0,26.7,72.0,8.2
2023-03-09 14:00:00,572.0,444.0,240.0,70.0,26.7,72.0,9.3
2023-03-09 15:00:00,553.0,585.0,198.0,60.0,27.2,69.0,9.3
2023-03-09 16:00:00,308.0,406.0,136.0,30.0,26.7,67.0,7.7
2023-03-09 17:00:00,133.0,316.0,67.0,40.0,25.6,74.0,6.2
2023-03-09 18:00:00,13.0,12.0,11.0,30.0,24.4,82.0,5.2
2023-03-09 19:00:00,0.0,0.0,0.0,20.0,23.9,85.0,5.2
2023-03-09 20:00:00,0.0,0.0,0.0,20.0,23.9,87.0,3.6
2023-03-09 21:00:00,0.0,0.0,0.0,0.0,23.3,90.0,4.6
2023-03-09 22:00:00,0.0,0.0,0.0,0.0,23.3,90.0,5.2
2023-03-09 23:00:00,0.0,0.0,0.0,60.0,23.3,90.0,5.7
2023-03-10 00:00:00,0.0,0.0,0.0,50.0,23.3,90.0,5.2
2023-03-10 01:00:00,0.0,0.0,0.0,50.0,23.9,87.0,5.2
2023-03-10 02:00:00,0.0,0.0,0.0,60.0,23.3,90.0,5.7
2023-03-10 03:00:00,0.0,0.0,0.0,40.0,23.3,90.0,5.7
2023-03-10 04:00:00,0.0,0.0,0.0,60.0,23.3,90.0,6.2
2023-03-10 05:00:00,0.0,0.0,0.0,60.0,23.3,90.0,6.2
2023-03-10 06:00:00,14.0,8.0,13.0,70.0,23.3,90.0,7.2
2023-03-10 07:00:00,79.0,57.0,68.0,100.0,23.9,87.0,5.2
2023-03-10 08:00:00,118.0,26.0,107.0,100.0,24.4,85.0,7.7
2023-03-10 09:00:00,139.0,1.0,138.0,100.0,23.9,90.0,8.8
2023-03-10 10:00:00,277.0,8.0,270.0,100.0,22.2,90.0,8.2
2023-03-10 11:00:00,407.0,7.0,400.0,100.0,20.0,87.0,7.2
2023-03-10 12:00:00,277.0,3.0,275.0,100.0,19.4,90.0,6.7
2023-03-10 13:00:00,711.0,612.0,198.0,60.0,21.1,66.0,6.7
2023-03-10 14:00:00,679.0,702.0,151.0,30.0,22.8,46.0,8.2
2023-03-10 15:00:00,561.0,726.0,118.0,20.0,23.9,39.0,7.7
2023-03-10 16:00:00,382.0,642.0,109.0,40.0,22.8,36.0,9.8
2023-03-10 17:00:00,108.0,170.0,73.0,70.0,21.1,44.0,8.8
2023-03-10 18:00:00,18.0,25.0,15.0,70.0,19.4,51.0,6.7
2023-03-10 19:00:00,0.0,0.0,0.0,60.0,19.4,51.0,7.2
2023-03-10 20:00:00,0.0,0.0,0.0,20.0,18.3,59.0,6.2
2023-03-10 21:00:00,0.0,0.0,0.0,30.0,17.8,61.0,7.7
2023-03-10 22:00:00,0.0,0.0,0.0,50.0,17.2,65.0,5.7
2023-03-10 23:00:00,0.0,0.0,0.0,0.0,16.7,70.0,4.6
2023-03-11 00:00:00,0.0,0.0,0.0,30.0,16.1,70.0,5.2
2023-03-11 01:00:00,0.0,0.0,0.0,70.0,15.0,72.0,6.2
2023-03-11 02:00:00,0.0,0.0,0.0,50.0,14.4,72.0,4.6
2023-03-11 03:00:00,0.0,0.0,0.0,70.0,13.9,75.0,4.6
2023-03-11 04:00:00,0.0,0.0,0.0,40.0,13.3,75.0,3.6
2023-03-11 05:00:00,0.0,0.0,0.0,30.0,13.3,75.0,3.6
2023-03-11 06:00:00,19.0,44.0,13.0,40.0,12.8,75.0,3.6
2023-03-11 07:00:00,138.0,439.0,50.0,30.0,13.9,69.0,4.1
2023-03-11 08:00:00,290.0,310.0,160.0,80.0,15.0,58.0,6.7
2023-03-11 09:00:00,542.0,627.0,163.0,40.0,16.1,50.0,6.2
2023-03-11 10:00:00,658.0,472.0,305.0,80.0,17.8,48.0,3.1
2023-03-11 11:00:00,496.0,333.0,216.0,50.0,20.0,44.0,5.2
2023-03-11 12:00:00,760.0,591.0,245.0,40.0,21.7,43.0,5.2
2023-03-11 13:00:00,807.0,800.0,133.0,30.0,22.2,44.0,5.7
2023-03-11 14:00:00,800.0,952.0,82.0,0.0,22.8,48.0,6.2
2023-03-11 15:00:00,595.0,797.0,107.0,20.0,22.8,50.0,5.7
2023-03-11 16:00:00,341.0,527.0,115.0,50.0,22.2,57.0,4.6
2023-03-11 17:00:00,139.0,364.0,62.0,30.0,21.7,57.0,5.7
2023-03-11 18:00:00,24.0,19.0,21.0,70.0,21.7,61.0,5.2
2023-03-11 19:00:00,0.0,0.0,0.0,100.0,21.7,53.0,5.2
2023-03-11 20:00:00,0.0,0.0,0.0,100.0,21.7,55.0,4.6
2023-03-11 21:00:00,0.0,0.0,0.0,100.0,21.7,55.0,5.2
2023-03-11 22:00:00,0.0,0.0,0.0,100.0,21.1,55.0,4.6
2023-03-11 23:00:00,0.0,0.0,0.0,100.0,21.1,59.0,4.1
2023-03-12 00:00:00,0.0,0.0,0.0,100.0,21.7,55.0,7.2
2023-03-12 01:00:00,0.0,0.0,0.0,100.0,21.1,57.0,5.2
2023-03-12 02:00:00,0.0,0.0,0.0,90.0,21.1,55.0,5.7
2023-03-12 03:00:00,0.0,0.0,0.0,90.0,21.1,57.0,4.6
2023-03-12 04:00:00,0.0,0.0,0.0,40.0,20.6,57.0,5.2
2023-03-12 05:00:00,0.0,0.0,0.0,30.0,18.9,65.0,2.1
2023-03-12 06:00:00,18.0,32.0,13.0,30.0,18.3,68.0,2.1
2023-03-12 07:00:00,160.0,422.0,74.0,40.0,21.1,64.0,3.6
2023-03-12 08:00:00,168.0,117.0,119.0,80.0,22.2,57.0,6.2
2023-03-12 09:00:00,415.0,275.0,248.0,60.0,22.8,57.0,8.2
2023-03-12 10:00:00,755.0,731.0,205.0,40.0,23.3,56.0,7.7
2023-03-12 11:00:00,703.0,571.0,222.0,40.0,23.9,54.0,6.7
2023-03-12 12:00:00,756.0,541.0,283.0,40.0,24.4,56.0,7.2
2023-03-12 13:00:00,828.0,811.0,142.0,30.0,25.0,52.0,5.2
2023-03-12 14:00:00,755.0,816.0,138.0,10.0,24.4,54.0,5.2
2023-03-12 15:00:00,589.0,823.0,83.0,10.0,24.4,56.0,5.2
2023-03-12 16:00:00,386.0,752.0,62.0,0.0,24.4,58.0,6.2
2023-03-12 17:00:00,159.0,556.0,40.0,0.0,22.8,69.0,5.7
2023-03-12 18:00:00,25.0,77.0,14.0,0.0,22.2,69.0,6.2
2023-03-12 19:00:00,0.0,0.0,0.0,0.0,22.2,69.0,5.7
2023-03-12 20:00:00,0.0,0.0,0.0,0.0,22.2,71.0,5.2
2023-03-12 21:00:00,0.0,0.0,0.0,0.0,21.7,73.0,4.6
2023-03-12 22:00:00,0.0,0.0,0.0,0.0,21.7,79.0,4.1
2023-03-12 23:00:00,0.0,0.0,0.0,30.0,21.7,79.0,4.1
2023-03-13 00:00:00,0.0,0.0,0.0,40.0,22.2,79.0,5.7
2023-03-13 01:00:00,0.0,0.0,0.0,0.0,21.7,81.0,5.7
2023-03-13 02:00:00,0.0,0.0,0.0,30.0,21.7,81.0,5.2
2023-03-13 03:00:00,0.0,0.0,0.0,30.0,21.7,84.0,5.2
2023-03-13 04:00:00,0.0,0.0,0.0,60.0,21.7,84.0,4.6
2023-03-13 05:00:00,0.0,0.0,0.0,40.0,22.2,87.0,4.1
2023-03-13 06:00:00,18.0,45.0,12.0,10.0,21.7,93.0,3.1
2023-03-13 07:00:00,149.0,502.0,44.0,0.0,23.3,85.0,5.7
2023-03-13 08:00:00,290.0,389.0,125.0,40.0,25.0,79.0,7.7
2023-03-13 09:00:00,502.0,460.0,221.0,50.0,23.3,94.0,7.2
2023-03-13 10:00:00,468.0,159.0,347.0,80.0,27.2,72.0,5.7
2023-03-13 11:00:00,493.0,137.0,377.0,80.0,27.8,69.0,6.7
2023-03-13 12:00:00,649.0,356.0,336.0,70.0,27.8,72.0,6.7
2023-03-13 13:00:00,591.0,291.0,344.0,90.0,27.8,69.0,7.7
2023-03-13 14:00:00,454.0,186.0,313.0,90.0,28.9,63.0,6.2
2023-03-13 15:00:00,528.0,524.0,204.0,80.0,29.4,55.0,6.2
2023-03-13 16:00:00,357.0,474.0,152.0,70.0,28.9,55.0,9.3
2023-03-13 17:00:00,115.0,75.0,98.0,70.0,28.3,59.0,6.7
2023-03-13 18:00:00,21.0,21.0,18.0,50.0,26.1,74.0,5.7
2023-03-13 19:00:00,0.0,0.0,0.0,70.0,25.6,77.0,4.1
2023-03-13 20:00:00,0.0,0.0,0.0,80.0,25.0,79.0,3.1
2023-03-13 21:00:00,0.0,0.0,0.0,90.0,25.0,79.0,4.1
2023-03-13 22:00:00,0.0,0.0,0.0,100.0,24.4,88.0,5.2
2023-03-13 23:00:00,0.0,0.0,0.0,80.0,23.9,90.0,5.7
2023-03-14 00:00:00,0.0,0.0,0.0,40.0,23.9,90.0,6.7
2023-03-14 01:00:00,0.0,0.0,0.0,80.0,23.9,90.0,5.7
2023-03-14 02:00:00,0.0,0.0,0.0,40.0,23.9,87.0,5.7
2023-03-14 03:00:00,0.0,0.0,0.0,90.0,23.9,90.0,5.7
2023-03-14 04:00:00,0.0,0.0,0.0,50.0,23.3,90.0,6.2
2023-03-14 05:00:00,0.0,0.0,0.0,50.0,23.3,94.0,6.2
2023-03-14 06:00:00,12.0,4.0,12.0,80.0,23.3,94.0,6.2
2023-03-14 07:00:00,82.0,0.0,82.0,100.0,24.4,88.0,8.2
2023-03-14 08:00:00,131.0,8.0,127.0,100.0,25.0,88.0,8.8
2023-03-14 09:00:00,575.0,631.0,186.0,60.0,26.7,79.0,11.3
2023-03-14 10:00:00,548.0,325.0,301.0,70.0,26.7,77.0,10.3
2023-03-14 11:00:00,299.0,2.0,297.0,100.0,22.8,87.0,8.8
2023-03-14 12:00:00,440.0,7.0,433.0,100.0,23.3,74.0,7.7
2023-03-14 13:00:00,343.0,12.0,332.0,100.0,24.4,64.0,7.7
2023-03-14 14:00:00,668.0,552.0,248.0,70.0,25.0,52.0,4.6
2023-03-14 15:00:00,565.0,639.0,169.0,20.0,26.1,44.0,6.2
2023-03-14 16:00:00,355.0,574.0,106.0,30.0,25.6,41.0,8.2
2023-03-14 17:00:00,138.0,397.0,52.0,20.0,24.4,35.0,6.7
2023-03-14 18:00:00,16.0,31.0,12.0,20.0,22.8,33.0,6.7
2023-03-14 19:00:00,0.0,0.0,0.0,0.0,21.1,36.0,5.7
2023-03-14 20:00:00,0.0,0.0,0.0,0.0,20.6,41.0,6.7
2023-03-14 21:00:00,0.0,0.0,0.0,0.0,17.8,43.0,6.7
2023-03-14 22:00:00,0.0,0.0,0.0,0.0,16.1,54.0,7.7
2023-03-14 23:00:00,0.0,0.0,0.0,0.0,14.4,56.0,7.2
2023-03-15 00:00:00,0.0,0.0,0.0,0.0,13.9,58.0,8.2
2023-03-15 01:00:00,0.0,0.0,0.0,0.0,12.8,64.0,7.7
2023-03-15 02:00:00,0.0,0.0,0.0,0.0,12.2,64.0,8.2
2023-03-15 03:00:00,0.0,0.0,0.0,0.0,12.2,64.0,7.7
2023-03-15 04:00:00,0.0,0.0,0.0,0.0,12.2,64.0,7.7
2023-03-15 05:00:00,0.0,0.0,0.0,0.0,11.7,64.0,7.2
2023-03-15 06:00:00,27.0,120.0,12.0,0.0,11.1,64.0,6.7
2023-03-15 07:00:00,171.0,643.0,32.0,0.0,11.7,43.0,8.2
2023-03-15 08:00:00,410.0,833.0,50.0,0.0,12.2,38.0,8.2
2023-03-15 09:00:00,635.0,921.0,64.0,0.0,12.8,39.0,7.2
2023-03-15 10:00:00,811.0,965.0,75.0,0.0,13.3,39.0,5.2
2023-03-15 11:00:00,930.0,996.0,81.0,0.0,14.4,32.0,8.2
2023-03-15 12:00:00,972.0,1006.0,83.0,0.0,15.6,35.0,7.2
2023-03-15 13:00:00,934.0,1000.0,81.0,0.0,16.7,31.0,6.7
2023-03-15 14:00:00,822.0,976.0,75.0,0.0,17.2,30.0,4.6
2023-03-15 15:00:00,649.0,939.0,65.0,0.0,17.8,29.0,6.2
2023-03-15 16:00:00,423.0,855.0,50.0,0.0,17.8,34.0,7.7
2023-03-15 17:00:00,177.0,661.0,32.0,0.0,17.2,33.0,5.7
2023-03-15 18:00:00,30.0,129.0,13.0,0.0,16.1,35.0,4.1
2023-03-15 19:00:00,0.0,0.0,0.0,0.0,15.0,38.0,3.6
2023-03-15 20:00:00,0.0,0.0,0.0,0.0,14.4,41.0,3.1
2023-03-15 21:00:00,0.0,0.0,0.0,0.0,13.3,51.0,3.6
2023-03-15 22:00:00,0.0,0.0,0.0,0.0,11.7,49.0,5.7
2023-03-15 23:00:00,0.0,0.0,0.0,0.0,10.6,50.0,6.7
2023-03-16 00:00:00,0.0,0.0,0.0,0.0,9.4,54.0,7.2
2023-03-16 01:00:00,0.0,0.0,0.0,0.0,8.3,61.0,7.2
2023-03-16 02:00:00,0.0,0.0,0.0,0.0,7.8,66.0,5.7
2023-03-16 03:00:00,0.0,0.0,0.0,0.0,7.8,66.0,4.6
2023-03-16 04:00:00,0.0,0.0,0.0,0.0,6.7,71.0,4.6
2023-03-16 05:00:00,0.0,0.0,0.0,0.0,6.7,71.0,6.2
2023-03-16 06:00:00,23.0,75.0,14.0,0.0,6.7,68.0,3.1
2023-03-16 07:00:00,167.0,564.0,42.0,0.0,8.3,58.0,4.6
2023-03-16 08:00:00,411.0,789.0,67.0,0.0,10.6,43.0,6.2
2023-03-16 09:00:00,640.0,889.0,86.0,0.0,12.8,29.0,5.7
2023-03-16 10:00:00,819.0,939.0,99.0,0.0,14.4,26.0,5.7
2023-03-16 11:00:00,932.0,963.0,107.0,0.0,15.6,30.0,6.7
2023-03-16 12:00:00,970.0,970.0,109.0,0.0,17.2,24.0,3.1
2023-03-16 13:00:00,932.0,963.0,107.0,0.0,18.3,23.0,3.6
2023-03-16 14:00:00,728.0,739.0,160.0,20.0,18.3,25.0,5.2
2023-03-16 15:00:00,587.0,696.0,153.0,40.0,19.4,27.0,5.2
2023-03-16 16:00:00,309.0,297.0,179.0,50.0,18.9,28.0,4.6
2023-03-16 17:00:00,155.0,388.0,69.0,30.0,18.3,28.0,2.6
2023-03-16 18:00:00,22.0,41.0,16.0,30.0,17.8,32.0,3.6
2023-03-16 19:00:00,0.0,0.0,0.0,80.0,16.7,35.0,5.2
2023-03-16 20:00:00,0.0,0.0,0.0,80.0,16.1,37.0,4.6
2023-03-16 21:00:00,0.0,0.0,0.0,100.0,15.6,39.0,3.6
2023-03-16 22:00:00,0.0,0.0,0.0,90.0,15.6,39.0,4.6
2023-03-16 23:00:00,0.0,0.0,0.0,100.0,15.0,52.0,3.1
2023-03-17 00:00:00,0.0,0.0,0.0,90.0,15.0,56.0,2.6
2023-03-17 01:00:00,0.0,0.0,0.0,90.0,14.4,56.0,3.6
2023-03-17 02:00:00,0.0,0.0,0.0,90.0,14.4,53.0,2.6
2023-03-17 03:00:00,0.0,0.0,0.0,60.0,14.4,51.0,4.1
2023-03-17 04:00:00,0.0,0.0,0.0,10.0,13.3,55.0,4.6
2023-03-17 05:00:00,0.0,0.0,0.0,20.0,13.3,55.0,4.6
2023-03-17 06:00:00,29.0,105.0,16.0,30.0,13.3,53.0,3.6
2023-03-17 07:00:00,162.0,494.0,50.0,20.0,14.4,32.0,4.6
2023-03-17 08:00:00,409.0,723.0,90.0,30.0,16.7,41.0,5.2
2023-03-17 09:00:00,566.0,698.0,128.0,30.0,19.4,35.0,7.7
2023-03-17 10:00:00,779.0,802.0,161.0,30.0,21.1,49.0,6.2
2023-03-17 11:00:00,970.0,959.0,145.0,30.0,21.1,51.0,6.2
2023-03-17 12:00:00,893.0,808.0,174.0,30.0,21.1,51.0,4.6
2023-03-17 13:00:00,961.0,801.0,271.0,60.0,21.7,48.0,5.2
2023-03-17 14:00:00,794.0,830.0,155.0,50.0,21.7,48.0,5.7
2023-03-17 15:00:00,470.0,492.0,162.0,40.0,21.1,49.0,5.2
2023-03-17 16:00:00,298.0,383.0,129.0,40.0,20.6,55.0,6.2
2023-03-17 17:00:00,166.0,509.0,52.0,20.0,20.0,55.0,5.7
2023-03-17 18:00:00,26.0,88.0,14.0,10.0,19.4,57.0,4.1
2023-03-17 19:00:00,0.0,0.0,0.0,20.0,19.4,57.0,4.6
2023-03-17 20:00:00,0.0,0.0,0.0,0.0,19.4,57.0,5.2
2023-03-17 21:00:00,0.0,0.0,0.0,10.0,18.9,61.0,5.2
2023-03-17 22:00:00,0.0,0.0,0.0,20.0,18.9,63.0,5.2
2023-03-17 23:00:00,0.0,0.0,0.0,30.0,18.9,65.0,5.7
2023-03-18 00:00:00,0.0,0.0,0.0,30.0,18.9,68.0,5.2
2023-03-18 01:00:00,0.0,0.0,0.0,30.0,18.9,70.0,5.2
2023-03-18 02:00:00,0.0,0.0,0.0,30.0,18.9,70.0,5.7
2023-03-18 03:00:00,0.0,0.0,0.0,20.0,18.9,70.0,6.7
2023-03-18 04:00:00,0.0,0.0,0.0,20.0,19.4,68.0,7.2
2023-03-18 05:00:00,0.0,0.0,0.0,20.0,19.4,68.0,7.2
2023-03-18 06:00:00,21.0,25.0,18.0,20.0,20.0,68.0,7.2
2023-03-18 07:00:00,135.0,213.0,86.0,70.0,21.1,68.0,6.7
2023-03-18 08:00:00,360.0,535.0,121.0,20.0,22.2,64.0,7.7
2023-03-18 09:00:00,315.0,15.0,306.0,100.0,22.8,66.0,6.7
2023-03-18 10:00:00,258.0,22.0,241.0,100.0,22.8,71.0,6.2
2023-03-18 11:00:00,352.0,5.0,348.0,100.0,23.3,71.0,8.8
2023-03-18 12:00:00,389.0,8.0,382.0,100.0,23.3,74.0,8.8
2023-03-18 13:00:00,331.0,7.0,325.0,100.0,23.9,74.0,8.8
2023-03-18 14:00:00,295.0,3.0,293.0,100.0,24.4,74.0,8.2
2023-03-18 15:00:00,348.0,127.0,268.0,90.0,25.0,76.0,6.7
2023-03-18 16:00:00,238.0,118.0,186.0,90.0,25.0,76.0,6.2
2023-03-18 17:00:00,62.0,30.0,55.0,100.0,24.4,82.0,6.2
2023-03-18 18:00:00,16.0,18.0,13.0,50.0,24.4,79.0,6.2
2023-03-18 19:00:00,0.0,0.0,0.0,100.0,23.3,87.0,4.6
2023-03-18 20:00:00,0.0,0.0,0.0,90.0,23.3,87.0,6.2
2023-03-18 21:00:00,0.0,0.0,0.0,100.0,23.3,90.0,6.7
2023-03-18 22:00:00,0.0,0.0,0.0,60.0,23.3,90.0,6.7
2023-03-18 23:00:00,0.0,0.0,0.0,50.0,23.3,90.0,6.7
2023-03-19 00:00:00,0.0,0.0,0.0,30.0,23.3,90.0,7.7
2023-03-19 01:00:00,0.0,0.0,0.0,10.0,23.3,90.0,7.7
2023-03-19 02:00:00,0.0,0.0,0.0,60.0,23.3,90.0,7.7
2023-03-19 03:00:00,0.0,0.0,0.0,90.0,23.9,87.0,7.2
2023-03-19 04:00:00,0.0,0.0,0.0,90.0,23.9,87.0,7.7
2023-03-19 05:00:00,0.0,0.0,0.0,100.0,23.9,87.0,6.2
2023-03-19 06:00:00,13.0,0.0,13.0,100.0,23.9,87.0,6.2
2023-03-19 07:00:00,44.0,4.0,43.0,100.0,21.1,97.0,8.2
2023-03-19 08:00:00,112.0,6.0,110.0,100.0,21.1,93.0,8.2
2023-03-19 09:00:00,323.0,3.0,321.0,100.0,18.9,87.0,8.2
2023-03-19 10:00:00,210.0,8.0,204.0,100.0,18.3,90.0,6.2
2023-03-19 11:00:00,244.0,1.0,244.0,100.0,16.7,97.0,7.7
2023-03-19 12:00:00,240.0,7.0,234.0,100.0,15.6,93.0,7.2
2023-03-19 13:00:00,271.0,5.0,266.0,100.0,16.1,81.0,8.2
2023-03-19 14:00:00,393.0,2.0,391.0,100.0,16.7,81.0,6.2
2023-03-19 15:00:00,316.0,0.0,316.0,100.0,17.2,78.0,5.2
2023-03-19 16:00:00,258.0,141.0,195.0,90.0,18.3,73.0,4.6
2023-03-19 17:00:00,95.0,61.0,82.0,80.0,18.9,65.0,5.7
2023-03-19 18:00:00,19.0,35.0,14.0,70.0,17.8,65.0,4.1
2023-03-19 19:00:00,0.0,0.0,0.0,60.0,16.7,70.0,5.2
2023-03-19 20:00:00,0.0,0.0,0.0,70.0,16.1,72.0,6.7
2023-03-19 21:00:00,0.0,0.0,0.0,70.0,15.6,70.0,4.6
2023-03-19 22:00:00,0.0,0.0,0.0,80.0,15.0,70.0,4.6
2023-03-19 23:00:00,0.0,0.0,0.0,80.0,13.9,78.0,5.7
2023-03-20 00:00:00,0.0,0.0,0.0,80.0,13.3,67.0,6.2
2023-03-20 01:00:00,0.0,0.0,0.0,70.0,12.8,69.0,5.7
2023-03-20 02:00:00,0.0,0.0,0.0,80.0,12.8,67.0,5.7
2023-03-20 03:00:00,0.0,0.0,0.0,40.0,12.2,69.0,5.2
2023-03-20 04:00:00,0.0,0.0,0.0,20.0,12.2,67.0,5.2
2023-03-20 05:00:00,0.0,0.0,0.0,10.0,10.6,77.0,4.1
2023-03-20 06:00:00,28.0,89.0,17.0,0.0,10.0,80.0,3.1
2023-03-20 07:00:00,178.0,558.0,46.0,0.0,11.1,74.0,3.6
2023-03-20 08:00:00,391.0,715.0,67.0,20.0,12.2,64.0,5.7
2023-03-20 09:00:00,607.0,793.0,100.0,10.0,13.9,55.0,6.7
2023-03-20 10:00:00,604.0,551.0,173.0,30.0,15.6,44.0,5.2
2023-03-20 11:00:00,927.0,866.0,173.0,30.0,16.7,41.0,6.7
2023-03-20 12:00:00,855.0,752.0,178.0,20.0,18.3,36.0,6.2
2023-03-20 13:00:00,714.0,475.0,301.0,60.0,18.9,34.0,4.1
2023-03-20 14:00:00,533.0,251.0,338.0,80.0,19.4,28.0,4.6
2023-03-20 15:00:00,550.0,542.0,207.0,80.0,19.4,28.0,4.6
2023-03-20 16:00:00,274.0,113.0,223.0,70.0,20.6,32.0,3.6
2023-03-20 17:00:00,127.0,144.0,94.0,80.0,18.9,45.0,4.1
2023-03-20 18:00:00,21.0,10.0,20.0,70.0,17.8,48.0,4.1
2023-03-20 19:00:00,0.0,0.0,0.0,70.0,17.2,52.0,3.1
2023-03-20 20:00:00,0.0,0.0,0.0,60.0,16.1,60.0,3.1
2023-03-20 21:00:00,0.0,0.0,0.0,40.0,15.0,56.0,3.6
2023-03-20 22:00:00,0.0,0.0,0.0,20.0,14.4,58.0,3.1
2023-03-20 23:00:00,0.0,0.0,0.0,0.0,13.3,62.0,2.6
2023-03-21 00:00:00,0.0,0.0,0.0,0.0,12.8,64.0,2.6
2023-03-21 01:00:00,0.0,0.0,0.0,0.0,12.2,69.0,2.1
2023-03-21 02:00:00,0.0,0.0,0.0,0.0,11.7,74.0,1.5
2023-03-21 03:00:00,0.0,0.0,0.0,0.0,12.2,72.0,2.1
2023-03-21 04:00:00,0.0,0.0,0.0,0.0,11.7,74.0,2.1
2023-03-21 05:00:00,0.0,0.0,0.0,0.0,10.6,80.0,2.6
2023-03-21 06:00:00,32.0,117.0,17.0,0.0,10.6,74.0,4.1
2023-03-21 07:00:00,191.0,617.0,41.0,0.0,12.2,75.0,4.6
2023-03-21 08:00:00,436.0,814.0,63.0,0.0,14.4,67.0,4.6
2023-03-21 09:00:00,659.0,899.0,81.0,0.0,17.2,56.0,5.2
2023-03-21 10:00:00,840.0,944.0,99.0,10.0,18.9,47.0,3.6
2023-03-21 11:00:00,946.0,961.0,107.0,10.0,21.1,39.0,2.6
2023-03-21 12:00:00,992.0,986.0,102.0,0.0,22.2,38.0,5.7
2023-03-21 13:00:00,934.0,956.0,102.0,10.0,22.8,41.0,3.6
2023-03-21 14:00:00,789.0,882.0,101.0,20.0,22.8,43.0,5.7
2023-03-21 15:00:00,606.0,802.0,96.0,20.0,22.8,46.0,5.2
2023-03-21 16:00:00,426.0,811.0,62.0,0.0,22.2,51.0,3.6
2023-03-21 17:00:00,180.0,604.0,40.0,0.0,21.1,57.0,5.2
2023-03-21 18:00:00,31.0,111.0,17.0,0.0,20.6,57.0,4.1
2023-03-21 19:00:00,0.0,0.0,0.0,0.0,19.4,61.0,3.1
2023-03-21 20:00:00,0.0,0.0,0.0,0.0,18.3,70.0,3.1
2023-03-21 21:00:00,0.0,0.0,0.0,10.0,18.3,65.0,2.6
2023-03-21 22:00:00,0.0,0.0,0.0,70.0,17.8,68.0,2.6
2023-03-21 23:00:00,0.0,0.0,0.0,20.0,16.7,73.0,2.1
2023-03-22 00:00:00,0.0,0.0,0.0,0.0,15.6,78.0,1.0
2023-03-22 01:00:00,0.0,0.0,0.0,0.0,15.6,81.0,2.1
2023-03-22 02:00:00,0.0,0.0,0.0,0.0,14.4,84.0,1.5
2023-03-22 03:00:00,0.0,0.0,0.0,0.0,13.9,87.0,1.0
2023-03-22 04:00:00,0.0,0.0,0.0,0.0,13.9,87.0,2.1
2023-03-22 05:00:00,0.0,0.0,0.0,30.0,13.3,93.0,2.1
2023-03-22 06:00:00,29.0,20.0,27.0,80.0,13.3,83.0,1.5
2023-03-22 07:00:00,167.0,393.0,70.0,80.0,15.6,75.0,2.6
2023-03-22 08:00:00,313.0,286.0,181.0,90.0,18.3,61.0,4.1
2023-03-22 09:00:00,546.0,366.0,310.0,90.0,21.1,59.0,3.1
2023-03-22 10:00:00,630.0,420.0,299.0,90.0,22.2,57.0,6.2
2023-03-22 11:00:00,515.0,98.0,429.0,90.0,23.3,50.0,5.2
2023-03-22 12:00:00,848.0,474.0,418.0,100.0,23.3,50.0,7.2
2023-03-22 13:00:00,546.0,208.0,365.0,80.0,23.3,58.0,6.2
2023-03-22 14:00:00,734.0,515.0,331.0,80.0,22.8,60.0,6.7
2023-03-22 15:00:00,572.0,649.0,157.0,70.0,23.3,52.0,6.7
2023-03-22 16:00:00,407.0,619.0,128.0,50.0,23.3,54.0,5.7
2023-03-22 17:00:00,108.0,124.0,79.0,50.0,22.2,55.0,7.2
2023-03-22 18:00:00,27.0,47.0,21.0,40.0,22.2,55.0,5.2
2023-03-22 19:00:00,0.0,0.0,0.0,30.0,21.1,64.0,4.6
2023-03-22 20:00:00,0.0,0.0,0.0,20.0,21.1,64.0,4.6
2023-03-22 21:00:00,0.0,0.0,0.0,60.0,21.1,66.0,4.1
2023-03-22 22:00:00,0.0,0.0,0.0,80.0,21.1,66.0,5.7
2023-03-22 23:00:00,0.0,0.0,0.0,90.0,21.1,66.0,5.2
2023-03-23 00:00:00,0.0,0.0,0.0,50.0,20.6,68.0,5.7
2023-03-23 01:00:00,0.0,0.0,0.0,70.0,20.6,68.0,5.2
2023-03-23 02:00:00,0.0,0.0,0.0,90.0,21.1,64.0,4.1
2023-03-23 03:00:00,0.0,0.0,0.0,30.0,21.1,66.0,5.7
2023-03-23 04:00:00,0.0,0.0,0.0,30.0,21.1,66.0,5.2
2023-03-23 05:00:00,0.0,0.0,0.0,40.0,21.7,61.0,6.7
2023-03-23 06:00:00,30.0,49.0,23.0,80.0,21.7,61.0,5.7
2023-03-23 07:00:00,145.0,265.0,78.0,50.0,22.2,57.0,7.7
2023-03-23 08:00:00,390.0,563.0,128.0,50.0,22.8,57.0,11.3
2023-03-23 09:00:00,468.0,356.0,237.0,80.0,23.9,56.0,8.2
2023-03-23 10:00:00,756.0,719.0,186.0,80.0,23.9,56.0,9.8
2023-03-23 11:00:00,761.0,569.0,260.0,90.0,23.9,58.0,10.3
2023-03-23 12:00:00,873.0,762.0,180.0,60.0,25.0,48.0,9.3
2023-03-23 13:00:00,862.0,748.0,206.0,40.0,25.0,56.0,9.8
2023-03-23 14:00:00,599.0,425.0,265.0,60.0,25.6,50.0,9.8
2023-03-23 15:00:00,578.0,646.0,164.0,90.0,25.0,52.0,8.8
2023-03-23 16:00:00,328.0,400.0,147.0,90.0,24.4,52.0,7.7
2023-03-23 17:00:00,138.0,153.0,103.0,100.0,23.9,58.0,7.7
2023-03-23 18:00:00,25.0,29.0,21.0,90.0,23.3,64.0,6.2
2023-03-23 19:00:00,0.0,0.0,0.0,60.0,22.8,66.0,7.2
2023-03-23 20:00:00,0.0,0.0,0.0,80.0,22.8,69.0,8.2
2023-03-23 21:00:00,0.0,0.0,0.0,80.0,22.8,66.0,7.7
2023-03-23 22:00:00,0.0,0.0,0.0,90.0,22.8,71.0,6.7
2023-03-23 23:00:00,0.0,0.0,0.0,90.0,22.2,71.0,6.7
2023-03-24 00:00:00,0.0,0.0,0.0,80.0,22.2,76.0,6.7
2023-03-24 01:00:00,0.0,0.0,0.0,70.0,22.2,76.0,7.2
2023-03-24 02:00:00,0.0,0.0,0.0,30.0,22.2,73.0,7.2
2023-03-24 03:00:00,0.0,0.0,0.0,60.0,21.7,76.0,6.2
2023-03-24 04:00:00,0.0,0.0,0.0,40.0,21.7,76.0,7.7
2023-03-24 05:00:00,0.0,0.0,0.0,30.0,22.2,71.0,5.2
2023-03-24 06:00:00,29.0,41.0,24.0,30.0,22.2,69.0,4.6
2023-03-24 07:00:00,180.0,490.0,55.0,40.0,23.3,69.0,7.7
2023-03-24 08:00:00,405.0,643.0,103.0,30.0,23.3,69.0,7.7
2023-03-24 09:00:00,509.0,527.0,164.0,40.0,23.9,66.0,6.2
2023-03-24 10:00:00,781.0,836.0,117.0,30.0,25.6,60.0,6.7
2023-03-24 11:00:00,887.0,864.0,124.0,20.0,26.1,58.0,6.7
2023-03-24 12:00:00,904.0,824.0,153.0,30.0,26.1,56.0,8.8
2023-03-24 13:00:00,694.0,419.0,326.0,70.0,26.1,56.0,7.2
2023-03-24 14:00:00,368.0,91.0,296.0,100.0,25.0,62.0,6.2
2023-03-24 15:00:00,375.0,114.0,302.0,90.0,25.0,64.0,6.7
2023-03-24 16:00:00,282.0,280.0,155.0,80.0,24.4,69.0,6.7
2023-03-24 17:00:00,90.0,68.0,73.0,90.0,23.9,69.0,6.7
2023-03-24 18:00:00,32.0,94.0,21.0,30.0,23.3,74.0,6.2
2023-03-24 19:00:00,0.0,0.0,0.0,10.0,23.3,71.0,6.7
2023-03-24 20:00:00,0.0,0.0,0.0,20.0,22.8,76.0,5.7
2023-03-24 21:00:00,0.0,0.0,0.0,10.0,22.8,74.0,7.2
2023-03-24 22:00:00,0.0,0.0,0.0,30.0,22.8,74.0,6.7
2023-03-24 23:00:00,0.0,0.0,0.0,30.0,22.2,76.0,6.2
2023-03-25 00:00:00,0.0,0.0,0.0,40.0,22.2,76.0,4.6
2023-03-25 01:00:00,0.0,0.0,0.0,20.0,22.2,76.0,5.7
2023-03-25 02:00:00,0.0,0.0,0.0,10.0,22.2,76.0,4.6
2023-03-25 03:00:00,0.0,0.0,0.0,30.0,21.7,79.0,3.6
2023-03-25 04:00:00,0.0,0.0,0.0,10.0,21.7,79.0,5.7
2023-03-25 05:00:00,0.0,0.0,0.0,10.0,21.7,79.0,4.6
2023-03-25 06:00:00,35.0,17.0,33.0,70.0,22.2,76.0,4.1
2023-03-25 07:00:00,173.0,339.0,86.0,50.0,23.3,71.0,6.7
2023-03-25 08:00:00,325.0,266.0,199.0,70.0,24.4,69.0,6.7
2023-03-25 09:00:00,443.0,366.0,203.0,70.0,25.0,64.0,5.2
2023-03-25 10:00:00,643.0,476.0,262.0,70.0,25.0,67.0,6.7
2023-03-25 11:00:00,709.0,403.0,352.0,90.0,25.6,67.0,6.2
2023-03-25 12:00:00,741.0,467.0,314.0,80.0,25.6,67.0,6.2
2023-03-25 13:00:00,725.0,488.0,295.0,90.0,25.6,67.0,6.2
2023-03-25 14:00:00,761.0,644.0,253.0,60.0,26.7,60.0,5.7
2023-03-25 15:00:00,608.0,706.0,154.0,80.0,25.6,62.0,6.2
2023-03-25 16:00:00,374.0,510.0,141.0,90.0,25.6,64.0,5.7
2023-03-25 17:00:00,157.0,315.0,82.0,90.0,24.4,71.0,6.2
2023-03-25 18:00:00,27.0,39.0,22.0,70.0,23.9,76.0,6.2
2023-03-25 19:00:00,0.0,0.0,0.0,70.0,23.3,79.0,5.2
2023-03-25 20:00:00,0.0,0.0,0.0,60.0,23.3,82.0,5.2
2023-03-25 21:00:00,0.0,0.0,0.0,50.0,23.3,82.0,4.6
2023-03-25 22:00:00,0.0,0.0,0.0,50.0,23.3,82.0,5.2
2023-03-25 23:00:00,0.0,0.0,0.0,90.0,23.3,82.0,5.2
2023-03-26 00:00:00,0.0,0.0,0.0,90.0,23.3,82.0,6.2
2023-03-26 01:00:00,0.0,0.0,0.0,90.0,22.8,84.0,4.1
2023-03-26 02:00:00,0.0,0.0,0.0,40.0,22.8,84.0,4.1
2023-03-26 03:00:00,0.0,0.0,0.0,40.0,22.8,84.0,2.6
2023-03-26 04:00:00,0.0,0.0,0.0,30.0,22.2,87.0,2.6
2023-03-26 05:00:00,0.0,0.0,0.0,0.0,22.2,87.0,2.1
2023-03-26 06:00:00,28.0,26.0,25.0,90.0,22.8,82.0,2.1
2023-03-26 07:00:00,181.0,268.0,111.0,90.0,23.9,79.0,5.7
2023-03-26 08:00:00,314.0,260.0,190.0,80.0,24.4,76.0,6.7
2023-03-26 09:00:00,535.0,388.0,278.0,80.0,25.6,69.0,7.7
2023-03-26 10:00:00,668.0,434.0,320.0,70.0,25.6,69.0,7.2
2023-03-26 11:00:00,588.0,341.0,284.0,80.0,26.1,72.0,6.2
2023-03-26 12:00:00,701.0,466.0,273.0,50.0,27.2,65.0,7.2
2023-03-26 13:00:00,918.0,702.0,298.0,60.0,27.8,63.0,5.2
2023-03-26 14:00:00,717.0,551.0,281.0,40.0,27.8,59.0,6.7
2023-03-26 15:00:00,390.0,220.0,248.0,80.0,25.6,69.0,6.7
2023-03-26 16:00:00,213.0,3.0,212.0,100.0,25.0,74.0,6.2
2023-03-26 17:00:00,104.0,54.0,91.0,90.0,24.4,79.0,5.7
2023-03-26 18:00:00,8.0,2.0,8.0,90.0,24.4,79.0,2.6
2023-03-26 19:00:00,0.0,0.0,0.0,100.0,23.9,85.0,2.6
2023-03-26 20:00:00,0.0,0.0,0.0,100.0,23.3,90.0,1.5
2023-03-26 21:00:00,0.0,0.0,0.0,100.0,22.8,94.0,1.5
2023-03-26 22:00:00,0.0,0.0,0.0,100.0,22.2,97.0,3.1
2023-03-26 23:00:00,0.0,0.0,0.0,90.0,22.2,94.0,2.6
2023-03-27 00:00:00,0.0,0.0,0.0,70.0,21.7,97.0,2.1
2023-03-27 01:00:00,0.0,0.0,0.0,20.0,21.7,97.0,1.0
2023-03-27 02:00:00,0.0,0.0,0.0,70.0,21.7,97.0,2.1
2023-03-27 03:00:00,0.0,0.0,0.0,80.0,20.6,97.0,1.5
2023-03-27 04:00:00,0.0,0.0,0.0,50.0,20.6,97.0,1.5
2023-03-27 05:00:00,0.0,0.0,0.0,40.0,20.0,97.0,5.2
2023-03-27 06:00:00,34.0,21.0,31.0,60.0,20.6,81.0,4.6
2023-03-27 07:00:00,184.0,464.0,61.0,20.0,21.7,84.0,3.1
2023-03-27 08:00:00,426.0,687.0,95.0,10.0,23.9,82.0,2.1
2023-03-27 09:00:00,545.0,547.0,181.0,50.0,25.0,74.0,1.5
2023-03-27 10:00:00,776.0,634.0,265.0,50.0,26.7,65.0,2.1
2023-03-27 11:00:00,474.0,196.0,299.0,70.0,26.1,69.0,2.6
2023-03-27 12:00:00,784.0,539.0,288.0,40.0,27.8,63.0,5.7
2023-03-27 13:00:00,869.0,665.0,279.0,30.0,26.7,65.0,5.2
2023-03-27 14:00:00,784.0,740.0,197.0,20.0,27.8,63.0,4.6
2023-03-27 15:00:00,614.0,693.0,166.0,20.0,27.2,65.0,5.7
2023-03-27 16:00:00,411.0,598.0,136.0,30.0,26.7,67.0,5.7
2023-03-27 17:00:00,122.0,161.0,83.0,60.0,25.6,69.0,4.6
2023-03-27 18:00:00,19.0,12.0,18.0,70.0,25.6,69.0,4.6
2023-03-27 19:00:00,0.0,0.0,0.0,30.0,24.4,74.0,4.1
2023-03-27 20:00:00,0.0,0.0,0.0,60.0,25.0,76.0,4.1
2023-03-27 21:00:00,0.0,0.0,0.0,70.0,24.4,79.0,3.6
2023-03-27 22:00:00,0.0,0.0,0.0,30.0,23.9,79.0,2.6
2023-03-27 23:00:00,0.0,0.0,0.0,0.0,23.3,79.0,3.6
2023-03-28 00:00:00,0.0,0.0,0.0,0.0,23.3,79.0,3.6
2023-03-28 01:00:00,0.0,0.0,0.0,0.0,22.8,82.0,3.1
2023-03-28 02:00:00,0.0,0.0,0.0,10.0,22.8,82.0,3.1
2023-03-28 03:00:00,0.0,0.0,0.0,0.0,22.8,82.0,3.1
2023-03-28 04:00:00,0.0,0.0,0.0,10.0,21.7,84.0,1.5
2023-03-28 05:00:00,0.0,0.0,0.0,10.0,21.1,90.0,1.0
2023-03-28 06:00:00,35.0,98.0,24.0,20.0,20.6,90.0,2.1
2023-03-28 07:00:00,190.0,347.0,96.0,40.0,22.8,82.0,3.6
2023-03-28 08:00:00,294.0,216.0,189.0,60.0,24.4,71.0,5.2
2023-03-28 09:00:00,410.0,108.0,338.0,90.0,26.1,65.0,6.2
2023-03-28 10:00:00,603.0,323.0,342.0,90.0,26.1,62.0,7.7
2023-03-28 11:00:00,715.0,240.0,500.0,80.0,27.2,58.0,6.7
2023-03-28 12:00:00,568.0,257.0,331.0,60.0,27.2,54.0,8.2
2023-03-28 13:00:00,836.0,597.0,305.0,70.0,27.2,56.0,7.7
2023-03-28 14:00:00,786.0,848.0,112.0,40.0,26.7,58.0,6.7
2023-03-28 15:00:00,556.0,596.0,169.0,40.0,26.1,62.0,8.8
2023-03-28 16:00:00,389.0,626.0,100.0,30.0,26.1,62.0,6.2
2023-03-28 17:00:00,199.0,526.0,71.0,30.0,25.0,69.0,9.3
2023-03-28 18:00:00,25.0,9.0,24.0,40.0,24.4,71.0,6.2
2023-03-28 19:00:00,0.0,0.0,0.0,30.0,23.9,76.0,8.2
2023-03-28 20:00:00,0.0,0.0,0.0,40.0,24.4,74.0,5.2
2023-03-28 21:00:00,0.0,0.0,0.0,20.0,23.9,71.0,7.2
2023-03-28 22:00:00,0.0,0.0,0.0,30.0,23.3,74.0,5.7
2023-03-28 23:00:00,0.0,0.0,0.0,10.0,23.3,74.0,5.2
2023-03-29 00:00:00,0.0,0.0,0.0,10.0,23.3,71.0,5.7
2023-03-29 01:00:00,0.0,0.0,0.0,10.0,22.8,71.0,5.2
2023-03-29 02:00:00,0.0,0.0,0.0,40.0,22.8,71.0,5.7
2023-03-29 03:00:00,0.0,0.0,0.0,10.0,22.8,71.0,5.7
2023-03-29 04:00:00,0.0,0.0,0.0,10.0,22.8,69.0,4.6
2023-03-29 05:00:00,0.0,0.0,0.0,20.0,22.2,73.0,3.6
2023-03-29 06:00:00,42.0,177.0,21.0,30.0,22.8,74.0,5.2
2023-03-29 07:00:00,216.0,632.0,42.0,10.0,23.9,66.0,6.7
2023-03-29 08:00:00,354.0,405.0,155.0,60.0,24.4,67.0,7.7
2023-03-29 09:00:00,559.0,556.0,185.0,80.0,25.6,62.0,7.2
2023-03-29 10:00:00,436.0,177.0,293.0,90.0,25.6,67.0,7.2
2023-03-29 11:00:00,627.0,284.0,372.0,90.0,25.0,67.0,7.2
2023-03-29 12:00:00,630.0,174.0,469.0,80.0,25.6,64.0,6.7
2023-03-29 13:00:00,876.0,685.0,266.0,60.0,26.7,58.0,7.7
2023-03-29 14:00:00,750.0,647.0,235.0,70.0,26.7,58.0,5.7
2023-03-29 15:00:00,427.0,279.0,245.0,50.0,26.1,60.0,6.2
2023-03-29 16:00:00,301.0,379.0,125.0,40.0,25.6,64.0,4.1
2023-03-29 17:00:00,143.0,284.0,73.0,30.0,25.0,67.0,4.6
2023-03-29 18:00:00,34.0,87.0,23.0,40.0,24.4,69.0,6.2
2023-03-29 19:00:00,0.0,0.0,0.0,20.0,23.9,74.0,5.7
2023-03-29 20:00:00,0.0,0.0,0.0,20.0,23.9,74.0,7.2
2023-03-29 21:00:00,0.0,0.0,0.0,50.0,23.9,74.0,4.6
2023-03-29 22:00:00,0.0,0.0,0.0,30.0,23.3,76.0,7.2
2023-03-29 23:00:00,0.0,0.0,0.0,20.0,23.3,74.0,6.2
2023-03-30 00:00:00,0.0,0.0,0.0,40.0,23.3,74.0,7.7
2023-03-30 01:00:00,0.0,0.0,0.0,30.0,22.8,76.0,6.2
2023-03-30 02:00:00,0.0,0.0,0.0,30.0,22.8,74.0,6.7
2023-03-30 03:00:00,0.0,0.0,0.0,30.0,22.8,74.0,4.6
2023-03-30 04:00:00,0.0,0.0,0.0,30.0,22.8,74.0,5.2
2023-03-30 05:00:00,0.0,0.0,0.0,30.0,22.8,74.0,4.6
2023-03-30 06:00:00,39.0,135.0,23.0,10.0,23.3,69.0,4.6
2023-03-30 07:00:00,189.0,383.0,82.0,20.0,23.9,71.0,6.7
2023-03-30 08:00:00,398.0,468.0,168.0,50.0,24.4,67.0,7.2
2023-03-30 09:00:00,682.0,707.0,204.0,60.0,25.0,62.0,6.7
2023-03-30 10:00:00,727.0,525.0,299.0,60.0,26.1,60.0,6.2
2023-03-30 11:00:00,931.0,691.0,308.0,70.0,26.1,58.0,6.2
2023-03-30 12:00:00,811.0,603.0,252.0,60.0,26.7,54.0,6.2
2023-03-30 13:00:00,899.0,702.0,273.0,60.0,26.7,58.0,6.2
2023-03-30 14:00:00,535.0,381.0,231.0,60.0,26.1,60.0,5.2
2023-03-30 15:00:00,658.0,741.0,174.0,40.0,26.1,54.0,6.2
2023-03-30 16:00:00,374.0,482.0,151.0,30.0,25.0,64.0,6.7
2023-03-30 17:00:00,163.0,327.0,82.0,40.0,25.0,60.0,5.7
2023-03-30 18:00:00,28.0,64.0,20.0,20.0,23.9,66.0,5.7
2023-03-30 19:00:00,0.0,0.0,0.0,10.0,23.9,69.0,5.7
2023-03-30 20:00:00,0.0,0.0,0.0,30.0,23.9,69.0,5.2
2023-03-30 21:00:00,0.0,0.0,0.0,30.0,23.9,71.0,4.6
2023-03-30 22:00:00,0.0,0.0,0.0,40.0,23.3,71.0,7.7
2023-03-30 23:00:00,0.0,0.0,0.0,40.0,23.3,69.0,6.7
2023-03-31 00:00:00,0.0,0.0,0.0,40.0,23.3,66.0,5.7
2023-03-31 01:00:00,0.0,0.0,0.0,20.0,22.8,71.0,7.2
2023-03-31 02:00:00,0.0,0.0,0.0,80.0,22.8,71.0,7.2
2023-03-31 03:00:00,0.0,0.0,0.0,40.0,22.8,71.0,6.7
2023-03-31 04:00:00,0.0,0.0,0.0,50.0,22.2,73.0,6.2
2023-03-31 05:00:00,0.0,0.0,0.0,40.0,22.2,73.0,5.2
2023-03-31 06:00:00,32.0,53.0,26.0,40.0,22.8,71.0,4.6
2023-03-31 07:00:00,207.0,486.0,69.0,30.0,23.3,71.0,5.7
2023-03-31 08:00:00,400.0,472.0,166.0,40.0,23.9,69.0,6.2
2023-03-31 09:00:00,663.0,776.0,136.0,30.0,24.4,60.0,6.2
2023-03-31 10:00:00,723.0,580.0,248.0,30.0,25.0,56.0,6.7
2023-03-31 11:00:00,884.0,773.0,186.0,40.0,25.0,60.0,6.2
2023-03-31 12:00:00,638.0,331.0,330.0,50.0,25.6,56.0,7.2
2023-03-31 13:00:00,769.0,566.0,262.0,50.0,25.0,52.0,7.2
2023-03-31 14:00:00,797.0,713.0,226.0,50.0,25.6,49.0,7.7
2023-03-31 15:00:00,590.0,588.0,206.0,50.0,26.7,49.0,7.2
2023-03-31 16:00:00,320.0,296.0,182.0,60.0,24.4,60.0,6.2
2023-03-31 17:00:00,134.0,145.0,97.0,60.0,23.9,62.0,7.2
2023-03-31 18:00:00,25.0,26.0,21.0,40.0,23.2,62.0,6.4
2023-03-31 19:00:00,0.0,0.0,0.0,30.0,23.2,64.0,6.8
2023-03-31 20:00:00,0.0,0.0,0.0,20.0,23.1,62.0,6.1
2023-03-31 21:00:00,0.0,0.0,0.0,40.0,22.8,65.0,5.9
2023-03-31 22:00:00,0.0,0.0,0.0,70.0,22.8,66.0,5.6
2023-03-31 23:00:00,0.0,0.0,0.0,40.0,22.8,66.0,5.0
2023-04-01 00:00:00,0.0,0.0,0.0,30.0,22.8,67.0,4.2
2023-04-01 01:00:00,0.0,0.0,0.0,30.0,22.5,70.0,3.7
2023-04-01 02:00:00,0.0,0.0,0.0,30.0,22.1,73.0,3.3
2023-04-01 03:00:00,0.0,0.0,0.0,30.0,21.8,76.0,2.8
2023-04-01 04:00:00,0.0,0.0,0.0,20.0,21.6,80.0,2.8
2023-04-01 05:00:00,0.0,0.0,0.0,10.0,21.3,84.0,1.5
2023-04-01 06:00:00,41.0,172.0,21.0,10.0,21.7,87.0,1.0
2023-04-01 07:00:00,170.0,211.0,110.0,20.0,23.9,76.0,2.1
2023-04-01 08:00:00,396.0,471.0,164.0,20.0,25.6,69.0,4.6
2023-04-01 09:00:00,624.0,674.0,161.0,40.0,27.2,63.0,4.6
2023-04-01 10:00:00,813.0,830.0,131.0,10.0,28.3,59.0,5.2
2023-04-01 11:00:00,945.0,880.0,145.0,10.0,28.9,61.0,3.6
2023-04-01 12:00:00,990.0,914.0,123.0,30.0,29.4,61.0,4.6
2023-04-01 13:00:00,962.0,879.0,131.0,30.0,29.4,63.0,7.7
2023-04-01 14:00:00,849.0,869.0,131.0,30.0,29.4,63.0,5.2
2023-04-01 15:00:00,657.0,822.0,116.0,10.0,29.4,63.0,5.7
2023-04-01 16:00:00,423.0,719.0,87.0,10.0,28.9,65.0,7.2
2023-04-01 17:00:00,175.0,484.0,55.0,10.0,28.3,67.0,6.7
2023-04-01 18:00:00,29.0,105.0,17.0,10.0,27.2,72.0,5.2
2023-04-01 19:00:00,0.0,0.0,0.0,0.0,26.7,74.0,5.2
2023-04-01 20:00:00,0.0,0.0,0.0,0.0,25.6,79.0,5.2
2023-04-01 21:00:00,0.0,0.0,0.0,0.0,25.6,82.0,6.2
2023-04-01 22:00:00,0.0,0.0,0.0,0.0,25.6,77.0,4.6
2023-04-01 23:00:00,0.0,0.0,0.0,0.0,25.6,77.0,4.6
2023-04-02 00:00:00,0.0,0.0,0.0,10.0,25.0,79.0,5.2
2023-04-02 01:00:00,0.0,0.0,0.0,60.0,25.0,79.0,6.2
2023-04-02 02:00:00,0.0,0.0,0.0,40.0,25.0,79.0,6.7
2023-04-02 03:00:00,0.0,0.0,0.0,40.0,25.0,82.0,5.2
2023-04-02 04:00:00,0.0,0.0,0.0,50.0,25.0,79.0,4.6
2023-04-02 05:00:00,0.0,0.0,0.0,40.0,25.0,79.0,3.6
2023-04-02 06:00:00,22.0,20.0,20.0,30.0,25.0,79.0,5.2
2023-04-02 07:00:00,126.0,88.0,102.0,70.0,26.1,74.0,5.2
2023-04-02 08:00:00,334.0,131.0,271.0,80.0,27.2,69.0,7.2
2023-04-02 09:00:00,548.0,445.0,247.0,80.0,27.2,67.0,7.2
2023-04-02 10:00:00,746.0,577.0,224.0,80.0,28.3,65.0,5.7
2023-04-02 11:00:00,849.0,655.0,260.0,70.0,28.9,63.0,6.2
2023-04-02 12:00:00,835.0,504.0,362.0,70.0,29.4,57.0,5.7
2023-04-02 13:00:00,839.0,630.0,270.0,50.0,30.0,55.0,4.1
2023-04-02 14:00:00,766.0,691.0,216.0,70.0,30.0,50.0,8.2
2023-04-02 15:00:00,594.0,562.0,227.0,80.0,29.4,53.0,5.7
2023-04-02 16:00:00,384.0,614.0,99.0,60.0,28.9,57.0,4.1
2023-04-02 17:00:00,167.0,324.0,85.0,60.0,28.3,59.0,6.2
2023-04-02 18:00:00,28.0,44.0,20.0,60.0,27.8,61.0,3.1
2023-04-02 19:00:00,0.0,0.0,0.0,60.0,26.7,67.0,3.1
2023-04-02 20:00:00,0.0,0.0,0.0,60.0,26.1,72.0,2.1
2023-04-02 21:00:00,0.0,0.0,0.0,60.0,25.6,77.0,1.5
2023-04-02 22:00:00,0.0,0.0,0.0,40.0,25.6,77.0,2.6
2023-04-02 23:00:00,0.0,0.0,0.0,80.0,25.6,77.0,4.1
2023-04-03 00:00:00,0.0,0.0,0.0,80.0,25.6,77.0,4.6
2023-04-03 01:00:00,0.0,0.0,0.0,50.0,25.6,77.0,5.2
2023-04-03 02:00:00,0.0,0.0,0.0,20.0,25.6,71.0,4.1
2023-04-03 03:00:00,0.0,0.0,0.0,20.0,25.0,71.0,4.1
2023-04-03 04:00:00,0.0,0.0,0.0,20.0,25.0,69.0,4.6
2023-04-03 05:00:00,0.0,0.0,0.0,40.0,25.0,69.0,4.1
2023-04-03 06:00:00,25.0,6.0,25.0,80.0,25.0,69.0,6.2
2023-04-03 07:00:00,158.0,263.0,84.0,50.0,26.1,62.0,6.2
2023-04-03 08:00:00,407.0,420.0,193.0,50.0,27.2,56.0,8.2
2023-04-03 09:00:00,610.0,625.0,181.0,40.0,28.3,57.0,7.7
2023-04-03 10:00:00,776.0,725.0,178.0,50.0,28.9,57.0,6.2
2023-04-03 11:00:00,930.0,885.0,125.0,30.0,28.9,55.0,6.2
2023-04-03 12:00:00,932.0,785.0,198.0,40.0,29.4,55.0,6.2
2023-04-03 13:00:00,842.0,647.0,260.0,70.0,29.4,63.0,7.7
2023-04-03 14:00:00,675.0,496.0,276.0,70.0,29.4,57.0,4.1
2023-04-03 15:00:00,476.0,252.0,310.0,90.0,28.9,61.0,4.1
2023-04-03 16:00:00,322.0,322.0,169.0,90.0,28.9,61.0,7.7
2023-04-03 17:00:00,133.0,175.0,88.0,90.0,28.3,65.0,5.2
2023-04-03 18:00:00,33.0,56.0,26.0,70.0,27.2,69.0,4.1
2023-04-03 19:00:00,0.0,0.0,0.0,30.0,27.2,69.0,5.7
2023-04-03 20:00:00,0.0,0.0,0.0,20.0,26.7,74.0,5.2
2023-04-03 21:00:00,0.0,0.0,0.0,0.0,26.1,77.0,5.2
2023-04-03 22:00:00,0.0,0.0,0.0,0.0,26.1,77.0,5.7
2023-04-03 23:00:00,0.0,0.0,0.0,80.0,26.1,79.0,6.7
2023-04-04 00:00:00,0.0,0.0,0.0,60.0,26.1,77.0,5.7
2023-04-04 01:00:00,0.0,0.0,0.0,70.0,25.0,82.0,7.7
2023-04-04 02:00:00,0.0,0.0,0.0,70.0,25.0,82.0,5.7
2023-04-04 03:00:00,0.0,0.0,0.0,50.0,25.0,82.0,5.2
2023-04-04 04:00:00,0.0,0.0,0.0,70.0,25.0,82.0,6.7
2023-04-04 05:00:00,0.0,0.0,0.0,80.0,25.0,82.0,5.7
2023-04-04 06:00:00,29.0,0.0,32.0,90.0,24.4,90.0,5.7
2023-04-04 07:00:00,154.0,82.0,130.0,90.0,25.6,85.0,4.1
2023-04-04 08:00:00,267.0,92.0,221.0,90.0,26.7,72.0,6.2
2023-04-04 09:00:00,354.0,162.0,204.0,100.0,26.7,77.0,7.7
2023-04-04 10:00:00,503.0,110.0,415.0,100.0,27.8,69.0,5.2
2023-04-04 11:00:00,829.0,601.0,250.0,80.0,28.3,67.0,8.2
2023-04-04 12:00:00,647.0,355.0,315.0,80.0,28.9,61.0,5.2
2023-04-04 13:00:00,965.0,877.0,145.0,30.0,29.4,59.0,8.2
2023-04-04 14:00:00,552.0,383.0,243.0,30.0,28.3,61.0,5.2
2023-04-04 15:00:00,605.0,699.0,144.0,30.0,28.9,61.0,4.1
2023-04-04 16:00:00,442.0,763.0,83.0,20.0,28.9,63.0,8.8
2023-04-04 17:00:00,182.0,534.0,47.0,10.0,28.3,65.0,6.2
2023-04-04 18:00:00,37.0,143.0,19.0,10.0,27.2,69.0,6.2
2023-04-04 19:00:00,0.0,0.0,0.0,0.0,26.7,72.0,5.7
2023-04-04 20:00:00,0.0,0.0,0.0,0.0,26.7,74.0,4.6
2023-04-04 21:00:00,0.0,0.0,0.0,0.0,26.1,77.0,5.7
2023-04-04 22:00:00,0.0,0.0,0.0,0.0,26.1,77.0,5.2
2023-04-04 23:00:00,0.0,0.0,0.0,30.0,26.1,77.0,6.7
2023-04-05 00:00:00,0.0,0.0,0.0,20.0,26.1,77.0,6.7
2023-04-05 01:00:00,0.0,0.0,0.0,30.0,26.1,74.0,4.6
2023-04-05 02:00:00,0.0,0.0,0.0,70.0,26.1,74.0,3.6
2023-04-05 03:00:00,0.0,0.0,0.0,60.0,25.6,74.0,5.7
2023-04-05 04:00:00,0.0,0.0,0.0,90.0,25.6,82.0,3.6
2023-04-05 05:00:00,0.0,0.0,0.0,50.0,25.6,77.0,4.1
2023-04-05 06:00:00,23.0,9.0,22.0,90.0,25.6,79.0,3.1
2023-04-05 07:00:00,108.0,33.0,98.0,100.0,25.6,79.0,4.1
2023-04-05 08:00:00,171.0,20.0,159.0,100.0,26.7,72.0,4.1
2023-04-05 09:00:00,228.0,0.0,225.0,100.0,26.7,72.0,3.6
2023-04-05 10:00:00,313.0,0.0,365.0,100.0,27.2,72.0,5.2
2023-04-05 11:00:00,419.0,15.0,402.0,100.0,28.3,70.0,8.2
2023-04-05 12:00:00,311.0,15.0,291.0,100.0,28.3,70.0,4.1
2023-04-05 13:00:00,351.0,2.0,350.0,100.0,27.8,56.0,6.2
2023-04-05 14:00:00,309.0,11.0,301.0,100.0,27.2,60.0,5.7
2023-04-05 15:00:00,301.0,4.0,298.0,100.0,27.2,60.0,6.7
2023-04-05 16:00:00,258.0,129.0,200.0,80.0,26.7,72.0,5.2
2023-04-05 17:00:00,133.0,121.0,101.0,90.0,26.1,67.0,7.2
2023-04-05 18:00:00,12.0,2.0,12.0,100.0,25.6,71.0,3.1
2023-04-05 19:00:00,0.0,0.0,0.0,80.0,25.0,76.0,5.2
2023-04-05 20:00:00,0.0,0.0,0.0,70.0,25.0,79.0,5.2
2023-04-05 21:00:00,0.0,0.0,0.0,60.0,25.0,79.0,4.6
2023-04-05 22:00:00,0.0,0.0,0.0,70.0,24.4,76.0,3.6
2023-04-05 23:00:00,0.0,0.0,0.0,100.0,23.3,84.0,3.6
2023-04-06 00:00:00,0.0,0.0,0.0,100.0,21.7,90.0,5.2
2023-04-06 01:00:00,0.0,0.0,0.0,100.0,21.1,90.0,5.2
2023-04-06 02:00:00,0.0,0.0,0.0,90.0,19.4,68.0,7.2
2023-04-06 03:00:00,0.0,0.0,0.0,70.0,18.3,68.0,7.2
2023-04-06 04:00:00,0.0,0.0,0.0,60.0,17.8,65.0,7.7
2023-04-06 05:00:00,0.0,0.0,0.0,90.0,17.2,68.0,8.2
2023-04-06 06:00:00,42.0,115.0,28.0,20.0,16.1,70.0,9.8
2023-04-06 07:00:00,163.0,180.0,119.0,70.0,16.1,46.0,8.2
2023-04-06 08:00:00,427.0,573.0,129.0,60.0,17.8,34.0,9.3
2023-04-06 09:00:00,664.0,669.0,198.0,70.0,18.3,36.0,8.8
2023-04-06 10:00:00,797.0,747.0,175.0,40.0,18.9,39.0,8.2
2023-04-06 11:00:00,887.0,822.0,134.0,20.0,20.0,39.0,8.2
2023-04-06 12:00:00,972.0,876.0,147.0,10.0,21.1,32.0,9.3
2023-04-06 13:00:00,839.0,716.0,191.0,20.0,21.7,28.0,9.8
2023-04-06 14:00:00,808.0,850.0,120.0,10.0,23.3,27.0,7.2
2023-04-06 15:00:00,609.0,755.0,108.0,10.0,23.3,25.0,7.7
2023-04-06 16:00:00,405.0,679.0,83.0,10.0,23.3,26.0,8.2
2023-04-06 17:00:00,178.0,426.0,63.0,40.0,21.1,25.0,6.7
2023-04-06 18:00:00,30.0,73.0,21.0,20.0,20.0,26.0,5.2
2023-04-06 19:00:00,0.0,0.0,0.0,10.0,18.9,34.0,4.1
2023-04-06 20:00:00,0.0,0.0,0.0,10.0,18.3,40.0,3.6
2023-04-06 21:00:00,0.0,0.0,0.0,0.0,17.2,46.0,3.1
2023-04-06 22:00:00,0.0,0.0,0.0,0.0,17.8,43.0,3.1
2023-04-06 23:00:00,0.0,0.0,0.0,0.0,17.2,43.0,2.6
2023-04-07 00:00:00,0.0,0.0,0.0,0.0,16.7,41.0,4.1
2023-04-07 01:00:00,0.0,0.0,0.0,0.0,16.7,40.0,4.1
2023-04-07 02:00:00,0.0,0.0,0.0,0.0,16.1,41.0,3.6
2023-04-07 03:00:00,0.0,0.0,0.0,0.0,15.6,43.0,4.1
2023-04-07 04:00:00,0.0,0.0,0.0,0.0,15.0,50.0,2.6
2023-04-07 05:00:00,0.0,0.0,0.0,10.0,14.4,58.0,3.6
2023-04-07 06:00:00,53.0,207.0,29.0,20.0,15.0,58.0,2.1
2023-04-07 07:00:00,220.0,497.0,69.0,10.0,16.1,54.0,3.6
2023-04-07 08:00:00,358.0,274.0,214.0,30.0,18.9,57.0,3.6
2023-04-07 09:00:00,601.0,538.0,226.0,40.0,22.2,48.0,7.7
2023-04-07 10:00:00,871.0,834.0,133.0,50.0,23.3,50.0,8.2
2023-04-07 11:00:00,978.0,832.0,216.0,60.0,23.3,46.0,7.7
2023-04-07 12:00:00,1037.0,862.0,182.0,50.0,22.2,53.0,6.2
2023-04-07 13:00:00,853.0,687.0,231.0,40.0,24.4,42.0,4.6
2023-04-07 14:00:00,520.0,333.0,250.0,40.0,23.9,46.0,6.2
2023-04-07 15:00:00,511.0,372.0,265.0,40.0,23.9,45.0,4.6
2023-04-07 16:00:00,430.0,668.0,86.0,40.0,23.3,50.0,5.7
2023-04-07 17:00:00,141.0,168.0,98.0,50.0,22.8,51.0,6.2
2023-04-07 18:00:00,33.0,74.0,24.0,30.0,21.7,51.0,4.1
2023-04-07 19:00:00,0.0,0.0,0.0,50.0,21.7,53.0,4.1
2023-04-07 20:00:00,0.0,0.0,0.0,40.0,21.7,55.0,4.1
2023-04-07 21:00:00,0.0,0.0,0.0,60.0,21.7,55.0,5.7
2023-04-07 22:00:00,0.0,0.0,0.0,10.0,21.7,55.0,4.6
2023-04-07 23:00:00,0.0,0.0,0.0,10.0,21.1,55.0,4.1
2023-04-08 00:00:00,0.0,0.0,0.0,10.0,20.0,63.0,2.6
2023-04-08 01:00:00,0.0,0.0,0.0,20.0,20.0,63.0,2.6
2023-04-08 02:00:00,0.0,0.0,0.0,80.0,20.0,63.0,1.5
2023-04-08 03:00:00,0.0,0.0,0.0,50.0,19.4,70.0,1.5
2023-04-08 04:00:00,0.0,0.0,0.0,70.0,20.0,66.0,2.6
2023-04-08 05:00:00,0.0,0.0,0.0,20.0,20.0,66.0,2.6
2023-04-08 06:00:00,47.0,139.0,30.0,10.0,18.9,73.0,0.0
2023-04-08 07:00:00,227.0,506.0,70.0,10.0,22.8,57.0,3.1
2023-04-08 08:00:00,509.0,736.0,102.0,20.0,25.0,48.0,5.2
2023-04-08 09:00:00,667.0,739.0,147.0,20.0,25.6,49.0,4.1
2023-04-08 10:00:00,822.0,760.0,184.0,20.0,26.1,49.0,4.1
2023-04-08 11:00:00,1000.0,898.0,152.0,10.0,27.2,46.0,6.2
2023-04-08 12:00:00,1006.0,903.0,150.0,10.0,27.8,46.0,5.2
2023-04-08 13:00:00,952.0,894.0,142.0,10.0,27.2,49.0,5.2
2023-04-08 14:00:00,815.0,838.0,137.0,10.0,27.2,51.0,7.2
2023-04-08 15:00:00,618.0,694.0,160.0,10.0,27.2,53.0,5.7
2023-04-08 16:00:00,383.0,467.0,157.0,10.0,26.7,56.0,5.7
2023-04-08 17:00:00,173.0,439.0,59.0,10.0,25.6,62.0,4.6
2023-04-08 18:00:00,29.0,68.0,21.0,10.0,24.4,66.0,3.1
2023-04-08 19:00:00,0.0,0.0,0.0,0.0,23.3,71.0,3.1
2023-04-08 20:00:00,0.0,0.0,0.0,0.0,23.3,64.0,3.1
2023-04-08 21:00:00,0.0,0.0,0.0,0.0,22.8,64.0,3.1
2023-04-08 22:00:00,0.0,0.0,0.0,0.0,21.7,68.0,3.1
2023-04-08 23:00:00,0.0,0.0,0.0,0.0,20.0,76.0,4.1
2023-04-09 00:00:00,0.0,0.0,0.0,0.0,19.4,78.0,2.6
2023-04-09 01:00:00,0.0,0.0,0.0,0.0,18.9,81.0,2.1
2023-04-09 02:00:00,0.0,0.0,0.0,0.0,18.9,81.0,1.0
2023-04-09 03:00:00,0.0,0.0,0.0,0.0,18.3,84.0,2.6
2023-04-09 04:00:00,0.0,0.0,0.0,0.0,18.3,84.0,3.1
2023-04-09 05:00:00,0.0,0.0,0.0,0.0,17.8,87.0,2.6
2023-04-09 06:00:00,51.0,185.0,30.0,10.0,19.4,78.0,2.1
2023-04-09 07:00:00,215.0,470.0,68.0,10.0,22.8,64.0,4.1
2023-04-09 08:00:00,404.0,499.0,143.0,20.0,24.4,58.0,5.7
2023-04-09 09:00:00,636.0,619.0,194.0,30.0,26.1,56.0,4.1
2023-04-09 10:00:00,827.0,700.0,242.0,30.0,28.3,51.0,6.7
2023-04-09 11:00:00,910.0,699.0,263.0,40.0,29.4,46.0,7.2
2023-04-09 12:00:00,694.0,231.0,475.0,90.0,30.0,45.0,7.7
2023-04-09 13:00:00,518.0,193.0,346.0,90.0,27.8,55.0,8.8
2023-04-09 14:00:00,564.0,240.0,367.0,60.0,30.0,46.0,6.7
2023-04-09 15:00:00,422.0,166.0,307.0,60.0,29.4,48.0,6.7
2023-04-09 16:00:00,310.0,218.0,205.0,60.0,30.0,43.0,6.2
2023-04-09 17:00:00,166.0,340.0,77.0,30.0,27.8,49.0,8.8
2023-04-09 18:00:00,33.0,89.0,21.0,10.0,26.7,51.0,6.2
2023-04-09 19:00:00,0.0,0.0,0.0,0.0,24.4,52.0,5.2
2023-04-09 20:00:00,0.0,0.0,0.0,0.0,22.2,48.0,4.6
2023-04-09 21:00:00,0.0,0.0,0.0,0.0,20.0,53.0,6.2
2023-04-09 22:00:00,0.0,0.0,0.0,0.0,18.3,59.0,4.1
2023-04-09 23:00:00,0.0,0.0,0.0,0.0,17.2,60.0,5.7
2023-04-10 00:00:00,0.0,0.0,0.0,0.0,16.7,58.0,5.2
2023-04-10 01:00:00,0.0,0.0,0.0,0.0,15.0,67.0,5.7
2023-04-10 02:00:00,0.0,0.0,0.0,0.0,13.9,75.0,3.6
2023-04-10 03:00:00,0.0,0.0,0.0,0.0,13.3,78.0,2.6
2023-04-10 04:00:00,0.0,0.0,0.0,0.0,12.8,80.0,3.1
2023-04-10 05:00:00,0.0,0.0,0.0,0.0,12.8,80.0,3.6
2023-04-10 06:00:00,36.0,32.0,38.0,0.0,12.8,80.0,3.1
2023-04-10 07:00:00,203.0,317.0,108.0,0.0,16.1,72.0,4.6
2023-04-10 08:00:00,421.0,522.0,170.0,0.0,19.4,63.0,5.2
2023-04-10 09:00:00,665.0,637.0,217.0,0.0,23.3,58.0,4.6
2023-04-10 10:00:00,866.0,703.0,254.0,20.0,26.1,54.0,8.8
2023-04-10 11:00:00,557.0,299.0,280.0,50.0,27.2,49.0,6.7
2023-04-10 12:00:00,917.0,642.0,307.0,40.0,27.8,47.0,7.2
2023-04-10 13:00:00,619.0,214.0,424.0,60.0,27.8,47.0,9.3
2023-04-10 14:00:00,756.0,599.0,271.0,60.0,26.7,49.0,7.2
2023-04-10 15:00:00,481.0,230.0,322.0,60.0,25.6,52.0,8.2
2023-04-10 16:00:00,314.0,260.0,190.0,40.0,25.0,54.0,9.3
2023-04-10 17:00:00,129.0,154.0,88.0,30.0,23.9,58.0,7.7
2023-04-10 18:00:00,16.0,3.0,21.0,20.0,23.9,58.0,7.2
2023-04-10 19:00:00,0.0,0.0,0.0,10.0,23.3,60.0,6.2
2023-04-10 20:00:00,0.0,0.0,0.0,10.0,23.3,60.0,7.7
2023-04-10 21:00:00,0.0,0.0,0.0,10.0,23.3,58.0,7.2
2023-04-10 22:00:00,0.0,0.0,0.0,30.0,22.8,57.0,6.7
2023-04-10 23:00:00,0.0,0.0,0.0,20.0,22.8,55.0,6.7
2023-04-11 00:00:00,0.0,0.0,0.0,20.0,22.8,51.0,8.2
2023-04-11 01:00:00,0.0,0.0,0.0,10.0,22.8,55.0,6.2
2023-04-11 02:00:00,0.0,0.0,0.0,10.0,22.8,59.0,4.6
2023-04-11 03:00:00,0.0,0.0,0.0,40.0,22.8,57.0,5.2
2023-04-11 04:00:00,0.0,0.0,0.0,10.0,22.8,57.0,5.7
2023-04-11 05:00:00,0.0,0.0,0.0,30.0,22.8,55.0,5.2
2023-04-11 06:00:00,37.0,60.0,30.0,10.0,22.8,64.0,5.7
2023-04-11 07:00:00,164.0,92.0,141.0,40.0,23.9,66.0,6.7
2023-04-11 08:00:00,396.0,387.0,192.0,40.0,25.0,60.0,9.3
2023-04-11 09:00:00,598.0,501.0,243.0,70.0,25.6,60.0,11.3
2023-04-11 10:00:00,750.0,443.0,372.0,80.0,26.1,58.0,8.8
2023-04-11 11:00:00,603.0,188.0,428.0,80.0,26.1,60.0,10.3
2023-04-11 12:00:00,630.0,190.0,449.0,80.0,26.7,58.0,9.8
2023-04-11 13:00:00,397.0,56.0,348.0,80.0,26.7,58.0,7.7
2023-04-11 14:00:00,342.0,93.0,262.0,80.0,26.1,62.0,7.7
2023-04-11 15:00:00,282.0,53.0,250.0,90.0,26.1,62.0,7.7
2023-04-11 16:00:00,185.0,59.0,168.0,60.0,26.1,65.0,6.7
2023-04-11 17:00:00,92.0,88.0,67.0,80.0,25.6,69.0,7.2
2023-04-11 18:00:00,29.0,2.0,29.0,90.0,25.6,69.0,7.7
2023-04-11 19:00:00,0.0,0.0,0.0,80.0,25.0,71.0,8.2
2023-04-11 20:00:00,0.0,0.0,0.0,70.0,25.0,69.0,8.2
2023-04-11 21:00:00,0.0,0.0,0.0,50.0,25.0,69.0,8.2
2023-04-11 22:00:00,0.0,0.0,0.0,50.0,25.0,69.0,6.7
2023-04-11 23:00:00,0.0,0.0,0.0,50.0,25.0,69.0,8.8
2023-04-12 00:00:00,0.0,0.0,0.0,30.0,25.0,69.0,8.2
2023-04-12 01:00:00,0.0,0.0,0.0,30.0,24.4,69.0,7.2
2023-04-12 02:00:00,0.0,0.0,0.0,20.0,24.4,69.0,9.3
2023-04-12 03:00:00,0.0,0.0,0.0,70.0,24.4,69.0,8.8
2023-04-12 04:00:00,0.0,0.0,0.0,30.0,24.4,69.0,8.2
2023-04-12 05:00:00,0.0,0.0,0.0,80.0,24.4,66.0,9.3
2023-04-12 06:00:00,38.0,6.0,43.0,90.0,24.4,69.0,9.3
2023-04-12 07:00:00,128.0,37.0,115.0,100.0,25.0,67.0,8.2
2023-04-12 08:00:00,298.0,95.0,244.0,90.0,25.0,67.0,7.7
2023-04-12 09:00:00,563.0,373.0,300.0,80.0,26.7,62.0,9.8
2023-04-12 10:00:00,717.0,530.0,261.0,80.0,26.7,62.0,9.8
2023-04-12 11:00:00,658.0,259.0,416.0,80.0,26.7,65.0,11.8
2023-04-12 12:00:00,671.0,321.0,364.0,80.0,27.2,65.0,11.3
2023-04-12 13:00:00,646.0,292.0,373.0,80.0,27.2,65.0,9.3
2023-04-12 14:00:00,468.0,92.0,393.0,80.0,27.8,65.0,10.3
2023-04-12 15:00:00,290.0,43.0,259.0,90.0,27.8,65.0,11.3
2023-04-12 16:00:00,218.0,77.0,182.0,70.0,27.2,67.0,7.2
2023-04-12 17:00:00,88.0,39.0,78.0,70.0,26.7,69.0,6.7
2023-04-12 18:00:00,33.0,36.0,28.0,60.0,26.1,72.0,7.2
2023-04-12 19:00:00,0.0,0.0,0.0,60.0,26.1,74.0,6.2
2023-04-12 20:00:00,0.0,0.0,0.0,0.0,25.6,77.0,7.2
2023-04-12 21:00:00,0.0,0.0,0.0,40.0,25.6,77.0,7.7
2023-04-12 22:00:00,0.0,0.0,0.0,30.0,25.6,77.0,6.7
2023-04-12 23:00:00,0.0,0.0,0.0,0.0,25.6,74.0,8.2
2023-04-13 00:00:00,0.0,0.0,0.0,10.0,25.0,76.0,8.2
2023-04-13 01:00:00,0.0,0.0,0.0,40.0,25.0,76.0,7.7
2023-04-13 02:00:00,0.0,0.0,0.0,60.0,25.0,76.0,9.3
2023-04-13 03:00:00,0.0,0.0,0.0,40.0,25.0,74.0,7.2
2023-04-13 04:00:00,0.0,0.0,0.0,40.0,25.0,74.0,6.7
2023-04-13 05:00:00,0.0,0.0,0.0,50.0,25.0,74.0,6.7
2023-04-13 06:00:00,30.0,15.0,34.0,40.0,25.0,74.0,6.7
2023-04-13 07:00:00,175.0,172.0,119.0,40.0,25.6,74.0,7.2
2023-04-13 08:00:00,378.0,277.0,230.0,50.0,26.7,69.0,7.7
2023-04-13 09:00:00,591.0,396.0,302.0,70.0,27.2,67.0,7.7
2023-04-13 10:00:00,840.0,669.0,259.0,80.0,27.8,65.0,8.8
2023-04-13 11:00:00,824.0,558.0,303.0,80.0,28.3,61.0,8.8
2023-04-13 12:00:00,921.0,664.0,283.0,70.0,28.9,59.0,9.3
2023-04-13 13:00:00,918.0,815.0,172.0,50.0,28.9,57.0,8.2
2023-04-13 14:00:00,754.0,682.0,194.0,40.0,28.9,57.0,8.2
2023-04-13 15:00:00,628.0,687.0,166.0,40.0,28.9,57.0,8.2
2023-04-13 16:00:00,368.0,467.0,140.0,70.0,28.3,59.0,6.2
2023-04-13 17:00:00,159.0,247.0,101.0,60.0,27.8,61.0,5.2
2023-04-13 18:00:00,33.0,56.0,26.0,60.0,26.7,67.0,5.2
2023-04-13 19:00:00,0.0,0.0,0.0,20.0,26.1,69.0,4.6
2023-04-13 20:00:00,0.0,0.0,0.0,0.0,25.6,74.0,4.1
2023-04-13 21:00:00,0.0,0.0,0.0,0.0,25.6,74.0,4.1
2023-04-13 22:00:00,0.0,0.0,0.0,0.0,25.0,76.0,4.1
2023-04-13 23:00:00,0.0,0.0,0.0,60.0,25.0,74.0,3.6
2023-04-14 00:00:00,0.0,0.0,0.0,40.0,25.0,79.0,5.2
2023-04-14 01:00:00,0.0,0.0,0.0,20.0,25.0,79.0,5.2
2023-04-14 02:00:00,0.0,0.0,0.0,20.0,24.4,82.0,6.2
2023-04-14 03:00:00,0.0,0.0,0.0,20.0,24.4,82.0,6.2
2023-04-14 04:00:00,0.0,0.0,0.0,10.0,24.4,82.0,5.2
2023-04-14 05:00:00,0.0,0.0,0.0,50.0,24.4,82.0,4.1
2023-04-14 06:00:00,57.0,108.0,44.0,60.0,24.4,82.0,5.2
2023-04-14 07:00:00,249.0,508.0,81.0,20.0,25.6,77.0,6.7
2023-04-14 08:00:00,389.0,310.0,223.0,40.0,26.7,69.0,7.2
2023-04-14 09:00:00,624.0,484.0,277.0,50.0,27.2,67.0,7.2
2023-04-14 10:00:00,800.0,574.0,312.0,30.0,27.8,63.0,7.7
2023-04-14 11:00:00,975.0,874.0,163.0,30.0,28.3,61.0,6.7
2023-04-14 12:00:00,777.0,516.0,283.0,30.0,28.3,61.0,8.2
2023-04-14 13:00:00,815.0,547.0,313.0,50.0,28.3,61.0,5.2
2023-04-14 14:00:00,700.0,513.0,278.0,50.0,28.3,61.0,6.2
2023-04-14 15:00:00,628.0,619.0,206.0,40.0,28.3,61.0,6.2
2023-04-14 16:00:00,401.0,567.0,126.0,30.0,28.3,59.0,6.7
2023-04-14 17:00:00,186.0,462.0,62.0,10.0,27.8,61.0,5.7
2023-04-14 18:00:00,35.0,79.0,26.0,0.0,26.7,67.0,5.2
2023-04-14 19:00:00,0.0,0.0,0.0,0.0,26.1,69.0,5.7
2023-04-14 20:00:00,0.0,0.0,0.0,0.0,26.1,69.0,4.6
2023-04-14 21:00:00,0.0,0.0,0.0,0.0,26.1,69.0,4.1
2023-04-14 22:00:00,0.0,0.0,0.0,0.0,25.6,71.0,4.1
2023-04-14 23:00:00,0.0,0.0,0.0,0.0,25.0,76.0,3.6
2023-04-15 00:00:00,0.0,0.0,0.0,50.0,25.0,76.0,2.6
2023-04-15 01:00:00,0.0,0.0,0.0,50.0,24.4,82.0,2.1
2023-04-15 02:00:00,0.0,0.0,0.0,40.0,24.4,76.0,2.1
2023-04-15 03:00:00,0.0,0.0,0.0,30.0,24.4,76.0,2.1
2023-04-15 04:00:00,0.0,0.0,0.0,30.0,24.4,76.0,1.5
2023-04-15 05:00:00,0.0,0.0,0.0,40.0,24.4,74.0,2.1
2023-04-15 06:00:00,54.0,133.0,39.0,50.0,23.9,76.0,2.1
2023-04-15 07:00:00,209.0,256.0,125.0,70.0,25.6,69.0,5.2
2023-04-15 08:00:00,424.0,361.0,224.0,70.0,27.2,63.0,5.2
2023-04-15 09:00:00,665.0,672.0,177.0,50.0,27.8,58.0,6.7
2023-04-15 10:00:00,892.0,850.0,116.0,40.0,28.3,57.0,4.6
2023-04-15 11:00:00,1011.0,899.0,139.0,30.0,28.9,55.0,6.2
2023-04-15 12:00:00,1010.0,896.0,148.0,30.0,29.4,55.0,5.2
2023-04-15 13:00:00,968.0,896.0,130.0,20.0,30.0,55.0,5.2
2023-04-15 14:00:00,859.0,871.0,126.0,10.0,29.4,57.0,7.2
2023-04-15 15:00:00,670.0,820.0,111.0,0.0,29.4,59.0,6.2
2023-04-15 16:00:00,440.0,725.0,87.0,0.0,28.9,61.0,5.2
2023-04-15 17:00:00,188.0,397.0,82.0,10.0,27.8,63.0,4.6
2023-04-15 18:00:00,32.0,91.0,21.0,10.0,27.2,65.0,3.1
2023-04-15 19:00:00,0.0,0.0,0.0,0.0,26.7,69.0,2.6
2023-04-15 20:00:00,0.0,0.0,0.0,20.0,26.1,72.0,2.1
2023-04-15 21:00:00,0.0,0.0,0.0,30.0,25.6,74.0,1.5
2023-04-15 22:00:00,0.0,0.0,0.0,70.0,25.0,76.0,3.6
2023-04-15 23:00:00,0.0,0.0,0.0,60.0,25.0,76.0,1.5
2023-04-16 00:00:00,0.0,0.0,0.0,60.0,23.9,82.0,2.6
2023-04-16 01:00:00,0.0,0.0,0.0,60.0,23.3,82.0,1.0
2023-04-16 02:00:00,0.0,0.0,0.0,60.0,23.3,82.0,2.1
2023-04-16 03:00:00,0.0,0.0,0.0,60.0,23.3,82.0,1.5
2023-04-16 04:00:00,0.0,0.0,0.0,40.0,22.8,84.0,1.0
2023-04-16 05:00:00,0.0,0.0,0.0,20.0,22.8,84.0,1.5
2023-04-16 06:00:00,42.0,48.0,36.0,10.0,22.8,87.0,2.1
2023-04-16 07:00:00,222.0,291.0,125.0,20.0,25.0,76.0,4.1
2023-04-16 08:00:00,377.0,267.0,233.0,60.0,27.2,67.0,3.1
2023-04-16 09:00:00,649.0,586.0,228.0,50.0,28.9,57.0,4.6
2023-04-16 10:00:00,705.0,517.0,261.0,50.0,29.4,51.0,5.2
2023-04-16 11:00:00,789.0,335.0,478.0,50.0,30.0,57.0,6.2
2023-04-16 12:00:00,396.0,157.0,241.0,90.0,24.4,76.0,5.2
2023-04-16 13:00:00,205.0,1.0,209.0,90.0,25.0,76.0,4.6
2023-04-16 14:00:00,359.0,58.0,313.0,80.0,26.1,67.0,4.6
2023-04-16 15:00:00,394.0,159.0,284.0,80.0,27.2,72.0,5.2
2023-04-16 16:00:00,274.0,95.0,225.0,80.0,26.7,62.0,6.7
2023-04-16 17:00:00,148.0,247.0,81.0,80.0,26.7,60.0,6.7
2023-04-16 18:00:00,24.0,8.0,23.0,80.0,26.7,65.0,3.1
2023-04-16 19:00:00,0.0,0.0,0.0,80.0,26.1,69.0,2.6
2023-04-16 20:00:00,0.0,0.0,0.0,60.0,26.1,74.0,2.1
2023-04-16 21:00:00,0.0,0.0,0.0,30.0,25.0,79.0,3.1
2023-04-16 22:00:00,0.0,0.0,0.0,30.0,24.4,82.0,3.1
2023-04-16 23:00:00,0.0,0.0,0.0,20.0,23.9,82.0,3.1
2023-04-17 00:00:00,0.0,0.0,0.0,0.0,22.8,84.0,2.6
2023-04-17 01:00:00,0.0,0.0,0.0,0.0,22.8,84.0,3.1
2023-04-17 02:00:00,0.0,0.0,0.0,90.0,22.2,84.0,4.1
2023-04-17 03:00:00,0.0,0.0,0.0,20.0,21.7,84.0,3.6
2023-04-17 04:00:00,0.0,0.0,0.0,100.0,21.1,87.0,3.1
2023-04-17 05:00:00,0.0,0.0,0.0,50.0,20.6,90.0,2.6
2023-04-17 06:00:00,28.0,1.0,28.0,100.0,20.6,93.0,3.1
2023-04-17 07:00:00,173.0,189.0,103.0,90.0,21.1,90.0,2.6
2023-04-17 08:00:00,484.0,709.0,94.0,10.0,22.8,87.0,2.6
2023-04-17 09:00:00,643.0,631.0,205.0,10.0,25.6,74.0,4.1
2023-04-17 10:00:00,841.0,793.0,154.0,10.0,27.8,58.0,4.1
2023-04-17 11:00:00,939.0,826.0,157.0,30.0,29.4,46.0,1.5
2023-04-17 12:00:00,598.0,301.0,305.0,90.0,30.6,57.0,3.1
2023-04-17 13:00:00,439.0,102.0,345.0,80.0,29.4,55.0,3.6
2023-04-17 14:00:00,358.0,78.0,293.0,100.0,23.9,79.0,6.2
2023-04-17 15:00:00,152.0,5.0,148.0,100.0,23.3,87.0,6.7
2023-04-17 16:00:00,159.0,41.0,139.0,100.0,23.3,82.0,4.1
2023-04-17 17:00:00,140.0,140.0,102.0,90.0,23.3,74.0,3.6
2023-04-17 18:00:00,32.0,35.0,27.0,70.0,23.3,84.0,3.1
2023-04-17 19:00:00,0.0,0.0,0.0,60.0,22.8,84.0,3.1
2023-04-17 20:00:00,0.0,0.0,0.0,60.0,22.8,87.0,3.1
2023-04-17 21:00:00,0.0,0.0,0.0,60.0,22.8,87.0,3.6
2023-04-17 22:00:00,0.0,0.0,0.0,60.0,22.8,87.0,4.1
2023-04-17 23:00:00,0.0,0.0,0.0,80.0,22.8,82.0,3.6
2023-04-18 00:00:00,0.0,0.0,0.0,90.0,22.8,82.0,3.1
2023-04-18 01:00:00,0.0,0.0,0.0,90.0,22.2,82.0,4.6
2023-04-18 02:00:00,0.0,0.0,0.0,90.0,22.2,76.0,4.1
2023-04-18 03:00:00,0.0,0.0,0.0,90.0,22.2,71.0,6.2
2023-04-18 04:00:00,0.0,0.0,0.0,90.0,21.7,64.0,5.2
2023-04-18 05:00:00,0.0,0.0,0.0,80.0,21.7,66.0,5.2
2023-04-18 06:00:00,45.0,17.0,44.0,40.0,21.7,66.0,5.2
2023-04-18 07:00:00,259.0,533.0,77.0,20.0,21.7,66.0,7.2
2023-04-18 08:00:00,425.0,417.0,196.0,20.0,23.3,60.0,4.6
2023-04-18 09:00:00,633.0,578.0,212.0,20.0,25.6,56.0,5.2
2023-04-18 10:00:00,805.0,713.0,186.0,30.0,26.7,52.0,6.7
2023-04-18 11:00:00,958.0,834.0,170.0,30.0,26.7,51.0,5.7
2023-04-18 12:00:00,876.0,665.0,238.0,60.0,27.2,49.0,8.2
2023-04-18 13:00:00,875.0,673.0,258.0,30.0,27.2,49.0,7.2
2023-04-18 14:00:00,829.0,825.0,146.0,10.0,27.2,47.0,7.2
2023-04-18 15:00:00,648.0,722.0,140.0,50.0,27.2,46.0,6.2
2023-04-18 16:00:00,396.0,526.0,145.0,20.0,27.2,46.0,6.7
2023-04-18 17:00:00,162.0,261.0,90.0,70.0,25.6,50.0,6.2
2023-04-18 18:00:00,36.0,63.0,29.0,40.0,25.0,50.0,5.7
2023-04-18 19:00:00,0.0,0.0,0.0,0.0,24.4,52.0,5.2
2023-04-18 20:00:00,0.0,0.0,0.0,0.0,24.4,54.0,5.2
2023-04-18 21:00:00,0.0,0.0,0.0,0.0,24.4,52.0,5.7
2023-04-18 22:00:00,0.0,0.0,0.0,0.0,23.9,54.0,5.7
2023-04-18 23:00:00,0.0,0.0,0.0,0.0,23.3,58.0,4.6
2023-04-19 00:00:00,0.0,0.0,0.0,0.0,23.3,55.0,4.1
2023-04-19 01:00:00,0.0,0.0,0.0,0.0,23.3,58.0,3.6
2023-04-19 02:00:00,0.0,0.0,0.0,0.0,22.8,62.0,4.1
2023-04-19 03:00:00,0.0,0.0,0.0,10.0,22.8,62.0,3.6
2023-04-19 04:00:00,0.0,0.0,0.0,10.0,22.8,62.0,3.6
2023-04-19 05:00:00,3.0,3.0,1.0,20.0,22.8,62.0,3.6
2023-04-19 06:00:00,70.0,317.0,32.0,20.0,22.2,62.0,3.6
2023-04-19 07:00:00,240.0,455.0,81.0,20.0,23.3,57.0,6.7
2023-04-19 08:00:00,419.0,449.0,168.0,20.0,23.9,56.0,6.2
2023-04-19 09:00:00,660.0,685.0,159.0,20.0,25.0,48.0,4.1
2023-04-19 10:00:00,881.0,913.0,86.0,10.0,26.1,47.0,7.2
2023-04-19 11:00:00,996.0,958.0,95.0,20.0,26.1,45.0,5.2
2023-04-19 12:00:00,1030.0,963.0,90.0,10.0,26.1,45.0,6.2
2023-04-19 13:00:00,984.0,957.0,89.0,10.0,26.1,45.0,6.7
2023-04-19 14:00:00,870.0,936.0,88.0,0.0,26.7,42.0,6.2
2023-04-19 15:00:00,691.0,897.0,77.0,10.0,26.1,42.0,8.2
2023-04-19 16:00:00,460.0,816.0,59.0,10.0,26.1,41.0,7.7
2023-04-19 17:00:00,209.0,598.0,45.0,40.0,25.0,45.0,7.7
2023-04-19 18:00:00,43.0,199.0,19.0,20.0,24.4,45.0,5.7
2023-04-19 19:00:00,0.0,0.0,0.0,0.0,23.9,48.0,5.7
2023-04-19 20:00:00,0.0,0.0,0.0,10.0,23.3,50.0,6.2
2023-04-19 21:00:00,0.0,0.0,0.0,0.0,23.3,54.0,4.1
2023-04-19 22:00:00,0.0,0.0,0.0,0.0,22.8,55.0,4.1
2023-04-19 23:00:00,0.0,0.0,0.0,10.0,22.8,57.0,3.6
2023-04-20 00:00:00,0.0,0.0,0.0,20.0,21.1,64.0,3.6
2023-04-20 01:00:00,0.0,0.0,0.0,0.0,20.0,66.0,3.1
2023-04-20 02:00:00,0.0,0.0,0.0,10.0,20.0,76.0,3.1
2023-04-20 03:00:00,0.0,0.0,0.0,10.0,19.4,76.0,2.6
2023-04-20 04:00:00,0.0,0.0,0.0,40.0,19.4,73.0,2.6
2023-04-20 05:00:00,0.0,0.0,0.0,80.0,19.4,73.0,3.6
2023-04-20 06:00:00,22.0,6.0,22.0,90.0,21.7,68.0,4.6
2023-04-20 07:00:00,122.0,1.0,131.0,90.0,22.2,62.0,5.7
2023-04-20 08:00:00,285.0,118.0,220.0,100.0,24.4,58.0,4.6
2023-04-20 09:00:00,579.0,464.0,239.0,90.0,26.1,56.0,7.2
2023-04-20 10:00:00,693.0,299.0,434.0,90.0,26.7,54.0,8.2
2023-04-20 11:00:00,758.0,415.0,361.0,90.0,26.7,54.0,9.8
2023-04-20 12:00:00,870.0,613.0,261.0,80.0,26.7,52.0,10.3
2023-04-20 13:00:00,785.0,484.0,339.0,50.0,26.7,49.0,7.7
2023-04-20 14:00:00,712.0,470.0,318.0,50.0,26.7,47.0,8.2
2023-04-20 15:00:00,620.0,695.0,147.0,30.0,26.7,47.0,7.7
2023-04-20 16:00:00,438.0,603.0,141.0,20.0,26.7,47.0,7.7
2023-04-20 17:00:00,207.0,475.0,66.0,20.0,25.6,50.0,8.8
2023-04-20 18:00:00,34.0,75.0,23.0,30.0,25.0,52.0,9.8
2023-04-20 19:00:00,0.0,0.0,0.0,0.0,24.4,50.0,7.2
2023-04-20 20:00:00,0.0,0.0,0.0,10.0,24.4,50.0,7.2
2023-04-20 21:00:00,0.0,0.0,0.0,0.0,24.4,56.0,7.7
2023-04-20 22:00:00,0.0,0.0,0.0,0.0,24.4,58.0,8.2
2023-04-20 23:00:00,0.0,0.0,0.0,0.0,24.4,58.0,7.2
2023-04-21 00:00:00,0.0,0.0,0.0,10.0,24.4,58.0,6.7
2023-04-21 01:00:00,0.0,0.0,0.0,10.0,23.9,58.0,5.2
2023-04-21 02:00:00,0.0,0.0,0.0,10.0,23.9,60.0,6.7
2023-04-21 03:00:00,0.0,0.0,0.0,30.0,23.9,62.0,6.7
2023-04-21 04:00:00,0.0,0.0,0.0,60.0,23.3,64.0,6.7
2023-04-21 05:00:00,0.0,0.0,0.0,40.0,23.3,62.0,8.2
2023-04-21 06:00:00,69.0,211.0,42.0,30.0,23.9,58.0,7.2
2023-04-21 07:00:00,238.0,348.0,116.0,20.0,24.4,54.0,9.3
2023-04-21 08:00:00,407.0,342.0,211.0,20.0,25.6,49.0,11.3
2023-04-21 09:00:00,660.0,627.0,196.0,10.0,26.7,45.0,8.2
2023-04-21 10:00:00,896.0,849.0,147.0,20.0,27.2,46.0,9.3
2023-04-21 11:00:00,786.0,388.0,424.0,70.0,27.2,49.0,8.2
2023-04-21 12:00:00,479.0,104.0,378.0,100.0,25.6,56.0,8.2
2023-04-21 13:00:00,656.0,330.0,347.0,40.0,27.2,51.0,11.8
2023-04-21 14:00:00,731.0,580.0,254.0,40.0,26.7,51.0,10.3
2023-04-21 15:00:00,496.0,370.0,241.0,40.0,26.1,50.0,9.3
2023-04-21 16:00:00,287.0,134.0,222.0,50.0,25.6,52.0,7.7
2023-04-21 17:00:00,132.0,94.0,106.0,50.0,25.6,52.0,6.7
2023-04-21 18:00:00,15.0,19.0,12.0,90.0,24.4,62.0,7.7
2023-04-21 19:00:00,0.0,0.0,0.0,70.0,23.3,71.0,8.8
2023-04-21 20:00:00,0.0,0.0,0.0,70.0,23.3,71.0,7.7
2023-04-21 21:00:00,0.0,0.0,0.0,70.0,23.3,69.0,9.3
2023-04-21 22:00:00,0.0,0.0,0.0,80.0,22.8,71.0,7.2
2023-04-21 23:00:00,0.0,0.0,0.0,70.0,22.8,64.0,8.2
2023-04-22 00:00:00,0.0,0.0,0.0,30.0,22.8,57.0,8.2
2023-04-22 01:00:00,0.0,0.0,0.0,30.0,22.2,64.0,6.2
2023-04-22 02:00:00,0.0,0.0,0.0,80.0,22.8,62.0,6.7
2023-04-22 03:00:00,0.0,0.0,0.0,50.0,22.8,66.0,7.2
2023-04-22 04:00:00,0.0,0.0,0.0,20.0,22.2,68.0,5.7
2023-04-22 05:00:00,2.0,3.0,1.0,40.0,22.2,73.0,4.6
2023-04-22 06:00:00,81.0,265.0,46.0,30.0,23.3,69.0,6.7
2023-04-22 07:00:00,253.0,489.0,78.0,20.0,24.4,62.0,6.2
2023-04-22 08:00:00,536.0,822.0,71.0,0.0,26.1,58.0,8.2
2023-04-22 09:00:00,581.0,446.0,251.0,60.0,25.6,62.0,8.2
2023-04-22 10:00:00,962.0,760.0,299.0,70.0,27.2,58.0,7.7
2023-04-22 11:00:00,801.0,473.0,351.0,60.0,27.2,58.0,7.7
2023-04-22 12:00:00,970.0,816.0,178.0,60.0,27.8,58.0,7.7
2023-04-22 13:00:00,905.0,695.0,259.0,50.0,27.2,60.0,9.8
2023-04-22 14:00:00,853.0,781.0,204.0,50.0,27.2,63.0,8.2
2023-04-22 15:00:00,643.0,700.0,164.0,40.0,27.2,63.0,9.8
2023-04-22 16:00:00,266.0,324.0,106.0,30.0,27.2,65.0,7.2
2023-04-22 17:00:00,220.0,498.0,80.0,50.0,26.1,69.0,5.7
2023-04-22 18:00:00,42.0,111.0,28.0,40.0,26.1,72.0,5.2
2023-04-22 19:00:00,0.0,0.0,0.0,50.0,25.6,74.0,5.2
2023-04-22 20:00:00,0.0,0.0,0.0,20.0,25.6,71.0,6.2
2023-04-22 21:00:00,0.0,0.0,0.0,30.0,25.6,74.0,6.7
2023-04-22 22:00:00,0.0,0.0,0.0,30.0,25.0,76.0,6.2
2023-04-22 23:00:00,0.0,0.0,0.0,30.0,25.0,76.0,5.2
2023-04-23 00:00:00,0.0,0.0,0.0,40.0,25.0,79.0,6.2
2023-04-23 01:00:00,0.0,0.0,0.0,30.0,25.0,76.0,5.2
2023-04-23 02:00:00,0.0,0.0,0.0,30.0,25.0,76.0,5.2
2023-04-23 03:00:00,0.0,0.0,0.0,20.0,25.0,74.0,4.1
2023-04-23 04:00:00,0.0,0.0,0.0,20.0,24.4,76.0,3.6
2023-04-23 05:00:00,1.0,1.0,0.0,40.0,24.4,79.0,3.6
2023-04-23 06:00:00,64.0,188.0,38.0,40.0,24.4,79.0,4.1
2023-04-23 07:00:00,267.0,513.0,79.0,40.0,25.6,74.0,6.2
2023-04-23 08:00:00,397.0,386.0,182.0,40.0,26.1,72.0,6.2
2023-04-23 09:00:00,602.0,265.0,401.0,80.0,27.2,67.0,3.6
2023-04-23 10:00:00,794.0,510.0,351.0,80.0,27.2,67.0,5.2
2023-04-23 11:00:00,854.0,554.0,328.0,100.0,28.3,63.0,4.1
2023-04-23 12:00:00,355.0,7.0,348.0,100.0,28.9,61.0,6.2
2023-04-23 13:00:00,569.0,170.0,378.0,100.0,28.3,63.0,5.2
2023-04-23 14:00:00,406.0,23.0,385.0,100.0,28.3,63.0,4.6
2023-04-23 15:00:00,230.0,6.0,226.0,100.0,27.2,67.0,3.6
2023-04-23 16:00:00,224.0,2.0,223.0,100.0,27.2,69.0,8.8
2023-04-23 17:00:00,146.0,89.0,121.0,90.0,24.4,79.0,4.1
2023-04-23 18:00:00,19.0,16.0,17.0,60.0,24.4,76.0,3.6
2023-04-23 19:00:00,0.0,0.0,0.0,80.0,24.4,76.0,3.1
2023-04-23 20:00:00,0.0,0.0,0.0,60.0,24.4,79.0,2.6
2023-04-23 21:00:00,0.0,0.0,0.0,80.0,24.4,79.0,3.1
2023-04-23 22:00:00,0.0,0.0,0.0,60.0,23.9,82.0,2.6
2023-04-23 23:00:00,0.0,0.0,0.0,60.0,23.9,85.0,2.6
2023-04-24 00:00:00,0.0,0.0,0.0,40.0,23.9,85.0,2.6
2023-04-24 01:00:00,0.0,0.0,0.0,60.0,23.3,87.0,2.1
2023-04-24 02:00:00,0.0,0.0,0.0,60.0,22.8,90.0,3.1
2023-04-24 03:00:00,0.0,0.0,0.0,80.0,22.8,90.0,3.1
2023-04-24 04:00:00,0.0,0.0,0.0,40.0,22.2,93.0,2.6
2023-04-24 05:00:00,0.0,0.0,0.0,100.0,21.7,97.0,4.1
2023-04-24 06:00:00,53.0,94.0,41.0,80.0,21.7,100.0,4.1
2023-04-24 07:00:00,248.0,409.0,98.0,50.0,22.2,97.0,5.2
2023-04-24 08:00:00,404.0,338.0,229.0,20.0,23.9,87.0,3.1
2023-04-24 09:00:00,633.0,568.0,213.0,10.0,26.1,69.0,3.6
2023-04-24 10:00:00,858.0,815.0,150.0,20.0,27.8,55.0,3.1
2023-04-24 11:00:00,923.0,749.0,211.0,70.0,29.4,49.0,4.1
2023-04-24 12:00:00,763.0,395.0,378.0,80.0,30.6,45.0,4.1
2023-04-24 13:00:00,567.0,161.0,422.0,80.0,30.6,45.0,4.6
2023-04-24 14:00:00,525.0,99.0,442.0,90.0,28.3,61.0,6.2
2023-04-24 15:00:00,434.0,251.0,262.0,80.0,27.8,67.0,4.6
2023-04-24 16:00:00,96.0,1.0,105.0,100.0,27.2,69.0,3.1
2023-04-24 17:00:00,52.0,0.0,60.0,90.0,26.7,65.0,5.2
2023-04-24 18:00:00,33.0,0.0,33.0,80.0,26.1,69.0,3.1
2023-04-24 19:00:00,0.0,0.0,0.0,50.0,25.6,77.0,3.1
2023-04-24 20:00:00,0.0,0.0,0.0,20.0,24.4,74.0,3.1
2023-04-24 21:00:00,0.0,0.0,0.0,60.0,24.4,76.0,3.6
2023-04-24 22:00:00,0.0,0.0,0.0,30.0,23.3,82.0,4.1
2023-04-24 23:00:00,0.0,0.0,0.0,0.0,22.2,66.0,6.2
2023-04-25 00:00:00,0.0,0.0,0.0,0.0,21.1,61.0,5.2
2023-04-25 01:00:00,0.0,0.0,0.0,70.0,20.0,63.0,4.6
2023-04-25 02:00:00,0.0,0.0,0.0,80.0,19.4,73.0,3.6
2023-04-25 03:00:00,0.0,0.0,0.0,40.0,18.9,78.0,3.1
2023-04-25 04:00:00,0.0,0.0,0.0,40.0,18.3,90.0,2.1
2023-04-25 05:00:00,2.0,0.0,2.0,20.0,18.3,93.0,2.1
2023-04-25 06:00:00,57.0,52.0,53.0,20.0,23.3,74.0,8.2
2023-04-25 07:00:00,266.0,317.0,129.0,0.0,24.4,60.0,9.3
2023-04-25 08:00:00,480.0,496.0,196.0,0.0,25.0,58.0,9.3
2023-04-25 09:00:00,609.0,319.0,368.0,50.0,25.6,58.0,9.3
2023-04-25 10:00:00,766.0,442.0,353.0,80.0,26.1,56.0,7.7
2023-04-25 11:00:00,729.0,290.0,452.0,100.0,25.6,56.0,6.2
2023-04-25 12:00:00,656.0,235.0,429.0,90.0,26.1,54.0,7.7
2023-04-25 13:00:00,694.0,193.0,513.0,70.0,26.1,52.0,8.8
2023-04-25 14:00:00,634.0,237.0,436.0,70.0,26.1,50.0,8.8
2023-04-25 15:00:00,504.0,308.0,288.0,60.0,25.6,50.0,8.8
2023-04-25 16:00:00,367.0,272.0,204.0,80.0,25.0,52.0,8.2
2023-04-25 17:00:00,178.0,145.0,119.0,70.0,25.0,54.0,8.2
2023-04-25 18:00:00,20.0,0.0,20.0,70.0,23.9,58.0,9.3
2023-04-25 19:00:00,0.0,0.0,0.0,40.0,22.8,55.0,7.7
2023-04-25 20:00:00,0.0,0.0,0.0,30.0,22.2,51.0,7.2
2023-04-25 21:00:00,0.0,0.0,0.0,30.0,22.2,53.0,6.2
2023-04-25 22:00:00,0.0,0.0,0.0,40.0,22.2,53.0,6.2
2023-04-25 23:00:00,0.0,0.0,0.0,40.0,21.7,53.0,7.2
2023-04-26 00:00:00,0.0,0.0,0.0,30.0,21.7,51.0,6.2
2023-04-26 01:00:00,0.0,0.0,0.0,10.0,21.1,53.0,6.2
2023-04-26 02:00:00,0.0,0.0,0.0,100.0,21.1,53.0,3.1
2023-04-26 03:00:00,0.0,0.0,0.0,70.0,20.6,57.0,4.1
2023-04-26 04:00:00,0.0,0.0,0.0,20.0,20.6,55.0,6.7
2023-04-26 05:00:00,0.0,0.0,0.0,100.0,21.1,53.0,4.1
2023-04-26 06:00:00,53.0,10.0,51.0,100.0,21.1,55.0,5.2
2023-04-26 07:00:00,176.0,115.0,131.0,100.0,21.7,49.0,4.1
2023-04-26 08:00:00,388.0,111.0,323.0,90.0,23.3,48.0,3.1
2023-04-26 09:00:00,586.0,482.0,229.0,70.0,24.4,42.0,6.2
2023-04-26 10:00:00,532.0,315.0,257.0,100.0,24.4,45.0,5.2
2023-04-26 11:00:00,644.0,260.0,397.0,80.0,24.4,48.0,9.3
2023-04-26 12:00:00,847.0,519.0,347.0,40.0,25.6,44.0,6.7
2023-04-26 13:00:00,939.0,709.0,280.0,30.0,25.6,42.0,7.7
2023-04-26 14:00:00,809.0,768.0,162.0,30.0,25.6,40.0,8.2
2023-04-26 15:00:00,653.0,745.0,136.0,40.0,25.0,45.0,6.7
2023-04-26 16:00:00,402.0,486.0,160.0,30.0,24.4,47.0,5.7
2023-04-26 17:00:00,180.0,299.0,93.0,30.0,24.4,50.0,6.7
2023-04-26 18:00:00,33.0,56.0,26.0,20.0,23.9,46.0,4.6
2023-04-26 19:00:00,0.0,0.0,0.0,20.0,23.3,48.0,4.1
2023-04-26 20:00:00,0.0,0.0,0.0,30.0,22.8,51.0,2.6
2023-04-26 21:00:00,0.0,0.0,0.0,30.0,22.8,55.0,5.2
2023-04-26 22:00:00,0.0,0.0,0.0,20.0,22.8,55.0,5.2
2023-04-26 23:00:00,0.0,0.0,0.0,60.0,22.8,59.0,5.2
2023-04-27 00:00:00,0.0,0.0,0.0,40.0,22.8,59.0,4.1
2023-04-27 01:00:00,0.0,0.0,0.0,80.0,21.1,66.0,3.6
2023-04-27 02:00:00,0.0,0.0,0.0,60.0,20.6,71.0,3.1
2023-04-27 03:00:00,0.0,0.0,0.0,60.0,20.6,68.0,2.6
2023-04-27 04:00:00,0.0,0.0,0.0,0.0,18.3,78.0,3.1
2023-04-27 05:00:00,0.0,0.0,1.0,50.0,17.8,81.0,2.1
2023-04-27 06:00:00,66.0,150.0,44.0,50.0,18.3,78.0,2.6
2023-04-27 07:00:00,204.0,160.0,145.0,40.0,23.3,62.0,6.7
2023-04-27 08:00:00,357.0,205.0,262.0,40.0,24.4,58.0,7.2
2023-04-27 09:00:00,582.0,305.0,349.0,40.0,24.4,58.0,8.2
2023-04-27 10:00:00,763.0,560.0,270.0,50.0,25.0,56.0,7.2
2023-04-27 11:00:00,902.0,503.0,417.0,50.0,25.6,54.0,9.3
2023-04-27 12:00:00,919.0,693.0,248.0,50.0,26.7,49.0,8.2
2023-04-27 13:00:00,859.0,613.0,288.0,40.0,26.1,49.0,8.8
2023-04-27 14:00:00,815.0,631.0,281.0,60.0,25.6,45.0,8.2
2023-04-27 15:00:00,685.0,766.0,141.0,30.0,25.6,50.0,7.7
2023-04-27 16:00:00,426.0,646.0,102.0,20.0,25.0,48.0,7.2
2023-04-27 17:00:00,182.0,319.0,92.0,30.0,24.4,48.0,7.2
2023-04-27 18:00:00,40.0,84.0,25.0,30.0,23.9,50.0,6.2
2023-04-27 19:00:00,0.0,0.0,0.0,20.0,23.9,54.0,5.2
2023-04-27 20:00:00,0.0,0.0,0.0,30.0,23.9,56.0,6.2
2023-04-27 21:00:00,0.0,0.0,0.0,20.0,23.9,58.0,5.7
2023-04-27 22:00:00,0.0,0.0,0.0,20.0,23.9,58.0,6.2
2023-04-27 23:00:00,0.0,0.0,0.0,20.0,23.3,58.0,5.2
2023-04-28 00:00:00,0.0,0.0,0.0,20.0,22.8,55.0,5.2
2023-04-28 01:00:00,0.0,0.0,0.0,90.0,22.8,53.0,4.6
2023-04-28 02:00:00,0.0,0.0,0.0,10.0,22.8,51.0,6.2
2023-04-28 03:00:00,0.0,0.0,0.0,40.0,22.8,48.0,4.6
2023-04-28 04:00:00,0.0,0.0,0.0,20.0,22.8,59.0,3.6
2023-04-28 05:00:00,2.0,4.0,2.0,40.0,22.2,62.0,4.1
2023-04-28 06:00:00,79.0,218.0,46.0,40.0,22.2,66.0,5.2
2023-04-28 07:00:00,311.0,657.0,66.0,10.0,23.9,60.0,6.7
2023-04-28 08:00:00,294.0,102.0,233.0,70.0,23.9,60.0,6.7
2023-04-28 09:00:00,626.0,501.0,249.0,40.0,26.1,45.0,7.7
2023-04-28 10:00:00,899.0,879.0,122.0,30.0,26.1,47.0,8.2
2023-04-28 11:00:00,959.0,853.0,129.0,60.0,26.1,52.0,10.8
2023-04-28 12:00:00,1031.0,882.0,144.0,50.0,26.7,47.0,9.3
2023-04-28 13:00:00,1031.0,923.0,117.0,20.0,26.7,45.0,8.2
2023-04-28 14:00:00,857.0,894.0,110.0,10.0,26.7,41.0,7.7
2023-04-28 15:00:00,685.0,854.0,99.0,0.0,26.1,42.0,8.8
2023-04-28 16:00:00,435.0,631.0,117.0,20.0,26.1,45.0,8.8
2023-04-28 17:00:00,182.0,282.0,100.0,20.0,25.6,47.0,7.7
2023-04-28 18:00:00,36.0,58.0,31.0,20.0,25.0,50.0,7.7
2023-04-28 19:00:00,0.0,0.0,0.0,50.0,25.0,58.0,5.7
2023-04-28 20:00:00,0.0,0.0,0.0,70.0,24.4,64.0,7.2
2023-04-28 21:00:00,0.0,0.0,0.0,60.0,24.4,62.0,6.2
2023-04-28 22:00:00,0.0,0.0,0.0,60.0,24.4,62.0,7.7
2023-04-28 23:00:00,0.0,0.0,0.0,70.0,23.9,62.0,5.2
2023-04-29 00:00:00,0.0,0.0,0.0,70.0,23.9,56.0,5.2
2023-04-29 01:00:00,0.0,0.0,0.0,100.0,23.9,56.0,5.7
2023-04-29 02:00:00,0.0,0.0,0.0,30.0,23.3,58.0,4.1
2023-04-29 03:00:00,0.0,0.0,0.0,0.0,22.8,55.0,4.1
2023-04-29 04:00:00,0.0,0.0,0.0,20.0,22.8,55.0,4.1
2023-04-29 05:00:00,3.0,2.0,3.0,40.0,22.8,53.0,3.1
2023-04-29 06:00:00,73.0,114.0,56.0,40.0,22.8,57.0,3.1
2023-04-29 07:00:00,209.0,115.0,164.0,60.0,23.3,60.0,5.7
2023-04-29 08:00:00,445.0,407.0,207.0,60.0,25.0,54.0,6.2
2023-04-29 09:00:00,663.0,565.0,239.0,50.0,25.0,54.0,8.2
2023-04-29 10:00:00,738.0,422.0,364.0,60.0,26.1,52.0,7.7
2023-04-29 11:00:00,939.0,753.0,213.0,50.0,26.7,49.0,9.3
2023-04-29 12:00:00,866.0,525.0,353.0,60.0,26.7,49.0,7.7
2023-04-29 13:00:00,812.0,455.0,388.0,70.0,26.1,50.0,8.2
2023-04-29 14:00:00,716.0,558.0,251.0,60.0,26.7,51.0,7.2
2023-04-29 15:00:00,547.0,479.0,213.0,50.0,26.1,52.0,7.7
2023-04-29 16:00:00,392.0,400.0,189.0,30.0,26.1,50.0,8.2
2023-04-29 17:00:00,202.0,376.0,93.0,20.0,25.6,47.0,7.7
2023-04-29 18:00:00,37.0,90.0,30.0,0.0,24.4,52.0,7.7
2023-04-29 19:00:00,0.0,0.0,0.0,0.0,23.9,50.0,6.2
2023-04-29 20:00:00,0.0,0.0,0.0,0.0,23.3,52.0,5.7
2023-04-29 21:00:00,0.0,0.0,0.0,0.0,22.8,59.0,5.2
2023-04-29 22:00:00,0.0,0.0,0.0,0.0,22.2,62.0,5.7
2023-04-29 23:00:00,0.0,0.0,0.0,0.0,22.2,64.0,5.2
2023-04-30 00:00:00,0.0,0.0,0.0,0.0,22.2,64.0,5.7
2023-04-30 01:00:00,0.0,0.0,0.0,0.0,22.2,64.0,4.6
2023-04-30 02:00:00,0.0,0.0,0.0,0.0,20.6,68.0,4.1
2023-04-30 03:00:00,0.0,0.0,0.0,0.0,18.9,76.0,2.6
2023-04-30 04:00:00,0.0,0.0,0.0,0.0,16.7,87.0,2.6
2023-04-30 05:00:00,3.0,4.0,2.0,40.0,15.6,90.0,3.6
2023-04-30 06:00:00,67.0,47.0,61.0,30.0,16.7,90.0,3.6
2023-04-30 07:00:00,260.0,351.0,129.0,40.0,21.7,68.0,3.6
2023-04-30 08:00:00,457.0,455.0,193.0,20.0,23.9,58.0,4.1
2023-04-30 09:00:00,743.0,806.0,137.0,20.0,25.0,50.0,3.1
2023-04-30 10:00:00,934.0,849.0,162.0,20.0,25.6,49.0,5.2
2023-04-30 11:00:00,1005.0,847.0,170.0,30.0,26.7,47.0,5.2
2023-04-30 12:00:00,1029.0,838.0,175.0,40.0,26.7,47.0,7.2
2023-04-30 13:00:00,971.0,825.0,177.0,40.0,26.7,45.0,6.2
2023-04-30 14:00:00,845.0,799.0,147.0,40.0,26.7,45.0,6.7
2023-04-30 15:00:00,673.0,738.0,143.0,40.0,26.7,49.0,6.2
2023-04-30 16:00:00,430.0,628.0,114.0,40.0,26.1,47.0,6.2
2023-04-30 17:00:00,205.0,381.0,82.0,70.0,25.0,52.0,6.2
2023-04-30 18:00:00,35.0,54.0,26.0,60.0,24.0,58.0,5.6
2023-04-30 19:00:00,0.0,0.0,0.0,20.0,23.2,63.0,4.3
2023-04-30 20:00:00,0.0,0.0,0.0,0.0,22.8,65.0,3.5
2023-04-30 21:00:00,0.0,0.0,0.0,10.0,22.2,68.0,3.0
2023-04-30 22:00:00,0.0,0.0,0.0,30.0,21.8,71.0,2.4
2023-04-30 23:00:00,0.0,0.0,0.0,20.0,21.5,73.0,2.1
2023-05-01 00:00:00,0.0,0.0,0.0,80.0,21.3,75.0,2.1
2023-05-01 01:00:00,0.0,0.0,0.0,70.0,21.0,76.0,1.5
2023-05-01 02:00:00,0.0,0.0,0.0,40.0,20.5,79.0,2.1
2023-05-01 03:00:00,0.0,0.0,0.0,30.0,20.0,82.0,2.1
2023-05-01 04:00:00,0.0,0.0,0.0,50.0,19.6,85.0,0.6
2023-05-01 05:00:00,4.0,1.0,4.0,90.0,19.3,87.0,0.3
2023-05-01 06:00:00,40.0,5.0,39.0,100.0,19.4,87.0,2.1
2023-05-01 07:00:00,278.0,335.0,130.0,80.0,21.1,71.0,2.1
2023-05-01 08:00:00,531.0,662.0,143.0,50.0,22.8,66.0,3.1
2023-05-01 09:00:00,710.0,743.0,150.0,50.0,25.0,54.0,4.1
2023-05-01 10:00:00,763.0,530.0,291.0,80.0,25.6,54.0,3.1
2023-05-01 11:00:00,911.0,592.0,312.0,80.0,26.7,49.0,3.1
2023-05-01 12:00:00,670.0,368.0,309.0,80.0,26.7,49.0,3.1
2023-05-01 13:00:00,442.0,72.0,375.0,80.0,27.8,55.0,4.1
2023-05-01 14:00:00,805.0,549.0,306.0,80.0,26.7,58.0,3.6
2023-05-01 15:00:00,290.0,46.0,259.0,100.0,26.1,60.0,2.6
2023-05-01 16:00:00,148.0,9.0,144.0,100.0,25.6,62.0,2.6
2023-05-01 17:00:00,74.0,3.0,73.0,100.0,25.6,60.0,2.6
2023-05-01 18:00:00,25.0,2.0,25.0,100.0,26.1,54.0,2.6
2023-05-01 19:00:00,0.0,0.0,0.0,100.0,23.9,60.0,5.2
2023-05-01 20:00:00,0.0,0.0,0.0,100.0,23.3,64.0,4.1
2023-05-01 21:00:00,0.0,0.0,0.0,100.0,23.3,62.0,3.1
2023-05-01 22:00:00,0.0,0.0,0.0,100.0,23.3,66.0,1.5
2023-05-01 23:00:00,0.0,0.0,0.0,100.0,22.2,71.0,2.6
2023-05-02 00:00:00,0.0,0.0,0.0,100.0,22.8,62.0,2.6
2023-05-02 01:00:00,0.0,0.0,0.0,100.0,22.8,59.0,3.1
2023-05-02 02:00:00,0.0,0.0,0.0,100.0,22.8,62.0,0.0
2023-05-02 03:00:00,0.0,0.0,0.0,100.0,22.8,64.0,2.1
2023-05-02 04:00:00,0.0,0.0,0.0,100.0,22.8,64.0,2.6
2023-05-02 05:00:00,5.0,0.0,5.0,100.0,22.2,59.0,3.1
2023-05-02 06:00:00,45.0,2.0,45.0,100.0,22.2,46.0,3.6
2023-05-02 07:00:00,85.0,4.0,83.0,100.0,22.2,48.0,3.6
2023-05-02 08:00:00,153.0,4.0,151.0,100.0,22.2,55.0,3.1
2023-05-02 09:00:00,221.0,0.0,221.0,100.0,22.2,57.0,2.6
2023-05-02 10:00:00,444.0,1.0,443.0,100.0,23.3,62.0,3.6
2023-05-02 11:00:00,436.0,1.0,436.0,100.0,24.4,62.0,3.6
2023-05-02 12:00:00,484.0,1.0,483.0,100.0,23.9,71.0,5.2
2023-05-02 13:00:00,441.0,1.0,440.0,100.0,24.4,66.0,4.6
2023-05-02 14:00:00,245.0,0.0,245.0,100.0,23.9,69.0,4.1
2023-05-02 15:00:00,187.0,1.0,186.0,100.0,23.3,90.0,4.1
2023-05-02 16:00:00,242.0,2.0,242.0,100.0,22.8,90.0,3.1
2023-05-02 17:00:00,127.0,0.0,127.0,100.0,22.8,90.0,3.1
2023-05-02 18:00:00,34.0,0.0,34.0,100.0,22.8,87.0,3.1
2023-05-02 19:00:00,0.0,0.0,0.0,100.0,22.8,90.0,3.1
2023-05-02 20:00:00,0.0,0.0,0.0,100.0,22.8,87.0,3.1
2023-05-02 21:00:00,0.0,0.0,0.0,100.0,22.8,90.0,0.0
2023-05-02 22:00:00,0.0,0.0,0.0,100.0,22.8,90.0,0.0
2023-05-02 23:00:00,0.0,0.0,0.0,100.0,22.8,90.0,1.5
2023-05-03 00:00:00,0.0,0.0,0.0,100.0,22.8,93.0,1.5
2023-05-03 01:00:00,0.0,0.0,0.0,100.0,22.8,93.0,1.5
2023-05-03 02:00:00,0.0,0.0,0.0,80.0,22.8,93.0,2.1
2023-05-03 03:00:00,0.0,0.0,0.0,80.0,22.8,93.0,1.5
2023-05-03 04:00:00,0.0,0.0,0.0,90.0,22.8,90.0,2.6
2023-05-03 05:00:00,5.0,2.0,5.0,90.0,22.8,90.0,2.6
2023-05-03 06:00:00,57.0,23.0,54.0,90.0,22.8,93.0,2.6
2023-05-03 07:00:00,294.0,432.0,127.0,50.0,23.3,94.0,2.1
2023-05-03 08:00:00,273.0,11.0,266.0,100.0,23.9,90.0,3.6
2023-05-03 09:00:00,669.0,529.0,266.0,60.0,26.1,72.0,5.2
2023-05-03 10:00:00,779.0,477.0,354.0,80.0,27.2,65.0,4.6
2023-05-03 11:00:00,887.0,620.0,286.0,70.0,27.2,65.0,6.2
2023-05-03 12:00:00,932.0,764.0,166.0,60.0,27.8,63.0,5.2
2023-05-03 13:00:00,716.0,406.0,337.0,50.0,27.8,65.0,5.2
2023-05-03 14:00:00,651.0,422.0,295.0,30.0,27.2,65.0,5.2
2023-05-03 15:00:00,574.0,439.0,266.0,30.0,26.7,67.0,5.7
2023-05-03 16:00:00,400.0,470.0,163.0,30.0,26.7,69.0,5.7
2023-05-03 17:00:00,167.0,164.0,117.0,40.0,25.6,77.0,5.2
2023-05-03 18:00:00,36.0,31.0,33.0,40.0,24.4,79.0,5.2
2023-05-03 19:00:00,0.0,0.0,0.0,40.0,23.9,79.0,5.2
2023-05-03 20:00:00,0.0,0.0,0.0,30.0,23.9,82.0,4.6
2023-05-03 21:00:00,0.0,0.0,0.0,100.0,23.9,85.0,4.6
2023-05-03 22:00:00,0.0,0.0,0.0,40.0,23.9,85.0,4.1
2023-05-03 23:00:00,0.0,0.0,0.0,80.0,23.9,85.0,3.6
2023-05-04 00:00:00,0.0,0.0,0.0,100.0,23.9,85.0,2.6
2023-05-04 01:00:00,0.0,0.0,0.0,100.0,23.9,87.0,1.5
2023-05-04 02:00:00,0.0,0.0,0.0,20.0,23.9,85.0,1.5
2023-05-04 03:00:00,0.0,0.0,0.0,80.0,23.9,87.0,1.0
2023-05-04 04:00:00,0.0,0.0,0.0,80.0,22.2,93.0,2.6
2023-05-04 05:00:00,7.0,1.0,5.0,80.0,22.2,97.0,1.5
2023-05-04 06:00:00,91.0,202.0,49.0,50.0,22.2,97.0,2.1
2023-05-04 07:00:00,301.0,534.0,91.0,30.0,24.4,87.0,1.0
2023-05-04 08:00:00,560.0,687.0,122.0,30.0,25.6,77.0,2.6
2023-05-04 09:00:00,717.0,746.0,137.0,40.0,27.2,67.0,1.5
2023-05-04 10:00:00,780.0,559.0,287.0,40.0,28.3,63.0,1.5
2023-05-04 11:00:00,666.0,224.0,449.0,70.0,28.9,63.0,1.5
2023-05-04 12:00:00,657.0,216.0,445.0,70.0,27.8,69.0,3.1
2023-05-04 13:00:00,744.0,371.0,389.0,70.0,28.3,70.0,4.1
2023-05-04 14:00:00,448.0,99.0,364.0,80.0,27.8,69.0,5.2
2023-05-04 15:00:00,197.0,39.0,172.0,80.0,27.8,63.0,4.1
2023-05-04 16:00:00,154.0,44.0,132.0,80.0,27.2,69.0,3.6
2023-05-04 17:00:00,83.0,8.0,80.0,80.0,26.1,77.0,3.1
2023-05-04 18:00:00,25.0,0.0,27.0,80.0,26.1,77.0,3.6
2023-05-04 19:00:00,0.0,0.0,0.0,40.0,25.6,67.0,3.6
2023-05-04 20:00:00,0.0,0.0,0.0,0.0,25.0,64.0,5.2
2023-05-04 21:00:00,0.0,0.0,0.0,0.0,23.9,69.0,2.6
2023-05-04 22:00:00,0.0,0.0,0.0,0.0,23.3,69.0,3.6
2023-05-04 23:00:00,0.0,0.0,0.0,20.0,22.2,79.0,2.1
2023-05-05 00:00:00,0.0,0.0,0.0,20.0,21.7,81.0,3.1
2023-05-05 01:00:00,0.0,0.0,0.0,30.0,21.7,84.0,3.1
2023-05-05 02:00:00,0.0,0.0,0.0,40.0,21.1,87.0,2.1
2023-05-05 03:00:00,0.0,0.0,0.0,40.0,21.1,87.0,4.1
2023-05-05 04:00:00,0.0,0.0,0.0,50.0,20.6,90.0,3.6
2023-05-05 05:00:00,6.0,2.0,5.0,90.0,20.6,93.0,3.6
2023-05-05 06:00:00,86.0,125.0,64.0,100.0,20.6,93.0,3.1
2023-05-05 07:00:00,278.0,302.0,162.0,100.0,21.1,90.0,3.6
2023-05-05 08:00:00,531.0,629.0,144.0,70.0,23.3,79.0,3.1
2023-05-05 09:00:00,710.0,596.0,255.0,80.0,24.4,71.0,4.1
2023-05-05 10:00:00,763.0,458.0,359.0,30.0,26.7,58.0,3.6
2023-05-05 11:00:00,911.0,664.0,271.0,30.0,27.8,49.0,4.1
2023-05-05 12:00:00,1013.0,845.0,177.0,20.0,29.4,39.0,4.1
2023-05-05 13:00:00,961.0,832.0,164.0,20.0,29.4,39.0,4.1
2023-05-05 14:00:00,805.0,651.0,248.0,30.0,30.0,39.0,6.2
2023-05-05 15:00:00,617.0,591.0,206.0,40.0,29.4,49.0,6.7
2023-05-05 16:00:00,450.0,614.0,117.0,40.0,28.9,49.0,8.2
2023-05-05 17:00:00,225.0,437.0,74.0,30.0,28.3,38.0,7.7
2023-05-05 18:00:00,44.0,91.0,31.0,20.0,26.1,41.0,6.7
2023-05-05 19:00:00,0.0,0.0,0.0,20.0,23.9,66.0,7.7
2023-05-05 20:00:00,0.0,0.0,0.0,0.0,22.2,82.0,4.1
2023-05-05 21:00:00,0.0,0.0,0.0,0.0,22.2,82.0,4.1
2023-05-05 22:00:00,0.0,0.0,0.0,0.0,21.7,76.0,4.1
2023-05-05 23:00:00,0.0,0.0,0.0,0.0,21.7,76.0,3.6
2023-05-06 00:00:00,0.0,0.0,0.0,0.0,21.1,79.0,3.1
2023-05-06 01:00:00,0.0,0.0,0.0,0.0,20.0,84.0,3.1
2023-05-06 02:00:00,0.0,0.0,0.0,10.0,19.4,84.0,2.6
2023-05-06 03:00:00,0.0,0.0,0.0,0.0,18.9,87.0,2.6
2023-05-06 04:00:00,0.0,0.0,0.0,0.0,18.9,84.0,2.6
2023-05-06 05:00:00,8.0,9.0,6.0,50.0,18.9,81.0,3.1
2023-05-06 06:00:00,93.0,192.0,56.0,70.0,20.0,76.0,4.1
2023-05-06 07:00:00,308.0,537.0,99.0,30.0,21.1,73.0,4.6
2023-05-06 08:00:00,485.0,293.0,309.0,100.0,23.9,54.0,6.2
2023-05-06 09:00:00,664.0,490.0,285.0,90.0,25.6,50.0,6.2
2023-05-06 10:00:00,881.0,781.0,181.0,30.0,26.7,45.0,5.2
2023-05-06 11:00:00,980.0,820.0,185.0,30.0,28.3,37.0,6.2
2023-05-06 12:00:00,959.0,768.0,201.0,40.0,28.9,36.0,7.2
2023-05-06 13:00:00,887.0,511.0,402.0,60.0,28.9,34.0,5.2
2023-05-06 14:00:00,771.0,609.0,257.0,40.0,28.9,34.0,5.2
2023-05-06 15:00:00,572.0,387.0,302.0,70.0,29.4,33.0,7.2
2023-05-06 16:00:00,389.0,306.0,229.0,70.0,29.4,35.0,6.2
2023-05-06 17:00:00,204.0,397.0,83.0,60.0,28.9,33.0,4.1
2023-05-06 18:00:00,47.0,85.0,32.0,30.0,27.8,38.0,4.1
2023-05-06 19:00:00,0.0,0.0,0.0,20.0,27.8,56.0,5.2
2023-05-06 20:00:00,0.0,0.0,0.0,20.0,25.0,67.0,5.2
2023-05-06 21:00:00,0.0,0.0,0.0,0.0,23.3,76.0,4.6
2023-05-06 22:00:00,0.0,0.0,0.0,0.0,22.2,84.0,4.6
2023-05-06 23:00:00,0.0,0.0,0.0,0.0,22.2,84.0,4.1
2023-05-07 00:00:00,0.0,0.0,0.0,0.0,21.1,90.0,3.1
2023-05-07 01:00:00,0.0,0.0,0.0,0.0,20.6,93.0,3.1
2023-05-07 02:00:00,0.0,0.0,0.0,0.0,20.6,93.0,2.6
2023-05-07 03:00:00,0.0,0.0,0.0,10.0,20.0,97.0,2.6
2023-05-07 04:00:00,0.0,0.0,0.0,30.0,18.9,97.0,2.6
2023-05-07 05:00:00,9.0,17.0,7.0,50.0,18.9,100.0,2.1
2023-05-07 06:00:00,111.0,405.0,40.0,10.0,19.4,100.0,2.6
2023-05-07 07:00:00,330.0,666.0,66.0,10.0,21.1,93.0,1.5
2023-05-07 08:00:00,576.0,831.0,79.0,0.0,23.9,71.0,2.1
2023-05-07 09:00:00,760.0,867.0,94.0,0.0,25.6,58.0,2.6
2023-05-07 10:00:00,921.0,913.0,104.0,0.0,27.8,41.0,3.6
2023-05-07 11:00:00,1013.0,932.0,109.0,0.0,28.3,36.0,2.6
2023-05-07 12:00:00,1038.0,940.0,110.0,0.0,29.4,36.0,3.1
2023-05-07 13:00:00,909.0,843.0,112.0,10.0,30.0,33.0,3.1
2023-05-07 14:00:00,832.0,865.0,98.0,10.0,30.6,35.0,2.1
2023-05-07 15:00:00,571.0,612.0,142.0,20.0,28.9,43.0,3.6
2023-05-07 16:00:00,476.0,785.0,71.0,0.0,28.3,51.0,3.6
2023-05-07 17:00:00,243.0,637.0,49.0,0.0,27.8,44.0,4.1
2023-05-07 18:00:00,48.0,172.0,28.0,20.0,26.1,58.0,3.1
2023-05-07 19:00:00,0.0,0.0,0.0,0.0,25.6,67.0,5.2
2023-05-07 20:00:00,0.0,0.0,0.0,0.0,25.0,62.0,6.7
2023-05-07 21:00:00,0.0,0.0,0.0,0.0,24.4,64.0,4.1
2023-05-07 22:00:00,0.0,0.0,0.0,0.0,23.3,71.0,3.6
2023-05-07 23:00:00,0.0,0.0,0.0,0.0,22.8,76.0,2.1
2023-05-08 00:00:00,0.0,0.0,0.0,0.0,22.8,79.0,2.1
2023-05-08 01:00:00,0.0,0.0,0.0,0.0,22.2,82.0,0.0
2023-05-08 02:00:00,0.0,0.0,0.0,0.0,21.7,84.0,2.1
2023-05-08 03:00:00,0.0,0.0,0.0,0.0,21.1,90.0,0.0
2023-05-08 04:00:00,0.0,0.0,0.0,0.0,20.6,93.0,0.0
2023-05-08 05:00:00,7.0,12.0,6.0,30.0,20.6,93.0,1.0
2023-05-08 06:00:00,110.0,279.0,60.0,30.0,21.1,97.0,0.0
2023-05-08 07:00:00,307.0,508.0,105.0,20.0,23.9,76.0,1.5
2023-05-08 08:00:00,535.0,661.0,139.0,10.0,25.6,64.0,4.1
2023-05-08 09:00:00,744.0,759.0,160.0,20.0,26.7,60.0,3.6
2023-05-08 10:00:00,892.0,788.0,186.0,10.0,28.3,55.0,3.6
2023-05-08 11:00:00,971.0,738.0,255.0,50.0,27.8,61.0,4.1
2023-05-08 12:00:00,972.0,704.0,277.0,50.0,28.9,51.0,5.2
2023-05-08 13:00:00,910.0,657.0,289.0,30.0,29.4,57.0,6.2
2023-05-08 14:00:00,793.0,619.0,268.0,30.0,28.9,57.0,5.2
2023-05-08 15:00:00,557.0,469.0,228.0,10.0,29.4,59.0,5.2
2023-05-08 16:00:00,384.0,301.0,228.0,30.0,29.4,55.0,6.7
2023-05-08 17:00:00,178.0,150.0,132.0,60.0,28.9,61.0,5.7
2023-05-08 18:00:00,37.0,21.0,35.0,40.0,28.3,63.0,5.7
2023-05-08 19:00:00,0.0,0.0,0.0,0.0,27.2,69.0,3.6
2023-05-08 20:00:00,0.0,0.0,0.0,0.0,26.1,74.0,4.1
2023-05-08 21:00:00,0.0,0.0,0.0,0.0,25.6,77.0,2.6
2023-05-08 22:00:00,0.0,0.0,0.0,0.0,25.0,76.0,0.0
2023-05-08 23:00:00,0.0,0.0,0.0,0.0,25.0,76.0,0.0
2023-05-09 00:00:00,0.0,0.0,0.0,0.0,25.0,76.0,2.6
2023-05-09 01:00:00,0.0,0.0,0.0,0.0,24.4,90.0,2.6
2023-05-09 02:00:00,0.0,0.0,0.0,0.0,24.4,90.0,2.6
2023-05-09 03:00:00,0.0,0.0,0.0,40.0,23.9,97.0,2.1
2023-05-09 04:00:00,0.0,0.0,0.0,50.0,24.4,94.0,3.1
2023-05-09 05:00:00,4.0,0.0,4.0,90.0,24.4,90.0,3.1
2023-05-09 06:00:00,72.0,23.0,68.0,60.0,25.0,91.0,4.6
2023-05-09 07:00:00,262.0,203.0,181.0,100.0,26.7,85.0,7.2
2023-05-09 08:00:00,412.0,170.0,310.0,100.0,28.3,77.0,6.2
2023-05-09 09:00:00,569.0,184.0,427.0,100.0,28.9,70.0,9.3
2023-05-09 10:00:00,531.0,56.0,481.0,100.0,29.4,67.0,9.8
2023-05-09 11:00:00,775.0,219.0,562.0,90.0,30.0,63.0,8.8
2023-05-09 12:00:00,661.0,169.0,494.0,100.0,30.6,55.0,8.8
2023-05-09 13:00:00,371.0,11.0,361.0,100.0,31.1,55.0,8.2
2023-05-09 14:00:00,195.0,2.0,193.0,100.0,30.6,61.0,9.3
2023-05-09 15:00:00,90.0,0.0,90.0,100.0,28.9,74.0,6.2
2023-05-09 16:00:00,61.0,0.0,61.0,100.0,23.3,94.0,5.2
2023-05-09 17:00:00,31.0,0.0,31.0,100.0,23.3,97.0,2.1
2023-05-09 18:00:00,23.0,4.0,23.0,80.0,23.3,90.0,7.2
2023-05-09 19:00:00,0.0,0.0,0.0,40.0,23.3,94.0,6.2
2023-05-09 20:00:00,0.0,0.0,0.0,0.0,23.9,87.0,3.1
2023-05-09 21:00:00,0.0,0.0,0.0,0.0,22.8,90.0,2.6
2023-05-09 22:00:00,0.0,0.0,0.0,20.0,22.8,90.0,2.6
2023-05-09 23:00:00,0.0,0.0,0.0,70.0,22.8,93.0,3.1
2023-05-10 00:00:00,0.0,0.0,0.0,50.0,22.8,97.0,2.6
2023-05-10 01:00:00,0.0,0.0,0.0,90.0,23.3,90.0,2.1
2023-05-10 02:00:00,0.0,0.0,0.0,90.0,22.2,90.0,2.6
2023-05-10 03:00:00,0.0,0.0,0.0,30.0,21.7,90.0,3.6
2023-05-10 04:00:00,0.0,0.0,0.0,10.0,20.6,93.0,1.5
2023-05-10 05:00:00,7.0,26.0,4.0,10.0,20.0,97.0,2.6
2023-05-10 06:00:00,128.0,416.0,53.0,10.0,20.6,93.0,3.1
2023-05-10 07:00:00,313.0,363.0,168.0,60.0,21.1,93.0,3.6
2023-05-10 08:00:00,568.0,752.0,115.0,40.0,22.2,84.0,2.6
2023-05-10 09:00:00,626.0,456.0,274.0,70.0,25.6,74.0,2.6
2023-05-10 10:00:00,780.0,454.0,372.0,70.0,27.2,69.0,4.6
2023-05-10 11:00:00,670.0,310.0,369.0,60.0,27.8,61.0,3.6
2023-05-10 12:00:00,686.0,326.0,364.0,60.0,28.3,59.0,5.2
2023-05-10 13:00:00,866.0,614.0,285.0,40.0,28.9,57.0,6.2
2023-05-10 14:00:00,740.0,595.0,234.0,30.0,28.9,57.0,5.7
2023-05-10 15:00:00,596.0,519.0,230.0,30.0,28.3,65.0,5.7
2023-05-10 16:00:00,470.0,714.0,99.0,30.0,27.2,65.0,7.2
2023-05-10 17:00:00,235.0,562.0,62.0,20.0,26.7,65.0,6.7
2023-05-10 18:00:00,45.0,185.0,24.0,20.0,25.6,69.0,6.7
2023-05-10 19:00:00,0.0,0.0,0.0,10.0,23.3,82.0,6.7
2023-05-10 20:00:00,0.0,0.0,0.0,20.0,25.0,74.0,6.2
2023-05-10 21:00:00,0.0,0.0,0.0,0.0,24.4,76.0,5.2
2023-05-10 22:00:00,0.0,0.0,0.0,10.0,24.4,82.0,5.7
2023-05-10 23:00:00,0.0,0.0,0.0,20.0,25.0,76.0,4.1
2023-05-11 00:00:00,0.0,0.0,0.0,20.0,24.4,82.0,5.2
2023-05-11 01:00:00,0.0,0.0,0.0,0.0,24.4,79.0,4.6
2023-05-11 02:00:00,0.0,0.0,0.0,0.0,23.9,82.0,3.6
2023-05-11 03:00:00,0.0,0.0,0.0,0.0,23.9,79.0,3.6
2023-05-11 04:00:00,0.0,0.0,0.0,10.0,22.8,84.0,3.1
2023-05-11 05:00:00,6.0,17.0,4.0,10.0,21.7,90.0,2.1
2023-05-11 06:00:00,120.0,356.0,55.0,10.0,22.8,84.0,3.1
2023-05-11 07:00:00,345.0,644.0,86.0,20.0,25.6,69.0,4.1
2023-05-11 08:00:00,504.0,539.0,179.0,40.0,26.1,60.0,4.6
2023-05-11 09:00:00,704.0,563.0,269.0,50.0,26.7,58.0,4.6
2023-05-11 10:00:00,747.0,482.0,314.0,50.0,27.8,56.0,5.2
2023-05-11 11:00:00,1032.0,693.0,358.0,50.0,28.3,55.0,6.2
2023-05-11 12:00:00,968.0,719.0,257.0,30.0,28.9,49.0,6.7
2023-05-11 13:00:00,876.0,698.0,214.0,20.0,28.9,48.0,7.2
2023-05-11 14:00:00,844.0,822.0,145.0,20.0,29.4,49.0,7.2
2023-05-11 15:00:00,669.0,784.0,116.0,10.0,28.3,51.0,6.2
2023-05-11 16:00:00,461.0,724.0,84.0,10.0,28.9,53.0,7.2
2023-05-11 17:00:00,210.0,424.0,79.0,10.0,26.7,60.0,6.2
2023-05-11 18:00:00,46.0,147.0,29.0,10.0,26.1,65.0,6.7
2023-05-11 19:00:00,0.0,0.0,0.0,10.0,23.9,76.0,7.2
2023-05-11 20:00:00,0.0,0.0,0.0,10.0,25.0,71.0,6.2
2023-05-11 21:00:00,0.0,0.0,0.0,10.0,25.0,71.0,6.2
2023-05-11 22:00:00,0.0,0.0,0.0,10.0,25.0,71.0,4.6
2023-05-11 23:00:00,0.0,0.0,0.0,60.0,25.0,79.0,3.6
2023-05-12 00:00:00,0.0,0.0,0.0,60.0,25.0,79.0,5.2
2023-05-12 01:00:00,0.0,0.0,0.0,30.0,24.4,76.0,3.6
2023-05-12 02:00:00,0.0,0.0,0.0,10.0,24.4,74.0,4.1
2023-05-12 03:00:00,0.0,0.0,0.0,10.0,23.9,76.0,2.6
2023-05-12 04:00:00,0.0,0.0,0.0,10.0,23.9,79.0,3.1
2023-05-12 05:00:00,7.0,17.0,5.0,20.0,23.3,82.0,2.6
2023-05-12 06:00:00,108.0,248.0,62.0,30.0,23.9,79.0,3.1
2023-05-12 07:00:00,249.0,288.0,133.0,30.0,26.1,67.0,6.2
2023-05-12 08:00:00,379.0,296.0,200.0,60.0,26.1,67.0,6.2
2023-05-12 09:00:00,652.0,514.0,254.0,60.0,27.2,63.0,6.7
2023-05-12 10:00:00,911.0,681.0,299.0,60.0,28.9,57.0,8.8
2023-05-12 11:00:00,729.0,399.0,341.0,60.0,27.8,61.0,8.2
2023-05-12 12:00:00,684.0,329.0,358.0,60.0,28.3,57.0,7.2
2023-05-12 13:00:00,754.0,434.0,342.0,60.0,28.9,55.0,5.7
2023-05-12 14:00:00,804.0,645.0,255.0,60.0,28.9,55.0,4.1
2023-05-12 15:00:00,473.0,330.0,240.0,50.0,28.3,57.0,4.1
2023-05-12 16:00:00,287.0,226.0,169.0,40.0,28.3,59.0,6.2
2023-05-12 17:00:00,223.0,470.0,77.0,20.0,27.2,58.0,5.2
2023-05-12 18:00:00,56.0,216.0,32.0,20.0,26.1,67.0,4.1
2023-05-12 19:00:00,0.0,0.0,0.0,20.0,25.6,67.0,6.2
2023-05-12 20:00:00,0.0,0.0,0.0,20.0,25.6,69.0,3.6
2023-05-12 21:00:00,0.0,0.0,0.0,10.0,25.0,71.0,3.6
2023-05-12 22:00:00,0.0,0.0,0.0,10.0,25.0,71.0,3.1
2023-05-12 23:00:00,0.0,0.0,0.0,10.0,24.4,82.0,3.1
2023-05-13 00:00:00,0.0,0.0,0.0,10.0,24.4,82.0,2.6
2023-05-13 01:00:00,0.0,0.0,0.0,0.0,23.9,82.0,2.6
2023-05-13 02:00:00,0.0,0.0,0.0,0.0,23.3,84.0,0.0
2023-05-13 03:00:00,0.0,0.0,0.0,10.0,22.8,84.0,0.0
2023-05-13 04:00:00,0.0,0.0,0.0,20.0,22.2,90.0,2.1
2023-05-13 05:00:00,8.0,18.0,6.0,20.0,22.2,87.0,2.6
2023-05-13 06:00:00,133.0,417.0,55.0,40.0,23.9,82.0,2.6
2023-05-13 07:00:00,297.0,372.0,146.0,70.0,26.7,62.0,3.1
2023-05-13 08:00:00,469.0,403.0,225.0,70.0,27.8,58.0,4.6
2023-05-13 09:00:00,785.0,697.0,245.0,60.0,27.8,61.0,4.1
2023-05-13 10:00:00,887.0,738.0,222.0,60.0,28.3,57.0,4.6
2023-05-13 11:00:00,948.0,667.0,298.0,50.0,28.3,63.0,4.1
2023-05-13 12:00:00,804.0,507.0,302.0,50.0,28.9,61.0,4.6
2023-05-13 13:00:00,516.0,191.0,335.0,50.0,28.9,65.0,5.2
2023-05-13 14:00:00,773.0,473.0,370.0,40.0,28.9,65.0,5.2
2023-05-13 15:00:00,526.0,420.0,229.0,30.0,28.9,67.0,4.6
2023-05-13 16:00:00,365.0,416.0,148.0,20.0,28.3,72.0,6.7
2023-05-13 17:00:00,114.0,145.0,69.0,20.0,27.8,74.0,5.2
2023-05-13 18:00:00,39.0,112.0,26.0,20.0,26.7,79.0,5.7
2023-05-13 19:00:00,0.0,0.0,0.0,20.0,26.7,82.0,4.1
2023-05-13 20:00:00,0.0,0.0,0.0,20.0,26.1,85.0,4.6
2023-05-13 21:00:00,0.0,0.0,0.0,20.0,26.1,85.0,4.1
2023-05-13 22:00:00,0.0,0.0,0.0,70.0,26.1,85.0,2.6
2023-05-13 23:00:00,0.0,0.0,0.0,60.0,25.6,91.0,3.1
2023-05-14 00:00:00,0.0,0.0,0.0,50.0,25.6,91.0,2.6
2023-05-14 01:00:00,0.0,0.0,0.0,30.0,25.6,91.0,2.6
2023-05-14 02:00:00,0.0,0.0,0.0,30.0,25.6,91.0,2.1
2023-05-14 03:00:00,0.0,0.0,0.0,40.0,25.6,91.0,0.0
2023-05-14 04:00:00,0.0,0.0,0.0,40.0,25.0,94.0,1.5
2023-05-14 05:00:00,8.0,1.0,8.0,70.0,24.4,94.0,1.5
2023-05-14 06:00:00,123.0,87.0,107.0,90.0,25.0,94.0,1.5
2023-05-14 07:00:00,173.0,63.0,147.0,90.0,25.6,88.0,3.1
2023-05-14 08:00:00,416.0,251.0,264.0,90.0,27.2,82.0,4.1
2023-05-14 09:00:00,302.0,110.0,217.0,90.0,28.3,72.0,5.2
2023-05-14 10:00:00,808.0,540.0,322.0,90.0,28.9,67.0,4.1
2023-05-14 11:00:00,994.0,786.0,229.0,50.0,29.4,70.0,4.1
2023-05-14 12:00:00,1012.0,791.0,228.0,50.0,29.4,70.0,5.2
2023-05-14 13:00:00,650.0,381.0,288.0,50.0,29.4,67.0,5.2
2023-05-14 14:00:00,583.0,347.0,287.0,70.0,29.4,72.0,5.2
2023-05-14 15:00:00,362.0,81.0,305.0,70.0,28.3,74.0,5.2
2023-05-14 16:00:00,236.0,19.0,226.0,70.0,27.8,79.0,3.6
2023-05-14 17:00:00,159.0,186.0,101.0,40.0,27.8,79.0,3.6
2023-05-14 18:00:00,46.0,116.0,33.0,30.0,27.2,82.0,3.6
2023-05-14 19:00:00,0.0,0.0,0.0,70.0,26.7,85.0,3.1
2023-05-14 20:00:00,0.0,0.0,0.0,70.0,26.7,85.0,2.1
2023-05-14 21:00:00,0.0,0.0,0.0,30.0,26.7,85.0,2.6
2023-05-14 22:00:00,0.0,0.0,0.0,10.0,26.7,85.0,3.1
2023-05-14 23:00:00,0.0,0.0,0.0,30.0,26.7,82.0,2.1
2023-05-15 00:00:00,0.0,0.0,0.0,60.0,26.7,85.0,2.6
2023-05-15 01:00:00,0.0,0.0,0.0,50.0,26.1,88.0,1.0
2023-05-15 02:00:00,0.0,0.0,0.0,20.0,25.6,88.0,1.5
2023-05-15 03:00:00,0.0,0.0,0.0,70.0,25.6,91.0,1.5
2023-05-15 04:00:00,0.0,0.0,0.0,100.0,25.0,97.0,1.0
2023-05-15 05:00:00,6.0,2.0,6.0,50.0,25.0,97.0,0.0
2023-05-15 06:00:00,100.0,119.0,77.0,60.0,25.6,94.0,1.5
2023-05-15 07:00:00,136.0,82.0,103.0,50.0,26.1,88.0,3.1
2023-05-15 08:00:00,525.0,422.0,269.0,70.0,27.2,77.0,4.6
2023-05-15 09:00:00,762.0,595.0,300.0,50.0,28.3,72.0,6.2
2023-05-15 10:00:00,901.0,755.0,220.0,40.0,28.9,72.0,5.7
2023-05-15 11:00:00,970.0,781.0,208.0,50.0,28.9,74.0,5.7
2023-05-15 12:00:00,999.0,816.0,190.0,50.0,29.4,72.0,5.2
2023-05-15 13:00:00,920.0,748.0,209.0,70.0,29.4,70.0,6.2
2023-05-15 14:00:00,827.0,813.0,133.0,50.0,29.4,70.0,3.6
2023-05-15 15:00:00,661.0,795.0,97.0,30.0,29.4,72.0,4.1
2023-05-15 16:00:00,450.0,715.0,74.0,30.0,28.9,74.0,3.6
2023-05-15 17:00:00,226.0,543.0,54.0,20.0,28.3,77.0,3.6
2023-05-15 18:00:00,34.0,101.0,22.0,30.0,27.2,82.0,4.1
2023-05-15 19:00:00,0.0,0.0,0.0,30.0,27.2,82.0,4.6
2023-05-15 20:00:00,0.0,0.0,0.0,30.0,26.7,85.0,5.2
2023-05-15 21:00:00,0.0,0.0,0.0,40.0,26.7,85.0,5.2
2023-05-15 22:00:00,0.0,0.0,0.0,30.0,26.7,88.0,4.1
2023-05-15 23:00:00,0.0,0.0,0.0,30.0,26.7,82.0,5.2
2023-05-16 00:00:00,0.0,0.0,0.0,30.0,26.7,85.0,5.2
2023-05-16 01:00:00,0.0,0.0,0.0,30.0,26.7,85.0,5.2
2023-05-16 02:00:00,0.0,0.0,0.0,40.0,26.7,85.0,5.2
2023-05-16 03:00:00,0.0,0.0,0.0,30.0,26.7,85.0,5.7
2023-05-16 04:00:00,0.0,0.0,0.0,20.0,26.7,82.0,5.2
2023-05-16 05:00:00,11.0,34.0,7.0,20.0,26.7,82.0,4.1
2023-05-16 06:00:00,104.0,197.0,66.0,30.0,26.7,79.0,6.2
2023-05-16 07:00:00,270.0,321.0,139.0,40.0,27.2,77.0,6.7
2023-05-16 08:00:00,526.0,532.0,202.0,40.0,27.8,77.0,5.2
2023-05-16 09:00:00,792.0,704.0,245.0,50.0,28.3,72.0,5.7
2023-05-16 10:00:00,925.0,768.0,232.0,40.0,28.9,67.0,7.2
2023-05-16 11:00:00,995.0,756.0,258.0,50.0,28.9,70.0,4.6
2023-05-16 12:00:00,987.0,796.0,198.0,40.0,28.9,67.0,4.1
2023-05-16 13:00:00,945.0,818.0,167.0,40.0,30.0,65.0,5.7
2023-05-16 14:00:00,746.0,644.0,196.0,30.0,29.4,70.0,6.2
2023-05-16 15:00:00,658.0,808.0,85.0,30.0,29.4,63.0,6.2
2023-05-16 16:00:00,431.0,650.0,89.0,30.0,28.9,72.0,6.2
2023-05-16 17:00:00,198.0,409.0,68.0,30.0,28.3,70.0,7.2
2023-05-16 18:00:00,40.0,151.0,23.0,30.0,27.2,74.0,5.2
2023-05-16 19:00:00,0.0,0.0,0.0,20.0,26.7,82.0,5.2
2023-05-16 20:00:00,0.0,0.0,0.0,20.0,26.7,82.0,5.2
2023-05-16 21:00:00,0.0,0.0,0.0,20.0,26.7,82.0,6.2
2023-05-16 22:00:00,0.0,0.0,0.0,20.0,26.7,79.0,6.2
2023-05-16 23:00:00,0.0,0.0,0.0,20.0,26.7,79.0,7.7
2023-05-17 00:00:00,0.0,0.0,0.0,20.0,26.7,77.0,7.2
2023-05-17 01:00:00,0.0,0.0,0.0,20.0,26.7,77.0,6.2
2023-05-17 02:00:00,0.0,0.0,0.0,30.0,26.7,77.0,6.2
2023-05-17 03:00:00,0.0,0.0,0.0,20.0,26.7,77.0,6.2
2023-05-17 04:00:00,0.0,0.0,0.0,20.0,26.7,77.0,6.7
2023-05-17 05:00:00,15.0,15.0,13.0,70.0,26.7,79.0,5.7
2023-05-17 06:00:00,67.0,32.0,61.0,80.0,26.7,82.0,6.2
2023-05-17 07:00:00,360.0,453.0,174.0,80.0,26.7,77.0,7.2
2023-05-17 08:00:00,541.0,538.0,213.0,80.0,28.3,72.0,6.2
2023-05-17 09:00:00,677.0,482.0,302.0,90.0,28.3,74.0,7.2
2023-05-17 10:00:00,807.0,516.0,341.0,70.0,28.9,67.0,7.2
2023-05-17 11:00:00,644.0,252.0,398.0,90.0,28.3,72.0,7.7
2023-05-17 12:00:00,688.0,220.0,470.0,90.0,28.9,72.0,7.2
2023-05-17 13:00:00,667.0,289.0,392.0,80.0,28.9,67.0,6.7
2023-05-17 14:00:00,579.0,285.0,335.0,100.0,28.9,70.0,5.2
2023-05-17 15:00:00,498.0,299.0,285.0,90.0,28.9,67.0,6.7
2023-05-17 16:00:00,330.0,206.0,221.0,90.0,28.9,65.0,7.2
2023-05-17 17:00:00,132.0,35.0,121.0,100.0,27.8,74.0,7.7
2023-05-17 18:00:00,26.0,2.0,26.0,100.0,27.2,77.0,7.2
2023-05-17 19:00:00,0.0,0.0,0.0,80.0,26.7,77.0,6.2
2023-05-17 20:00:00,0.0,0.0,0.0,80.0,26.7,77.0,6.7
2023-05-17 21:00:00,0.0,0.0,0.0,80.0,26.7,79.0,7.2
2023-05-17 22:00:00,0.0,0.0,0.0,40.0,26.7,82.0,7.7
2023-05-17 23:00:00,0.0,0.0,0.0,50.0,26.7,85.0,6.2
2023-05-18 00:00:00,0.0,0.0,0.0,80.0,26.7,82.0,6.7
2023-05-18 01:00:00,0.0,0.0,0.0,50.0,26.7,79.0,6.2
2023-05-18 02:00:00,0.0,0.0,0.0,40.0,26.1,82.0,6.7
2023-05-18 03:00:00,0.0,0.0,0.0,40.0,25.6,85.0,5.2
2023-05-18 04:00:00,0.0,0.0,0.0,40.0,25.6,85.0,5.2
2023-05-18 05:00:00,9.0,9.0,8.0,50.0,25.6,85.0,4.1
2023-05-18 06:00:00,139.0,230.0,94.0,40.0,26.1,85.0,3.6
2023-05-18 07:00:00,277.0,350.0,133.0,50.0,27.2,79.0,4.6
2023-05-18 08:00:00,442.0,345.0,231.0,80.0,28.3,74.0,5.2
2023-05-18 09:00:00,658.0,531.0,245.0,70.0,27.8,77.0,6.2
2023-05-18 10:00:00,827.0,586.0,298.0,70.0,28.3,72.0,6.2
2023-05-18 11:00:00,925.0,662.0,279.0,80.0,28.9,67.0,5.2
2023-05-18 12:00:00,938.0,659.0,284.0,80.0,28.9,70.0,7.7
2023-05-18 13:00:00,846.0,568.0,306.0,70.0,30.0,68.0,7.2
2023-05-18 14:00:00,574.0,382.0,247.0,70.0,29.4,70.0,6.7
2023-05-18 15:00:00,441.0,425.0,139.0,70.0,29.4,70.0,7.2
2023-05-18 16:00:00,395.0,484.0,139.0,70.0,29.4,70.0,6.2
2023-05-18 17:00:00,112.0,100.0,80.0,60.0,28.9,72.0,6.7
2023-05-18 18:00:00,25.0,46.0,20.0,50.0,27.8,77.0,6.2
2023-05-18 19:00:00,0.0,0.0,0.0,40.0,27.2,79.0,5.2
2023-05-18 20:00:00,0.0,0.0,0.0,40.0,26.7,85.0,5.2
2023-05-18 21:00:00,0.0,0.0,0.0,30.0,26.7,82.0,6.7
2023-05-18 22:00:00,0.0,0.0,0.0,40.0,26.7,85.0,5.2
2023-05-18 23:00:00,0.0,0.0,0.0,30.0,26.1,88.0,4.1
2023-05-19 00:00:00,0.0,0.0,0.0,30.0,26.1,88.0,4.1
2023-05-19 01:00:00,0.0,0.0,0.0,40.0,26.1,88.0,4.6
2023-05-19 02:00:00,0.0,0.0,0.0,40.0,25.6,91.0,4.1
2023-05-19 03:00:00,0.0,0.0,0.0,30.0,25.6,91.0,4.1
2023-05-19 04:00:00,0.0,0.0,0.0,20.0,25.0,94.0,3.1
2023-05-19 05:00:00,10.0,14.0,8.0,30.0,25.0,94.0,3.1
2023-05-19 06:00:00,110.0,261.0,59.0,40.0,26.7,85.0,4.1
2023-05-19 07:00:00,290.0,389.0,130.0,50.0,27.2,82.0,4.1
2023-05-19 08:00:00,459.0,438.0,191.0,70.0,28.3,74.0,5.2
2023-05-19 09:00:00,728.0,558.0,293.0,50.0,28.9,72.0,4.6
2023-05-19 10:00:00,618.0,362.0,291.0,60.0,28.9,72.0,5.7
2023-05-19 11:00:00,701.0,419.0,292.0,70.0,28.9,74.0,5.2
2023-05-19 12:00:00,876.0,541.0,339.0,60.0,29.4,72.0,6.2
2023-05-19 13:00:00,875.0,655.0,251.0,70.0,30.0,70.0,7.2
2023-05-19 14:00:00,808.0,779.0,141.0,40.0,30.0,70.0,5.7
2023-05-19 15:00:00,668.0,716.0,158.0,40.0,29.4,70.0,6.2
2023-05-19 16:00:00,453.0,677.0,94.0,30.0,28.9,72.0,5.2
2023-05-19 17:00:00,229.0,533.0,58.0,30.0,28.3,74.0,3.1
2023-05-19 18:00:00,20.0,9.0,19.0,50.0,27.8,77.0,3.6
2023-05-19 19:00:00,0.0,0.0,0.0,40.0,27.2,82.0,3.6
2023-05-19 20:00:00,0.0,0.0,0.0,30.0,27.2,82.0,4.6
2023-05-19 21:00:00,0.0,0.0,0.0,30.0,26.7,85.0,4.1
2023-05-19 22:00:00,0.0,0.0,0.0,30.0,26.7,85.0,3.6
2023-05-19 23:00:00,0.0,0.0,0.0,20.0,26.7,85.0,2.6
2023-05-20 00:00:00,0.0,0.0,0.0,10.0,26.7,88.0,4.1
2023-05-20 01:00:00,0.0,0.0,0.0,10.0,26.7,88.0,3.1
2023-05-20 02:00:00,0.0,0.0,0.0,10.0,26.1,91.0,3.1
2023-05-20 03:00:00,0.0,0.0,0.0,50.0,26.1,91.0,2.6
2023-05-20 04:00:00,0.0,0.0,0.0,50.0,26.1,91.0,3.1
2023-05-20 05:00:00,11.0,0.0,11.0,70.0,26.1,91.0,3.1
2023-05-20 06:00:00,66.0,30.0,60.0,70.0,27.2,85.0,4.6
2023-05-20 07:00:00,207.0,110.0,162.0,70.0,27.8,79.0,4.6
2023-05-20 08:00:00,246.0,112.0,177.0,80.0,28.3,82.0,5.2
2023-05-20 09:00:00,558.0,341.0,292.0,70.0,28.3,80.0,4.1
2023-05-20 10:00:00,870.0,620.0,310.0,70.0,29.4,75.0,7.2
2023-05-20 11:00:00,797.0,529.0,280.0,90.0,30.0,72.0,6.2
2023-05-20 12:00:00,982.0,627.0,359.0,90.0,30.6,68.0,5.7
2023-05-20 13:00:00,843.0,481.0,385.0,100.0,30.6,65.0,4.6
2023-05-20 14:00:00,192.0,0.0,192.0,90.0,30.0,70.0,4.6
2023-05-20 15:00:00,249.0,76.0,195.0,90.0,27.2,85.0,5.2
2023-05-20 16:00:00,68.0,0.0,68.0,90.0,26.7,85.0,3.1
2023-05-20 17:00:00,193.0,162.0,141.0,80.0,26.7,82.0,2.6
2023-05-20 18:00:00,31.0,0.0,31.0,90.0,26.7,88.0,2.1
2023-05-20 19:00:00,0.0,0.0,0.0,70.0,26.7,88.0,2.1
2023-05-20 20:00:00,0.0,0.0,0.0,40.0,26.7,88.0,2.1
2023-05-20 21:00:00,0.0,0.0,0.0,40.0,26.7,88.0,2.1
2023-05-20 22:00:00,0.0,0.0,0.0,40.0,26.7,88.0,1.5
2023-05-20 23:00:00,0.0,0.0,0.0,50.0,26.7,91.0,1.5
2023-05-21 00:00:00,0.0,0.0,0.0,70.0,26.7,91.0,2.6
2023-05-21 01:00:00,0.0,0.0,0.0,50.0,26.1,91.0,2.1
2023-05-21 02:00:00,0.0,0.0,0.0,70.0,26.1,91.0,2.1
2023-05-21 03:00:00,0.0,0.0,0.0,90.0,25.0,97.0,1.5
2023-05-21 04:00:00,0.0,0.0,0.0,100.0,25.0,100.0,1.5
2023-05-21 05:00:00,4.0,0.0,4.0,100.0,25.6,97.0,0.0
2023-05-21 06:00:00,53.0,0.0,53.0,100.0,25.6,88.0,0.0
2023-05-21 07:00:00,164.0,6.0,162.0,100.0,26.7,85.0,0.0
2023-05-21 08:00:00,364.0,188.0,249.0,100.0,28.3,80.0,0.0
2023-05-21 09:00:00,486.0,164.0,358.0,100.0,29.4,70.0,4.6
2023-05-21 10:00:00,609.0,234.0,397.0,100.0,30.0,65.0,4.1
2023-05-21 11:00:00,763.0,397.0,375.0,100.0,30.0,65.0,6.2
2023-05-21 12:00:00,170.0,3.0,167.0,100.0,27.8,82.0,5.2
2023-05-21 13:00:00,624.0,205.0,429.0,100.0,29.4,72.0,6.7
2023-05-21 14:00:00,136.0,3.0,133.0,100.0,26.1,69.0,11.3
2023-05-21 15:00:00,49.0,2.0,48.0,90.0,25.0,82.0,6.2
2023-05-21 16:00:00,272.0,281.0,122.0,90.0,25.6,79.0,5.2
2023-05-21 17:00:00,59.0,34.0,48.0,100.0,26.7,72.0,2.1
2023-05-21 18:00:00,0.0,0.0,0.0,100.0,25.6,79.0,3.1
2023-05-21 19:00:00,0.0,0.0,0.0,100.0,25.0,91.0,1.0
2023-05-21 20:00:00,0.0,0.0,0.0,100.0,24.4,94.0,0.0
2023-05-21 21:00:00,0.0,0.0,0.0,100.0,25.6,94.0,5.2
2023-05-21 22:00:00,0.0,0.0,0.0,100.0,25.6,97.0,4.1
2023-05-21 23:00:00,0.0,0.0,0.0,100.0,25.6,97.0,2.6
2023-05-22 00:00:00,0.0,0.0,0.0,60.0,25.6,91.0,2.6
2023-05-22 01:00:00,0.0,0.0,0.0,80.0,25.6,94.0,2.6
2023-05-22 02:00:00,0.0,0.0,0.0,100.0,25.6,94.0,3.6
2023-05-22 03:00:00,0.0,0.0,0.0,60.0,26.1,91.0,2.1
2023-05-22 04:00:00,0.0,0.0,0.0,50.0,25.6,94.0,2.1
2023-05-22 05:00:00,7.0,0.0,7.0,100.0,25.6,97.0,2.1
2023-05-22 06:00:00,139.0,68.0,125.0,100.0,26.1,94.0,5.2
2023-05-22 07:00:00,162.0,115.0,114.0,90.0,26.1,94.0,1.5
2023-05-22 08:00:00,562.0,618.0,183.0,90.0,27.2,88.0,4.6
2023-05-22 09:00:00,632.0,492.0,248.0,90.0,28.9,77.0,4.1
2023-05-22 10:00:00,739.0,467.0,317.0,70.0,28.9,77.0,4.6
2023-05-22 11:00:00,152.0,0.0,152.0,70.0,27.8,82.0,2.6
2023-05-22 12:00:00,864.0,582.0,285.0,50.0,29.4,75.0,6.2
2023-05-22 13:00:00,936.0,762.0,209.0,50.0,30.0,70.0,6.2
2023-05-22 14:00:00,497.0,346.0,200.0,70.0,29.4,75.0,5.2
2023-05-22 15:00:00,68.0,0.0,68.0,90.0,27.8,82.0,5.2
2023-05-22 16:00:00,134.0,51.0,107.0,90.0,23.3,94.0,6.2
2023-05-22 17:00:00,93.0,34.0,82.0,100.0,23.3,97.0,1.5
2023-05-22 18:00:00,13.0,0.0,13.0,100.0,23.3,97.0,2.1
2023-05-22 19:00:00,0.0,0.0,0.0,80.0,23.3,97.0,2.6
2023-05-22 20:00:00,0.0,0.0,0.0,80.0,23.9,94.0,2.6
2023-05-22 21:00:00,0.0,0.0,0.0,40.0,23.3,97.0,0.0
2023-05-22 22:00:00,0.0,0.0,0.0,40.0,23.9,97.0,1.5
2023-05-22 23:00:00,0.0,0.0,0.0,20.0,23.9,97.0,2.1
2023-05-23 00:00:00,0.0,0.0,0.0,20.0,23.9,97.0,2.1
2023-05-23 01:00:00,0.0,0.0,0.0,20.0,24.4,97.0,1.0
2023-05-23 02:00:00,0.0,0.0,0.0,10.0,24.4,97.0,1.0
2023-05-23 03:00:00,0.0,0.0,0.0,10.0,24.4,97.0,2.1
2023-05-23 04:00:00,0.0,0.0,0.0,20.0,24.4,97.0,1.0
2023-05-23 05:00:00,9.0,9.0,8.0,70.0,23.3,97.0,1.0
2023-05-23 06:00:00,153.0,344.0,84.0,70.0,26.1,91.0,2.1
2023-05-23 07:00:00,398.0,483.0,197.0,70.0,27.8,85.0,4.1
2023-05-23 08:00:00,211.0,117.0,139.0,70.0,27.2,91.0,2.1
2023-05-23 09:00:00,420.0,267.0,212.0,70.0,28.3,80.0,4.1
2023-05-23 10:00:00,688.0,375.0,349.0,70.0,28.9,80.0,4.6
2023-05-23 11:00:00,951.0,632.0,333.0,70.0,30.0,70.0,4.6
2023-05-23 12:00:00,768.0,439.0,331.0,90.0,30.0,70.0,6.2
2023-05-23 13:00:00,101.0,0.0,101.0,100.0,27.8,82.0,5.7
2023-05-23 14:00:00,445.0,282.0,203.0,100.0,26.7,91.0,2.1
2023-05-23 15:00:00,167.0,39.0,139.0,100.0,24.4,85.0,4.1
2023-05-23 16:00:00,107.0,16.0,98.0,100.0,23.9,85.0,2.6
2023-05-23 17:00:00,247.0,405.0,114.0,80.0,26.1,82.0,3.6
2023-05-23 18:00:00,28.0,23.0,25.0,90.0,25.6,88.0,3.1
2023-05-23 19:00:00,0.0,0.0,0.0,100.0,25.6,91.0,2.6
2023-05-23 20:00:00,0.0,0.0,0.0,100.0,25.6,94.0,3.1
2023-05-23 21:00:00,0.0,0.0,0.0,100.0,25.6,97.0,2.6
2023-05-23 22:00:00,0.0,0.0,0.0,100.0,25.6,97.0,1.0
2023-05-23 23:00:00,0.0,0.0,0.0,100.0,25.6,97.0,3.1
2023-05-24 00:00:00,0.0,0.0,0.0,80.0,24.4,82.0,1.0
2023-05-24 01:00:00,0.0,0.0,0.0,40.0,23.9,85.0,3.1
2023-05-24 02:00:00,0.0,0.0,0.0,40.0,22.8,90.0,2.1
2023-05-24 03:00:00,0.0,0.0,0.0,50.0,22.8,90.0,2.1
2023-05-24 04:00:00,0.0,0.0,0.0,30.0,22.8,90.0,2.1
2023-05-24 05:00:00,13.0,55.0,7.0,30.0,22.8,90.0,2.1
2023-05-24 06:00:00,142.0,460.0,49.0,30.0,23.9,85.0,1.0
2023-05-24 07:00:00,344.0,632.0,81.0,30.0,26.7,88.0,4.1
2023-05-24 08:00:00,562.0,725.0,116.0,40.0,27.8,85.0,4.1
2023-05-24 09:00:00,735.0,683.0,201.0,40.0,28.9,77.0,4.6
2023-05-24 10:00:00,867.0,684.0,248.0,60.0,30.0,68.0,5.2
2023-05-24 11:00:00,899.0,672.0,242.0,60.0,30.6,61.0,4.1
2023-05-24 12:00:00,983.0,722.0,264.0,70.0,31.7,54.0,5.2
2023-05-24 13:00:00,871.0,587.0,310.0,70.0,32.2,54.0,6.2
2023-05-24 14:00:00,771.0,599.0,256.0,70.0,33.3,50.0,7.7
2023-05-24 15:00:00,302.0,171.0,179.0,80.0,28.3,46.0,12.4
2023-05-24 16:00:00,209.0,44.0,185.0,70.0,25.0,76.0,4.1
2023-05-24 17:00:00,91.0,17.0,85.0,60.0,26.1,74.0,4.1
2023-05-24 18:00:00,51.0,44.0,46.0,60.0,25.0,74.0,6.2
2023-05-24 19:00:00,0.0,0.0,0.0,90.0,24.4,90.0,4.1
2023-05-24 20:00:00,0.0,0.0,0.0,70.0,23.9,90.0,4.1
2023-05-24 21:00:00,0.0,0.0,0.0,50.0,23.9,90.0,3.1
2023-05-24 22:00:00,0.0,0.0,0.0,30.0,23.9,87.0,1.5
2023-05-24 23:00:00,0.0,0.0,0.0,20.0,23.9,87.0,2.1
2023-05-25 00:00:00,0.0,0.0,0.0,0.0,23.9,90.0,2.6
2023-05-25 01:00:00,0.0,0.0,0.0,0.0,23.9,90.0,2.6
2023-05-25 02:00:00,0.0,0.0,0.0,0.0,23.9,90.0,3.6
2023-05-25 03:00:00,0.0,0.0,0.0,0.0,23.3,94.0,3.1
2023-05-25 04:00:00,0.0,0.0,0.0,0.0,22.8,97.0,2.1
2023-05-25 05:00:00,13.0,14.0,11.0,40.0,22.2,100.0,2.6
2023-05-25 06:00:00,129.0,275.0,73.0,30.0,25.0,94.0,3.6
2023-05-25 07:00:00,340.0,518.0,124.0,40.0,26.7,88.0,5.2
2023-05-25 08:00:00,599.0,594.0,234.0,50.0,28.3,80.0,4.6
2023-05-25 09:00:00,518.0,194.0,366.0,100.0,28.3,80.0,5.2
2023-05-25 10:00:00,175.0,9.0,167.0,100.0,27.8,79.0,5.2
2023-05-25 11:00:00,234.0,4.0,230.0,100.0,21.1,84.0,7.7
2023-05-25 12:00:00,92.0,0.0,92.0,100.0,21.1,87.0,3.6
2023-05-25 13:00:00,300.0,6.0,294.0,100.0,23.9,74.0,5.2
2023-05-25 14:00:00,94.0,0.0,94.0,100.0,23.9,82.0,3.6
2023-05-25 15:00:00,87.0,0.0,87.0,90.0,23.3,82.0,1.5
2023-05-25 16:00:00,389.0,542.0,98.0,40.0,25.6,69.0,2.6
2023-05-25 17:00:00,177.0,324.0,70.0,40.0,25.6,74.0,3.6
2023-05-25 18:00:00,47.0,51.0,41.0,40.0,25.6,79.0,2.1
2023-05-25 19:00:00,0.0,0.0,0.0,40.0,25.6,79.0,3.6
2023-05-25 20:00:00,0.0,0.0,0.0,40.0,25.6,82.0,5.2
2023-05-25 21:00:00,0.0,0.0,0.0,80.0,22.8,74.0,7.7
2023-05-25 22:00:00,0.0,0.0,0.0,20.0,21.7,79.0,2.6
2023-05-25 23:00:00,0.0,0.0,0.0,20.0,20.0,90.0,3.6
2023-05-26 00:00:00,0.0,0.0,0.0,0.0,19.4,90.0,3.6
2023-05-26 01:00:00,0.0,0.0,0.0,0.0,19.4,93.0,3.1
2023-05-26 02:00:00,0.0,0.0,0.0,20.0,20.0,90.0,3.6
2023-05-26 03:00:00,0.0,0.0,0.0,50.0,19.4,97.0,3.1
2023-05-26 04:00:00,0.0,0.0,0.0,60.0,20.6,90.0,2.1
2023-05-26 05:00:00,4.0,0.0,4.0,100.0,20.6,90.0,3.1
2023-05-26 06:00:00,31.0,3.0,30.0,100.0,20.6,93.0,7.2
2023-05-26 07:00:00,81.0,7.0,78.0,100.0,20.6,93.0,1.5
2023-05-26 08:00:00,99.0,3.0,97.0,100.0,21.1,87.0,3.1
2023-05-26 09:00:00,435.0,76.0,376.0,100.0,22.8,84.0,3.6
2023-05-26 10:00:00,828.0,476.0,397.0,100.0,25.0,71.0,5.2
2023-05-26 11:00:00,594.0,143.0,454.0,100.0,25.6,67.0,5.2
2023-05-26 12:00:00,817.0,308.0,510.0,100.0,27.8,67.0,6.7
2023-05-26 13:00:00,243.0,0.0,243.0,100.0,26.1,74.0,6.7
2023-05-26 14:00:00,194.0,0.0,194.0,80.0,24.4,85.0,7.2
2023-05-26 15:00:00,644.0,562.0,240.0,70.0,25.0,79.0,7.7
2023-05-26 16:00:00,297.0,255.0,160.0,60.0,24.4,79.0,7.7
2023-05-26 17:00:00,138.0,121.0,98.0,60.0,24.4,82.0,6.7
2023-05-26 18:00:00,20.0,0.0,20.0,80.0,23.3,87.0,6.7
2023-05-26 19:00:00,0.0,0.0,0.0,50.0,22.8,90.0,4.1
2023-05-26 20:00:00,0.0,0.0,0.0,20.0,22.8,97.0,5.2
2023-05-26 21:00:00,0.0,0.0,0.0,80.0,22.8,97.0,4.6
2023-05-26 22:00:00,0.0,0.0,0.0,60.0,22.8,93.0,2.1
2023-05-26 23:00:00,0.0,0.0,0.0,20.0,22.8,93.0,0.0
2023-05-27 00:00:00,0.0,0.0,0.0,0.0,21.7,97.0,2.1
2023-05-27 01:00:00,0.0,0.0,0.0,0.0,21.1,100.0,2.6
2023-05-27 02:00:00,0.0,0.0,0.0,0.0,21.1,100.0,2.6
2023-05-27 03:00:00,0.0,0.0,0.0,0.0,21.1,97.0,2.1
2023-05-27 04:00:00,0.0,0.0,0.0,0.0,20.6,100.0,2.1
2023-05-27 05:00:00,10.0,7.0,9.0,20.0,20.6,100.0,2.6
2023-05-27 06:00:00,135.0,273.0,79.0,0.0,21.7,97.0,3.1
2023-05-27 07:00:00,343.0,480.0,142.0,10.0,24.4,87.0,4.6
2023-05-27 08:00:00,561.0,616.0,182.0,30.0,26.7,77.0,5.2
2023-05-27 09:00:00,682.0,528.0,269.0,70.0,27.8,67.0,5.2
2023-05-27 10:00:00,628.0,306.0,351.0,70.0,28.3,65.0,5.2
2023-05-27 11:00:00,718.0,279.0,445.0,70.0,28.9,63.0,6.2
2023-05-27 12:00:00,672.0,236.0,437.0,70.0,28.9,65.0,7.2
2023-05-27 13:00:00,736.0,358.0,394.0,40.0,28.9,63.0,6.2
2023-05-27 14:00:00,748.0,533.0,289.0,70.0,28.9,63.0,6.2
2023-05-27 15:00:00,595.0,466.0,260.0,40.0,28.9,61.0,7.2
2023-05-27 16:00:00,335.0,293.0,177.0,30.0,28.9,63.0,6.2
2023-05-27 17:00:00,216.0,377.0,90.0,20.0,27.8,67.0,6.7
2023-05-27 18:00:00,53.0,122.0,39.0,20.0,27.2,69.0,7.2
2023-05-27 19:00:00,0.0,0.0,0.0,10.0,26.7,72.0,5.2
2023-05-27 20:00:00,0.0,0.0,0.0,10.0,26.7,74.0,5.7
2023-05-27 21:00:00,0.0,0.0,0.0,10.0,26.1,79.0,6.2
2023-05-27 22:00:00,0.0,0.0,0.0,10.0,28.3,70.0,7.2
2023-05-27 23:00:00,0.0,0.0,0.0,30.0,25.0,79.0,5.2
2023-05-28 00:00:00,0.0,0.0,0.0,70.0,25.6,79.0,6.7
2023-05-28 01:00:00,0.0,0.0,0.0,70.0,25.6,77.0,7.7
2023-05-28 02:00:00,0.0,0.0,0.0,80.0,25.0,82.0,7.2
2023-05-28 03:00:00,0.0,0.0,0.0,80.0,23.9,90.0,7.2
2023-05-28 04:00:00,0.0,0.0,0.0,60.0,24.4,82.0,7.2
2023-05-28 05:00:00,10.0,1.0,10.0,60.0,24.4,82.0,6.7
2023-05-28 06:00:00,121.0,137.0,93.0,50.0,25.0,76.0,6.2
2023-05-28 07:00:00,296.0,210.0,208.0,100.0,25.6,77.0,7.7
2023-05-28 08:00:00,458.0,259.0,299.0,100.0,26.1,74.0,5.2
2023-05-28 09:00:00,624.0,426.0,291.0,80.0,27.2,69.0,7.2
2023-05-28 10:00:00,758.0,386.0,409.0,90.0,27.2,69.0,5.2
2023-05-28 11:00:00,761.0,375.0,394.0,80.0,27.2,69.0,6.7
2023-05-28 12:00:00,930.0,550.0,382.0,80.0,28.3,67.0,7.7
2023-05-28 13:00:00,732.0,367.0,381.0,70.0,28.3,65.0,8.8
2023-05-28 14:00:00,641.0,365.0,326.0,60.0,28.3,65.0,5.2
2023-05-28 15:00:00,646.0,536.0,260.0,60.0,28.3,63.0,7.2
2023-05-28 16:00:00,421.0,474.0,165.0,40.0,27.8,67.0,7.7
2023-05-28 17:00:00,225.0,404.0,90.0,30.0,26.7,69.0,7.7
2023-05-28 18:00:00,50.0,107.0,37.0,20.0,25.6,74.0,6.7
2023-05-28 19:00:00,0.0,0.0,0.0,30.0,25.6,77.0,6.2
2023-05-28 20:00:00,0.0,0.0,0.0,40.0,25.6,77.0,5.7
2023-05-28 21:00:00,0.0,0.0,0.0,60.0,25.6,77.0,6.2
2023-05-28 22:00:00,0.0,0.0,0.0,40.0,25.6,74.0,5.2
2023-05-28 23:00:00,0.0,0.0,0.0,20.0,25.6,74.0,6.2
2023-05-29 00:00:00,0.0,0.0,0.0,20.0,24.4,76.0,6.7
2023-05-29 01:00:00,0.0,0.0,0.0,30.0,24.4,71.0,5.2
2023-05-29 02:00:00,0.0,0.0,0.0,30.0,24.4,66.0,4.6
2023-05-29 03:00:00,0.0,0.0,0.0,30.0,23.9,69.0,4.1
2023-05-29 04:00:00,0.0,0.0,0.0,50.0,23.9,66.0,4.6
2023-05-29 05:00:00,17.0,42.0,12.0,70.0,23.9,64.0,4.6
2023-05-29 06:00:00,122.0,246.0,72.0,70.0,24.4,66.0,5.2
2023-05-29 07:00:00,378.0,520.0,160.0,70.0,26.1,69.0,6.7
2023-05-29 08:00:00,442.0,268.0,277.0,80.0,26.7,67.0,7.7
2023-05-29 09:00:00,579.0,301.0,344.0,80.0,27.2,65.0,8.8
2023-05-29 10:00:00,646.0,266.0,405.0,90.0,27.8,63.0,7.2
2023-05-29 11:00:00,608.0,198.0,414.0,80.0,28.3,63.0,8.8
2023-05-29 12:00:00,807.0,421.0,388.0,80.0,27.8,63.0,8.8
2023-05-29 13:00:00,697.0,379.0,334.0,70.0,28.3,63.0,7.7
2023-05-29 14:00:00,746.0,459.0,350.0,70.0,27.8,65.0,8.8
2023-05-29 15:00:00,567.0,375.0,296.0,70.0,27.8,65.0,7.7
2023-05-29 16:00:00,361.0,270.0,215.0,60.0,27.2,67.0,7.2
2023-05-29 17:00:00,165.0,132.0,121.0,60.0,26.7,69.0,7.2
2023-05-29 18:00:00,64.0,111.0,51.0,50.0,26.7,72.0,7.2
2023-05-29 19:00:00,0.0,0.0,0.0,30.0,25.6,77.0,6.2
2023-05-29 20:00:00,0.0,0.0,0.0,70.0,26.1,74.0,6.2
2023-05-29 21:00:00,0.0,0.0,0.0,20.0,25.6,79.0,5.2
2023-05-29 22:00:00,0.0,0.0,0.0,70.0,26.1,77.0,5.7
2023-05-29 23:00:00,0.0,0.0,0.0,80.0,26.1,77.0,6.7
2023-05-30 00:00:00,0.0,0.0,0.0,40.0,25.6,77.0,7.7
2023-05-30 01:00:00,0.0,0.0,0.0,30.0,25.6,77.0,7.2
2023-05-30 02:00:00,0.0,0.0,0.0,30.0,25.0,79.0,6.7
2023-05-30 03:00:00,0.0,0.0,0.0,30.0,25.0,79.0,5.7
2023-05-30 04:00:00,0.0,0.0,0.0,40.0,25.0,74.0,5.2
2023-05-30 05:00:00,14.0,8.0,13.0,50.0,25.6,74.0,6.2
2023-05-30 06:00:00,124.0,241.0,74.0,40.0,26.1,72.0,7.2
2023-05-30 07:00:00,356.0,487.0,152.0,60.0,27.2,67.0,8.2
2023-05-30 08:00:00,482.0,375.0,251.0,70.0,27.2,65.0,7.2
2023-05-30 09:00:00,761.0,548.0,333.0,90.0,28.3,63.0,7.2
2023-05-30 10:00:00,811.0,471.0,384.0,90.0,28.3,63.0,6.7
2023-05-30 11:00:00,719.0,332.0,394.0,90.0,28.9,61.0,8.8
2023-05-30 12:00:00,514.0,145.0,370.0,90.0,28.3,63.0,8.2
2023-05-30 13:00:00,722.0,374.0,364.0,90.0,28.9,61.0,9.8
2023-05-30 14:00:00,645.0,371.0,325.0,70.0,27.8,61.0,9.8
2023-05-30 15:00:00,432.0,177.0,304.0,80.0,28.3,61.0,8.2
2023-05-30 16:00:00,306.0,154.0,222.0,80.0,27.2,60.0,9.3
2023-05-30 17:00:00,125.0,68.0,102.0,80.0,27.2,58.0,5.2
2023-05-30 18:00:00,42.0,40.0,37.0,80.0,26.7,62.0,6.2
2023-05-30 19:00:00,0.0,0.0,0.0,80.0,26.1,69.0,5.2
2023-05-30 20:00:00,0.0,0.0,0.0,40.0,25.6,74.0,5.2
2023-05-30 21:00:00,0.0,0.0,0.0,70.0,25.6,77.0,4.1
2023-05-30 22:00:00,0.0,0.0,0.0,30.0,25.6,77.0,6.7
2023-05-30 23:00:00,0.0,0.0,0.0,30.0,25.6,77.0,4.1
2023-05-31 00:00:00,0.0,0.0,0.0,60.0,25.6,82.0,3.6
2023-05-31 01:00:00,0.0,0.0,0.0,40.0,25.6,77.0,6.7
2023-05-31 02:00:00,0.0,0.0,0.0,30.0,25.6,77.0,6.7
2023-05-31 03:00:00,0.0,0.0,0.0,50.0,25.6,77.0,6.2
2023-05-31 04:00:00,0.0,0.0,0.0,50.0,25.6,77.0,6.2
2023-05-31 05:00:00,10.0,3.0,10.0,80.0,25.6,77.0,5.7
2023-05-31 06:00:00,123.0,159.0,90.0,80.0,25.6,77.0,6.2
2023-05-31 07:00:00,275.0,178.0,200.0,100.0,26.1,77.0,8.8
2023-05-31 08:00:00,533.0,414.0,278.0,90.0,27.2,69.0,7.7
2023-05-31 09:00:00,656.0,445.0,308.0,80.0,27.8,67.0,9.3
2023-05-31 10:00:00,514.0,100.0,423.0,100.0,27.8,67.0,7.7
2023-05-31 11:00:00,738.0,309.0,435.0,80.0,28.3,65.0,8.2
2023-05-31 12:00:00,841.0,435.0,407.0,80.0,28.9,63.0,10.3
2023-05-31 13:00:00,770.0,395.0,392.0,70.0,28.3,65.0,8.2
2023-05-31 14:00:00,603.0,304.0,340.0,90.0,28.9,63.0,9.8
2023-05-31 15:00:00,386.0,130.0,292.0,90.0,28.9,63.0,8.2
2023-05-31 16:00:00,309.0,98.0,256.0,90.0,28.9,63.0,7.2
2023-05-31 17:00:00,134.0,53.0,116.0,80.0,27.8,63.0,7.7
2023-05-31 18:00:00,47.0,37.0,42.0,80.0,27.5,68.0,5.3
2023-05-31 19:00:00,0.0,0.0,0.0,70.0,26.5,74.0,6.9
2023-05-31 20:00:00,0.0,0.0,0.0,40.0,26.3,73.0,6.2
2023-05-31 21:00:00,0.0,0.0,0.0,40.0,26.2,74.0,7.1
2023-05-31 22:00:00,0.0,0.0,0.0,40.0,26.1,75.0,6.5
2023-05-31 23:00:00,0.0,0.0,0.0,70.0,26.0,76.0,6.3
2023-06-01 00:00:00,0.0,0.0,0.0,60.0,25.7,76.0,6.1
2023-06-01 01:00:00,0.0,0.0,0.0,60.0,25.6,77.0,6.1
2023-06-01 02:00:00,0.0,0.0,0.0,60.0,25.5,77.0,6.2
2023-06-01 03:00:00,0.0,0.0,0.0,70.0,25.4,77.0,5.9
2023-06-01 04:00:00,0.0,0.0,0.0,60.0,25.2,78.0,7.3
2023-06-01 05:00:00,6.0,0.0,9.0,70.0,25.1,78.0,5.8
2023-06-01 06:00:00,84.0,38.0,76.0,70.0,25.0,79.0,5.2
2023-06-01 07:00:00,225.0,202.0,141.0,80.0,26.7,72.0,7.2
2023-06-01 08:00:00,333.0,129.0,256.0,90.0,27.8,79.0,8.8
2023-06-01 09:00:00,477.0,272.0,260.0,90.0,27.8,67.0,9.3
2023-06-01 10:00:00,461.0,89.0,383.0,100.0,27.8,67.0,9.8
2023-06-01 11:00:00,525.0,321.0,212.0,100.0,27.8,67.0,9.8
2023-06-01 12:00:00,650.0,230.0,416.0,80.0,27.8,65.0,9.3
2023-06-01 13:00:00,714.0,273.0,458.0,80.0,28.3,61.0,9.3
2023-06-01 14:00:00,647.0,287.0,404.0,70.0,28.3,63.0,9.3
2023-06-01 15:00:00,498.0,382.0,225.0,80.0,28.3,63.0,10.3
2023-06-01 16:00:00,344.0,228.0,219.0,70.0,28.3,63.0,7.7
2023-06-01 17:00:00,134.0,77.0,108.0,70.0,27.8,65.0,7.2
2023-06-01 18:00:00,32.0,15.0,30.0,50.0,27.2,67.0,7.2
2023-06-01 19:00:00,0.0,0.0,0.0,30.0,26.7,67.0,8.2
2023-06-01 20:00:00,0.0,0.0,0.0,30.0,26.7,67.0,7.7
2023-06-01 21:00:00,0.0,0.0,0.0,30.0,26.7,67.0,5.7
2023-06-01 22:00:00,0.0,0.0,0.0,70.0,26.1,69.0,8.8
2023-06-01 23:00:00,0.0,0.0,0.0,50.0,26.1,69.0,7.2
2023-06-02 00:00:00,0.0,0.0,0.0,50.0,25.6,71.0,7.7
2023-06-02 01:00:00,0.0,0.0,0.0,20.0,25.6,69.0,6.7
2023-06-02 02:00:00,0.0,0.0,0.0,10.0,25.0,69.0,8.8
2023-06-02 03:00:00,0.0,0.0,0.0,10.0,25.0,67.0,5.7
2023-06-02 04:00:00,0.0,0.0,0.0,10.0,25.0,64.0,4.6
2023-06-02 05:00:00,11.0,8.0,10.0,30.0,25.0,64.0,5.2
2023-06-02 06:00:00,93.0,59.0,81.0,30.0,25.0,64.0,6.7
2023-06-02 07:00:00,312.0,429.0,131.0,30.0,25.6,62.0,8.2
2023-06-02 08:00:00,518.0,466.0,233.0,30.0,26.7,58.0,8.8
2023-06-02 09:00:00,702.0,633.0,212.0,30.0,26.7,58.0,7.2
2023-06-02 10:00:00,898.0,783.0,188.0,20.0,27.8,51.0,8.2
2023-06-02 11:00:00,998.0,812.0,184.0,20.0,28.3,48.0,7.7
2023-06-02 12:00:00,1010.0,818.0,196.0,10.0,28.3,49.0,8.8
2023-06-02 13:00:00,963.0,809.0,188.0,10.0,28.3,46.0,7.2
2023-06-02 14:00:00,801.0,731.0,174.0,50.0,28.9,44.0,6.7
2023-06-02 15:00:00,574.0,284.0,370.0,60.0,27.8,49.0,6.2
2023-06-02 16:00:00,361.0,200.0,251.0,60.0,27.8,47.0,6.2
2023-06-02 17:00:00,213.0,273.0,119.0,40.0,27.2,49.0,6.7
2023-06-02 18:00:00,49.0,98.0,37.0,20.0,26.7,52.0,6.7
2023-06-02 19:00:00,0.0,2.0,0.0,20.0,26.1,54.0,5.2
2023-06-02 20:00:00,0.0,0.0,0.0,60.0,25.6,58.0,4.6
2023-06-02 21:00:00,0.0,0.0,0.0,40.0,25.6,60.0,4.6
2023-06-02 22:00:00,0.0,0.0,0.0,20.0,25.6,60.0,5.2
2023-06-02 23:00:00,0.0,0.0,0.0,10.0,25.6,62.0,4.1
2023-06-03 00:00:00,0.0,0.0,0.0,10.0,25.0,64.0,4.6
2023-06-03 01:00:00,0.0,0.0,0.0,10.0,24.4,64.0,4.1
2023-06-03 02:00:00,0.0,0.0,0.0,20.0,25.0,64.0,3.6
2023-06-03 03:00:00,0.0,0.0,0.0,20.0,24.4,64.0,3.6
2023-06-03 04:00:00,0.0,0.0,0.0,10.0,24.4,64.0,2.6
2023-06-03 05:00:00,13.0,14.0,12.0,20.0,24.4,64.0,2.6
2023-06-03 06:00:00,122.0,309.0,58.0,10.0,25.0,62.0,5.7
2023-06-03 07:00:00,349.0,545.0,102.0,20.0,26.1,54.0,6.7
2023-06-03 08:00:00,570.0,604.0,185.0,80.0,26.7,54.0,6.7
2023-06-03 09:00:00,742.0,652.0,221.0,70.0,26.7,54.0,6.7
2023-06-03 10:00:00,858.0,698.0,215.0,70.0,27.8,51.0,5.7
2023-06-03 11:00:00,866.0,618.0,262.0,80.0,28.9,44.0,7.2
2023-06-03 12:00:00,785.0,268.0,513.0,80.0,28.9,48.0,8.2
2023-06-03 13:00:00,649.0,308.0,354.0,80.0,28.9,49.0,6.7
2023-06-03 14:00:00,484.0,169.0,338.0,100.0,28.3,53.0,5.2
2023-06-03 15:00:00,488.0,284.0,277.0,60.0,28.3,53.0,4.1
2023-06-03 16:00:00,379.0,239.0,247.0,90.0,27.8,58.0,5.7
2023-06-03 17:00:00,225.0,298.0,122.0,90.0,27.8,61.0,5.2
2023-06-03 18:00:00,32.0,24.0,29.0,90.0,26.7,65.0,4.1
2023-06-03 19:00:00,1.0,0.0,1.0,70.0,26.1,67.0,4.6
2023-06-03 20:00:00,0.0,0.0,0.0,50.0,26.1,67.0,4.1
2023-06-03 21:00:00,0.0,0.0,0.0,50.0,26.1,67.0,3.6
2023-06-03 22:00:00,0.0,0.0,0.0,40.0,26.1,67.0,4.1
2023-06-03 23:00:00,0.0,0.0,0.0,30.0,26.1,67.0,4.1
2023-06-04 00:00:00,0.0,0.0,0.0,0.0,25.6,69.0,3.6
2023-06-04 01:00:00,0.0,0.0,0.0,10.0,25.6,69.0,4.6
2023-06-04 02:00:00,0.0,0.0,0.0,50.0,25.6,69.0,4.6
2023-06-04 03:00:00,0.0,0.0,0.0,20.0,25.6,71.0,4.1
2023-06-04 04:00:00,0.0,0.0,0.0,40.0,25.6,71.0,3.6
2023-06-04 05:00:00,15.0,0.0,15.0,90.0,25.6,71.0,3.6
2023-06-04 06:00:00,72.0,29.0,66.0,90.0,25.6,71.0,5.7
2023-06-04 07:00:00,206.0,68.0,178.0,100.0,26.1,69.0,5.2
2023-06-04 08:00:00,416.0,134.0,299.0,100.0,26.7,69.0,5.2
2023-06-04 09:00:00,461.0,122.0,367.0,100.0,27.2,69.0,6.7
2023-06-04 10:00:00,431.0,73.0,362.0,100.0,27.2,69.0,6.2
2023-06-04 11:00:00,467.0,56.0,415.0,100.0,27.2,69.0,6.2
2023-06-04 12:00:00,552.0,118.0,427.0,100.0,27.8,69.0,5.7
2023-06-04 13:00:00,397.0,0.0,455.0,100.0,28.3,67.0,6.7
2023-06-04 14:00:00,450.0,7.0,444.0,100.0,27.8,69.0,6.7
2023-06-04 15:00:00,296.0,21.0,280.0,100.0,27.8,69.0,6.7
2023-06-04 16:00:00,122.0,3.0,121.0,100.0,27.8,69.0,5.7
2023-06-04 17:00:00,110.0,115.0,71.0,90.0,27.2,72.0,5.2
2023-06-04 18:00:00,18.0,0.0,18.0,90.0,26.7,79.0,3.6
2023-06-04 19:00:00,0.0,0.0,0.0,100.0,26.1,79.0,3.6
2023-06-04 20:00:00,0.0,0.0,0.0,90.0,26.7,79.0,3.1
2023-06-04 21:00:00,0.0,0.0,0.0,100.0,25.6,82.0,2.6
2023-06-04 22:00:00,0.0,0.0,0.0,70.0,25.6,85.0,2.6
2023-06-04 23:00:00,0.0,0.0,0.0,70.0,25.6,85.0,3.6
2023-06-05 00:00:00,0.0,0.0,0.0,80.0,25.6,82.0,3.6
2023-06-05 01:00:00,0.0,0.0,0.0,80.0,25.6,82.0,2.6
2023-06-05 02:00:00,0.0,0.0,0.0,80.0,25.6,79.0,4.1
2023-06-05 03:00:00,0.0,0.0,0.0,100.0,25.6,77.0,4.1
2023-06-05 04:00:00,0.0,0.0,0.0,90.0,25.6,82.0,1.5
2023-06-05 05:00:00,7.0,0.0,8.0,90.0,25.6,79.0,2.6
2023-06-05 06:00:00,82.0,29.0,75.0,90.0,25.6,91.0,2.6
2023-06-05 07:00:00,249.0,278.0,132.0,90.0,26.1,82.0,2.6
2023-06-05 08:00:00,437.0,258.0,278.0,90.0,26.1,82.0,3.6
2023-06-05 09:00:00,582.0,305.0,347.0,90.0,27.8,79.0,5.2
2023-06-05 10:00:00,327.0,52.0,279.0,90.0,27.8,72.0,5.2
2023-06-05 11:00:00,183.0,1.0,184.0,90.0,25.6,85.0,4.1
2023-06-05 12:00:00,187.0,1.0,233.0,90.0,25.6,85.0,4.1
2023-06-05 13:00:00,356.0,5.0,351.0,100.0,25.6,85.0,3.6
2023-06-05 14:00:00,244.0,6.0,238.0,100.0,25.0,82.0,3.1
2023-06-05 15:00:00,249.0,2.0,248.0,100.0,25.0,82.0,3.1
2023-06-05 16:00:00,52.0,0.0,77.0,100.0,25.0,82.0,2.6
2023-06-05 17:00:00,106.0,4.0,105.0,100.0,25.0,88.0,2.1
2023-06-05 18:00:00,35.0,0.0,35.0,100.0,25.0,88.0,3.1
2023-06-05 19:00:00,1.0,0.0,0.0,100.0,24.4,85.0,4.6
2023-06-05 20:00:00,0.0,0.0,0.0,100.0,23.9,85.0,3.1
2023-06-05 21:00:00,0.0,0.0,0.0,100.0,23.9,85.0,2.1
2023-06-05 22:00:00,0.0,0.0,0.0,100.0,23.9,85.0,3.6
2023-06-05 23:00:00,0.0,0.0,0.0,100.0,23.9,85.0,3.1
2023-06-06 00:00:00,0.0,0.0,0.0,80.0,23.9,85.0,2.6
2023-06-06 01:00:00,0.0,0.0,0.0,80.0,23.9,85.0,2.6
2023-06-06 02:00:00,0.0,0.0,0.0,80.0,23.9,85.0,2.1
2023-06-06 03:00:00,0.0,0.0,0.0,90.0,23.9,85.0,1.5
2023-06-06 04:00:00,0.0,0.0,0.0,90.0,23.9,87.0,2.6
2023-06-06 05:00:00,16.0,4.0,16.0,90.0,23.9,85.0,2.6
2023-06-06 06:00:00,68.0,25.0,61.0,90.0,23.9,90.0,2.6
2023-06-06 07:00:00,286.0,378.0,128.0,60.0,23.9,94.0,2.1
2023-06-06 08:00:00,382.0,181.0,272.0,90.0,26.1,79.0,2.6
2023-06-06 09:00:00,514.0,318.0,263.0,90.0,26.7,74.0,2.1
2023-06-06 10:00:00,826.0,589.0,291.0,80.0,27.8,72.0,3.6
2023-06-06 11:00:00,887.0,589.0,312.0,80.0,28.9,63.0,3.6
2023-06-06 12:00:00,903.0,524.0,369.0,90.0,29.4,63.0,4.1
2023-06-06 13:00:00,880.0,734.0,167.0,50.0,30.6,57.0,3.1
2023-06-06 14:00:00,817.0,735.0,164.0,40.0,31.1,52.0,2.6
2023-06-06 15:00:00,672.0,693.0,168.0,20.0,31.1,48.0,2.6
2023-06-06 16:00:00,461.0,526.0,176.0,20.0,31.1,50.0,3.1
2023-06-06 17:00:00,208.0,294.0,106.0,20.0,29.4,70.0,4.6
2023-06-06 18:00:00,66.0,53.0,59.0,30.0,28.9,74.0,4.1
2023-06-06 19:00:00,0.0,2.0,0.0,20.0,28.3,72.0,3.1
2023-06-06 20:00:00,0.0,0.0,0.0,20.0,27.2,63.0,2.6
2023-06-06 21:00:00,0.0,0.0,0.0,20.0,26.1,67.0,3.1
2023-06-06 22:00:00,0.0,0.0,0.0,30.0,25.0,71.0,2.6
2023-06-06 23:00:00,0.0,0.0,0.0,40.0,24.4,74.0,3.1
2023-06-07 00:00:00,0.0,0.0,0.0,40.0,24.4,76.0,2.6
2023-06-07 01:00:00,0.0,0.0,0.0,20.0,23.9,82.0,3.1
2023-06-07 02:00:00,0.0,0.0,0.0,20.0,23.3,84.0,2.6
2023-06-07 03:00:00,0.0,0.0,0.0,20.0,23.3,84.0,2.1
2023-06-07 04:00:00,0.0,0.0,0.0,70.0,23.3,84.0,1.0
2023-06-07 05:00:00,15.0,2.0,16.0,80.0,23.3,84.0,2.6
2023-06-07 06:00:00,118.0,231.0,56.0,40.0,23.3,87.0,2.1
2023-06-07 07:00:00,335.0,527.0,106.0,10.0,25.0,79.0,2.6
2023-06-07 08:00:00,548.0,661.0,143.0,20.0,26.7,69.0,2.1
2023-06-07 09:00:00,695.0,544.0,266.0,50.0,28.3,61.0,3.1
2023-06-07 10:00:00,797.0,552.0,301.0,50.0,29.4,51.0,3.1
2023-06-07 11:00:00,812.0,419.0,402.0,50.0,30.0,53.0,2.6
2023-06-07 12:00:00,686.0,238.0,449.0,50.0,29.4,59.0,4.1
2023-06-07 13:00:00,563.0,71.0,504.0,70.0,29.4,61.0,3.6
2023-06-07 14:00:00,641.0,359.0,334.0,30.0,29.4,59.0,4.6
2023-06-07 15:00:00,565.0,425.0,255.0,30.0,29.4,57.0,4.1
2023-06-07 16:00:00,293.0,232.0,176.0,30.0,29.4,59.0,4.6
2023-06-07 17:00:00,214.0,300.0,110.0,40.0,28.9,59.0,6.2
2023-06-07 18:00:00,49.0,49.0,49.0,20.0,28.3,63.0,5.7
2023-06-07 19:00:00,0.0,0.0,0.0,20.0,27.8,69.0,3.6
2023-06-07 20:00:00,0.0,0.0,0.0,10.0,27.2,69.0,4.1
2023-06-07 21:00:00,0.0,0.0,0.0,30.0,26.7,69.0,3.1
2023-06-07 22:00:00,0.0,0.0,0.0,20.0,25.6,71.0,3.1
2023-06-07 23:00:00,0.0,0.0,0.0,30.0,24.4,76.0,2.6
2023-06-08 00:00:00,0.0,0.0,0.0,50.0,24.4,79.0,3.1
2023-06-08 01:00:00,0.0,0.0,0.0,20.0,23.9,79.0,3.1
2023-06-08 02:00:00,0.0,0.0,0.0,20.0,23.9,79.0,3.1
2023-06-08 03:00:00,0.0,0.0,0.0,20.0,23.3,82.0,2.6
2023-06-08 04:00:00,0.0,0.0,0.0,20.0,22.2,84.0,3.1
2023-06-08 05:00:00,15.0,5.0,14.0,0.0,22.2,84.0,3.1
2023-06-08 06:00:00,123.0,229.0,66.0,0.0,22.8,84.0,3.1
2023-06-08 07:00:00,330.0,484.0,117.0,0.0,25.0,74.0,4.6
2023-06-08 08:00:00,546.0,626.0,161.0,0.0,26.7,65.0,4.1
2023-06-08 09:00:00,730.0,706.0,192.0,0.0,28.3,57.0,3.1
2023-06-08 10:00:00,871.0,754.0,212.0,0.0,29.4,48.0,3.6
2023-06-08 11:00:00,872.0,570.0,313.0,10.0,30.0,43.0,3.6
2023-06-08 12:00:00,863.0,508.0,356.0,30.0,30.6,42.0,3.6
2023-06-08 13:00:00,777.0,355.0,442.0,40.0,31.1,40.0,2.1
2023-06-08 14:00:00,728.0,492.0,302.0,30.0,31.1,50.0,2.1
2023-06-08 15:00:00,504.0,271.0,305.0,50.0,30.6,52.0,1.5
2023-06-08 16:00:00,467.0,462.0,212.0,40.0,30.0,51.0,4.6
2023-06-08 17:00:00,153.0,62.0,133.0,50.0,29.4,51.0,3.1
2023-06-08 18:00:00,57.0,43.0,51.0,50.0,28.3,55.0,3.1
2023-06-08 19:00:00,1.0,0.0,1.0,70.0,28.3,57.0,2.6
2023-06-08 20:00:00,0.0,0.0,0.0,10.0,27.8,61.0,3.6
2023-06-08 21:00:00,0.0,0.0,0.0,60.0,27.8,61.0,2.6
2023-06-08 22:00:00,0.0,0.0,0.0,50.0,26.7,65.0,2.6
2023-06-08 23:00:00,0.0,0.0,0.0,50.0,26.7,65.0,2.6
2023-06-09 00:00:00,0.0,0.0,0.0,50.0,26.1,69.0,3.1
2023-06-09 01:00:00,0.0,0.0,0.0,20.0,25.6,74.0,3.1
2023-06-09 02:00:00,0.0,0.0,0.0,0.0,24.4,76.0,2.6
2023-06-09 03:00:00,0.0,0.0,0.0,0.0,23.9,82.0,2.1
2023-06-09 04:00:00,0.0,0.0,0.0,0.0,23.3,82.0,2.6
2023-06-09 05:00:00,14.0,2.0,14.0,0.0,23.3,82.0,2.1
2023-06-09 06:00:00,106.0,165.0,72.0,0.0,23.3,87.0,2.1
2023-06-09 07:00:00,328.0,412.0,134.0,0.0,23.9,94.0,2.6
2023-06-09 08:00:00,541.0,560.0,187.0,0.0,27.2,74.0,2.1
2023-06-09 09:00:00,710.0,632.0,216.0,20.0,29.4,57.0,2.6
2023-06-09 10:00:00,833.0,550.0,329.0,30.0,29.4,55.0,2.6
2023-06-09 11:00:00,929.0,598.0,347.0,30.0,30.6,45.0,2.1
2023-06-09 12:00:00,895.0,487.0,413.0,30.0,30.6,42.0,3.6
2023-06-09 13:00:00,828.0,454.0,389.0,20.0,31.1,40.0,3.6
2023-06-09 14:00:00,784.0,687.0,244.0,0.0,32.2,35.0,3.1
2023-06-09 15:00:00,595.0,426.0,287.0,10.0,32.2,35.0,3.1
2023-06-09 16:00:00,407.0,356.0,212.0,30.0,31.7,36.0,2.6
2023-06-09 17:00:00,208.0,257.0,119.0,30.0,30.0,55.0,5.7
2023-06-09 18:00:00,49.0,64.0,41.0,30.0,29.4,57.0,4.6
2023-06-09 19:00:00,0.0,1.0,0.0,40.0,28.9,61.0,3.6
2023-06-09 20:00:00,0.0,0.0,0.0,40.0,28.3,63.0,3.6
2023-06-09 21:00:00,0.0,0.0,0.0,0.0,27.2,67.0,3.1
2023-06-09 22:00:00,0.0,0.0,0.0,20.0,26.7,67.0,2.6
2023-06-09 23:00:00,0.0,0.0,0.0,20.0,25.6,71.0,2.6
2023-06-10 00:00:00,0.0,0.0,0.0,20.0,25.0,74.0,3.1
2023-06-10 01:00:00,0.0,0.0,0.0,0.0,24.4,76.0,2.6
2023-06-10 02:00:00,0.0,0.0,0.0,0.0,24.4,76.0,3.1
2023-06-10 03:00:00,0.0,0.0,0.0,0.0,23.9,100.0,2.1
2023-06-10 04:00:00,0.0,0.0,0.0,0.0,23.9,79.0,3.1
2023-06-10 05:00:00,15.0,8.0,14.0,0.0,23.3,82.0,3.1
2023-06-10 06:00:00,129.0,262.0,61.0,20.0,23.9,79.0,3.1
2023-06-10 07:00:00,341.0,471.0,143.0,70.0,26.1,69.0,3.1
2023-06-10 08:00:00,504.0,546.0,166.0,90.0,27.2,63.0,3.1
2023-06-10 09:00:00,647.0,347.0,372.0,90.0,29.4,61.0,2.6
2023-06-10 10:00:00,760.0,451.0,354.0,100.0,29.4,59.0,2.6
2023-06-10 11:00:00,772.0,228.0,543.0,90.0,30.6,55.0,2.1
2023-06-10 12:00:00,743.0,272.0,471.0,90.0,31.1,52.0,1.5
2023-06-10 13:00:00,538.0,181.0,363.0,100.0,30.0,61.0,5.2
2023-06-10 14:00:00,321.0,1.0,326.0,100.0,27.8,67.0,6.2
2023-06-10 15:00:00,218.0,106.0,136.0,100.0,25.6,79.0,5.7
2023-06-10 16:00:00,224.0,17.0,218.0,90.0,25.6,77.0,5.2
2023-06-10 17:00:00,210.0,184.0,143.0,90.0,25.6,74.0,5.2
2023-06-10 18:00:00,42.0,19.0,40.0,90.0,25.6,74.0,2.6
2023-06-10 19:00:00,2.0,0.0,2.0,90.0,25.6,74.0,3.1
2023-06-10 20:00:00,0.0,0.0,0.0,100.0,25.6,74.0,3.6
2023-06-10 21:00:00,0.0,0.0,0.0,100.0,25.6,74.0,3.1
2023-06-10 22:00:00,0.0,0.0,0.0,100.0,25.6,74.0,3.6
2023-06-10 23:00:00,0.0,0.0,0.0,100.0,25.6,79.0,3.6
2023-06-11 00:00:00,0.0,0.0,0.0,100.0,23.9,85.0,7.2
2023-06-11 01:00:00,0.0,0.0,0.0,100.0,23.3,84.0,3.1
2023-06-11 02:00:00,0.0,0.0,0.0,100.0,23.3,84.0,4.1
2023-06-11 03:00:00,0.0,0.0,0.0,100.0,23.3,84.0,3.1
2023-06-11 04:00:00,0.0,0.0,0.0,100.0,23.3,87.0,2.6
2023-06-11 05:00:00,1.0,0.0,4.0,100.0,23.3,87.0,2.1
2023-06-11 06:00:00,58.0,25.0,52.0,100.0,23.3,87.0,2.1
2023-06-11 07:00:00,180.0,7.0,177.0,100.0,23.9,85.0,2.6
2023-06-11 08:00:00,258.0,8.0,253.0,100.0,24.4,82.0,2.6
2023-06-11 09:00:00,292.0,20.0,280.0,100.0,26.1,79.0,3.1
2023-06-11 10:00:00,378.0,27.0,351.0,100.0,27.2,74.0,2.6
2023-06-11 11:00:00,353.0,0.0,349.0,100.0,28.3,65.0,3.6
2023-06-11 12:00:00,362.0,5.0,357.0,100.0,28.3,65.0,3.6
2023-06-11 13:00:00,475.0,87.0,391.0,90.0,26.7,74.0,3.1
2023-06-11 14:00:00,691.0,377.0,362.0,50.0,28.9,72.0,3.6
2023-06-11 15:00:00,653.0,681.0,158.0,30.0,28.9,70.0,5.2
2023-06-11 16:00:00,463.0,593.0,135.0,10.0,28.9,63.0,3.1
2023-06-11 17:00:00,250.0,450.0,94.0,20.0,28.9,61.0,4.1
2023-06-11 18:00:00,68.0,140.0,44.0,20.0,27.8,65.0,3.1
2023-06-11 19:00:00,2.0,0.0,2.0,70.0,26.7,72.0,3.6
2023-06-11 20:00:00,0.0,0.0,0.0,70.0,26.7,74.0,2.6
2023-06-11 21:00:00,0.0,0.0,0.0,90.0,26.1,79.0,3.1
2023-06-11 22:00:00,0.0,0.0,0.0,90.0,25.0,82.0,4.6
2023-06-11 23:00:00,0.0,0.0,0.0,70.0,24.4,82.0,3.6
2023-06-12 00:00:00,0.0,0.0,0.0,80.0,23.9,79.0,2.6
2023-06-12 01:00:00,0.0,0.0,0.0,70.0,23.9,82.0,2.1
2023-06-12 02:00:00,0.0,0.0,0.0,70.0,23.9,87.0,2.1
2023-06-12 03:00:00,0.0,0.0,0.0,70.0,23.9,85.0,2.1
2023-06-12 04:00:00,0.0,0.0,0.0,80.0,23.9,90.0,1.5
2023-06-12 05:00:00,10.0,1.0,10.0,70.0,23.9,85.0,2.1
2023-06-12 06:00:00,101.0,180.0,64.0,40.0,24.4,90.0,1.5
2023-06-12 07:00:00,308.0,495.0,103.0,30.0,27.2,74.0,2.6
2023-06-12 08:00:00,524.0,620.0,146.0,40.0,28.9,67.0,4.1
2023-06-12 09:00:00,736.0,723.0,176.0,30.0,29.4,75.0,4.1
2023-06-12 10:00:00,875.0,754.0,195.0,30.0,29.4,72.0,4.1
2023-06-12 11:00:00,618.0,228.0,390.0,80.0,27.8,74.0,4.1
2023-06-12 12:00:00,648.0,176.0,474.0,80.0,28.9,70.0,4.6
2023-06-12 13:00:00,367.0,48.0,326.0,100.0,28.9,65.0,4.1
2023-06-12 14:00:00,551.0,107.0,458.0,100.0,31.7,63.0,3.6
2023-06-12 15:00:00,310.0,211.0,156.0,100.0,28.3,74.0,1.5
2023-06-12 16:00:00,270.0,56.0,237.0,90.0,28.9,74.0,1.5
2023-06-12 17:00:00,112.0,21.0,104.0,90.0,28.9,72.0,2.6
2023-06-12 18:00:00,37.0,1.0,37.0,100.0,28.3,77.0,2.1
2023-06-12 19:00:00,1.0,0.0,0.0,100.0,27.8,77.0,2.6
2023-06-12 20:00:00,0.0,0.0,0.0,100.0,27.8,79.0,3.1
2023-06-12 21:00:00,0.0,0.0,0.0,100.0,25.0,76.0,2.1
2023-06-12 22:00:00,0.0,0.0,0.0,40.0,25.0,76.0,2.1
2023-06-12 23:00:00,0.0,0.0,0.0,20.0,25.0,79.0,2.6
2023-06-13 00:00:00,0.0,0.0,0.0,30.0,24.4,82.0,2.1
2023-06-13 01:00:00,0.0,0.0,0.0,30.0,23.9,85.0,1.5
2023-06-13 02:00:00,0.0,0.0,0.0,30.0,23.9,85.0,2.1
2023-06-13 03:00:00,0.0,0.0,0.0,30.0,23.9,85.0,2.6
2023-06-13 04:00:00,0.0,0.0,0.0,30.0,23.9,82.0,2.6
2023-06-13 05:00:00,7.0,0.0,9.0,10.0,23.9,82.0,2.6
2023-06-13 06:00:00,79.0,53.0,71.0,10.0,23.9,85.0,1.5
2023-06-13 07:00:00,284.0,310.0,156.0,0.0,26.1,77.0,2.6
2023-06-13 08:00:00,506.0,458.0,222.0,20.0,27.8,77.0,2.1
2023-06-13 09:00:00,670.0,469.0,304.0,30.0,28.9,63.0,2.1
2023-06-13 10:00:00,626.0,215.0,450.0,40.0,30.0,61.0,2.6
2023-06-13 11:00:00,749.0,380.0,378.0,70.0,29.4,63.0,4.1
2023-06-13 12:00:00,894.0,470.0,425.0,60.0,29.4,61.0,3.6
2023-06-13 13:00:00,541.0,201.0,348.0,70.0,29.4,65.0,4.6
2023-06-13 14:00:00,688.0,354.0,380.0,70.0,28.3,59.0,3.1
2023-06-13 15:00:00,537.0,303.0,319.0,20.0,30.0,59.0,5.2
2023-06-13 16:00:00,316.0,189.0,211.0,40.0,29.4,70.0,4.6
2023-06-13 17:00:00,95.0,9.0,103.0,70.0,28.9,63.0,3.6
2023-06-13 18:00:00,41.0,7.0,40.0,90.0,28.3,65.0,2.1
2023-06-13 19:00:00,1.0,0.0,1.0,40.0,27.2,69.0,1.5
2023-06-13 20:00:00,0.0,0.0,0.0,30.0,25.6,77.0,2.6
2023-06-13 21:00:00,0.0,0.0,0.0,20.0,25.6,77.0,2.6
2023-06-13 22:00:00,0.0,0.0,0.0,0.0,25.0,79.0,2.6
2023-06-13 23:00:00,0.0,0.0,0.0,0.0,25.0,79.0,2.6
2023-06-14 00:00:00,0.0,0.0,0.0,0.0,24.4,82.0,3.1
2023-06-14 01:00:00,0.0,0.0,0.0,0.0,23.9,85.0,3.1
2023-06-14 02:00:00,0.0,0.0,0.0,0.0,23.9,82.0,2.1
2023-06-14 03:00:00,0.0,0.0,0.0,0.0,23.9,82.0,2.1
2023-06-14 04:00:00,0.0,0.0,0.0,0.0,23.3,82.0,2.6
2023-06-14 05:00:00,11.0,0.0,11.0,80.0,23.3,82.0,2.1
2023-06-14 06:00:00,111.0,190.0,65.0,80.0,23.9,79.0,2.6
2023-06-14 07:00:00,308.0,380.0,148.0,80.0,26.1,69.0,3.1
2023-06-14 08:00:00,516.0,547.0,162.0,80.0,27.8,65.0,2.6
2023-06-14 09:00:00,681.0,547.0,254.0,70.0,28.9,63.0,2.6
2023-06-14 10:00:00,723.0,372.0,383.0,50.0,29.4,59.0,3.6
2023-06-14 11:00:00,874.0,554.0,334.0,40.0,30.0,57.0,5.2
2023-06-14 12:00:00,962.0,696.0,267.0,30.0,30.0,57.0,5.2
2023-06-14 13:00:00,927.0,767.0,186.0,40.0,30.6,53.0,5.7
2023-06-14 14:00:00,824.0,674.0,239.0,20.0,31.1,53.0,6.2
2023-06-14 15:00:00,629.0,515.0,250.0,30.0,30.0,55.0,5.7
2023-06-14 16:00:00,318.0,140.0,241.0,60.0,29.4,55.0,5.7
2023-06-14 17:00:00,213.0,156.0,157.0,70.0,28.9,61.0,5.2
2023-06-14 18:00:00,40.0,11.0,38.0,90.0,28.3,63.0,6.2
2023-06-14 19:00:00,1.0,0.0,1.0,70.0,27.8,65.0,3.6
2023-06-14 20:00:00,0.0,0.0,0.0,80.0,27.2,65.0,3.6
2023-06-14 21:00:00,0.0,0.0,0.0,70.0,26.7,67.0,3.1
2023-06-14 22:00:00,0.0,0.0,0.0,20.0,26.7,69.0,2.6
2023-06-14 23:00:00,0.0,0.0,0.0,20.0,26.1,72.0,2.6
2023-06-15 00:00:00,0.0,0.0,0.0,30.0,25.6,74.0,2.6
2023-06-15 01:00:00,0.0,0.0,0.0,30.0,25.6,74.0,2.1
2023-06-15 02:00:00,0.0,0.0,0.0,40.0,25.6,74.0,2.6
2023-06-15 03:00:00,0.0,0.0,0.0,40.0,25.6,74.0,2.6
2023-06-15 04:00:00,0.0,0.0,0.0,40.0,25.6,74.0,2.6
2023-06-15 05:00:00,12.0,11.0,11.0,70.0,25.6,74.0,2.1
2023-06-15 06:00:00,90.0,63.0,77.0,80.0,25.0,74.0,2.1
2023-06-15 07:00:00,171.0,17.0,163.0,90.0,25.6,74.0,2.6
2023-06-15 08:00:00,341.0,196.0,225.0,90.0,25.0,76.0,2.6
2023-06-15 09:00:00,681.0,542.0,260.0,50.0,27.2,72.0,3.1
2023-06-15 10:00:00,883.0,729.0,214.0,50.0,28.9,65.0,5.2
2023-06-15 11:00:00,955.0,637.0,335.0,60.0,28.9,65.0,4.1
2023-06-15 12:00:00,981.0,702.0,277.0,70.0,30.0,59.0,5.2
2023-06-15 13:00:00,928.0,670.0,290.0,80.0,30.0,57.0,5.7
2023-06-15 14:00:00,722.0,490.0,293.0,70.0,30.0,57.0,5.2
2023-06-15 15:00:00,546.0,380.0,269.0,80.0,30.0,57.0,5.2
2023-06-15 16:00:00,335.0,230.0,208.0,50.0,29.4,59.0,5.2
2023-06-15 17:00:00,237.0,296.0,131.0,70.0,28.9,61.0,5.2
2023-06-15 18:00:00,38.0,8.0,40.0,70.0,28.3,63.0,4.6
2023-06-15 19:00:00,2.0,2.0,2.0,40.0,27.8,65.0,4.1
2023-06-15 20:00:00,0.0,0.0,0.0,40.0,27.8,65.0,5.7
2023-06-15 21:00:00,0.0,0.0,0.0,30.0,27.2,69.0,4.1
2023-06-15 22:00:00,0.0,0.0,0.0,20.0,26.7,74.0,3.1
2023-06-15 23:00:00,0.0,0.0,0.0,0.0,26.1,74.0,2.6
2023-06-16 00:00:00,0.0,0.0,0.0,10.0,26.7,72.0,2.6
2023-06-16 01:00:00,0.0,0.0,0.0,30.0,25.6,71.0,3.6
2023-06-16 02:00:00,0.0,0.0,0.0,70.0,25.6,71.0,1.5
2023-06-16 03:00:00,0.0,0.0,0.0,80.0,25.6,74.0,2.1
2023-06-16 04:00:00,0.0,0.0,0.0,90.0,25.6,77.0,3.1
2023-06-16 05:00:00,9.0,1.0,9.0,70.0,25.6,77.0,3.6
2023-06-16 06:00:00,92.0,19.0,89.0,50.0,25.6,77.0,3.6
2023-06-16 07:00:00,271.0,308.0,145.0,60.0,27.2,72.0,3.6
2023-06-16 08:00:00,453.0,359.0,233.0,80.0,28.3,67.0,5.2
2023-06-16 09:00:00,675.0,556.0,238.0,50.0,29.4,61.0,3.1
2023-06-16 10:00:00,821.0,582.0,295.0,60.0,30.0,63.0,4.1
2023-06-16 11:00:00,938.0,695.0,231.0,70.0,30.6,57.0,5.2
2023-06-16 12:00:00,886.0,553.0,336.0,80.0,30.6,57.0,5.2
2023-06-16 13:00:00,396.0,121.0,280.0,90.0,30.6,57.0,5.2
2023-06-16 14:00:00,535.0,99.0,450.0,70.0,30.0,59.0,6.2
2023-06-16 15:00:00,348.0,115.0,268.0,80.0,30.0,59.0,5.2
2023-06-16 16:00:00,246.0,53.0,216.0,70.0,29.4,61.0,3.6
2023-06-16 17:00:00,160.0,140.0,113.0,50.0,29.4,61.0,4.6
2023-06-16 18:00:00,41.0,23.0,42.0,50.0,28.9,63.0,4.1
2023-06-16 19:00:00,2.0,0.0,2.0,40.0,28.3,65.0,4.1
2023-06-16 20:00:00,0.0,0.0,0.0,60.0,27.2,69.0,4.1
2023-06-16 21:00:00,0.0,0.0,0.0,60.0,27.2,69.0,3.1
2023-06-16 22:00:00,0.0,0.0,0.0,30.0,27.2,74.0,3.1
2023-06-16 23:00:00,0.0,0.0,0.0,30.0,27.2,69.0,3.1
2023-06-17 00:00:00,0.0,0.0,0.0,10.0,27.2,72.0,3.1
2023-06-17 01:00:00,0.0,0.0,0.0,30.0,27.2,79.0,2.6
2023-06-17 02:00:00,0.0,0.0,0.0,50.0,27.2,72.0,4.1
2023-06-17 03:00:00,0.0,0.0,0.0,60.0,27.2,79.0,2.6
2023-06-17 04:00:00,0.0,0.0,0.0,90.0,25.0,79.0,3.1
2023-06-17 05:00:00,7.0,1.0,7.0,90.0,25.0,88.0,3.6
2023-06-17 06:00:00,50.0,25.0,45.0,100.0,25.0,88.0,1.5
2023-06-17 07:00:00,165.0,40.0,150.0,80.0,25.0,79.0,2.1
2023-06-17 08:00:00,287.0,94.0,230.0,80.0,28.3,67.0,1.5
2023-06-17 09:00:00,557.0,322.0,307.0,90.0,28.9,70.0,1.5
2023-06-17 10:00:00,382.0,60.0,362.0,90.0,28.9,65.0,3.6
2023-06-17 11:00:00,342.0,35.0,367.0,90.0,28.9,65.0,3.6
2023-06-17 12:00:00,432.0,65.0,420.0,90.0,29.4,63.0,7.2
2023-06-17 13:00:00,562.0,184.0,385.0,90.0,28.9,63.0,5.2
2023-06-17 14:00:00,538.0,269.0,303.0,90.0,28.3,70.0,5.7
2023-06-17 15:00:00,385.0,116.0,300.0,90.0,28.3,67.0,3.6
2023-06-17 16:00:00,364.0,100.0,309.0,90.0,28.3,65.0,3.6
2023-06-17 17:00:00,97.0,55.0,77.0,90.0,27.8,67.0,3.1
2023-06-17 18:00:00,39.0,4.0,38.0,100.0,27.8,67.0,3.1
2023-06-17 19:00:00,1.0,1.0,1.0,80.0,27.2,69.0,2.6
2023-06-17 20:00:00,0.0,0.0,0.0,70.0,26.7,77.0,3.1
2023-06-17 21:00:00,0.0,0.0,0.0,40.0,26.7,72.0,3.1
2023-06-17 22:00:00,0.0,0.0,0.0,40.0,26.7,72.0,2.6
2023-06-17 23:00:00,0.0,0.0,0.0,50.0,26.7,72.0,2.6
2023-06-18 00:00:00,0.0,0.0,0.0,30.0,26.7,74.0,2.6
2023-06-18 01:00:00,0.0,0.0,0.0,60.0,26.7,82.0,2.6
2023-06-18 02:00:00,0.0,0.0,0.0,40.0,26.7,74.0,2.6
2023-06-18 03:00:00,0.0,0.0,0.0,50.0,26.1,77.0,2.6
2023-06-18 04:00:00,0.0,0.0,0.0,70.0,26.1,77.0,2.1
2023-06-18 05:00:00,6.0,1.0,6.0,30.0,25.6,79.0,1.5
2023-06-18 06:00:00,64.0,19.0,67.0,50.0,25.0,82.0,2.1
2023-06-18 07:00:00,279.0,328.0,142.0,40.0,27.8,77.0,3.1
2023-06-18 08:00:00,472.0,381.0,239.0,50.0,28.3,65.0,4.1
2023-06-18 09:00:00,657.0,460.0,302.0,50.0,29.4,61.0,4.6
2023-06-18 10:00:00,757.0,333.0,457.0,70.0,30.0,59.0,5.2
2023-06-18 11:00:00,683.0,181.0,508.0,80.0,29.4,61.0,3.6
2023-06-18 12:00:00,894.0,567.0,324.0,80.0,30.6,57.0,4.6
2023-06-18 13:00:00,739.0,427.0,327.0,60.0,31.1,55.0,5.2
2023-06-18 14:00:00,811.0,703.0,178.0,50.0,31.1,55.0,6.2
2023-06-18 15:00:00,623.0,420.0,313.0,50.0,30.6,57.0,4.6
2023-06-18 16:00:00,366.0,162.0,291.0,50.0,30.6,57.0,6.2
2023-06-18 17:00:00,165.0,79.0,158.0,50.0,29.4,61.0,4.6
2023-06-18 18:00:00,46.0,10.0,51.0,50.0,29.4,61.0,5.2
2023-06-18 19:00:00,2.0,2.0,2.0,40.0,28.3,65.0,3.1
2023-06-18 20:00:00,0.0,0.0,0.0,40.0,27.8,67.0,4.1
2023-06-18 21:00:00,0.0,0.0,0.0,50.0,27.2,69.0,3.1
2023-06-18 22:00:00,0.0,0.0,0.0,50.0,27.2,69.0,3.1
2023-06-18 23:00:00,0.0,0.0,0.0,40.0,26.7,74.0,2.6
2023-06-19 00:00:00,0.0,0.0,0.0,30.0,26.7,72.0,2.1
2023-06-19 01:00:00,0.0,0.0,0.0,10.0,26.7,72.0,2.1
2023-06-19 02:00:00,0.0,0.0,0.0,10.0,25.6,77.0,2.6
2023-06-19 03:00:00,0.0,0.0,0.0,20.0,25.0,79.0,2.6
2023-06-19 04:00:00,0.0,0.0,0.0,20.0,24.4,82.0,2.6
2023-06-19 05:00:00,10.0,0.0,10.0,10.0,24.4,82.0,2.6
2023-06-19 06:00:00,89.0,79.0,73.0,30.0,25.6,77.0,3.1
2023-06-19 07:00:00,334.0,490.0,104.0,30.0,27.2,69.0,3.1
2023-06-19 08:00:00,459.0,312.0,267.0,70.0,28.9,74.0,2.1
2023-06-19 09:00:00,589.0,457.0,236.0,70.0,29.4,61.0,5.2
2023-06-19 10:00:00,661.0,291.0,395.0,60.0,30.6,57.0,4.1
2023-06-19 11:00:00,699.0,227.0,482.0,60.0,30.0,59.0,4.1
2023-06-19 12:00:00,830.0,464.0,362.0,50.0,30.0,59.0,4.6
2023-06-19 13:00:00,903.0,614.0,309.0,40.0,30.6,57.0,5.2
2023-06-19 14:00:00,810.0,675.0,215.0,30.0,30.6,57.0,4.1
2023-06-19 15:00:00,643.0,556.0,233.0,20.0,30.6,57.0,5.2
2023-06-19 16:00:00,475.0,596.0,140.0,20.0,30.6,57.0,3.6
2023-06-19 17:00:00,259.0,420.0,97.0,40.0,30.0,59.0,3.1
2023-06-19 18:00:00,51.0,35.0,46.0,40.0,29.4,61.0,3.1
2023-06-19 19:00:00,2.0,0.0,2.0,50.0,28.3,65.0,3.1
2023-06-19 20:00:00,0.0,0.0,0.0,40.0,27.8,67.0,3.1
2023-06-19 21:00:00,0.0,0.0,0.0,10.0,27.2,67.0,2.6
2023-06-19 22:00:00,0.0,0.0,0.0,10.0,27.2,67.0,2.6
2023-06-19 23:00:00,0.0,0.0,0.0,0.0,27.2,67.0,2.6
2023-06-20 00:00:00,0.0,0.0,0.0,0.0,27.2,69.0,2.6
2023-06-20 01:00:00,0.0,0.0,0.0,10.0,27.2,69.0,2.1
2023-06-20 02:00:00,0.0,0.0,0.0,0.0,27.2,69.0,2.1
2023-06-20 03:00:00,0.0,0.0,0.0,0.0,26.7,72.0,2.1
2023-06-20 04:00:00,0.0,0.0,0.0,0.0,26.1,74.0,1.5
2023-06-20 05:00:00,15.0,7.0,14.0,0.0,25.0,79.0,2.6
2023-06-20 06:00:00,97.0,186.0,59.0,20.0,26.1,74.0,2.1
2023-06-20 07:00:00,239.0,223.0,146.0,30.0,27.8,67.0,2.6
2023-06-20 08:00:00,443.0,330.0,246.0,40.0,29.4,61.0,2.6
2023-06-20 09:00:00,695.0,557.0,266.0,30.0,29.4,61.0,4.1
2023-06-20 10:00:00,725.0,410.0,361.0,60.0,30.0,59.0,3.1
2023-06-20 11:00:00,796.0,445.0,361.0,50.0,30.6,57.0,3.6
2023-06-20 12:00:00,974.0,634.0,337.0,50.0,31.1,55.0,3.6
2023-06-20 13:00:00,953.0,787.0,196.0,30.0,31.1,57.0,4.6
2023-06-20 14:00:00,832.0,733.0,187.0,20.0,31.7,54.0,5.2
2023-06-20 15:00:00,682.0,709.0,161.0,20.0,31.1,55.0,6.2
2023-06-20 16:00:00,493.0,620.0,139.0,20.0,31.1,55.0,6.2
2023-06-20 17:00:00,233.0,331.0,114.0,30.0,30.6,57.0,5.7
2023-06-20 18:00:00,71.0,139.0,50.0,30.0,29.4,61.0,5.7
2023-06-20 19:00:00,2.0,0.0,2.0,30.0,29.4,61.0,5.2
2023-06-20 20:00:00,0.0,0.0,0.0,30.0,28.9,63.0,4.6
2023-06-20 21:00:00,0.0,0.0,0.0,30.0,28.9,65.0,5.2
2023-06-20 22:00:00,0.0,0.0,0.0,10.0,28.3,65.0,3.6
2023-06-20 23:00:00,0.0,0.0,0.0,10.0,27.2,69.0,2.6
2023-06-21 00:00:00,0.0,0.0,0.0,0.0,27.2,69.0,3.1
2023-06-21 01:00:00,0.0,0.0,0.0,0.0,27.2,69.0,2.6
2023-06-21 02:00:00,0.0,0.0,0.0,0.0,27.2,69.0,2.6
2023-06-21 03:00:00,0.0,0.0,0.0,20.0,27.2,69.0,2.6
2023-06-21 04:00:00,0.0,0.0,0.0,20.0,27.2,69.0,3.1
2023-06-21 05:00:00,11.0,1.0,11.0,30.0,27.2,69.0,5.7
2023-06-21 06:00:00,106.0,232.0,58.0,30.0,27.8,74.0,4.6
2023-06-21 07:00:00,291.0,370.0,138.0,40.0,28.3,67.0,4.6
2023-06-21 08:00:00,380.0,275.0,214.0,40.0,29.4,67.0,5.2
2023-06-21 09:00:00,535.0,278.0,324.0,60.0,30.0,68.0,4.6
2023-06-21 10:00:00,837.0,645.0,228.0,80.0,30.6,63.0,5.2
2023-06-21 11:00:00,926.0,680.0,246.0,80.0,31.1,57.0,5.2
2023-06-21 12:00:00,958.0,674.0,262.0,80.0,31.1,57.0,5.2
2023-06-21 13:00:00,564.0,125.0,443.0,80.0,31.7,54.0,7.2
2023-06-21 14:00:00,606.0,182.0,446.0,80.0,30.0,61.0,7.7
2023-06-21 15:00:00,384.0,52.0,359.0,80.0,30.6,59.0,5.2
2023-06-21 16:00:00,300.0,175.0,204.0,90.0,30.6,59.0,6.2
2023-06-21 17:00:00,127.0,21.0,120.0,90.0,30.0,59.0,4.1
2023-06-21 18:00:00,19.0,0.0,29.0,90.0,29.4,61.0,3.1
2023-06-21 19:00:00,2.0,0.0,2.0,80.0,27.2,74.0,4.1
2023-06-21 20:00:00,0.0,0.0,0.0,80.0,26.1,74.0,2.6
2023-06-21 21:00:00,0.0,0.0,0.0,30.0,26.1,74.0,1.5
2023-06-21 22:00:00,0.0,0.0,0.0,30.0,26.1,77.0,1.5
2023-06-21 23:00:00,0.0,0.0,0.0,30.0,26.1,77.0,1.5
2023-06-22 00:00:00,0.0,0.0,0.0,10.0,26.1,77.0,1.5
2023-06-22 01:00:00,0.0,0.0,0.0,10.0,26.1,79.0,2.6
2023-06-22 02:00:00,0.0,0.0,0.0,30.0,26.1,82.0,2.6
2023-06-22 03:00:00,0.0,0.0,0.0,30.0,26.1,77.0,2.6
2023-06-22 04:00:00,0.0,0.0,0.0,40.0,26.7,82.0,3.1
2023-06-22 05:00:00,9.0,2.0,9.0,70.0,26.7,85.0,4.1
2023-06-22 06:00:00,86.0,78.0,71.0,70.0,27.2,74.0,2.6
2023-06-22 07:00:00,242.0,262.0,133.0,70.0,28.3,74.0,3.6
2023-06-22 08:00:00,410.0,263.0,251.0,90.0,29.4,67.0,2.6
2023-06-22 09:00:00,443.0,117.0,355.0,90.0,29.4,67.0,2.6
2023-06-22 10:00:00,482.0,111.0,383.0,90.0,30.0,63.0,2.6
2023-06-22 11:00:00,712.0,247.0,472.0,90.0,31.7,61.0,5.2
2023-06-22 12:00:00,925.0,482.0,439.0,90.0,31.7,59.0,3.6
2023-06-22 13:00:00,896.0,662.0,253.0,70.0,30.0,72.0,5.2
2023-06-22 14:00:00,717.0,345.0,419.0,80.0,30.6,70.0,3.6
2023-06-22 15:00:00,412.0,111.0,327.0,90.0,30.0,72.0,4.1
2023-06-22 16:00:00,291.0,49.0,286.0,90.0,30.0,72.0,4.1
2023-06-22 17:00:00,129.0,50.0,112.0,90.0,29.4,75.0,3.6
2023-06-22 18:00:00,50.0,10.0,49.0,90.0,28.9,77.0,3.6
2023-06-22 19:00:00,5.0,0.0,3.0,90.0,28.9,80.0,3.1
2023-06-22 20:00:00,0.0,0.0,0.0,80.0,28.9,80.0,3.1
2023-06-22 21:00:00,0.0,0.0,0.0,90.0,28.9,77.0,3.1
2023-06-22 22:00:00,0.0,0.0,0.0,80.0,28.3,82.0,2.6
2023-06-22 23:00:00,0.0,0.0,0.0,90.0,28.3,80.0,1.5
2023-06-23 00:00:00,0.0,0.0,0.0,90.0,27.2,88.0,2.1
2023-06-23 01:00:00,0.0,0.0,0.0,70.0,26.1,88.0,2.6
2023-06-23 02:00:00,0.0,0.0,0.0,70.0,25.6,91.0,2.1
2023-06-23 03:00:00,0.0,0.0,0.0,80.0,25.6,91.0,3.1
2023-06-23 04:00:00,0.0,0.0,0.0,70.0,25.6,88.0,2.6
2023-06-23 05:00:00,11.0,3.0,11.0,80.0,25.0,91.0,3.1
2023-06-23 06:00:00,102.0,173.0,64.0,80.0,25.0,94.0,2.6
2023-06-23 07:00:00,301.0,410.0,121.0,80.0,27.2,88.0,2.6
2023-06-23 08:00:00,508.0,530.0,154.0,80.0,28.9,77.0,1.5
2023-06-23 09:00:00,627.0,447.0,280.0,100.0,29.4,72.0,2.1
2023-06-23 10:00:00,641.0,195.0,469.0,90.0,31.1,61.0,2.6
2023-06-23 11:00:00,323.0,78.0,250.0,90.0,30.6,65.0,2.6
2023-06-23 12:00:00,234.0,25.0,210.0,100.0,24.4,85.0,2.6
2023-06-23 13:00:00,279.0,7.0,273.0,100.0,24.4,97.0,3.6
2023-06-23 14:00:00,208.0,8.0,201.0,100.0,24.4,97.0,3.1
2023-06-23 15:00:00,131.0,0.0,166.0,100.0,25.0,97.0,2.6
2023-06-23 16:00:00,216.0,3.0,215.0,100.0,25.6,94.0,2.1
2023-06-23 17:00:00,120.0,10.0,116.0,100.0,25.6,94.0,2.6
2023-06-23 18:00:00,11.0,0.0,21.0,100.0,25.0,97.0,2.1
2023-06-23 19:00:00,0.0,0.0,0.0,100.0,25.0,97.0,1.5
2023-06-23 20:00:00,0.0,0.0,0.0,80.0,25.0,97.0,3.6
2023-06-23 21:00:00,0.0,0.0,0.0,90.0,25.0,97.0,3.1
2023-06-23 22:00:00,0.0,0.0,0.0,90.0,25.0,94.0,2.1
2023-06-23 23:00:00,0.0,0.0,0.0,90.0,25.6,91.0,2.6
2023-06-24 00:00:00,0.0,0.0,0.0,80.0,25.0,91.0,2.6
2023-06-24 01:00:00,0.0,0.0,0.0,60.0,25.0,88.0,2.1
2023-06-24 02:00:00,0.0,0.0,0.0,60.0,25.0,88.0,2.1
2023-06-24 03:00:00,0.0,0.0,0.0,60.0,25.0,88.0,2.1
2023-06-24 04:00:00,0.0,0.0,0.0,90.0,25.0,91.0,1.5
2023-06-24 05:00:00,8.0,2.0,8.0,90.0,25.0,91.0,2.1
2023-06-24 06:00:00,80.0,20.0,77.0,90.0,25.0,91.0,1.5
2023-06-24 07:00:00,224.0,49.0,203.0,70.0,26.7,88.0,3.1
2023-06-24 08:00:00,379.0,174.0,275.0,90.0,28.9,77.0,3.6
2023-06-24 09:00:00,627.0,436.0,277.0,90.0,29.4,75.0,4.1
2023-06-24 10:00:00,753.0,418.0,374.0,90.0,30.6,70.0,3.6
2023-06-24 11:00:00,831.0,473.0,363.0,90.0,31.1,63.0,2.6
2023-06-24 12:00:00,794.0,380.0,415.0,90.0,31.1,63.0,1.5
2023-06-24 13:00:00,596.0,140.0,462.0,90.0,31.7,61.0,4.1
2023-06-24 14:00:00,630.0,299.0,368.0,90.0,30.0,72.0,4.6
2023-06-24 15:00:00,243.0,44.0,210.0,100.0,25.0,91.0,6.7
2023-06-24 16:00:00,150.0,7.0,146.0,100.0,24.4,94.0,5.2
2023-06-24 17:00:00,73.0,0.0,73.0,100.0,25.0,91.0,1.5
2023-06-24 18:00:00,23.0,4.0,22.0,100.0,25.0,91.0,2.1
2023-06-24 19:00:00,2.0,0.0,1.0,100.0,24.4,94.0,2.1
2023-06-24 20:00:00,0.0,0.0,0.0,100.0,23.9,90.0,2.6
2023-06-24 21:00:00,0.0,0.0,0.0,90.0,25.0,85.0,2.1
2023-06-24 22:00:00,0.0,0.0,0.0,90.0,25.0,85.0,2.1
2023-06-24 23:00:00,0.0,0.0,0.0,70.0,25.6,82.0,1.5
2023-06-25 00:00:00,0.0,0.0,0.0,70.0,25.6,91.0,1.5
2023-06-25 01:00:00,0.0,0.0,0.0,60.0,25.6,91.0,2.1
2023-06-25 02:00:00,0.0,0.0,0.0,30.0,25.6,91.0,1.0
2023-06-25 03:00:00,0.0,0.0,0.0,30.0,25.6,91.0,1.0
2023-06-25 04:00:00,0.0,0.0,0.0,30.0,25.0,94.0,2.1
2023-06-25 05:00:00,7.0,1.0,7.0,80.0,25.0,91.0,1.5
2023-06-25 06:00:00,90.0,55.0,79.0,100.0,25.6,85.0,1.5
2023-06-25 07:00:00,285.0,327.0,125.0,100.0,27.8,79.0,1.5
2023-06-25 08:00:00,496.0,426.0,214.0,100.0,29.4,72.0,2.1
2023-06-25 09:00:00,672.0,490.0,296.0,100.0,30.0,75.0,1.5
2023-06-25 10:00:00,682.0,361.0,359.0,100.0,30.6,70.0,2.6
2023-06-25 11:00:00,505.0,61.0,446.0,100.0,31.1,68.0,4.1
2023-06-25 12:00:00,204.0,10.0,194.0,100.0,26.1,85.0,3.1
2023-06-25 13:00:00,290.0,37.0,255.0,100.0,27.2,77.0,2.6
2023-06-25 14:00:00,359.0,0.0,359.0,100.0,27.8,74.0,2.1
2023-06-25 15:00:00,273.0,6.0,269.0,100.0,28.3,77.0,2.1
2023-06-25 16:00:00,123.0,0.0,122.0,100.0,25.6,88.0,5.2
2023-06-25 17:00:00,70.0,3.0,69.0,100.0,25.6,79.0,2.6
2023-06-25 18:00:00,42.0,1.0,42.0,100.0,25.6,77.0,2.6
2023-06-25 19:00:00,4.0,0.0,4.0,100.0,25.6,82.0,1.5
2023-06-25 20:00:00,0.0,0.0,0.0,100.0,25.6,82.0,2.1
2023-06-25 21:00:00,0.0,0.0,0.0,100.0,25.6,88.0,2.1
2023-06-25 22:00:00,0.0,0.0,0.0,70.0,25.6,85.0,2.6
2023-06-25 23:00:00,0.0,0.0,0.0,70.0,25.6,85.0,2.1
2023-06-26 00:00:00,0.0,0.0,0.0,70.0,25.6,85.0,2.6
2023-06-26 01:00:00,0.0,0.0,0.0,70.0,25.6,85.0,1.5
2023-06-26 02:00:00,0.0,0.0,0.0,70.0,25.6,85.0,2.1
2023-06-26 03:00:00,0.0,0.0,0.0,60.0,25.6,94.0,1.5
2023-06-26 04:00:00,0.0,0.0,0.0,60.0,25.6,94.0,2.1
2023-06-26 05:00:00,14.0,2.0,11.0,90.0,25.6,94.0,2.6
2023-06-26 06:00:00,96.0,156.0,65.0,90.0,25.6,97.0,2.6
2023-06-26 07:00:00,296.0,402.0,131.0,90.0,27.8,85.0,3.1
2023-06-26 08:00:00,504.0,522.0,162.0,90.0,28.9,80.0,3.6
2023-06-26 09:00:00,633.0,429.0,304.0,90.0,30.0,77.0,3.6
2023-06-26 10:00:00,748.0,443.0,345.0,90.0,31.7,70.0,3.6
2023-06-26 11:00:00,864.0,591.0,286.0,80.0,31.1,70.0,3.1
2023-06-26 12:00:00,749.0,265.0,490.0,70.0,31.7,68.0,4.1
2023-06-26 13:00:00,774.0,383.0,407.0,80.0,31.7,68.0,5.2
2023-06-26 14:00:00,796.0,560.0,299.0,30.0,31.7,72.0,6.2
2023-06-26 15:00:00,615.0,544.0,216.0,70.0,31.7,70.0,6.2
2023-06-26 16:00:00,332.0,180.0,230.0,70.0,31.7,70.0,6.2
2023-06-26 17:00:00,192.0,261.0,87.0,80.0,29.4,59.0,3.1
2023-06-26 18:00:00,71.0,71.0,52.0,80.0,29.4,61.0,3.6
2023-06-26 19:00:00,3.0,0.0,3.0,80.0,29.4,70.0,2.6
2023-06-26 20:00:00,0.0,0.0,0.0,80.0,29.4,77.0,3.1
2023-06-26 21:00:00,0.0,0.0,0.0,70.0,28.9,80.0,3.1
2023-06-26 22:00:00,0.0,0.0,0.0,0.0,28.9,80.0,3.1
2023-06-26 23:00:00,0.0,0.0,0.0,0.0,28.3,82.0,2.6
2023-06-27 00:00:00,0.0,0.0,0.0,0.0,27.8,85.0,2.1
2023-06-27 01:00:00,0.0,0.0,0.0,0.0,27.2,88.0,2.1
2023-06-27 02:00:00,0.0,0.0,0.0,0.0,26.1,94.0,2.1
2023-06-27 03:00:00,0.0,0.0,0.0,0.0,26.1,94.0,2.1
2023-06-27 04:00:00,0.0,0.0,0.0,0.0,26.1,94.0,2.1
2023-06-27 05:00:00,12.0,1.0,11.0,0.0,26.1,94.0,2.6
2023-06-27 06:00:00,103.0,167.0,67.0,0.0,26.1,94.0,3.1
2023-06-27 07:00:00,294.0,420.0,126.0,0.0,27.8,88.0,3.1
2023-06-27 08:00:00,516.0,569.0,171.0,20.0,29.4,80.0,3.1
2023-06-27 09:00:00,691.0,635.0,198.0,30.0,30.0,72.0,2.1
2023-06-27 10:00:00,794.0,497.0,350.0,40.0,31.1,65.0,3.1
2023-06-27 11:00:00,803.0,462.0,355.0,60.0,31.7,66.0,2.6
2023-06-27 12:00:00,749.0,363.0,389.0,40.0,31.7,70.0,3.1
2023-06-27 13:00:00,812.0,475.0,354.0,40.0,30.6,75.0,4.1
2023-06-27 14:00:00,786.0,504.0,344.0,20.0,32.2,68.0,4.6
2023-06-27 15:00:00,636.0,485.0,277.0,30.0,31.7,70.0,4.6
2023-06-27 16:00:00,450.0,430.0,216.0,20.0,31.7,68.0,5.7
2023-06-27 17:00:00,246.0,347.0,118.0,30.0,31.7,68.0,3.6
2023-06-27 18:00:00,75.0,96.0,56.0,30.0,31.1,68.0,2.6
2023-06-27 19:00:00,4.0,0.0,4.0,0.0,30.6,68.0,3.6
2023-06-27 20:00:00,0.0,0.0,0.0,70.0,30.0,70.0,3.1
2023-06-27 21:00:00,0.0,0.0,0.0,70.0,29.4,75.0,2.6
2023-06-27 22:00:00,0.0,0.0,0.0,40.0,28.9,77.0,3.1
2023-06-27 23:00:00,0.0,0.0,0.0,50.0,28.3,80.0,3.1
2023-06-28 00:00:00,0.0,0.0,0.0,50.0,27.8,82.0,2.1
2023-06-28 01:00:00,0.0,0.0,0.0,50.0,27.2,85.0,2.1
2023-06-28 02:00:00,0.0,0.0,0.0,20.0,27.2,88.0,2.1
2023-06-28 03:00:00,0.0,0.0,0.0,20.0,26.7,91.0,2.1
2023-06-28 04:00:00,0.0,0.0,0.0,10.0,26.7,91.0,1.5
2023-06-28 05:00:00,18.0,3.0,15.0,70.0,26.1,94.0,2.1
2023-06-28 06:00:00,103.0,186.0,67.0,60.0,26.1,91.0,2.1
2023-06-28 07:00:00,284.0,334.0,148.0,70.0,28.3,80.0,2.6
2023-06-28 08:00:00,448.0,277.0,282.0,70.0,29.4,77.0,4.1
2023-06-28 09:00:00,517.0,279.0,300.0,90.0,31.1,68.0,3.6
2023-06-28 10:00:00,611.0,145.0,481.0,90.0,31.1,63.0,3.1
2023-06-28 11:00:00,803.0,376.0,435.0,90.0,32.2,57.0,2.6
2023-06-28 12:00:00,791.0,487.0,305.0,90.0,32.8,58.0,2.6
2023-06-28 13:00:00,682.0,321.0,367.0,90.0,32.8,54.0,2.1
2023-06-28 14:00:00,596.0,261.0,373.0,90.0,33.9,52.0,2.1
2023-06-28 15:00:00,477.0,196.0,332.0,80.0,32.2,61.0,6.2
2023-06-28 16:00:00,442.0,391.0,220.0,70.0,31.7,63.0,5.2
2023-06-28 17:00:00,90.0,57.0,69.0,90.0,31.7,70.0,5.7
2023-06-28 18:00:00,31.0,17.0,29.0,90.0,28.9,53.0,4.1
2023-06-28 19:00:00,5.0,0.0,5.0,100.0,26.1,62.0,6.7
2023-06-28 20:00:00,0.0,0.0,0.0,100.0,26.7,56.0,3.1
2023-06-28 21:00:00,0.0,0.0,0.0,100.0,27.2,54.0,3.6
2023-06-28 22:00:00,0.0,0.0,0.0,70.0,26.7,65.0,3.1
2023-06-28 23:00:00,0.0,0.0,0.0,40.0,26.7,72.0,2.6
2023-06-29 00:00:00,0.0,0.0,0.0,40.0,26.7,82.0,2.1
2023-06-29 01:00:00,0.0,0.0,0.0,50.0,26.7,85.0,2.6
2023-06-29 02:00:00,0.0,0.0,0.0,10.0,26.7,82.0,2.1
2023-06-29 03:00:00,0.0,0.0,0.0,10.0,25.6,85.0,2.1
2023-06-29 04:00:00,0.0,0.0,0.0,30.0,25.6,85.0,1.5
2023-06-29 05:00:00,10.0,0.0,10.0,70.0,25.6,79.0,2.1
2023-06-29 06:00:00,58.0,7.0,57.0,70.0,26.7,72.0,2.1
2023-06-29 07:00:00,217.0,80.0,184.0,90.0,28.3,77.0,3.1
2023-06-29 08:00:00,338.0,110.0,272.0,90.0,29.4,67.0,2.6
2023-06-29 09:00:00,525.0,223.0,352.0,90.0,30.0,65.0,4.1
2023-06-29 10:00:00,732.0,466.0,310.0,90.0,31.7,59.0,2.1
2023-06-29 11:00:00,682.0,367.0,326.0,90.0,32.2,57.0,4.1
2023-06-29 12:00:00,280.0,36.0,266.0,90.0,29.4,67.0,5.2
2023-06-29 13:00:00,608.0,329.0,291.0,90.0,27.8,67.0,4.6
2023-06-29 14:00:00,382.0,57.0,333.0,90.0,27.8,69.0,3.1
2023-06-29 15:00:00,450.0,101.0,375.0,100.0,28.3,67.0,6.2
2023-06-29 16:00:00,208.0,2.0,207.0,100.0,27.8,72.0,1.5
2023-06-29 17:00:00,129.0,17.0,124.0,90.0,28.3,72.0,2.6
2023-06-29 18:00:00,52.0,38.0,46.0,90.0,27.8,69.0,2.1
2023-06-29 19:00:00,1.0,0.0,1.0,90.0,27.2,72.0,5.2
2023-06-29 20:00:00,0.0,0.0,0.0,100.0,26.7,74.0,5.2
2023-06-29 21:00:00,0.0,0.0,0.0,100.0,26.1,77.0,6.2
2023-06-29 22:00:00,0.0,0.0,0.0,100.0,26.1,79.0,4.1
2023-06-29 23:00:00,0.0,0.0,0.0,80.0,26.1,79.0,4.1
2023-06-30 00:00:00,0.0,0.0,0.0,80.0,26.1,79.0,2.6
2023-06-30 01:00:00,0.0,0.0,0.0,80.0,26.1,79.0,2.6
2023-06-30 02:00:00,0.0,0.0,0.0,80.0,25.0,91.0,1.5
2023-06-30 03:00:00,0.0,0.0,0.0,80.0,25.0,85.0,2.1
2023-06-30 04:00:00,0.0,0.0,0.0,80.0,25.0,85.0,2.6
2023-06-30 05:00:00,10.0,2.0,10.0,30.0,24.4,87.0,2.6
2023-06-30 06:00:00,99.0,194.0,55.0,40.0,25.0,85.0,2.6
2023-06-30 07:00:00,260.0,287.0,144.0,50.0,28.9,82.0,1.5
2023-06-30 08:00:00,214.0,42.0,215.0,70.0,29.4,77.0,2.1
2023-06-30 09:00:00,378.0,83.0,314.0,90.0,28.9,82.0,3.6
2023-06-30 10:00:00,355.0,125.0,243.0,100.0,29.4,80.0,2.6
2023-06-30 11:00:00,404.0,3.0,402.0,100.0,29.4,82.0,2.1
2023-06-30 12:00:00,326.0,0.0,370.0,100.0,27.8,79.0,6.7
2023-06-30 13:00:00,463.0,4.0,459.0,100.0,27.8,82.0,2.6
2023-06-30 14:00:00,381.0,7.0,375.0,100.0,28.3,77.0,2.6
2023-06-30 15:00:00,294.0,4.0,291.0,100.0,26.7,77.0,3.1
2023-06-30 16:00:00,130.0,0.0,128.0,100.0,26.7,74.0,2.6
2023-06-30 17:00:00,86.0,13.0,81.0,100.0,26.7,74.0,2.6
2023-06-30 18:00:00,22.0,0.0,28.0,100.0,27.1,73.0,2.5
2023-06-30 19:00:00,3.0,0.0,2.0,100.0,27.1,80.0,2.4
2023-06-30 20:00:00,0.0,0.0,0.0,90.0,26.4,83.0,2.1
2023-06-30 21:00:00,0.0,0.0,0.0,70.0,26.2,84.0,2.3
2023-06-30 22:00:00,0.0,0.0,0.0,60.0,26.4,85.0,1.9
2023-06-30 23:00:00,0.0,0.0,0.0,70.0,26.5,85.0,2.0
2023-07-01 00:00:00,0.0,0.0,0.0,90.0,26.9,83.0,2.1
2023-07-01 01:00:00,0.0,0.0,0.0,80.0,27.0,82.0,2.2
2023-07-01 02:00:00,0.0,0.0,0.0,60.0,27.2,80.0,1.8
2023-07-01 03:00:00,0.0,0.0,0.0,60.0,26.4,84.0,2.1
2023-07-01 04:00:00,0.0,0.0,0.0,90.0,26.3,86.0,5.0
2023-07-01 05:00:00,12.0,1.0,12.0,80.0,25.8,86.0,1.6
2023-07-01 06:00:00,67.0,20.0,63.0,80.0,27.2,82.0,2.6
2023-07-01 07:00:00,108.0,81.0,75.0,80.0,26.7,77.0,3.1
2023-07-01 08:00:00,196.0,50.0,164.0,80.0,25.6,85.0,6.2
2023-07-01 09:00:00,326.0,32.0,303.0,80.0,27.2,79.0,3.1
2023-07-01 10:00:00,434.0,74.0,365.0,80.0,27.2,79.0,5.2
2023-07-01 11:00:00,882.0,526.0,369.0,70.0,28.9,74.0,2.6
2023-07-01 12:00:00,919.0,598.0,322.0,50.0,30.6,63.0,3.6
2023-07-01 13:00:00,760.0,348.0,420.0,50.0,30.6,63.0,4.6
2023-07-01 14:00:00,824.0,675.0,234.0,50.0,30.6,61.0,5.2
2023-07-01 15:00:00,647.0,554.0,210.0,80.0,30.0,65.0,5.2
2023-07-01 16:00:00,402.0,283.0,243.0,70.0,29.4,63.0,3.6
2023-07-01 17:00:00,223.0,210.0,146.0,70.0,29.4,61.0,3.1
2023-07-01 18:00:00,63.0,17.0,62.0,90.0,28.3,67.0,2.1
2023-07-01 19:00:00,4.0,1.0,4.0,80.0,28.3,70.0,2.1
2023-07-01 20:00:00,0.0,0.0,0.0,60.0,26.7,79.0,3.6
2023-07-01 21:00:00,0.0,0.0,0.0,30.0,26.1,85.0,2.1
2023-07-01 22:00:00,0.0,0.0,0.0,10.0,26.1,85.0,1.0
2023-07-01 23:00:00,0.0,0.0,0.0,30.0,25.6,88.0,2.1
2023-07-02 00:00:00,0.0,0.0,0.0,50.0,25.6,85.0,1.5
2023-07-02 01:00:00,0.0,0.0,0.0,10.0,25.0,85.0,2.1
2023-07-02 02:00:00,0.0,0.0,0.0,40.0,24.4,90.0,2.6
2023-07-02 03:00:00,0.0,0.0,0.0,30.0,24.4,90.0,2.6
2023-07-02 04:00:00,0.0,0.0,0.0,50.0,24.4,90.0,1.0
2023-07-02 05:00:00,11.0,8.0,10.0,50.0,25.0,90.0,2.1
2023-07-02 06:00:00,68.0,78.0,52.0,50.0,25.6,88.0,2.1
2023-07-02 07:00:00,241.0,242.0,144.0,30.0,27.2,79.0,0.0
2023-07-02 08:00:00,455.0,386.0,221.0,50.0,28.9,65.0,4.1
2023-07-02 09:00:00,696.0,658.0,187.0,40.0,30.0,61.0,4.1
2023-07-02 10:00:00,828.0,666.0,231.0,70.0,30.6,63.0,4.6
2023-07-02 11:00:00,979.0,737.0,205.0,40.0,30.0,63.0,4.6
2023-07-02 12:00:00,958.0,724.0,223.0,50.0,30.6,63.0,4.1
2023-07-02 13:00:00,932.0,737.0,223.0,30.0,30.6,65.0,6.2
2023-07-02 14:00:00,867.0,723.0,201.0,30.0,31.1,59.0,5.7
2023-07-02 15:00:00,693.0,597.0,239.0,80.0,30.6,63.0,5.7
2023-07-02 16:00:00,479.0,506.0,190.0,70.0,30.0,68.0,5.2
2023-07-02 17:00:00,221.0,147.0,168.0,80.0,29.4,67.0,4.1
2023-07-02 18:00:00,77.0,158.0,53.0,80.0,28.3,72.0,2.6
2023-07-02 19:00:00,5.0,3.0,4.0,70.0,27.8,74.0,1.5
2023-07-02 20:00:00,0.0,0.0,0.0,70.0,27.8,74.0,1.5
2023-07-02 21:00:00,0.0,0.0,0.0,70.0,27.8,69.0,1.0
2023-07-02 22:00:00,0.0,0.0,0.0,60.0,27.8,72.0,1.0
2023-07-02 23:00:00,0.0,0.0,0.0,30.0,27.8,74.0,1.0
2023-07-03 00:00:00,0.0,0.0,0.0,30.0,26.7,79.0,1.5
2023-07-03 01:00:00,0.0,0.0,0.0,30.0,26.1,82.0,1.5
2023-07-03 02:00:00,0.0,0.0,0.0,0.0,26.1,82.0,1.0
2023-07-03 03:00:00,0.0,0.0,0.0,10.0,25.6,88.0,2.1
2023-07-03 04:00:00,0.0,0.0,0.0,30.0,25.6,88.0,2.1
2023-07-03 05:00:00,10.0,2.0,8.0,20.0,26.1,85.0,1.5
2023-07-03 06:00:00,90.0,176.0,61.0,10.0,27.2,82.0,2.6
2023-07-03 07:00:00,280.0,394.0,115.0,50.0,28.3,77.0,5.2
2023-07-03 08:00:00,462.0,413.0,211.0,50.0,29.4,70.0,4.1
2023-07-03 09:00:00,669.0,539.0,255.0,50.0,30.0,68.0,5.2
2023-07-03 10:00:00,854.0,629.0,285.0,30.0,30.6,63.0,5.2
2023-07-03 11:00:00,931.0,671.0,276.0,20.0,31.1,57.0,4.6
2023-07-03 12:00:00,978.0,749.0,232.0,30.0,31.1,63.0,5.2
2023-07-03 13:00:00,962.0,728.0,216.0,40.0,31.1,63.0,6.2
2023-07-03 14:00:00,845.0,698.0,204.0,40.0,31.7,64.0,5.2
2023-07-03 15:00:00,692.0,675.0,190.0,20.0,31.1,63.0,4.1
2023-07-03 16:00:00,497.0,582.0,150.0,20.0,31.1,59.0,5.2
2023-07-03 17:00:00,189.0,121.0,144.0,70.0,29.4,65.0,4.1
2023-07-03 18:00:00,34.0,9.0,33.0,70.0,28.9,72.0,3.1
2023-07-03 19:00:00,2.0,0.0,2.0,40.0,28.3,74.0,2.6
2023-07-03 20:00:00,0.0,0.0,0.0,30.0,28.3,74.0,3.1
2023-07-03 21:00:00,0.0,0.0,0.0,30.0,28.3,74.0,2.1
2023-07-03 22:00:00,0.0,0.0,0.0,30.0,27.8,74.0,3.1
2023-07-03 23:00:00,0.0,0.0,0.0,0.0,27.8,79.0,1.5
2023-07-04 00:00:00,0.0,0.0,0.0,0.0,27.2,82.0,0.0
2023-07-04 01:00:00,0.0,0.0,0.0,0.0,26.7,85.0,1.0
2023-07-04 02:00:00,0.0,0.0,0.0,20.0,27.2,82.0,1.0
2023-07-04 03:00:00,0.0,0.0,0.0,20.0,25.6,91.0,1.0
2023-07-04 04:00:00,0.0,0.0,0.0,20.0,25.6,88.0,1.0
2023-07-04 05:00:00,9.0,2.0,9.0,60.0,25.6,88.0,1.0
2023-07-04 06:00:00,90.0,132.0,66.0,20.0,26.7,85.0,1.0
2023-07-04 07:00:00,304.0,432.0,120.0,30.0,28.3,77.0,1.0
2023-07-04 08:00:00,448.0,346.0,244.0,70.0,29.4,70.0,2.1
2023-07-04 09:00:00,540.0,233.0,364.0,90.0,30.6,65.0,1.0
2023-07-04 10:00:00,677.0,230.0,518.0,90.0,31.1,59.0,1.5
2023-07-04 11:00:00,886.0,526.0,374.0,80.0,32.2,54.0,4.1
2023-07-04 12:00:00,1012.0,701.0,255.0,70.0,32.2,60.0,5.2
2023-07-04 13:00:00,999.0,649.0,313.0,100.0,32.2,60.0,6.2
2023-07-04 14:00:00,828.0,514.0,376.0,90.0,31.1,68.0,6.2
2023-07-04 15:00:00,538.0,222.0,372.0,80.0,30.6,61.0,5.2
2023-07-04 16:00:00,404.0,336.0,209.0,80.0,30.6,63.0,3.6
2023-07-04 17:00:00,219.0,214.0,141.0,80.0,30.0,68.0,4.1
2023-07-04 18:00:00,46.0,29.0,42.0,90.0,29.4,70.0,2.6
2023-07-04 19:00:00,5.0,0.0,3.0,70.0,28.9,74.0,2.1
2023-07-04 20:00:00,0.0,0.0,0.0,50.0,28.3,74.0,2.1
2023-07-04 21:00:00,0.0,0.0,0.0,40.0,28.3,74.0,2.1
2023-07-04 22:00:00,0.0,0.0,0.0,30.0,27.8,79.0,1.5
2023-07-04 23:00:00,0.0,0.0,0.0,20.0,27.2,82.0,1.0
2023-07-05 00:00:00,0.0,0.0,0.0,20.0,26.7,85.0,1.5
2023-07-05 01:00:00,0.0,0.0,0.0,20.0,26.7,85.0,2.6
2023-07-05 02:00:00,0.0,0.0,0.0,20.0,26.1,88.0,1.5
2023-07-05 03:00:00,0.0,0.0,0.0,20.0,26.1,91.0,2.1
2023-07-05 04:00:00,0.0,0.0,0.0,30.0,26.1,88.0,2.1
2023-07-05 05:00:00,6.0,1.0,8.0,40.0,25.6,91.0,1.0
2023-07-05 06:00:00,80.0,83.0,65.0,20.0,26.1,91.0,1.5
2023-07-05 07:00:00,302.0,429.0,121.0,30.0,28.9,77.0,3.1
2023-07-05 08:00:00,530.0,559.0,163.0,40.0,30.0,68.0,4.1
2023-07-05 09:00:00,685.0,604.0,207.0,60.0,31.1,57.0,2.6
2023-07-05 10:00:00,697.0,373.0,358.0,90.0,31.7,59.0,2.6
2023-07-05 11:00:00,602.0,213.0,394.0,90.0,32.2,56.0,4.6
2023-07-05 12:00:00,684.0,188.0,494.0,90.0,29.4,65.0,4.6
2023-07-05 13:00:00,617.0,186.0,452.0,90.0,31.7,66.0,5.7
2023-07-05 14:00:00,246.0,0.0,272.0,100.0,25.0,82.0,1.0
2023-07-05 15:00:00,310.0,48.0,274.0,90.0,26.7,85.0,2.6
2023-07-05 16:00:00,104.0,1.0,130.0,90.0,25.6,79.0,4.6
2023-07-05 17:00:00,145.0,39.0,130.0,90.0,25.0,82.0,2.1
2023-07-05 18:00:00,51.0,14.0,49.0,90.0,25.0,87.0,3.1
2023-07-05 19:00:00,1.0,0.0,2.0,100.0,25.0,87.0,2.1
2023-07-05 20:00:00,0.0,0.0,0.0,100.0,25.0,87.0,1.5
2023-07-05 21:00:00,0.0,0.0,0.0,100.0,25.0,90.0,2.1
2023-07-05 22:00:00,0.0,0.0,0.0,70.0,25.0,90.0,2.6
2023-07-05 23:00:00,0.0,0.0,0.0,80.0,25.0,90.0,1.5
2023-07-06 00:00:00,0.0,0.0,0.0,80.0,25.6,82.0,2.6
2023-07-06 01:00:00,0.0,0.0,0.0,60.0,24.4,90.0,2.1
2023-07-06 02:00:00,0.0,0.0,0.0,70.0,24.4,87.0,1.5
2023-07-06 03:00:00,0.0,0.0,0.0,60.0,24.4,87.0,2.1
2023-07-06 04:00:00,0.0,0.0,0.0,40.0,24.4,87.0,2.1
2023-07-06 05:00:00,9.0,5.0,8.0,80.0,24.4,87.0,1.0
2023-07-06 06:00:00,108.0,216.0,68.0,80.0,25.6,82.0,1.5
2023-07-06 07:00:00,241.0,260.0,138.0,80.0,27.2,79.0,2.6
2023-07-06 08:00:00,504.0,562.0,168.0,50.0,28.9,72.0,3.6
2023-07-06 09:00:00,442.0,225.0,270.0,90.0,30.0,65.0,3.1
2023-07-06 10:00:00,574.0,118.0,465.0,100.0,30.0,65.0,3.1
2023-07-06 11:00:00,366.0,149.0,215.0,100.0,27.2,77.0,6.7
2023-07-06 12:00:00,222.0,0.0,220.0,100.0,26.7,79.0,4.6
2023-07-06 13:00:00,423.0,49.0,376.0,100.0,25.0,87.0,3.1
2023-07-06 14:00:00,309.0,10.0,300.0,100.0,26.7,79.0,3.1
2023-07-06 15:00:00,362.0,63.0,316.0,100.0,26.7,79.0,1.0
2023-07-06 16:00:00,175.0,1.0,195.0,100.0,27.2,77.0,1.5
2023-07-06 17:00:00,117.0,0.0,115.0,100.0,27.8,77.0,2.1
2023-07-06 18:00:00,27.0,13.0,24.0,100.0,27.8,77.0,2.1
2023-07-06 19:00:00,3.0,0.0,1.0,90.0,25.6,85.0,3.1
2023-07-06 20:00:00,0.0,0.0,0.0,100.0,25.6,88.0,1.0
2023-07-06 21:00:00,0.0,0.0,0.0,100.0,23.9,94.0,2.1
2023-07-06 22:00:00,0.0,0.0,0.0,100.0,23.9,94.0,1.0
2023-07-06 23:00:00,0.0,0.0,0.0,100.0,23.9,94.0,2.6
2023-07-07 00:00:00,0.0,0.0,0.0,70.0,24.4,94.0,2.1
2023-07-07 01:00:00,0.0,0.0,0.0,50.0,24.4,90.0,1.0
2023-07-07 02:00:00,0.0,0.0,0.0,40.0,24.4,94.0,1.0
2023-07-07 03:00:00,0.0,0.0,0.0,30.0,24.4,90.0,1.0
2023-07-07 04:00:00,0.0,0.0,0.0,80.0,23.9,94.0,1.0
2023-07-07 05:00:00,11.0,1.0,10.0,50.0,24.4,90.0,0.0
2023-07-07 06:00:00,82.0,163.0,54.0,30.0,24.4,90.0,1.5
2023-07-07 07:00:00,274.0,357.0,131.0,40.0,26.7,79.0,1.0
2023-07-07 08:00:00,495.0,553.0,155.0,40.0,27.8,74.0,1.0
2023-07-07 09:00:00,698.0,647.0,178.0,40.0,28.9,70.0,1.5
2023-07-07 10:00:00,539.0,99.0,449.0,80.0,30.0,63.0,1.5
2023-07-07 11:00:00,392.0,0.0,420.0,100.0,29.4,70.0,5.2
2023-07-07 12:00:00,226.0,21.0,200.0,100.0,25.0,82.0,3.6
2023-07-07 13:00:00,573.0,365.0,221.0,80.0,24.4,87.0,3.1
2023-07-07 14:00:00,590.0,155.0,454.0,80.0,25.6,88.0,1.5
2023-07-07 15:00:00,553.0,241.0,373.0,80.0,27.2,79.0,1.0
2023-07-07 16:00:00,260.0,62.0,225.0,90.0,27.8,79.0,2.1
2023-07-07 17:00:00,139.0,7.0,135.0,90.0,27.8,79.0,1.0
2023-07-07 18:00:00,64.0,40.0,54.0,90.0,27.8,79.0,2.1
2023-07-07 19:00:00,3.0,0.0,3.0,90.0,26.1,82.0,1.5
2023-07-07 20:00:00,0.0,0.0,0.0,80.0,25.6,79.0,1.0
2023-07-07 21:00:00,0.0,0.0,0.0,40.0,25.6,85.0,1.0
2023-07-07 22:00:00,0.0,0.0,0.0,20.0,25.0,87.0,1.5
2023-07-07 23:00:00,0.0,0.0,0.0,20.0,25.0,94.0,3.1
2023-07-08 00:00:00,0.0,0.0,0.0,0.0,25.0,90.0,1.0
2023-07-08 01:00:00,0.0,0.0,0.0,0.0,24.4,94.0,0.0
2023-07-08 02:00:00,0.0,0.0,0.0,0.0,23.9,97.0,0.0
2023-07-08 03:00:00,0.0,0.0,0.0,0.0,23.9,97.0,0.0
2023-07-08 04:00:00,0.0,0.0,0.0,0.0,23.3,97.0,0.0
2023-07-08 05:00:00,12.0,1.0,9.0,20.0,23.3,97.0,2.1
2023-07-08 06:00:00,87.0,105.0,66.0,80.0,23.9,97.0,1.0
2023-07-08 07:00:00,292.0,426.0,116.0,30.0,26.1,91.0,2.6
2023-07-08 08:00:00,516.0,571.0,175.0,30.0,27.8,79.0,3.6
2023-07-08 09:00:00,708.0,658.0,192.0,30.0,29.4,67.0,3.1
2023-07-08 10:00:00,868.0,686.0,223.0,50.0,30.6,63.0,4.1
2023-07-08 11:00:00,973.0,711.0,236.0,50.0,31.1,59.0,4.6
2023-07-08 12:00:00,1005.0,699.0,288.0,60.0,31.1,59.0,4.6
2023-07-08 13:00:00,974.0,731.0,235.0,40.0,32.2,54.0,2.6
2023-07-08 14:00:00,696.0,392.0,351.0,70.0,32.2,54.0,7.7
2023-07-08 15:00:00,314.0,34.0,292.0,90.0,28.3,72.0,7.7
2023-07-08 16:00:00,153.0,1.0,169.0,90.0,27.8,72.0,7.2
2023-07-08 17:00:00,58.0,12.0,52.0,100.0,23.9,90.0,8.8
2023-07-08 18:00:00,40.0,14.0,38.0,100.0,25.0,90.0,1.5
2023-07-08 19:00:00,0.0,0.0,0.0,100.0,24.4,87.0,6.2
2023-07-08 20:00:00,0.0,0.0,0.0,80.0,24.4,85.0,1.0
2023-07-08 21:00:00,0.0,0.0,0.0,70.0,24.4,90.0,0.0
2023-07-08 22:00:00,0.0,0.0,0.0,40.0,24.4,87.0,2.1
2023-07-08 23:00:00,0.0,0.0,0.0,10.0,24.4,87.0,2.1
2023-07-09 00:00:00,0.0,0.0,0.0,0.0,24.4,90.0,3.1
2023-07-09 01:00:00,0.0,0.0,0.0,0.0,24.4,87.0,4.6
2023-07-09 02:00:00,0.0,0.0,0.0,0.0,23.9,87.0,2.6
2023-07-09 03:00:00,0.0,0.0,0.0,0.0,25.0,82.0,2.6
2023-07-09 04:00:00,0.0,0.0,0.0,0.0,23.9,87.0,2.6
2023-07-09 05:00:00,6.0,2.0,5.0,10.0,23.9,87.0,2.1
2023-07-09 06:00:00,88.0,162.0,60.0,10.0,25.0,85.0,2.1
2023-07-09 07:00:00,270.0,346.0,134.0,10.0,26.7,82.0,2.1
2023-07-09 08:00:00,484.0,552.0,158.0,40.0,28.3,80.0,4.1
2023-07-09 09:00:00,523.0,425.0,195.0,80.0,25.0,79.0,1.5
2023-07-09 10:00:00,720.0,474.0,294.0,40.0,29.4,70.0,2.6
2023-07-09 11:00:00,543.0,161.0,385.0,70.0,28.3,72.0,5.2
2023-07-09 12:00:00,699.0,257.0,442.0,80.0,27.2,82.0,4.6
2023-07-09 13:00:00,637.0,301.0,347.0,80.0,27.8,79.0,5.7
2023-07-09 14:00:00,503.0,148.0,378.0,60.0,28.9,72.0,3.1
2023-07-09 15:00:00,599.0,437.0,278.0,40.0,30.6,65.0,3.6
2023-07-09 16:00:00,422.0,381.0,206.0,40.0,31.1,59.0,2.1
2023-07-09 17:00:00,265.0,401.0,109.0,30.0,30.6,63.0,3.1
2023-07-09 18:00:00,57.0,61.0,46.0,40.0,28.3,72.0,3.6
2023-07-09 19:00:00,1.0,0.0,1.0,40.0,27.2,79.0,0.0
2023-07-09 20:00:00,0.0,0.0,0.0,30.0,27.8,74.0,0.0
2023-07-09 21:00:00,0.0,0.0,0.0,20.0,27.2,82.0,2.1
2023-07-09 22:00:00,0.0,0.0,0.0,20.0,27.2,79.0,3.1
2023-07-09 23:00:00,0.0,0.0,0.0,10.0,26.7,85.0,2.1
2023-07-10 00:00:00,0.0,0.0,0.0,0.0,26.1,85.0,2.6
2023-07-10 01:00:00,0.0,0.0,0.0,0.0,25.6,88.0,2.1
2023-07-10 02:00:00,0.0,0.0,0.0,0.0,25.6,88.0,1.5
2023-07-10 03:00:00,0.0,0.0,0.0,0.0,25.0,87.0,2.1
2023-07-10 04:00:00,0.0,0.0,0.0,0.0,25.0,90.0,1.5
2023-07-10 05:00:00,11.0,19.0,8.0,0.0,24.4,94.0,1.5
2023-07-10 06:00:00,109.0,371.0,42.0,0.0,26.1,88.0,2.1
2023-07-10 07:00:00,316.0,625.0,70.0,0.0,27.8,77.0,2.6
2023-07-10 08:00:00,509.0,706.0,90.0,10.0,29.4,67.0,4.1
2023-07-10 09:00:00,685.0,675.0,170.0,50.0,30.6,61.0,5.2
2023-07-10 10:00:00,814.0,692.0,196.0,40.0,31.1,55.0,4.1
2023-07-10 11:00:00,716.0,469.0,260.0,40.0,31.7,57.0,2.6
2023-07-10 12:00:00,937.0,680.0,258.0,40.0,32.2,64.0,5.2
2023-07-10 13:00:00,1018.0,754.0,289.0,50.0,32.2,60.0,6.7
2023-07-10 14:00:00,812.0,707.0,190.0,40.0,31.7,61.0,4.1
2023-07-10 15:00:00,680.0,689.0,167.0,30.0,31.7,61.0,5.7
2023-07-10 16:00:00,464.0,524.0,165.0,60.0,31.1,63.0,5.2
2023-07-10 17:00:00,85.0,3.0,84.0,100.0,25.0,76.0,8.2
2023-07-10 18:00:00,63.0,28.0,59.0,90.0,25.0,87.0,2.6
2023-07-10 19:00:00,3.0,2.0,3.0,80.0,25.6,82.0,2.1
2023-07-10 20:00:00,0.0,0.0,0.0,70.0,26.1,82.0,1.0
2023-07-10 21:00:00,0.0,0.0,0.0,40.0,26.7,82.0,1.5
2023-07-10 22:00:00,0.0,0.0,0.0,20.0,26.7,82.0,2.6
2023-07-10 23:00:00,0.0,0.0,0.0,10.0,26.1,85.0,2.6
2023-07-11 00:00:00,0.0,0.0,0.0,10.0,26.1,85.0,2.1
2023-07-11 01:00:00,0.0,0.0,0.0,10.0,26.1,85.0,2.1
2023-07-11 02:00:00,0.0,0.0,0.0,0.0,25.6,91.0,1.5
2023-07-11 03:00:00,0.0,0.0,0.0,0.0,25.0,90.0,1.5
2023-07-11 04:00:00,0.0,0.0,0.0,0.0,25.0,87.0,1.5
2023-07-11 05:00:00,10.0,16.0,8.0,0.0,25.0,90.0,0.0
2023-07-11 06:00:00,104.0,343.0,43.0,10.0,26.7,91.0,0.0
2023-07-11 07:00:00,300.0,532.0,91.0,10.0,28.3,77.0,2.6
2023-07-11 08:00:00,517.0,645.0,135.0,30.0,29.4,70.0,2.1
2023-07-11 09:00:00,653.0,548.0,235.0,50.0,30.6,68.0,2.1
2023-07-11 10:00:00,686.0,444.0,289.0,60.0,31.7,64.0,2.6
2023-07-11 11:00:00,823.0,543.0,294.0,60.0,31.7,64.0,1.0
2023-07-11 12:00:00,957.0,674.0,284.0,50.0,31.7,64.0,5.2
2023-07-11 13:00:00,918.0,678.0,264.0,40.0,31.7,64.0,7.2
2023-07-11 14:00:00,680.0,435.0,297.0,70.0,28.9,57.0,5.2
2023-07-11 15:00:00,589.0,488.0,225.0,60.0,27.2,77.0,2.1
2023-07-11 16:00:00,470.0,632.0,110.0,30.0,30.6,70.0,5.2
2023-07-11 17:00:00,230.0,271.0,131.0,40.0,30.0,72.0,5.2
2023-07-11 18:00:00,66.0,66.0,56.0,70.0,29.4,75.0,3.1
2023-07-11 19:00:00,2.0,1.0,2.0,70.0,28.9,77.0,3.1
2023-07-11 20:00:00,0.0,0.0,0.0,80.0,28.3,82.0,3.1
2023-07-11 21:00:00,0.0,0.0,0.0,70.0,27.8,82.0,2.6
2023-07-11 22:00:00,0.0,0.0,0.0,50.0,27.8,82.0,2.6
2023-07-11 23:00:00,0.0,0.0,0.0,10.0,26.7,88.0,1.5
2023-07-12 00:00:00,0.0,0.0,0.0,60.0,26.7,91.0,2.6
2023-07-12 01:00:00,0.0,0.0,0.0,60.0,26.7,85.0,2.1
2023-07-12 02:00:00,0.0,0.0,0.0,30.0,26.1,91.0,1.5
2023-07-12 03:00:00,0.0,0.0,0.0,30.0,26.1,91.0,2.1
2023-07-12 04:00:00,0.0,0.0,0.0,20.0,26.1,91.0,2.1
2023-07-12 05:00:00,6.0,2.0,5.0,40.0,26.1,91.0,0.0
2023-07-12 06:00:00,63.0,57.0,53.0,40.0,27.2,85.0,1.5
2023-07-12 07:00:00,273.0,377.0,126.0,30.0,28.3,82.0,2.6
2023-07-12 08:00:00,331.0,45.0,305.0,70.0,29.4,75.0,3.6
2023-07-12 09:00:00,699.0,610.0,235.0,30.0,31.1,63.0,6.2
2023-07-12 10:00:00,818.0,618.0,267.0,30.0,31.7,61.0,6.2
2023-07-12 11:00:00,949.0,726.0,243.0,80.0,32.2,56.0,6.7
2023-07-12 12:00:00,975.0,635.0,341.0,100.0,32.2,60.0,6.2
2023-07-12 13:00:00,907.0,613.0,315.0,80.0,32.2,60.0,7.2
2023-07-12 14:00:00,795.0,588.0,278.0,70.0,32.2,54.0,7.2
2023-07-12 15:00:00,657.0,518.0,271.0,80.0,31.7,57.0,6.2
2023-07-12 16:00:00,487.0,466.0,221.0,90.0,31.7,61.0,5.7
2023-07-12 17:00:00,230.0,271.0,131.0,90.0,30.6,65.0,5.7
2023-07-12 18:00:00,77.0,131.0,57.0,90.0,29.4,70.0,5.7
2023-07-12 19:00:00,4.0,0.0,4.0,80.0,28.9,74.0,4.6
2023-07-12 20:00:00,0.0,0.0,0.0,70.0,28.9,74.0,3.6
2023-07-12 21:00:00,0.0,0.0,0.0,50.0,28.3,77.0,1.5
2023-07-12 22:00:00,0.0,0.0,0.0,30.0,27.8,82.0,1.5
2023-07-12 23:00:00,0.0,0.0,0.0,20.0,27.2,82.0,1.5
2023-07-13 00:00:00,0.0,0.0,0.0,10.0,26.7,88.0,1.5
2023-07-13 01:00:00,0.0,0.0,0.0,20.0,26.7,88.0,1.5
2023-07-13 02:00:00,0.0,0.0,0.0,10.0,27.2,82.0,2.6
2023-07-13 03:00:00,0.0,0.0,0.0,20.0,27.8,77.0,2.1
2023-07-13 04:00:00,0.0,0.0,0.0,20.0,27.8,79.0,2.6
2023-07-13 05:00:00,8.0,4.0,7.0,30.0,28.3,77.0,3.6
2023-07-13 06:00:00,95.0,207.0,59.0,40.0,28.3,74.0,4.1
2023-07-13 07:00:00,300.0,512.0,100.0,70.0,29.4,70.0,5.2
2023-07-13 08:00:00,500.0,566.0,166.0,80.0,30.0,68.0,7.2
2023-07-13 09:00:00,624.0,532.0,219.0,80.0,30.6,70.0,7.2
2023-07-13 10:00:00,576.0,315.0,295.0,70.0,31.1,70.0,5.7
2023-07-13 11:00:00,725.0,377.0,358.0,100.0,31.7,66.0,6.2
2023-07-13 12:00:00,920.0,608.0,313.0,100.0,31.1,66.0,5.7
2023-07-13 13:00:00,962.0,664.0,320.0,80.0,31.1,66.0,5.7
2023-07-13 14:00:00,782.0,560.0,290.0,80.0,31.7,66.0,6.2
2023-07-13 15:00:00,615.0,449.0,281.0,90.0,31.1,68.0,5.2
2023-07-13 16:00:00,445.0,344.0,249.0,90.0,31.1,63.0,5.7
2023-07-13 17:00:00,254.0,285.0,150.0,80.0,30.0,70.0,6.2
2023-07-13 18:00:00,77.0,198.0,47.0,50.0,28.9,72.0,5.7
2023-07-13 19:00:00,4.0,3.0,3.0,20.0,28.9,72.0,3.6
2023-07-13 20:00:00,0.0,0.0,0.0,20.0,28.3,74.0,4.6
2023-07-13 21:00:00,0.0,0.0,0.0,10.0,28.3,77.0,3.1
2023-07-13 22:00:00,0.0,0.0,0.0,20.0,28.9,74.0,5.7
2023-07-13 23:00:00,0.0,0.0,0.0,20.0,28.9,74.0,5.2
2023-07-14 00:00:00,0.0,0.0,0.0,20.0,28.9,74.0,4.6
2023-07-14 01:00:00,0.0,0.0,0.0,10.0,28.3,77.0,3.6
2023-07-14 02:00:00,0.0,0.0,0.0,10.0,28.3,74.0,3.6
2023-07-14 03:00:00,0.0,0.0,0.0,10.0,28.3,77.0,5.2
2023-07-14 04:00:00,0.0,0.0,0.0,10.0,27.8,79.0,4.1
2023-07-14 05:00:00,5.0,3.0,5.0,60.0,28.3,74.0,4.6
2023-07-14 06:00:00,84.0,119.0,63.0,40.0,28.9,72.0,5.2
2023-07-14 07:00:00,303.0,503.0,108.0,30.0,29.4,70.0,7.7
2023-07-14 08:00:00,339.0,253.0,190.0,50.0,30.6,65.0,8.2
2023-07-14 09:00:00,680.0,606.0,220.0,50.0,30.6,63.0,8.8
2023-07-14 10:00:00,752.0,547.0,265.0,60.0,30.6,68.0,7.2
2023-07-14 11:00:00,909.0,590.0,336.0,60.0,30.6,63.0,8.2
2023-07-14 12:00:00,834.0,448.0,388.0,70.0,31.1,63.0,9.8
2023-07-14 13:00:00,834.0,464.0,386.0,50.0,31.1,63.0,10.3
2023-07-14 14:00:00,801.0,579.0,292.0,50.0,31.1,61.0,10.3
2023-07-14 15:00:00,417.0,172.0,289.0,70.0,31.1,63.0,8.8
2023-07-14 16:00:00,280.0,98.0,225.0,80.0,30.6,68.0,9.8
2023-07-14 17:00:00,228.0,220.0,147.0,80.0,30.0,70.0,8.8
2023-07-14 18:00:00,45.0,26.0,41.0,90.0,29.4,70.0,9.3
2023-07-14 19:00:00,2.0,1.0,2.0,60.0,28.9,72.0,8.2
2023-07-14 20:00:00,0.0,0.0,0.0,70.0,28.9,72.0,8.2
2023-07-14 21:00:00,0.0,0.0,0.0,70.0,28.9,72.0,7.7
2023-07-14 22:00:00,0.0,0.0,0.0,30.0,25.6,85.0,3.1
2023-07-14 23:00:00,0.0,0.0,0.0,20.0,27.8,77.0,6.2
2023-07-15 00:00:00,0.0,0.0,0.0,30.0,27.2,82.0,4.1
2023-07-15 01:00:00,0.0,0.0,0.0,60.0,27.8,77.0,5.2
2023-07-15 02:00:00,0.0,0.0,0.0,60.0,26.1,82.0,5.7
2023-07-15 03:00:00,0.0,0.0,0.0,40.0,27.2,79.0,5.7
2023-07-15 04:00:00,0.0,0.0,0.0,40.0,26.7,74.0,6.2
2023-07-15 05:00:00,6.0,0.0,6.0,80.0,27.2,77.0,6.2
2023-07-15 06:00:00,71.0,63.0,60.0,100.0,27.8,72.0,7.7
2023-07-15 07:00:00,228.0,173.0,161.0,90.0,28.3,72.0,8.2
2023-07-15 08:00:00,354.0,129.0,278.0,80.0,28.9,72.0,8.8
2023-07-15 09:00:00,379.0,45.0,344.0,80.0,30.0,70.0,7.7
2023-07-15 10:00:00,544.0,161.0,401.0,80.0,30.6,65.0,10.3
2023-07-15 11:00:00,474.0,208.0,271.0,90.0,28.9,72.0,10.3
2023-07-15 12:00:00,538.0,72.0,466.0,90.0,29.4,67.0,8.2
2023-07-15 13:00:00,834.0,486.0,364.0,60.0,30.6,65.0,11.3
2023-07-15 14:00:00,617.0,268.0,381.0,70.0,30.6,65.0,12.4
2023-07-15 15:00:00,543.0,331.0,297.0,50.0,30.6,65.0,9.3
2023-07-15 16:00:00,301.0,155.0,213.0,60.0,30.0,61.0,10.8
2023-07-15 17:00:00,212.0,208.0,136.0,80.0,29.4,67.0,7.7
2023-07-15 18:00:00,46.0,36.0,41.0,90.0,28.9,67.0,7.7
2023-07-15 19:00:00,5.0,0.0,5.0,70.0,28.3,72.0,7.2
2023-07-15 20:00:00,0.0,0.0,0.0,30.0,28.3,72.0,5.2
2023-07-15 21:00:00,0.0,0.0,0.0,40.0,27.8,74.0,5.7
2023-07-15 22:00:00,0.0,0.0,0.0,70.0,26.1,82.0,8.2
2023-07-15 23:00:00,0.0,0.0,0.0,40.0,26.7,79.0,5.2
2023-07-16 00:00:00,0.0,0.0,0.0,40.0,26.7,82.0,5.7
2023-07-16 01:00:00,0.0,0.0,0.0,20.0,26.7,85.0,5.7
2023-07-16 02:00:00,0.0,0.0,0.0,0.0,26.1,82.0,4.6
2023-07-16 03:00:00,0.0,0.0,0.0,60.0,25.6,88.0,3.6
2023-07-16 04:00:00,0.0,0.0,0.0,40.0,25.6,85.0,5.2
2023-07-16 05:00:00,6.0,4.0,5.0,40.0,25.6,88.0,3.1
2023-07-16 06:00:00,94.0,194.0,61.0,40.0,26.1,85.0,3.6
2023-07-16 07:00:00,247.0,268.0,144.0,60.0,26.1,88.0,4.1
2023-07-16 08:00:00,404.0,239.0,264.0,90.0,27.2,77.0,4.6
2023-07-16 09:00:00,113.0,3.0,111.0,100.0,24.4,94.0,6.2
2023-07-16 10:00:00,172.0,7.0,166.0,100.0,23.3,97.0,4.1
2023-07-16 11:00:00,250.0,7.0,244.0,100.0,25.6,91.0,2.1
2023-07-16 12:00:00,370.0,8.0,362.0,100.0,28.3,82.0,5.2
2023-07-16 13:00:00,352.0,0.0,352.0,100.0,28.3,77.0,8.2
2023-07-16 14:00:00,370.0,4.0,367.0,100.0,27.8,77.0,9.3
2023-07-16 15:00:00,606.0,327.0,362.0,100.0,28.3,72.0,10.8
2023-07-16 16:00:00,304.0,62.0,268.0,100.0,27.2,72.0,9.3
2023-07-16 17:00:00,195.0,159.0,137.0,100.0,27.2,74.0,9.3
2023-07-16 18:00:00,64.0,19.0,61.0,100.0,27.2,79.0,8.8
2023-07-16 19:00:00,2.0,0.0,2.0,100.0,27.8,77.0,9.8
2023-07-16 20:00:00,0.0,0.0,0.0,90.0,27.2,79.0,6.2
2023-07-16 21:00:00,0.0,0.0,0.0,50.0,25.6,85.0,10.3
2023-07-16 22:00:00,0.0,0.0,0.0,80.0,26.1,77.0,7.2
2023-07-16 23:00:00,0.0,0.0,0.0,80.0,26.7,79.0,6.2
2023-07-17 00:00:00,0.0,0.0,0.0,100.0,26.1,79.0,4.6
2023-07-17 01:00:00,0.0,0.0,0.0,100.0,26.1,79.0,3.1
2023-07-17 02:00:00,0.0,0.0,0.0,100.0,26.7,77.0,3.6
2023-07-17 03:00:00,0.0,0.0,0.0,100.0,26.7,85.0,3.1
2023-07-17 04:00:00,0.0,0.0,0.0,100.0,24.4,79.0,2.6
2023-07-17 05:00:00,1.0,0.0,1.0,100.0,25.6,85.0,2.6
2023-07-17 06:00:00,30.0,0.0,30.0,100.0,27.8,82.0,5.7
2023-07-17 07:00:00,166.0,31.0,155.0,100.0,28.9,77.0,7.7
2023-07-17 08:00:00,392.0,201.0,274.0,100.0,28.9,74.0,9.3
2023-07-17 09:00:00,291.0,10.0,284.0,100.0,29.4,70.0,6.7
2023-07-17 10:00:00,349.0,2.0,347.0,100.0,29.4,70.0,7.2
2023-07-17 11:00:00,381.0,2.0,379.0,100.0,29.4,72.0,7.7
2023-07-17 12:00:00,519.0,2.0,516.0,100.0,30.0,70.0,7.7
2023-07-17 13:00:00,490.0,3.0,487.0,100.0,30.0,70.0,9.3
2023-07-17 14:00:00,382.0,1.0,382.0,100.0,30.0,68.0,8.2
2023-07-17 15:00:00,282.0,1.0,282.0,100.0,29.4,70.0,7.7
2023-07-17 16:00:00,259.0,56.0,227.0,100.0,29.4,70.0,5.2
2023-07-17 17:00:00,129.0,41.0,114.0,100.0,28.9,72.0,5.2
2023-07-17 18:00:00,48.0,9.0,47.0,100.0,28.9,72.0,4.6
2023-07-17 19:00:00,2.0,0.0,2.0,100.0,28.3,80.0,7.7
2023-07-17 20:00:00,0.0,0.0,0.0,80.0,28.3,80.0,5.7
2023-07-17 21:00:00,0.0,0.0,0.0,80.0,28.3,80.0,5.2
2023-07-17 22:00:00,0.0,0.0,0.0,80.0,28.3,77.0,5.2
2023-07-17 23:00:00,0.0,0.0,0.0,70.0,27.8,79.0,4.6
2023-07-18 00:00:00,0.0,0.0,0.0,50.0,27.8,77.0,6.7
2023-07-18 01:00:00,0.0,0.0,0.0,40.0,27.2,79.0,5.2
2023-07-18 02:00:00,0.0,0.0,0.0,30.0,27.2,79.0,4.6
2023-07-18 03:00:00,0.0,0.0,0.0,30.0,27.2,79.0,5.7
2023-07-18 04:00:00,0.0,0.0,0.0,50.0,27.2,79.0,4.6
2023-07-18 05:00:00,2.0,0.0,2.0,80.0,27.2,82.0,4.6
2023-07-18 06:00:00,75.0,80.0,61.0,80.0,27.8,72.0,5.2
2023-07-18 07:00:00,236.0,231.0,147.0,80.0,28.9,70.0,7.7
2023-07-18 08:00:00,393.0,304.0,216.0,80.0,28.9,70.0,7.2
2023-07-18 09:00:00,413.0,69.0,361.0,90.0,30.0,68.0,4.1
2023-07-18 10:00:00,551.0,68.0,491.0,80.0,30.6,65.0,8.8
2023-07-18 11:00:00,362.0,88.0,276.0,90.0,30.6,65.0,8.8
2023-07-18 12:00:00,633.0,205.0,429.0,90.0,30.6,63.0,8.8
2023-07-18 13:00:00,924.0,658.0,289.0,30.0,30.6,63.0,8.8
2023-07-18 14:00:00,703.0,354.0,393.0,70.0,30.0,65.0,8.2
2023-07-18 15:00:00,674.0,550.0,265.0,30.0,30.6,61.0,8.8
2023-07-18 16:00:00,353.0,231.0,222.0,50.0,30.0,65.0,8.2
2023-07-18 17:00:00,231.0,314.0,116.0,20.0,29.4,67.0,7.2
2023-07-18 18:00:00,60.0,83.0,48.0,20.0,28.9,70.0,6.2
2023-07-18 19:00:00,1.0,0.0,1.0,20.0,28.3,74.0,6.2
2023-07-18 20:00:00,0.0,0.0,0.0,20.0,28.3,74.0,5.7
2023-07-18 21:00:00,0.0,0.0,0.0,40.0,28.3,77.0,5.2
2023-07-18 22:00:00,0.0,0.0,0.0,20.0,28.3,74.0,5.2
2023-07-18 23:00:00,0.0,0.0,0.0,20.0,27.8,77.0,4.6
2023-07-19 00:00:00,0.0,0.0,0.0,20.0,27.8,74.0,4.1
2023-07-19 01:00:00,0.0,0.0,0.0,20.0,27.8,74.0,2.6
2023-07-19 02:00:00,0.0,0.0,0.0,40.0,26.1,88.0,3.6
2023-07-19 03:00:00,0.0,0.0,0.0,20.0,26.7,79.0,3.1
2023-07-19 04:00:00,0.0,0.0,0.0,20.0,26.7,82.0,2.6
2023-07-19 05:00:00,5.0,5.0,4.0,30.0,26.7,85.0,3.1
2023-07-19 06:00:00,88.0,243.0,48.0,20.0,27.8,77.0,6.2
2023-07-19 07:00:00,320.0,561.0,106.0,30.0,28.9,70.0,7.7
2023-07-19 08:00:00,496.0,520.0,192.0,40.0,29.4,70.0,8.2
2023-07-19 09:00:00,548.0,434.0,219.0,40.0,30.0,68.0,6.7
2023-07-19 10:00:00,814.0,614.0,269.0,40.0,30.0,65.0,6.7
2023-07-19 11:00:00,723.0,415.0,321.0,50.0,30.6,68.0,7.7
2023-07-19 12:00:00,749.0,442.0,309.0,30.0,30.6,61.0,7.2
2023-07-19 13:00:00,910.0,727.0,208.0,30.0,30.6,63.0,8.8
2023-07-19 14:00:00,819.0,640.0,258.0,30.0,30.6,61.0,7.2
2023-07-19 15:00:00,724.0,720.0,189.0,30.0,30.6,61.0,7.2
2023-07-19 16:00:00,445.0,503.0,160.0,30.0,30.0,65.0,6.7
2023-07-19 17:00:00,259.0,452.0,95.0,30.0,30.0,63.0,5.2
2023-07-19 18:00:00,73.0,119.0,55.0,50.0,28.9,70.0,5.7
2023-07-19 19:00:00,2.0,2.0,2.0,20.0,28.3,72.0,5.2
2023-07-19 20:00:00,0.0,0.0,0.0,20.0,28.3,72.0,4.6
2023-07-19 21:00:00,0.0,0.0,0.0,10.0,28.3,72.0,4.6
2023-07-19 22:00:00,0.0,0.0,0.0,30.0,28.3,74.0,6.2
2023-07-19 23:00:00,0.0,0.0,0.0,30.0,28.3,72.0,5.2
2023-07-20 00:00:00,0.0,0.0,0.0,30.0,27.8,74.0,6.2
2023-07-20 01:00:00,0.0,0.0,0.0,0.0,27.2,72.0,3.6
2023-07-20 02:00:00,0.0,0.0,0.0,0.0,27.2,77.0,4.6
2023-07-20 03:00:00,0.0,0.0,0.0,0.0,27.2,79.0,2.6
2023-07-20 04:00:00,0.0,0.0,0.0,0.0,26.7,79.0,2.6
2023-07-20 05:00:00,2.0,0.0,2.0,20.0,26.7,82.0,2.6
2023-07-20 06:00:00,74.0,139.0,51.0,30.0,27.8,77.0,4.1
2023-07-20 07:00:00,251.0,259.0,152.0,40.0,28.9,70.0,7.2
2023-07-20 08:00:00,418.0,353.0,212.0,50.0,28.9,67.0,7.2
2023-07-20 09:00:00,448.0,188.0,306.0,80.0,30.0,65.0,5.7
2023-07-20 10:00:00,832.0,432.0,449.0,80.0,30.0,61.0,5.2
2023-07-20 11:00:00,698.0,280.0,427.0,80.0,30.6,65.0,6.2
2023-07-20 12:00:00,705.0,254.0,452.0,80.0,31.1,57.0,5.2
2023-07-20 13:00:00,620.0,235.0,394.0,80.0,30.6,61.0,6.2
2023-07-20 14:00:00,780.0,532.0,312.0,80.0,30.6,59.0,6.2
2023-07-20 15:00:00,535.0,362.0,267.0,50.0,30.6,61.0,6.2
2023-07-20 16:00:00,387.0,208.0,270.0,80.0,30.6,59.0,6.2
2023-07-20 17:00:00,252.0,305.0,141.0,70.0,29.4,63.0,7.2
2023-07-20 18:00:00,63.0,73.0,52.0,60.0,28.9,65.0,5.2
2023-07-20 19:00:00,3.0,0.0,3.0,50.0,27.8,72.0,6.2
2023-07-20 20:00:00,0.0,0.0,0.0,50.0,27.8,69.0,5.7
2023-07-20 21:00:00,0.0,0.0,0.0,40.0,27.8,67.0,5.2
2023-07-20 22:00:00,0.0,0.0,0.0,60.0,27.8,67.0,3.1
2023-07-20 23:00:00,0.0,0.0,0.0,60.0,27.8,72.0,3.1
2023-07-21 00:00:00,0.0,0.0,0.0,70.0,27.2,77.0,2.1
2023-07-21 01:00:00,0.0,0.0,0.0,60.0,27.2,77.0,3.1
2023-07-21 02:00:00,0.0,0.0,0.0,60.0,27.2,77.0,3.1
2023-07-21 03:00:00,0.0,0.0,0.0,80.0,27.2,79.0,2.6
2023-07-21 04:00:00,0.0,0.0,0.0,80.0,26.1,88.0,2.6
2023-07-21 05:00:00,7.0,1.0,7.0,100.0,26.1,85.0,1.5
2023-07-21 06:00:00,78.0,96.0,62.0,100.0,26.7,85.0,1.5
2023-07-21 07:00:00,168.0,156.0,108.0,90.0,27.8,77.0,2.6
2023-07-21 08:00:00,336.0,200.0,220.0,90.0,27.8,82.0,3.1
2023-07-21 09:00:00,549.0,292.0,328.0,90.0,29.4,72.0,4.6
2023-07-21 10:00:00,799.0,584.0,280.0,80.0,30.6,65.0,5.7
2023-07-21 11:00:00,643.0,315.0,338.0,80.0,30.6,65.0,4.6
2023-07-21 12:00:00,791.0,397.0,396.0,90.0,30.0,65.0,4.6
2023-07-21 13:00:00,854.0,538.0,335.0,90.0,30.6,63.0,5.2
2023-07-21 14:00:00,849.0,676.0,255.0,90.0,30.0,68.0,5.7
2023-07-21 15:00:00,574.0,358.0,308.0,90.0,30.0,68.0,5.2
2023-07-21 16:00:00,338.0,145.0,256.0,90.0,30.0,68.0,6.2
2023-07-21 17:00:00,187.0,145.0,135.0,80.0,28.9,72.0,6.2
2023-07-21 18:00:00,63.0,74.0,52.0,80.0,28.3,74.0,4.6
2023-07-21 19:00:00,3.0,0.0,3.0,80.0,27.8,74.0,4.1
2023-07-21 20:00:00,0.0,0.0,0.0,80.0,27.8,77.0,4.1
2023-07-21 21:00:00,0.0,0.0,0.0,70.0,27.8,74.0,4.1
2023-07-21 22:00:00,0.0,0.0,0.0,70.0,27.8,74.0,5.2
2023-07-21 23:00:00,0.0,0.0,0.0,90.0,27.8,74.0,1.5
2023-07-22 00:00:00,0.0,0.0,0.0,90.0,27.2,79.0,2.6
2023-07-22 01:00:00,0.0,0.0,0.0,90.0,25.6,82.0,2.6
2023-07-22 02:00:00,0.0,0.0,0.0,90.0,27.2,77.0,7.2
2023-07-22 03:00:00,0.0,0.0,0.0,60.0,27.2,77.0,3.1
2023-07-22 04:00:00,0.0,0.0,0.0,80.0,27.2,82.0,1.5
2023-07-22 05:00:00,2.0,0.0,2.0,90.0,25.6,85.0,1.5
2023-07-22 06:00:00,63.0,37.0,57.0,90.0,26.1,85.0,2.6
2023-07-22 07:00:00,174.0,75.0,146.0,100.0,27.8,74.0,2.1
2023-07-22 08:00:00,496.0,392.0,268.0,100.0,30.0,63.0,3.6
2023-07-22 09:00:00,650.0,381.0,362.0,90.0,30.6,59.0,4.1
2023-07-22 10:00:00,762.0,409.0,400.0,100.0,30.6,63.0,4.6
2023-07-22 11:00:00,920.0,453.0,481.0,100.0,31.1,61.0,4.1
2023-07-22 12:00:00,945.0,507.0,440.0,100.0,31.1,59.0,5.7
2023-07-22 13:00:00,675.0,245.0,439.0,100.0,30.6,61.0,5.7
2023-07-22 14:00:00,813.0,487.0,386.0,100.0,31.1,63.0,6.2
2023-07-22 15:00:00,523.0,252.0,336.0,90.0,30.6,65.0,7.2
2023-07-22 16:00:00,326.0,96.0,272.0,90.0,29.4,70.0,4.1
2023-07-22 17:00:00,127.0,36.0,114.0,100.0,28.9,72.0,4.6
2023-07-22 18:00:00,42.0,2.0,42.0,100.0,28.3,74.0,3.1
2023-07-22 19:00:00,0.0,0.0,0.0,100.0,28.3,74.0,2.6
2023-07-22 20:00:00,0.0,0.0,0.0,100.0,27.8,72.0,2.1
2023-07-22 21:00:00,0.0,0.0,0.0,100.0,27.8,79.0,2.1
2023-07-22 22:00:00,0.0,0.0,0.0,100.0,27.8,79.0,2.6
2023-07-22 23:00:00,0.0,0.0,0.0,100.0,26.1,82.0,2.6
2023-07-23 00:00:00,0.0,0.0,0.0,100.0,26.1,82.0,0.0
2023-07-23 01:00:00,0.0,0.0,0.0,50.0,25.0,87.0,2.6
2023-07-23 02:00:00,0.0,0.0,0.0,70.0,26.1,88.0,0.0
2023-07-23 03:00:00,0.0,0.0,0.0,70.0,26.1,85.0,0.0
2023-07-23 04:00:00,0.0,0.0,0.0,70.0,25.0,94.0,0.0
2023-07-23 05:00:00,3.0,0.0,3.0,80.0,25.6,91.0,3.1
2023-07-23 06:00:00,67.0,33.0,61.0,100.0,26.1,88.0,0.0
2023-07-23 07:00:00,248.0,186.0,179.0,100.0,28.3,77.0,1.5
2023-07-23 08:00:00,478.0,471.0,189.0,100.0,29.4,72.0,3.1
2023-07-23 09:00:00,628.0,419.0,313.0,100.0,30.6,68.0,3.1
2023-07-23 10:00:00,763.0,454.0,360.0,100.0,31.1,63.0,3.1
2023-07-23 11:00:00,910.0,546.0,384.0,100.0,31.1,66.0,4.1
2023-07-23 12:00:00,907.0,479.0,432.0,100.0,31.7,61.0,6.7
2023-07-23 13:00:00,477.0,76.0,411.0,100.0,28.3,59.0,3.1
2023-07-23 14:00:00,539.0,163.0,396.0,100.0,27.2,67.0,1.5
2023-07-23 15:00:00,405.0,139.0,302.0,100.0,27.8,67.0,2.1
2023-07-23 16:00:00,190.0,30.0,173.0,90.0,29.4,67.0,3.1
2023-07-23 17:00:00,108.0,0.0,124.0,100.0,27.2,74.0,6.7
2023-07-23 18:00:00,34.0,22.0,31.0,100.0,25.0,82.0,4.1
2023-07-23 19:00:00,1.0,0.0,1.0,80.0,25.0,82.0,1.5
2023-07-23 20:00:00,0.0,0.0,0.0,70.0,25.0,82.0,2.1
2023-07-23 21:00:00,0.0,0.0,0.0,70.0,25.0,85.0,2.1
2023-07-23 22:00:00,0.0,0.0,0.0,70.0,26.1,82.0,1.0
2023-07-23 23:00:00,0.0,0.0,0.0,70.0,25.0,85.0,2.1
2023-07-24 00:00:00,0.0,0.0,0.0,100.0,25.0,85.0,2.1
2023-07-24 01:00:00,0.0,0.0,0.0,100.0,25.0,85.0,1.5
2023-07-24 02:00:00,0.0,0.0,0.0,100.0,25.0,87.0,0.0
2023-07-24 03:00:00,0.0,0.0,0.0,100.0,24.4,90.0,0.0
2023-07-24 04:00:00,0.0,0.0,0.0,100.0,24.4,94.0,2.1
2023-07-24 05:00:00,4.0,0.0,4.0,90.0,25.0,87.0,2.1
2023-07-24 06:00:00,63.0,17.0,60.0,80.0,25.6,91.0,0.0
2023-07-24 07:00:00,230.0,168.0,167.0,80.0,27.8,79.0,2.1
2023-07-24 08:00:00,414.0,279.0,250.0,80.0,28.9,74.0,3.1
2023-07-24 09:00:00,427.0,141.0,323.0,100.0,29.4,70.0,5.2
2023-07-24 10:00:00,607.0,191.0,440.0,100.0,30.0,70.0,5.2
2023-07-24 11:00:00,834.0,460.0,386.0,100.0,30.6,63.0,5.7
2023-07-24 12:00:00,931.0,615.0,283.0,100.0,31.7,61.0,6.2
2023-07-24 13:00:00,550.0,59.0,523.0,100.0,31.7,59.0,5.2
2023-07-24 14:00:00,460.0,151.0,328.0,100.0,26.7,69.0,4.6
2023-07-24 15:00:00,101.0,1.0,140.0,90.0,25.0,79.0,6.2
2023-07-24 16:00:00,258.0,77.0,215.0,80.0,27.2,88.0,3.6
2023-07-24 17:00:00,74.0,36.0,59.0,90.0,28.3,82.0,3.1
2023-07-24 18:00:00,19.0,0.0,28.0,100.0,23.9,74.0,5.2
2023-07-24 19:00:00,2.0,0.0,2.0,100.0,25.0,71.0,1.0
2023-07-24 20:00:00,0.0,0.0,0.0,100.0,24.4,79.0,1.0
2023-07-24 21:00:00,0.0,0.0,0.0,100.0,25.0,79.0,0.0
2023-07-24 22:00:00,0.0,0.0,0.0,80.0,25.0,82.0,0.0
2023-07-24 23:00:00,0.0,0.0,0.0,80.0,25.0,85.0,0.0
2023-07-25 00:00:00,0.0,0.0,0.0,100.0,25.0,87.0,2.6
2023-07-25 01:00:00,0.0,0.0,0.0,80.0,25.0,90.0,2.6
2023-07-25 02:00:00,0.0,0.0,0.0,80.0,25.0,94.0,2.1
2023-07-25 03:00:00,0.0,0.0,0.0,80.0,25.0,94.0,2.1
2023-07-25 04:00:00,0.0,0.0,0.0,80.0,24.4,94.0,2.6
2023-07-25 05:00:00,5.0,2.0,5.0,90.0,25.0,90.0,2.6
2023-07-25 06:00:00,85.0,180.0,57.0,90.0,25.6,91.0,2.6
2023-07-25 07:00:00,275.0,399.0,126.0,70.0,27.2,82.0,2.6
2023-07-25 08:00:00,393.0,305.0,217.0,70.0,28.9,77.0,4.1
2023-07-25 09:00:00,407.0,93.0,337.0,70.0,30.0,68.0,3.6
2023-07-25 10:00:00,649.0,297.0,391.0,80.0,30.6,61.0,2.6
2023-07-25 11:00:00,323.0,1.0,338.0,90.0,25.6,88.0,2.1
2023-07-25 12:00:00,791.0,441.0,353.0,80.0,26.7,85.0,3.6
2023-07-25 13:00:00,555.0,203.0,360.0,70.0,30.6,72.0,6.2
2023-07-25 14:00:00,275.0,76.0,208.0,90.0,26.7,74.0,13.9
2023-07-25 15:00:00,204.0,13.0,195.0,100.0,23.3,87.0,3.1
2023-07-25 16:00:00,156.0,7.0,152.0,100.0,25.0,85.0,1.0
2023-07-25 17:00:00,62.0,0.0,73.0,100.0,25.6,91.0,2.1
2023-07-25 18:00:00,39.0,3.0,38.0,100.0,26.1,88.0,1.5
2023-07-25 19:00:00,2.0,0.0,2.0,100.0,26.1,85.0,1.5
2023-07-25 20:00:00,0.0,0.0,0.0,70.0,26.1,88.0,1.5
2023-07-25 21:00:00,0.0,0.0,0.0,50.0,26.1,88.0,1.5
2023-07-25 22:00:00,0.0,0.0,0.0,40.0,25.6,91.0,1.0
2023-07-25 23:00:00,0.0,0.0,0.0,30.0,25.6,94.0,1.5
2023-07-26 00:00:00,0.0,0.0,0.0,30.0,25.0,94.0,1.5
2023-07-26 01:00:00,0.0,0.0,0.0,30.0,25.0,90.0,1.5
2023-07-26 02:00:00,0.0,0.0,0.0,90.0,25.0,94.0,1.5
2023-07-26 03:00:00,0.0,0.0,0.0,90.0,25.0,90.0,1.5
2023-07-26 04:00:00,0.0,0.0,0.0,80.0,24.4,97.0,2.6
2023-07-26 05:00:00,1.0,0.0,1.0,80.0,24.4,97.0,1.5
2023-07-26 06:00:00,78.0,95.0,63.0,80.0,25.6,94.0,1.5
2023-07-26 07:00:00,241.0,289.0,132.0,70.0,27.8,82.0,2.1
2023-07-26 08:00:00,440.0,294.0,267.0,90.0,28.9,72.0,3.6
2023-07-26 09:00:00,552.0,325.0,306.0,90.0,30.0,68.0,4.6
2023-07-26 10:00:00,632.0,315.0,356.0,90.0,30.6,65.0,5.2
2023-07-26 11:00:00,727.0,381.0,355.0,90.0,30.6,68.0,5.2
2023-07-26 12:00:00,811.0,399.0,420.0,90.0,31.1,61.0,6.2
2023-07-26 13:00:00,834.0,427.0,419.0,90.0,31.1,63.0,5.2
2023-07-26 14:00:00,643.0,358.0,315.0,90.0,31.1,63.0,5.2
2023-07-26 15:00:00,409.0,110.0,325.0,100.0,30.0,68.0,4.6
2023-07-26 16:00:00,279.0,115.0,203.0,100.0,29.4,70.0,4.1
2023-07-26 17:00:00,171.0,81.0,127.0,100.0,29.4,67.0,4.6
2023-07-26 18:00:00,26.0,16.0,24.0,100.0,28.3,74.0,3.1
2023-07-26 19:00:00,1.0,0.0,1.0,100.0,27.8,74.0,2.1
2023-07-26 20:00:00,0.0,0.0,0.0,80.0,27.2,72.0,2.1
2023-07-26 21:00:00,0.0,0.0,0.0,80.0,26.7,82.0,2.1
2023-07-26 22:00:00,0.0,0.0,0.0,70.0,26.7,82.0,1.5
2023-07-26 23:00:00,0.0,0.0,0.0,70.0,26.7,79.0,0.0
2023-07-27 00:00:00,0.0,0.0,0.0,90.0,26.1,82.0,2.1
2023-07-27 01:00:00,0.0,0.0,0.0,80.0,26.1,85.0,2.6
2023-07-27 02:00:00,0.0,0.0,0.0,80.0,26.1,85.0,2.1
2023-07-27 03:00:00,0.0,0.0,0.0,80.0,26.1,85.0,1.5
2023-07-27 04:00:00,0.0,0.0,0.0,80.0,26.1,85.0,2.1
2023-07-27 05:00:00,3.0,0.0,3.0,60.0,25.6,91.0,0.0
2023-07-27 06:00:00,59.0,61.0,49.0,40.0,27.2,82.0,2.6
2023-07-27 07:00:00,272.0,378.0,132.0,40.0,28.9,72.0,4.6
2023-07-27 08:00:00,377.0,269.0,222.0,50.0,29.4,65.0,4.6
2023-07-27 09:00:00,641.0,422.0,324.0,70.0,30.6,63.0,5.2
2023-07-27 10:00:00,574.0,228.0,371.0,90.0,30.0,65.0,4.6
2023-07-27 11:00:00,654.0,196.0,492.0,70.0,30.6,63.0,5.2
2023-07-27 12:00:00,838.0,389.0,456.0,70.0,31.1,63.0,5.2
2023-07-27 13:00:00,869.0,534.0,354.0,60.0,30.6,65.0,4.6
2023-07-27 14:00:00,839.0,700.0,208.0,40.0,31.1,61.0,4.6
2023-07-27 15:00:00,701.0,610.0,232.0,60.0,30.6,63.0,4.6
2023-07-27 16:00:00,396.0,218.0,272.0,80.0,30.6,63.0,3.6
2023-07-27 17:00:00,158.0,54.0,138.0,90.0,29.4,65.0,2.6
2023-07-27 18:00:00,46.0,9.0,45.0,80.0,29.4,70.0,3.6
2023-07-27 19:00:00,0.0,0.0,0.0,80.0,28.3,74.0,3.6
2023-07-27 20:00:00,0.0,0.0,0.0,40.0,27.8,77.0,3.1
2023-07-27 21:00:00,0.0,0.0,0.0,40.0,28.3,77.0,3.1
2023-07-27 22:00:00,0.0,0.0,0.0,30.0,27.8,79.0,2.6
2023-07-27 23:00:00,0.0,0.0,0.0,20.0,27.2,82.0,2.6
2023-07-28 00:00:00,0.0,0.0,0.0,30.0,27.2,79.0,3.1
2023-07-28 01:00:00,0.0,0.0,0.0,30.0,27.2,79.0,3.1
2023-07-28 02:00:00,0.0,0.0,0.0,70.0,27.2,79.0,3.6
2023-07-28 03:00:00,0.0,0.0,0.0,80.0,27.2,79.0,2.6
2023-07-28 04:00:00,0.0,0.0,0.0,60.0,27.2,79.0,3.1
2023-07-28 05:00:00,2.0,2.0,2.0,70.0,27.2,82.0,2.6
2023-07-28 06:00:00,67.0,51.0,59.0,70.0,25.6,91.0,3.6
2023-07-28 07:00:00,257.0,381.0,106.0,40.0,28.3,82.0,5.2
2023-07-28 08:00:00,450.0,448.0,191.0,30.0,29.4,70.0,5.2
2023-07-28 09:00:00,611.0,357.0,342.0,70.0,29.4,72.0,6.2
2023-07-28 10:00:00,689.0,413.0,325.0,70.0,30.0,70.0,6.2
2023-07-28 11:00:00,770.0,427.0,357.0,70.0,30.6,68.0,6.7
2023-07-28 12:00:00,845.0,439.0,403.0,60.0,30.6,65.0,7.2
2023-07-28 13:00:00,820.0,470.0,368.0,50.0,30.6,65.0,7.2
2023-07-28 14:00:00,563.0,167.0,421.0,70.0,30.6,65.0,5.7
2023-07-28 15:00:00,408.0,96.0,341.0,70.0,28.3,77.0,3.6
2023-07-28 16:00:00,415.0,339.0,227.0,60.0,30.6,61.0,4.6
2023-07-28 17:00:00,247.0,314.0,120.0,70.0,30.0,63.0,4.1
2023-07-28 18:00:00,54.0,76.0,41.0,50.0,28.9,70.0,3.1
2023-07-28 19:00:00,0.0,2.0,0.0,40.0,28.3,72.0,3.6
2023-07-28 20:00:00,0.0,0.0,0.0,40.0,28.3,72.0,2.6
2023-07-28 21:00:00,0.0,0.0,0.0,100.0,27.8,82.0,8.8
2023-07-28 22:00:00,0.0,0.0,0.0,60.0,25.0,90.0,0.0
2023-07-28 23:00:00,0.0,0.0,0.0,30.0,26.7,85.0,2.6
2023-07-29 00:00:00,0.0,0.0,0.0,30.0,26.1,88.0,2.1
2023-07-29 01:00:00,0.0,0.0,0.0,10.0,25.6,91.0,2.6
2023-07-29 02:00:00,0.0,0.0,0.0,20.0,25.6,91.0,1.5
2023-07-29 03:00:00,0.0,0.0,0.0,10.0,26.1,88.0,2.1
2023-07-29 04:00:00,0.0,0.0,0.0,40.0,25.6,91.0,1.5
2023-07-29 05:00:00,1.0,0.0,1.0,10.0,26.1,88.0,3.6
2023-07-29 06:00:00,72.0,109.0,46.0,40.0,27.2,85.0,3.1
2023-07-29 07:00:00,226.0,278.0,125.0,30.0,28.9,77.0,4.1
2023-07-29 08:00:00,389.0,233.0,255.0,50.0,28.9,80.0,6.2
2023-07-29 09:00:00,555.0,376.0,269.0,80.0,28.9,74.0,5.2
2023-07-29 10:00:00,647.0,251.0,428.0,70.0,29.4,77.0,6.2
2023-07-29 11:00:00,810.0,373.0,444.0,80.0,29.4,82.0,3.1
2023-07-29 12:00:00,962.0,656.0,308.0,40.0,30.0,72.0,6.2
2023-07-29 13:00:00,973.0,728.0,215.0,40.0,30.6,72.0,7.2
2023-07-29 14:00:00,744.0,470.0,333.0,50.0,30.6,70.0,6.2
2023-07-29 15:00:00,560.0,443.0,234.0,50.0,30.0,70.0,5.7
2023-07-29 16:00:00,406.0,375.0,197.0,50.0,30.0,70.0,6.2
2023-07-29 17:00:00,188.0,204.0,116.0,50.0,29.4,70.0,6.7
2023-07-29 18:00:00,52.0,64.0,43.0,40.0,28.9,72.0,5.2
2023-07-29 19:00:00,1.0,0.0,1.0,30.0,28.3,77.0,4.1
2023-07-29 20:00:00,0.0,0.0,0.0,30.0,27.8,79.0,3.6
2023-07-29 21:00:00,0.0,0.0,0.0,0.0,27.8,77.0,3.1
2023-07-29 22:00:00,0.0,0.0,0.0,0.0,27.8,77.0,1.5
2023-07-29 23:00:00,0.0,0.0,0.0,10.0,27.2,82.0,2.1
2023-07-30 00:00:00,0.0,0.0,0.0,0.0,26.7,85.0,2.1
2023-07-30 01:00:00,0.0,0.0,0.0,0.0,26.7,85.0,2.1
2023-07-30 02:00:00,0.0,0.0,0.0,0.0,26.7,85.0,0.0
2023-07-30 03:00:00,0.0,0.0,0.0,10.0,26.1,88.0,2.1
2023-07-30 04:00:00,0.0,0.0,0.0,10.0,26.7,85.0,2.6
2023-07-30 05:00:00,1.0,0.0,1.0,20.0,26.7,82.0,2.6
2023-07-30 06:00:00,67.0,67.0,58.0,10.0,26.7,85.0,2.1
2023-07-30 07:00:00,245.0,379.0,105.0,40.0,27.2,72.0,3.6
2023-07-30 08:00:00,367.0,159.0,273.0,80.0,28.9,72.0,4.6
2023-07-30 09:00:00,486.0,181.0,346.0,70.0,29.4,70.0,5.2
2023-07-30 10:00:00,778.0,494.0,341.0,70.0,29.4,70.0,5.7
2023-07-30 11:00:00,818.0,419.0,410.0,80.0,29.4,72.0,5.7
2023-07-30 12:00:00,748.0,380.0,376.0,70.0,30.6,63.0,6.2
2023-07-30 13:00:00,807.0,534.0,300.0,60.0,30.6,59.0,5.7
2023-07-30 14:00:00,736.0,420.0,370.0,50.0,30.6,63.0,5.2
2023-07-30 15:00:00,568.0,333.0,325.0,70.0,30.6,63.0,5.2
2023-07-30 16:00:00,450.0,415.0,217.0,70.0,30.6,61.0,4.1
2023-07-30 17:00:00,199.0,174.0,138.0,50.0,29.4,63.0,4.1
2023-07-30 18:00:00,41.0,22.0,39.0,50.0,28.9,70.0,4.6
2023-07-30 19:00:00,0.0,0.0,0.0,50.0,28.3,72.0,4.1
2023-07-30 20:00:00,0.0,0.0,0.0,30.0,28.3,72.0,3.1
2023-07-30 21:00:00,0.0,0.0,0.0,30.0,28.3,72.0,3.6
2023-07-30 22:00:00,0.0,0.0,0.0,20.0,27.8,72.0,2.6
2023-07-30 23:00:00,0.0,0.0,0.0,40.0,27.8,74.0,4.1
2023-07-31 00:00:00,0.0,0.0,0.0,10.0,27.2,79.0,2.6
2023-07-31 01:00:00,0.0,0.0,0.0,10.0,27.2,77.0,2.1
2023-07-31 02:00:00,0.0,0.0,0.0,0.0,27.2,79.0,2.1
2023-07-31 03:00:00,0.0,0.0,0.0,0.0,26.7,77.0,2.6
2023-07-31 04:00:00,0.0,0.0,0.0,10.0,26.7,79.0,2.6
2023-07-31 05:00:00,2.0,6.0,1.0,10.0,26.7,82.0,2.6
2023-07-31 06:00:00,79.0,284.0,37.0,10.0,27.2,79.0,2.6
2023-07-31 07:00:00,246.0,364.0,107.0,50.0,28.9,70.0,5.2
2023-07-31 08:00:00,480.0,526.0,165.0,50.0,29.4,65.0,5.2
2023-07-31 09:00:00,722.0,631.0,208.0,50.0,30.6,65.0,4.6
2023-07-31 10:00:00,819.0,593.0,293.0,40.0,30.6,63.0,4.6
2023-07-31 11:00:00,652.0,284.0,379.0,70.0,30.6,63.0,4.6
2023-07-31 12:00:00,765.0,306.0,485.0,40.0,30.6,68.0,3.6
2023-07-31 13:00:00,889.0,573.0,338.0,60.0,31.1,61.0,4.6
2023-07-31 14:00:00,613.0,351.0,307.0,60.0,30.6,65.0,5.7
2023-07-31 15:00:00,550.0,235.0,374.0,60.0,30.6,65.0,4.6
2023-07-31 16:00:00,386.0,362.0,185.0,70.0,30.6,61.0,5.7
2023-07-31 17:00:00,244.0,310.0,136.0,80.0,30.6,63.0,5.7
2023-07-31 18:00:00,61.0,61.0,53.0,90.0,28.5,75.0,5.3
2023-07-31 19:00:00,0.0,0.0,0.0,90.0,28.0,76.0,4.2
2023-07-31 20:00:00,0.0,0.0,0.0,80.0,27.6,78.0,3.7
2023-07-31 21:00:00,0.0,0.0,0.0,40.0,26.9,78.0,3.5
2023-07-31 22:00:00,0.0,0.0,0.0,30.0,26.6,78.0,3.4
2023-07-31 23:00:00,0.0,0.0,0.0,30.0,26.1,79.0,3.1
2023-08-01 00:00:00,0.0,0.0,0.0,100.0,25.6,80.0,3.1
2023-08-01 01:00:00,0.0,0.0,0.0,100.0,25.4,81.0,3.0
2023-08-01 02:00:00,0.0,0.0,0.0,100.0,25.2,82.0,2.4
2023-08-01 03:00:00,0.0,0.0,0.0,100.0,25.0,82.0,2.2
2023-08-01 04:00:00,0.0,0.0,0.0,100.0,25.2,81.0,2.4
2023-08-01 05:00:00,1.0,0.0,1.0,100.0,25.6,79.0,2.2
2023-08-01 06:00:00,27.0,3.0,27.0,100.0,26.7,77.0,0.0
2023-08-01 07:00:00,196.0,95.0,161.0,90.0,27.2,79.0,3.6
2023-08-01 08:00:00,361.0,249.0,219.0,90.0,27.8,79.0,4.6
2023-08-01 09:00:00,479.0,297.0,257.0,90.0,28.9,74.0,3.6
2023-08-01 10:00:00,777.0,513.0,325.0,90.0,30.0,70.0,4.1
2023-08-01 11:00:00,347.0,135.0,216.0,90.0,26.7,60.0,6.2
2023-08-01 12:00:00,401.0,147.0,256.0,100.0,25.6,82.0,3.1
2023-08-01 13:00:00,251.0,11.0,240.0,100.0,25.6,85.0,3.6
2023-08-01 14:00:00,505.0,97.0,420.0,100.0,26.7,85.0,3.6
2023-08-01 15:00:00,489.0,122.0,400.0,100.0,28.9,65.0,3.1
2023-08-01 16:00:00,252.0,48.0,225.0,100.0,28.9,72.0,2.1
2023-08-01 17:00:00,200.0,137.0,152.0,100.0,27.8,77.0,3.1
2023-08-01 18:00:00,27.0,13.0,25.0,100.0,25.6,71.0,3.6
2023-08-01 19:00:00,1.0,0.0,1.0,100.0,25.0,76.0,3.1
2023-08-01 20:00:00,0.0,0.0,0.0,100.0,25.0,76.0,4.1
2023-08-01 21:00:00,0.0,0.0,0.0,100.0,25.0,79.0,5.2
2023-08-01 22:00:00,0.0,0.0,0.0,30.0,25.0,82.0,3.1
2023-08-01 23:00:00,0.0,0.0,0.0,30.0,25.0,82.0,2.6
2023-08-02 00:00:00,0.0,0.0,0.0,30.0,25.0,85.0,1.5
2023-08-02 01:00:00,0.0,0.0,0.0,30.0,24.4,87.0,3.1
2023-08-02 02:00:00,0.0,0.0,0.0,60.0,25.0,85.0,2.1
2023-08-02 03:00:00,0.0,0.0,0.0,30.0,24.4,87.0,1.5
2023-08-02 04:00:00,0.0,0.0,0.0,60.0,24.4,82.0,1.5
2023-08-02 05:00:00,0.0,0.0,0.0,40.0,24.4,85.0,1.5
2023-08-02 06:00:00,69.0,124.0,51.0,40.0,24.4,87.0,1.5
2023-08-02 07:00:00,265.0,363.0,133.0,60.0,26.7,79.0,2.6
2023-08-02 08:00:00,483.0,489.0,204.0,70.0,28.3,72.0,3.1
2023-08-02 09:00:00,420.0,54.0,379.0,80.0,28.9,70.0,3.1
2023-08-02 10:00:00,726.0,306.0,457.0,80.0,29.4,65.0,4.6
2023-08-02 11:00:00,675.0,251.0,433.0,90.0,29.4,65.0,0.0
2023-08-02 12:00:00,328.0,40.0,289.0,100.0,24.4,79.0,6.7
2023-08-02 13:00:00,480.0,230.0,259.0,100.0,22.8,90.0,5.7
2023-08-02 14:00:00,348.0,135.0,230.0,100.0,22.8,93.0,5.2
2023-08-02 15:00:00,244.0,61.0,200.0,100.0,22.8,97.0,2.6
2023-08-02 16:00:00,237.0,106.0,178.0,100.0,23.9,90.0,5.2
2023-08-02 17:00:00,144.0,117.0,104.0,100.0,23.3,94.0,3.6
2023-08-02 18:00:00,57.0,13.0,55.0,100.0,23.3,94.0,2.6
2023-08-02 19:00:00,0.0,0.0,0.0,100.0,23.3,94.0,2.6
2023-08-02 20:00:00,0.0,0.0,0.0,60.0,23.3,94.0,2.6
2023-08-02 21:00:00,0.0,0.0,0.0,30.0,23.3,94.0,2.6
2023-08-02 22:00:00,0.0,0.0,0.0,20.0,23.3,90.0,3.1
2023-08-02 23:00:00,0.0,0.0,0.0,40.0,23.3,90.0,1.0
2023-08-03 00:00:00,0.0,0.0,0.0,50.0,23.3,94.0,3.1
2023-08-03 01:00:00,0.0,0.0,0.0,50.0,23.3,94.0,2.1
2023-08-03 02:00:00,0.0,0.0,0.0,70.0,23.3,94.0,2.1
2023-08-03 03:00:00,0.0,0.0,0.0,80.0,23.3,94.0,3.6
2023-08-03 04:00:00,0.0,0.0,0.0,80.0,22.8,97.0,2.6
2023-08-03 05:00:00,0.0,0.0,0.0,50.0,22.8,97.0,3.1
2023-08-03 06:00:00,59.0,64.0,49.0,80.0,23.3,94.0,3.6
2023-08-03 07:00:00,264.0,424.0,110.0,50.0,25.6,88.0,3.1
2023-08-03 08:00:00,453.0,459.0,192.0,30.0,28.3,74.0,5.2
2023-08-03 09:00:00,690.0,615.0,232.0,30.0,29.4,65.0,6.2
2023-08-03 10:00:00,661.0,367.0,339.0,60.0,30.0,65.0,6.2
2023-08-03 11:00:00,499.0,130.0,373.0,90.0,30.0,68.0,6.2
2023-08-03 12:00:00,649.0,314.0,338.0,70.0,30.6,59.0,6.7
2023-08-03 13:00:00,726.0,302.0,437.0,70.0,30.6,61.0,6.7
2023-08-03 14:00:00,559.0,186.0,397.0,70.0,30.6,63.0,7.7
2023-08-03 15:00:00,502.0,265.0,308.0,40.0,30.6,65.0,6.2
2023-08-03 16:00:00,440.0,532.0,146.0,30.0,30.0,63.0,6.2
2023-08-03 17:00:00,207.0,291.0,107.0,30.0,30.0,65.0,6.2
2023-08-03 18:00:00,44.0,76.0,34.0,20.0,29.4,65.0,5.7
2023-08-03 19:00:00,0.0,0.0,0.0,10.0,28.9,67.0,6.2
2023-08-03 20:00:00,0.0,0.0,0.0,10.0,28.9,67.0,6.2
2023-08-03 21:00:00,0.0,0.0,0.0,10.0,28.9,67.0,4.1
2023-08-03 22:00:00,0.0,0.0,0.0,30.0,25.6,74.0,4.1
2023-08-03 23:00:00,0.0,0.0,0.0,40.0,26.1,88.0,3.1
2023-08-04 00:00:00,0.0,0.0,0.0,50.0,26.7,82.0,3.6
2023-08-04 01:00:00,0.0,0.0,0.0,30.0,26.1,85.0,3.1
2023-08-04 02:00:00,0.0,0.0,0.0,40.0,25.6,88.0,2.1
2023-08-04 03:00:00,0.0,0.0,0.0,40.0,25.6,88.0,2.1
2023-08-04 04:00:00,0.0,0.0,0.0,50.0,25.6,88.0,4.1
2023-08-04 05:00:00,1.0,0.0,1.0,80.0,25.6,88.0,3.6
2023-08-04 06:00:00,66.0,47.0,60.0,70.0,25.6,85.0,1.0
2023-08-04 07:00:00,160.0,21.0,152.0,90.0,25.6,88.0,4.1
2023-08-04 08:00:00,203.0,88.0,153.0,100.0,26.1,88.0,5.7
2023-08-04 09:00:00,402.0,87.0,337.0,90.0,28.3,72.0,5.2
2023-08-04 10:00:00,845.0,701.0,228.0,50.0,28.9,70.0,6.2
2023-08-04 11:00:00,915.0,733.0,210.0,50.0,30.0,65.0,7.2
2023-08-04 12:00:00,792.0,420.0,376.0,80.0,30.0,63.0,7.7
2023-08-04 13:00:00,691.0,434.0,275.0,60.0,30.0,63.0,6.7
2023-08-04 14:00:00,852.0,732.0,215.0,40.0,30.0,63.0,6.2
2023-08-04 15:00:00,671.0,607.0,227.0,40.0,30.0,61.0,6.2
2023-08-04 16:00:00,427.0,484.0,160.0,30.0,30.0,63.0,5.7
2023-08-04 17:00:00,242.0,440.0,90.0,30.0,29.4,63.0,4.1
2023-08-04 18:00:00,63.0,222.0,35.0,20.0,29.4,61.0,4.6
2023-08-04 19:00:00,1.0,2.0,0.0,10.0,28.9,63.0,4.1
2023-08-04 20:00:00,0.0,0.0,0.0,20.0,28.9,65.0,3.1
2023-08-04 21:00:00,0.0,0.0,0.0,0.0,27.8,72.0,3.6
2023-08-04 22:00:00,0.0,0.0,0.0,0.0,27.8,72.0,3.1
2023-08-04 23:00:00,0.0,0.0,0.0,0.0,27.8,72.0,4.1
2023-08-05 00:00:00,0.0,0.0,0.0,10.0,26.1,82.0,2.1
2023-08-05 01:00:00,0.0,0.0,0.0,10.0,25.6,85.0,2.6
2023-08-05 02:00:00,0.0,0.0,0.0,10.0,25.6,85.0,2.6
2023-08-05 03:00:00,0.0,0.0,0.0,40.0,25.0,88.0,1.5
2023-08-05 04:00:00,0.0,0.0,0.0,30.0,24.4,90.0,1.5
2023-08-05 05:00:00,0.0,0.0,0.0,50.0,24.4,90.0,0.0
2023-08-05 06:00:00,67.0,108.0,52.0,70.0,24.4,90.0,2.6
2023-08-05 07:00:00,177.0,79.0,149.0,90.0,25.0,91.0,1.5
2023-08-05 08:00:00,372.0,235.0,238.0,90.0,26.7,79.0,3.6
2023-08-05 09:00:00,568.0,447.0,235.0,70.0,28.9,70.0,4.1
2023-08-05 10:00:00,580.0,212.0,393.0,80.0,30.0,65.0,3.1
2023-08-05 11:00:00,962.0,650.0,336.0,50.0,30.0,63.0,5.2
2023-08-05 12:00:00,809.0,437.0,376.0,50.0,31.1,61.0,6.2
2023-08-05 13:00:00,785.0,489.0,317.0,50.0,31.1,59.0,6.2
2023-08-05 14:00:00,461.0,109.0,366.0,90.0,28.9,61.0,5.7
2023-08-05 15:00:00,387.0,121.0,299.0,100.0,25.6,79.0,2.6
2023-08-05 16:00:00,463.0,429.0,227.0,90.0,26.7,79.0,4.1
2023-08-05 17:00:00,180.0,111.0,142.0,90.0,28.3,70.0,4.1
2023-08-05 18:00:00,33.0,9.0,32.0,90.0,28.3,70.0,4.1
2023-08-05 19:00:00,0.0,0.0,0.0,90.0,28.3,72.0,4.6
2023-08-05 20:00:00,0.0,0.0,0.0,70.0,28.3,72.0,3.6
2023-08-05 21:00:00,0.0,0.0,0.0,80.0,28.3,74.0,6.7
2023-08-05 22:00:00,0.0,0.0,0.0,80.0,25.6,82.0,4.1
2023-08-05 23:00:00,0.0,0.0,0.0,90.0,25.0,85.0,3.6
2023-08-06 00:00:00,0.0,0.0,0.0,100.0,24.4,90.0,3.1
2023-08-06 01:00:00,0.0,0.0,0.0,80.0,24.4,90.0,3.1
2023-08-06 02:00:00,0.0,0.0,0.0,90.0,24.4,94.0,2.1
2023-08-06 03:00:00,0.0,0.0,0.0,90.0,24.4,97.0,1.0
2023-08-06 04:00:00,0.0,0.0,0.0,50.0,24.4,97.0,2.1
2023-08-06 05:00:00,0.0,0.0,0.0,70.0,24.4,97.0,2.1
2023-08-06 06:00:00,58.0,26.0,54.0,90.0,24.4,94.0,2.6
2023-08-06 07:00:00,236.0,145.0,184.0,90.0,26.1,85.0,6.2
2023-08-06 08:00:00,392.0,285.0,231.0,90.0,27.8,77.0,7.7
2023-08-06 09:00:00,496.0,248.0,311.0,90.0,28.3,74.0,6.7
2023-08-06 10:00:00,517.0,70.0,455.0,90.0,29.4,67.0,10.8
2023-08-06 11:00:00,591.0,137.0,459.0,90.0,28.3,80.0,5.2
2023-08-06 12:00:00,733.0,332.0,406.0,100.0,28.3,67.0,4.6
2023-08-06 13:00:00,582.0,243.0,351.0,100.0,28.9,67.0,8.2
2023-08-06 14:00:00,495.0,97.0,411.0,90.0,28.3,74.0,5.7
2023-08-06 15:00:00,439.0,148.0,331.0,90.0,28.3,67.0,6.7
2023-08-06 16:00:00,312.0,189.0,208.0,100.0,28.3,67.0,6.7
2023-08-06 17:00:00,211.0,179.0,150.0,90.0,28.3,67.0,4.6
2023-08-06 18:00:00,43.0,14.0,41.0,90.0,28.3,70.0,5.7
2023-08-06 19:00:00,0.0,0.0,0.0,80.0,27.2,77.0,3.6
2023-08-06 20:00:00,0.0,0.0,0.0,70.0,27.2,74.0,5.7
2023-08-06 21:00:00,0.0,0.0,0.0,20.0,27.2,74.0,5.7
2023-08-06 22:00:00,0.0,0.0,0.0,30.0,27.2,74.0,6.2
2023-08-06 23:00:00,0.0,0.0,0.0,20.0,27.2,77.0,5.7
2023-08-07 00:00:00,0.0,0.0,0.0,30.0,27.2,79.0,5.2
2023-08-07 01:00:00,0.0,0.0,0.0,10.0,27.2,79.0,3.6
2023-08-07 02:00:00,0.0,0.0,0.0,30.0,26.7,79.0,3.1
2023-08-07 03:00:00,0.0,0.0,0.0,20.0,26.7,82.0,3.6
2023-08-07 04:00:00,0.0,0.0,0.0,90.0,25.6,77.0,5.7
2023-08-07 05:00:00,0.0,0.0,0.0,30.0,25.6,85.0,2.6
2023-08-07 06:00:00,57.0,57.0,49.0,50.0,25.6,82.0,3.6
2023-08-07 07:00:00,170.0,102.0,133.0,70.0,26.7,82.0,3.6
2023-08-07 08:00:00,380.0,136.0,304.0,70.0,30.0,70.0,8.8
2023-08-07 09:00:00,636.0,387.0,348.0,50.0,29.4,61.0,8.8
2023-08-07 10:00:00,801.0,539.0,328.0,50.0,29.4,67.0,9.3
2023-08-07 11:00:00,775.0,471.0,323.0,50.0,29.4,65.0,9.3
2023-08-07 12:00:00,947.0,649.0,307.0,50.0,30.6,59.0,8.2
2023-08-07 13:00:00,968.0,649.0,347.0,50.0,30.6,59.0,7.7
2023-08-07 14:00:00,841.0,618.0,305.0,50.0,30.6,61.0,8.8
2023-08-07 15:00:00,589.0,410.0,291.0,50.0,30.0,63.0,6.7
2023-08-07 16:00:00,374.0,357.0,179.0,50.0,29.4,63.0,8.8
2023-08-07 17:00:00,195.0,217.0,122.0,50.0,28.9,67.0,7.2
2023-08-07 18:00:00,43.0,20.0,41.0,80.0,28.3,67.0,6.2
2023-08-07 19:00:00,0.0,0.0,0.0,30.0,27.8,72.0,6.2
2023-08-07 20:00:00,0.0,0.0,0.0,20.0,27.8,74.0,5.2
2023-08-07 21:00:00,0.0,0.0,0.0,30.0,27.2,74.0,3.6
2023-08-07 22:00:00,0.0,0.0,0.0,40.0,27.2,74.0,5.7
2023-08-07 23:00:00,0.0,0.0,0.0,20.0,27.8,72.0,4.6
2023-08-08 00:00:00,0.0,0.0,0.0,20.0,27.2,74.0,3.6
2023-08-08 01:00:00,0.0,0.0,0.0,10.0,27.2,77.0,3.1
2023-08-08 02:00:00,0.0,0.0,0.0,20.0,27.2,77.0,3.6
2023-08-08 03:00:00,0.0,0.0,0.0,40.0,27.2,77.0,3.6
2023-08-08 04:00:00,0.0,0.0,0.0,40.0,27.2,77.0,4.1
2023-08-08 05:00:00,0.0,0.0,0.0,50.0,26.1,82.0,3.1
2023-08-08 06:00:00,62.0,134.0,44.0,30.0,26.7,82.0,2.1
2023-08-08 07:00:00,211.0,235.0,127.0,30.0,27.2,77.0,4.1
2023-08-08 08:00:00,451.0,409.0,221.0,60.0,27.2,77.0,4.1
2023-08-08 09:00:00,661.0,538.0,262.0,70.0,27.2,77.0,1.5
2023-08-08 10:00:00,462.0,82.0,390.0,100.0,28.9,72.0,5.2
2023-08-08 11:00:00,857.0,387.0,485.0,90.0,29.4,63.0,5.2
2023-08-08 12:00:00,764.0,360.0,409.0,90.0,30.6,61.0,6.2
2023-08-08 13:00:00,764.0,477.0,309.0,90.0,30.6,61.0,6.2
2023-08-08 14:00:00,518.0,153.0,386.0,90.0,30.6,61.0,6.2
2023-08-08 15:00:00,379.0,201.0,233.0,90.0,30.0,65.0,7.7
2023-08-08 16:00:00,419.0,331.0,239.0,80.0,30.0,61.0,6.2
2023-08-08 17:00:00,244.0,323.0,136.0,90.0,30.0,61.0,5.7
2023-08-08 18:00:00,46.0,7.0,45.0,90.0,28.9,70.0,5.2
2023-08-08 19:00:00,0.0,0.0,0.0,70.0,28.3,70.0,6.2
2023-08-08 20:00:00,0.0,0.0,0.0,70.0,28.3,70.0,3.6
2023-08-08 21:00:00,0.0,0.0,0.0,40.0,28.3,70.0,4.1
2023-08-08 22:00:00,0.0,0.0,0.0,50.0,28.3,70.0,4.1
2023-08-08 23:00:00,0.0,0.0,0.0,20.0,28.3,72.0,5.2
2023-08-09 00:00:00,0.0,0.0,0.0,20.0,28.3,72.0,4.1
2023-08-09 01:00:00,0.0,0.0,0.0,20.0,27.8,74.0,2.6
2023-08-09 02:00:00,0.0,0.0,0.0,30.0,27.8,74.0,3.6
2023-08-09 03:00:00,0.0,0.0,0.0,20.0,26.7,77.0,2.1
2023-08-09 04:00:00,0.0,0.0,0.0,0.0,26.1,79.0,2.1
2023-08-09 05:00:00,1.0,2.0,0.0,20.0,26.1,82.0,3.6
2023-08-09 06:00:00,65.0,110.0,50.0,40.0,26.7,82.0,4.6
2023-08-09 07:00:00,250.0,440.0,93.0,40.0,27.8,77.0,5.2
2023-08-09 08:00:00,346.0,289.0,183.0,50.0,28.9,72.0,7.2
2023-08-09 09:00:00,506.0,415.0,199.0,60.0,29.4,67.0,6.7
2023-08-09 10:00:00,657.0,316.0,380.0,70.0,30.0,65.0,5.7
2023-08-09 11:00:00,735.0,370.0,380.0,70.0,30.6,63.0,6.7
2023-08-09 12:00:00,520.0,207.0,316.0,50.0,30.6,59.0,6.7
2023-08-09 13:00:00,713.0,385.0,346.0,50.0,30.6,63.0,7.2
2023-08-09 14:00:00,654.0,350.0,352.0,50.0,30.6,59.0,7.7
2023-08-09 15:00:00,664.0,541.0,272.0,40.0,30.6,61.0,8.8
2023-08-09 16:00:00,388.0,292.0,229.0,70.0,30.6,63.0,6.2
2023-08-09 17:00:00,140.0,106.0,105.0,50.0,30.0,61.0,7.2
2023-08-09 18:00:00,23.0,14.0,21.0,40.0,29.4,65.0,6.7
2023-08-09 19:00:00,0.0,0.0,0.0,40.0,28.9,72.0,6.7
2023-08-09 20:00:00,0.0,0.0,0.0,30.0,28.9,70.0,6.2
2023-08-09 21:00:00,0.0,0.0,0.0,40.0,28.9,70.0,4.6
2023-08-09 22:00:00,0.0,0.0,0.0,20.0,28.3,72.0,5.2
2023-08-09 23:00:00,0.0,0.0,0.0,10.0,27.8,82.0,4.6
2023-08-10 00:00:00,0.0,0.0,0.0,10.0,27.8,82.0,4.6
2023-08-10 01:00:00,0.0,0.0,0.0,10.0,27.8,79.0,3.6
2023-08-10 02:00:00,0.0,0.0,0.0,30.0,27.2,82.0,3.1
2023-08-10 03:00:00,0.0,0.0,0.0,30.0,27.2,82.0,3.1
2023-08-10 04:00:00,0.0,0.0,0.0,30.0,27.2,79.0,3.1
2023-08-10 05:00:00,0.0,0.0,0.0,40.0,27.2,79.0,2.6
2023-08-10 06:00:00,57.0,50.0,50.0,50.0,27.2,79.0,5.2
2023-08-10 07:00:00,274.0,434.0,120.0,30.0,28.3,72.0,5.2
2023-08-10 08:00:00,485.0,470.0,221.0,20.0,28.9,70.0,5.2
2023-08-10 09:00:00,683.0,586.0,249.0,20.0,29.4,65.0,5.2
2023-08-10 10:00:00,728.0,420.0,361.0,80.0,30.0,68.0,6.2
2023-08-10 11:00:00,787.0,437.0,368.0,50.0,30.0,68.0,6.2
2023-08-10 12:00:00,905.0,534.0,379.0,40.0,30.6,65.0,5.7
2023-08-10 13:00:00,902.0,547.0,381.0,50.0,30.6,63.0,6.2
2023-08-10 14:00:00,735.0,461.0,337.0,60.0,30.6,65.0,7.7
2023-08-10 15:00:00,538.0,364.0,277.0,50.0,30.6,63.0,6.2
2023-08-10 16:00:00,414.0,460.0,165.0,50.0,30.0,68.0,6.7
2023-08-10 17:00:00,159.0,183.0,99.0,40.0,30.0,65.0,5.7
2023-08-10 18:00:00,45.0,42.0,41.0,40.0,29.4,67.0,5.7
2023-08-10 19:00:00,0.0,0.0,0.0,20.0,28.9,72.0,5.2
2023-08-10 20:00:00,0.0,0.0,0.0,10.0,28.9,72.0,5.7
2023-08-10 21:00:00,0.0,0.0,0.0,0.0,28.3,74.0,3.6
2023-08-10 22:00:00,0.0,0.0,0.0,20.0,28.9,67.0,4.1
2023-08-10 23:00:00,0.0,0.0,0.0,10.0,28.3,72.0,5.2
2023-08-11 00:00:00,0.0,0.0,0.0,10.0,28.3,74.0,5.2
2023-08-11 01:00:00,0.0,0.0,0.0,10.0,28.3,72.0,5.2
2023-08-11 02:00:00,0.0,0.0,0.0,10.0,28.3,72.0,5.2
2023-08-11 03:00:00,0.0,0.0,0.0,20.0,28.3,72.0,4.6
2023-08-11 04:00:00,0.0,0.0,0.0,20.0,28.3,72.0,5.2
2023-08-11 05:00:00,0.0,0.0,0.0,30.0,28.3,70.0,5.2
2023-08-11 06:00:00,72.0,206.0,45.0,70.0,28.3,70.0,4.1
2023-08-11 07:00:00,201.0,195.0,134.0,50.0,28.3,74.0,5.2
2023-08-11 08:00:00,316.0,166.0,224.0,60.0,28.9,70.0,5.2
2023-08-11 09:00:00,546.0,340.0,297.0,70.0,29.4,67.0,5.2
2023-08-11 10:00:00,666.0,378.0,334.0,60.0,30.0,61.0,5.2
2023-08-11 11:00:00,673.0,316.0,375.0,70.0,30.0,70.0,7.2
2023-08-11 12:00:00,696.0,196.0,503.0,80.0,30.0,70.0,6.7
2023-08-11 13:00:00,650.0,297.0,367.0,80.0,30.0,68.0,7.2
2023-08-11 14:00:00,779.0,526.0,326.0,80.0,30.0,70.0,6.7
2023-08-11 15:00:00,112.0,1.0,157.0,90.0,24.4,85.0,5.2
2023-08-11 16:00:00,304.0,164.0,216.0,80.0,24.4,87.0,4.1
2023-08-11 17:00:00,153.0,113.0,116.0,80.0,25.0,85.0,3.1
2023-08-11 18:00:00,53.0,32.0,50.0,80.0,25.6,79.0,2.6
2023-08-11 19:00:00,0.0,0.0,0.0,60.0,26.1,77.0,1.5
2023-08-11 20:00:00,0.0,0.0,0.0,60.0,26.1,77.0,2.6
2023-08-11 21:00:00,0.0,0.0,0.0,50.0,26.7,77.0,3.1
2023-08-11 22:00:00,0.0,0.0,0.0,80.0,26.7,85.0,3.6
2023-08-11 23:00:00,0.0,0.0,0.0,50.0,26.7,85.0,3.1
2023-08-12 00:00:00,0.0,0.0,0.0,50.0,25.6,91.0,1.5
2023-08-12 01:00:00,0.0,0.0,0.0,30.0,25.6,91.0,1.0
2023-08-12 02:00:00,0.0,0.0,0.0,40.0,25.6,94.0,1.5
2023-08-12 03:00:00,0.0,0.0,0.0,20.0,25.6,94.0,2.6
2023-08-12 04:00:00,0.0,0.0,0.0,20.0,25.6,91.0,2.1
2023-08-12 05:00:00,0.0,0.0,0.0,30.0,25.6,91.0,0.0
2023-08-12 06:00:00,60.0,99.0,47.0,40.0,25.6,94.0,0.0
2023-08-12 07:00:00,246.0,373.0,114.0,40.0,27.8,79.0,8.2
2023-08-12 08:00:00,342.0,286.0,182.0,70.0,28.9,74.0,3.1
2023-08-12 09:00:00,402.0,224.0,237.0,40.0,29.4,70.0,4.6
2023-08-12 10:00:00,889.0,563.0,397.0,50.0,30.0,68.0,4.6
2023-08-12 11:00:00,969.0,611.0,384.0,50.0,30.6,59.0,4.1
2023-08-12 12:00:00,953.0,516.0,446.0,70.0,30.6,59.0,5.7
2023-08-12 13:00:00,744.0,370.0,392.0,70.0,30.6,68.0,6.2
2023-08-12 14:00:00,867.0,503.0,434.0,70.0,30.6,65.0,6.2
2023-08-12 15:00:00,717.0,546.0,324.0,80.0,30.6,65.0,5.7
2023-08-12 16:00:00,137.0,55.0,107.0,80.0,28.9,72.0,4.1
2023-08-12 17:00:00,39.0,0.0,39.0,90.0,28.3,72.0,4.1
2023-08-12 18:00:00,15.0,0.0,15.0,90.0,27.2,74.0,0.0
2023-08-12 19:00:00,0.0,0.0,0.0,70.0,26.1,79.0,4.1
2023-08-12 20:00:00,0.0,0.0,0.0,40.0,25.6,82.0,4.6
2023-08-12 21:00:00,0.0,0.0,0.0,40.0,25.6,85.0,3.1
2023-08-12 22:00:00,0.0,0.0,0.0,40.0,25.6,85.0,2.6
2023-08-12 23:00:00,0.0,0.0,0.0,20.0,25.6,85.0,1.5
2023-08-13 00:00:00,0.0,0.0,0.0,20.0,25.6,85.0,2.1
2023-08-13 01:00:00,0.0,0.0,0.0,20.0,25.6,85.0,0.0
2023-08-13 02:00:00,0.0,0.0,0.0,0.0,25.6,85.0,2.6
2023-08-13 03:00:00,0.0,0.0,0.0,0.0,25.0,91.0,0.0
2023-08-13 04:00:00,0.0,0.0,0.0,0.0,25.6,88.0,2.6
2023-08-13 05:00:00,0.0,0.0,0.0,20.0,25.0,91.0,3.1
2023-08-13 06:00:00,39.0,5.0,38.0,60.0,25.6,91.0,3.1
2023-08-13 07:00:00,134.0,12.0,130.0,70.0,26.7,88.0,1.5
2023-08-13 08:00:00,287.0,122.0,219.0,60.0,28.9,72.0,3.6
2023-08-13 09:00:00,542.0,285.0,332.0,60.0,30.0,63.0,3.6
2023-08-13 10:00:00,643.0,343.0,344.0,50.0,30.6,61.0,3.6
2023-08-13 11:00:00,889.0,557.0,357.0,20.0,30.6,59.0,3.6
2023-08-13 12:00:00,1005.0,682.0,335.0,30.0,31.1,59.0,4.6
2023-08-13 13:00:00,974.0,693.0,316.0,10.0,31.1,55.0,4.6
2023-08-13 14:00:00,822.0,654.0,261.0,10.0,31.1,59.0,4.1
2023-08-13 15:00:00,679.0,639.0,221.0,40.0,30.6,61.0,2.6
2023-08-13 16:00:00,468.0,557.0,170.0,50.0,30.6,61.0,5.2
2023-08-13 17:00:00,219.0,284.0,127.0,60.0,30.0,61.0,4.6
2023-08-13 18:00:00,40.0,91.0,29.0,60.0,29.4,61.0,5.7
2023-08-13 19:00:00,0.0,0.0,0.0,30.0,28.9,70.0,4.6
2023-08-13 20:00:00,0.0,0.0,0.0,30.0,28.9,70.0,4.1
2023-08-13 21:00:00,0.0,0.0,0.0,30.0,28.9,72.0,3.6
2023-08-13 22:00:00,0.0,0.0,0.0,20.0,28.9,72.0,5.2
2023-08-13 23:00:00,0.0,0.0,0.0,10.0,28.9,74.0,4.1
2023-08-14 00:00:00,0.0,0.0,0.0,0.0,28.9,74.0,4.6
2023-08-14 01:00:00,0.0,0.0,0.0,20.0,28.9,74.0,4.1
2023-08-14 02:00:00,0.0,0.0,0.0,20.0,28.3,77.0,3.1
2023-08-14 03:00:00,0.0,0.0,0.0,20.0,28.3,77.0,3.1
2023-08-14 04:00:00,0.0,0.0,0.0,20.0,27.8,77.0,1.5
2023-08-14 05:00:00,0.0,0.0,0.0,30.0,27.8,77.0,2.1
2023-08-14 06:00:00,61.0,93.0,49.0,30.0,27.8,77.0,3.1
2023-08-14 07:00:00,179.0,139.0,130.0,40.0,28.3,74.0,4.1
2023-08-14 08:00:00,509.0,641.0,151.0,10.0,30.0,59.0,3.6
2023-08-14 09:00:00,620.0,486.0,262.0,70.0,30.0,63.0,5.7
2023-08-14 10:00:00,762.0,445.0,374.0,80.0,30.6,63.0,6.2
2023-08-14 11:00:00,904.0,518.0,409.0,80.0,30.6,63.0,7.2
2023-08-14 12:00:00,687.0,236.0,455.0,70.0,31.1,61.0,6.2
2023-08-14 13:00:00,919.0,596.0,354.0,40.0,31.1,55.0,5.7
2023-08-14 14:00:00,821.0,582.0,322.0,80.0,31.7,57.0,5.7
2023-08-14 15:00:00,521.0,372.0,255.0,80.0,31.1,59.0,6.7
2023-08-14 16:00:00,476.0,525.0,196.0,80.0,31.1,59.0,6.7
2023-08-14 17:00:00,247.0,290.0,154.0,80.0,30.6,61.0,6.7
2023-08-14 18:00:00,43.0,83.0,33.0,50.0,29.4,63.0,5.2
2023-08-14 19:00:00,0.0,0.0,0.0,30.0,28.9,70.0,4.1
2023-08-14 20:00:00,0.0,0.0,0.0,20.0,28.9,70.0,5.7
2023-08-14 21:00:00,0.0,0.0,0.0,30.0,28.9,70.0,5.2
2023-08-14 22:00:00,0.0,0.0,0.0,30.0,28.9,72.0,6.2
2023-08-14 23:00:00,0.0,0.0,0.0,30.0,28.9,72.0,5.2
2023-08-15 00:00:00,0.0,0.0,0.0,20.0,28.9,65.0,5.7
2023-08-15 01:00:00,0.0,0.0,0.0,10.0,28.9,72.0,5.2
2023-08-15 02:00:00,0.0,0.0,0.0,20.0,28.3,72.0,4.1
2023-08-15 03:00:00,0.0,0.0,0.0,0.0,28.3,72.0,4.6
2023-08-15 04:00:00,0.0,0.0,0.0,0.0,28.3,72.0,3.6
2023-08-15 05:00:00,0.0,0.0,0.0,80.0,28.3,74.0,3.1
2023-08-15 06:00:00,67.0,186.0,44.0,40.0,28.3,72.0,4.6
2023-08-15 07:00:00,259.0,451.0,102.0,40.0,28.9,67.0,5.7
2023-08-15 08:00:00,479.0,449.0,229.0,40.0,29.4,65.0,5.7
2023-08-15 09:00:00,543.0,346.0,289.0,70.0,30.0,65.0,7.2
2023-08-15 10:00:00,706.0,425.0,336.0,70.0,30.6,63.0,6.7
2023-08-15 11:00:00,903.0,583.0,347.0,60.0,31.1,59.0,7.7
2023-08-15 12:00:00,957.0,570.0,399.0,70.0,30.0,65.0,7.2
2023-08-15 13:00:00,892.0,584.0,340.0,70.0,31.1,57.0,7.2
2023-08-15 14:00:00,669.0,368.0,354.0,60.0,30.6,63.0,8.2
2023-08-15 15:00:00,488.0,353.0,236.0,70.0,30.6,61.0,8.2
2023-08-15 16:00:00,486.0,562.0,188.0,80.0,30.6,59.0,8.2
2023-08-15 17:00:00,246.0,360.0,131.0,90.0,30.0,61.0,7.2
2023-08-15 18:00:00,67.0,133.0,51.0,90.0,29.4,65.0,6.7
2023-08-15 19:00:00,0.0,0.0,0.0,70.0,29.4,65.0,5.2
2023-08-15 20:00:00,0.0,0.0,0.0,50.0,29.4,67.0,4.6
2023-08-15 21:00:00,0.0,0.0,0.0,30.0,28.9,70.0,3.6
2023-08-15 22:00:00,0.0,0.0,0.0,30.0,28.9,70.0,5.7
2023-08-15 23:00:00,0.0,0.0,0.0,40.0,28.9,70.0,4.1
2023-08-16 00:00:00,0.0,0.0,0.0,40.0,28.3,74.0,3.6
2023-08-16 01:00:00,0.0,0.0,0.0,0.0,28.3,70.0,3.6
2023-08-16 02:00:00,0.0,0.0,0.0,10.0,28.3,74.0,3.6
2023-08-16 03:00:00,0.0,0.0,0.0,10.0,27.8,74.0,3.1
2023-08-16 04:00:00,0.0,0.0,0.0,20.0,27.8,74.0,4.6
2023-08-16 05:00:00,0.0,0.0,0.0,70.0,27.8,77.0,4.1
2023-08-16 06:00:00,61.0,138.0,44.0,40.0,27.8,77.0,4.1
2023-08-16 07:00:00,273.0,452.0,116.0,30.0,28.9,70.0,5.2
2023-08-16 08:00:00,356.0,271.0,205.0,50.0,29.4,70.0,5.2
2023-08-16 09:00:00,511.0,298.0,292.0,70.0,30.0,68.0,5.7
2023-08-16 10:00:00,673.0,344.0,374.0,70.0,30.6,63.0,5.7
2023-08-16 11:00:00,894.0,499.0,418.0,50.0,30.6,65.0,6.2
2023-08-16 12:00:00,851.0,435.0,425.0,50.0,31.1,59.0,5.7
2023-08-16 13:00:00,718.0,394.0,346.0,40.0,31.1,59.0,5.7
2023-08-16 14:00:00,781.0,430.0,414.0,90.0,31.1,63.0,6.7
2023-08-16 15:00:00,573.0,308.0,354.0,90.0,31.1,61.0,6.7
2023-08-16 16:00:00,313.0,212.0,201.0,90.0,31.1,61.0,5.7
2023-08-16 17:00:00,124.0,78.0,99.0,90.0,30.0,65.0,4.6
2023-08-16 18:00:00,17.0,0.0,17.0,100.0,29.4,67.0,4.6
2023-08-16 19:00:00,0.0,0.0,0.0,100.0,29.4,65.0,4.1
2023-08-16 20:00:00,0.0,0.0,0.0,80.0,28.9,70.0,6.7
2023-08-16 21:00:00,0.0,0.0,0.0,40.0,28.9,72.0,5.7
2023-08-16 22:00:00,0.0,0.0,0.0,20.0,28.9,70.0,5.2
2023-08-16 23:00:00,0.0,0.0,0.0,20.0,28.9,70.0,4.6
2023-08-17 00:00:00,0.0,0.0,0.0,10.0,28.9,72.0,4.6
2023-08-17 01:00:00,0.0,0.0,0.0,10.0,28.9,70.0,4.6
2023-08-17 02:00:00,0.0,0.0,0.0,40.0,28.9,72.0,4.6
2023-08-17 03:00:00,0.0,0.0,0.0,10.0,28.3,74.0,4.1
2023-08-17 04:00:00,0.0,0.0,0.0,0.0,28.3,72.0,3.6
2023-08-17 05:00:00,0.0,0.0,0.0,30.0,28.3,72.0,3.6
2023-08-17 06:00:00,63.0,127.0,47.0,10.0,28.3,72.0,3.1
2023-08-17 07:00:00,264.0,381.0,132.0,40.0,28.9,70.0,3.6
2023-08-17 08:00:00,420.0,334.0,235.0,70.0,29.4,67.0,5.7
2023-08-17 09:00:00,700.0,539.0,305.0,50.0,30.0,65.0,3.6
2023-08-17 10:00:00,824.0,534.0,360.0,70.0,30.6,61.0,3.6
2023-08-17 11:00:00,916.0,544.0,398.0,50.0,30.6,63.0,4.6
2023-08-17 12:00:00,1002.0,547.0,467.0,50.0,31.1,61.0,6.7
2023-08-17 13:00:00,948.0,635.0,349.0,10.0,31.1,59.0,7.7
2023-08-17 14:00:00,837.0,624.0,305.0,10.0,31.1,59.0,6.7
2023-08-17 15:00:00,682.0,557.0,287.0,20.0,31.1,57.0,6.2
2023-08-17 16:00:00,454.0,486.0,198.0,20.0,31.1,61.0,5.7
2023-08-17 17:00:00,216.0,316.0,117.0,20.0,30.6,63.0,6.2
2023-08-17 18:00:00,11.0,0.0,11.0,20.0,29.4,67.0,5.2
2023-08-17 19:00:00,0.0,0.0,0.0,10.0,29.4,65.0,4.6
2023-08-17 20:00:00,0.0,0.0,0.0,0.0,29.4,67.0,4.1
2023-08-17 21:00:00,0.0,0.0,0.0,0.0,29.4,70.0,4.6
2023-08-17 22:00:00,0.0,0.0,0.0,10.0,29.4,70.0,5.2
2023-08-17 23:00:00,0.0,0.0,0.0,20.0,29.4,72.0,4.6
2023-08-18 00:00:00,0.0,0.0,0.0,10.0,29.4,72.0,5.7
2023-08-18 01:00:00,0.0,0.0,0.0,30.0,28.9,70.0,4.1
2023-08-18 02:00:00,0.0,0.0,0.0,20.0,28.9,72.0,4.6
2023-08-18 03:00:00,0.0,0.0,0.0,40.0,28.9,70.0,5.2
2023-08-18 04:00:00,0.0,0.0,0.0,40.0,28.3,72.0,3.1
2023-08-18 05:00:00,0.0,0.0,0.0,60.0,27.8,74.0,2.1
2023-08-18 06:00:00,70.0,80.0,60.0,70.0,27.8,77.0,1.5
2023-08-18 07:00:00,189.0,163.0,133.0,80.0,28.9,72.0,2.6
2023-08-18 08:00:00,428.0,315.0,253.0,60.0,29.4,67.0,2.6
2023-08-18 09:00:00,495.0,272.0,296.0,70.0,30.0,65.0,3.6
2023-08-18 10:00:00,562.0,254.0,342.0,60.0,30.6,61.0,4.1
2023-08-18 11:00:00,1007.0,534.0,499.0,50.0,31.1,61.0,3.6
2023-08-18 12:00:00,953.0,526.0,439.0,70.0,32.2,54.0,2.1
2023-08-18 13:00:00,926.0,553.0,405.0,60.0,32.2,56.0,5.7
2023-08-18 14:00:00,791.0,470.0,391.0,80.0,32.2,54.0,4.1
2023-08-18 15:00:00,427.0,222.0,270.0,60.0,31.1,53.0,4.1
2023-08-18 16:00:00,229.0,102.0,175.0,70.0,29.4,61.0,2.1
2023-08-18 17:00:00,209.0,348.0,101.0,70.0,29.4,72.0,3.1
2023-08-18 18:00:00,49.0,154.0,31.0,40.0,29.4,72.0,4.1
2023-08-18 19:00:00,0.0,0.0,0.0,30.0,29.4,72.0,3.6
2023-08-18 20:00:00,0.0,0.0,0.0,0.0,29.4,70.0,3.6
2023-08-18 21:00:00,0.0,0.0,0.0,0.0,28.9,72.0,3.1
2023-08-18 22:00:00,0.0,0.0,0.0,0.0,28.3,74.0,0.0
2023-08-18 23:00:00,0.0,0.0,0.0,0.0,27.8,77.0,2.1
2023-08-19 00:00:00,0.0,0.0,0.0,0.0,27.8,77.0,2.1
2023-08-19 01:00:00,0.0,0.0,0.0,0.0,26.1,85.0,2.6
2023-08-19 02:00:00,0.0,0.0,0.0,0.0,26.1,85.0,2.6
2023-08-19 03:00:00,0.0,0.0,0.0,40.0,26.1,85.0,0.0
2023-08-19 04:00:00,0.0,0.0,0.0,30.0,26.1,88.0,0.0
2023-08-19 05:00:00,0.0,0.0,0.0,80.0,26.1,88.0,2.1
2023-08-19 06:00:00,70.0,109.0,57.0,100.0,26.1,88.0,2.6
2023-08-19 07:00:00,252.0,369.0,125.0,70.0,27.8,77.0,0.0
2023-08-19 08:00:00,474.0,490.0,203.0,60.0,28.9,67.0,2.1
2023-08-19 09:00:00,595.0,410.0,295.0,50.0,30.0,63.0,1.5
2023-08-19 10:00:00,652.0,324.0,371.0,80.0,31.1,57.0,1.5
2023-08-19 11:00:00,818.0,363.0,473.0,80.0,31.1,57.0,5.2
2023-08-19 12:00:00,550.0,240.0,316.0,90.0,29.4,63.0,3.1
2023-08-19 13:00:00,150.0,4.0,146.0,70.0,27.2,74.0,1.0
2023-08-19 14:00:00,411.0,202.0,240.0,30.0,30.0,63.0,3.1
2023-08-19 15:00:00,577.0,436.0,269.0,30.0,30.6,59.0,2.1
2023-08-19 16:00:00,418.0,270.0,277.0,100.0,27.8,72.0,6.2
2023-08-19 17:00:00,71.0,11.0,68.0,70.0,26.7,85.0,3.1
2023-08-19 18:00:00,11.0,0.0,11.0,70.0,25.6,79.0,2.6
2023-08-19 19:00:00,0.0,0.0,0.0,60.0,25.6,79.0,1.5
2023-08-19 20:00:00,0.0,0.0,0.0,60.0,25.0,82.0,2.1
2023-08-19 21:00:00,0.0,0.0,0.0,30.0,25.0,82.0,2.1
2023-08-19 22:00:00,0.0,0.0,0.0,20.0,25.0,82.0,2.6
2023-08-19 23:00:00,0.0,0.0,0.0,80.0,24.4,82.0,2.6
2023-08-20 00:00:00,0.0,0.0,0.0,50.0,24.4,82.0,3.1
2023-08-20 01:00:00,0.0,0.0,0.0,50.0,24.4,85.0,2.6
2023-08-20 02:00:00,0.0,0.0,0.0,50.0,24.4,87.0,2.6
2023-08-20 03:00:00,0.0,0.0,0.0,50.0,24.4,90.0,3.6
2023-08-20 04:00:00,0.0,0.0,0.0,30.0,24.4,90.0,3.6
2023-08-20 05:00:00,0.0,0.0,0.0,70.0,24.4,87.0,3.1
2023-08-20 06:00:00,57.0,92.0,46.0,80.0,24.4,87.0,3.1
2023-08-20 07:00:00,250.0,369.0,124.0,50.0,26.7,82.0,2.1
2023-08-20 08:00:00,479.0,495.0,206.0,60.0,28.9,72.0,3.6
2023-08-20 09:00:00,524.0,307.0,300.0,80.0,29.4,70.0,3.1
2023-08-20 10:00:00,548.0,234.0,345.0,60.0,30.0,65.0,2.6
2023-08-20 11:00:00,835.0,374.0,480.0,70.0,31.1,63.0,7.2
2023-08-20 12:00:00,723.0,324.0,407.0,70.0,31.1,61.0,5.7
2023-08-20 13:00:00,863.0,453.0,438.0,50.0,31.1,61.0,6.2
2023-08-20 14:00:00,374.0,151.0,246.0,60.0,30.6,61.0,6.2
2023-08-20 15:00:00,237.0,55.0,198.0,60.0,30.6,63.0,3.6
2023-08-20 16:00:00,176.0,43.0,154.0,70.0,30.0,65.0,3.1
2023-08-20 17:00:00,77.0,0.0,77.0,70.0,29.4,67.0,5.7
2023-08-20 18:00:00,19.0,0.0,19.0,70.0,29.4,67.0,4.6
2023-08-20 19:00:00,0.0,0.0,0.0,70.0,28.9,70.0,3.6
2023-08-20 20:00:00,0.0,0.0,0.0,50.0,28.9,70.0,4.1
2023-08-20 21:00:00,0.0,0.0,0.0,60.0,28.9,70.0,3.6
2023-08-20 22:00:00,0.0,0.0,0.0,50.0,28.3,72.0,3.6
2023-08-20 23:00:00,0.0,0.0,0.0,60.0,27.2,77.0,3.1
2023-08-21 00:00:00,0.0,0.0,0.0,60.0,26.7,79.0,2.6
2023-08-21 01:00:00,0.0,0.0,0.0,50.0,26.1,85.0,2.6
2023-08-21 02:00:00,0.0,0.0,0.0,30.0,25.6,88.0,2.6
2023-08-21 03:00:00,0.0,0.0,0.0,0.0,25.0,91.0,3.1
2023-08-21 04:00:00,0.0,0.0,0.0,10.0,25.0,88.0,0.0
2023-08-21 05:00:00,0.0,0.0,0.0,70.0,25.0,88.0,3.6
2023-08-21 06:00:00,38.0,20.0,36.0,50.0,25.0,91.0,4.1
2023-08-21 07:00:00,220.0,289.0,121.0,40.0,27.2,82.0,3.6
2023-08-21 08:00:00,344.0,289.0,185.0,60.0,28.3,77.0,5.7
2023-08-21 09:00:00,343.0,114.0,260.0,80.0,30.6,65.0,5.7
2023-08-21 10:00:00,591.0,263.0,363.0,60.0,30.6,63.0,6.2
2023-08-21 11:00:00,856.0,497.0,385.0,60.0,30.6,61.0,5.2
2023-08-21 12:00:00,815.0,436.0,391.0,70.0,33.3,58.0,7.7
2023-08-21 13:00:00,915.0,614.0,340.0,40.0,33.3,62.0,7.7
2023-08-21 14:00:00,713.0,464.0,321.0,60.0,33.3,60.0,5.7
2023-08-21 15:00:00,577.0,473.0,246.0,40.0,33.3,56.0,6.7
2023-08-21 16:00:00,434.0,491.0,181.0,40.0,32.2,59.0,6.7
2023-08-21 17:00:00,221.0,350.0,115.0,40.0,31.7,63.0,8.2
2023-08-21 18:00:00,39.0,79.0,30.0,60.0,30.0,70.0,4.6
2023-08-21 19:00:00,0.0,0.0,0.0,40.0,28.9,72.0,5.2
2023-08-21 20:00:00,0.0,0.0,0.0,20.0,28.9,74.0,5.2
2023-08-21 21:00:00,0.0,0.0,0.0,20.0,28.9,77.0,4.6
2023-08-21 22:00:00,0.0,0.0,0.0,60.0,28.3,77.0,7.7
2023-08-21 23:00:00,0.0,0.0,0.0,60.0,27.2,79.0,3.1
2023-08-22 00:00:00,0.0,0.0,0.0,70.0,27.2,79.0,4.1
2023-08-22 01:00:00,0.0,0.0,0.0,100.0,27.2,82.0,3.1
2023-08-22 02:00:00,0.0,0.0,0.0,100.0,27.8,79.0,4.1
2023-08-22 03:00:00,0.0,0.0,0.0,100.0,26.1,91.0,2.6
2023-08-22 04:00:00,0.0,0.0,0.0,100.0,26.1,97.0,1.5
2023-08-22 05:00:00,0.0,0.0,0.0,90.0,26.1,97.0,3.1
2023-08-22 06:00:00,33.0,0.0,33.0,50.0,26.7,94.0,3.6
2023-08-22 07:00:00,46.0,0.0,46.0,70.0,26.7,91.0,3.1
2023-08-22 08:00:00,37.0,0.0,37.0,100.0,24.4,100.0,5.2
2023-08-22 09:00:00,65.0,0.0,65.0,100.0,24.4,94.0,2.6
2023-08-22 10:00:00,75.0,0.0,75.0,100.0,25.0,88.0,0.0
2023-08-22 11:00:00,149.0,0.0,149.0,100.0,26.1,85.0,0.0
2023-08-22 12:00:00,390.0,25.0,366.0,100.0,27.2,82.0,3.6
2023-08-22 13:00:00,485.0,149.0,346.0,90.0,27.8,77.0,3.1
2023-08-22 14:00:00,290.0,9.0,282.0,90.0,27.8,74.0,3.1
2023-08-22 15:00:00,443.0,126.0,355.0,80.0,28.3,70.0,4.1
2023-08-22 16:00:00,465.0,523.0,197.0,50.0,29.4,67.0,4.6
2023-08-22 17:00:00,212.0,334.0,112.0,50.0,29.4,70.0,3.1
2023-08-22 18:00:00,36.0,0.0,35.0,70.0,28.3,77.0,4.1
2023-08-22 19:00:00,0.0,0.0,0.0,30.0,27.8,79.0,3.6
2023-08-22 20:00:00,0.0,0.0,0.0,60.0,27.2,82.0,5.7
2023-08-22 21:00:00,0.0,0.0,0.0,50.0,25.6,91.0,5.7
2023-08-22 22:00:00,0.0,0.0,0.0,70.0,25.6,91.0,4.1
2023-08-22 23:00:00,0.0,0.0,0.0,100.0,25.6,91.0,2.6
2023-08-23 00:00:00,0.0,0.0,0.0,50.0,25.6,94.0,2.1
2023-08-23 01:00:00,0.0,0.0,0.0,60.0,25.6,94.0,0.0
2023-08-23 02:00:00,0.0,0.0,0.0,20.0,25.6,94.0,3.6
2023-08-23 03:00:00,0.0,0.0,0.0,80.0,25.6,91.0,3.1
2023-08-23 04:00:00,0.0,0.0,0.0,50.0,25.6,91.0,3.1
2023-08-23 05:00:00,0.0,0.0,0.0,30.0,25.6,91.0,0.0
2023-08-23 06:00:00,25.0,6.0,24.0,30.0,25.6,91.0,0.0
2023-08-23 07:00:00,110.0,1.0,110.0,80.0,25.6,94.0,3.1
2023-08-23 08:00:00,426.0,300.0,261.0,90.0,28.3,80.0,3.6
2023-08-23 09:00:00,175.0,5.0,171.0,100.0,25.6,88.0,3.6
2023-08-23 10:00:00,296.0,1.0,295.0,100.0,26.1,85.0,1.5
2023-08-23 11:00:00,235.0,3.0,232.0,100.0,27.8,77.0,2.1
2023-08-23 12:00:00,659.0,216.0,449.0,100.0,28.3,77.0,4.6
2023-08-23 13:00:00,828.0,345.0,506.0,100.0,30.0,68.0,2.1
2023-08-23 14:00:00,80.0,0.0,80.0,100.0,26.7,77.0,4.6
2023-08-23 15:00:00,143.0,2.0,142.0,100.0,24.4,87.0,3.6
2023-08-23 16:00:00,113.0,21.0,102.0,100.0,25.0,88.0,4.6
2023-08-23 17:00:00,23.0,0.0,23.0,100.0,25.0,91.0,3.1
2023-08-23 18:00:00,9.0,0.0,9.0,100.0,24.4,94.0,4.6
2023-08-23 19:00:00,0.0,0.0,0.0,100.0,24.4,94.0,2.6
2023-08-23 20:00:00,0.0,0.0,0.0,90.0,24.4,97.0,4.1
2023-08-23 21:00:00,0.0,0.0,0.0,50.0,24.4,90.0,2.6
2023-08-23 22:00:00,0.0,0.0,0.0,40.0,24.4,94.0,2.6
2023-08-23 23:00:00,0.0,0.0,0.0,40.0,24.4,87.0,3.1
2023-08-24 00:00:00,0.0,0.0,0.0,30.0,24.4,87.0,1.5
2023-08-24 01:00:00,0.0,0.0,0.0,10.0,24.4,90.0,0.0
2023-08-24 02:00:00,0.0,0.0,0.0,20.0,24.4,90.0,0.0
2023-08-24 03:00:00,0.0,0.0,0.0,80.0,24.4,90.0,2.1
2023-08-24 04:00:00,0.0,0.0,0.0,50.0,24.4,90.0,3.1
2023-08-24 05:00:00,0.0,0.0,0.0,100.0,23.9,90.0,6.2
2023-08-24 06:00:00,15.0,0.0,15.0,100.0,22.8,90.0,9.3
2023-08-24 07:00:00,55.0,0.0,55.0,100.0,23.3,90.0,4.1
2023-08-24 08:00:00,101.0,0.0,101.0,100.0,23.3,90.0,3.1
2023-08-24 09:00:00,83.0,0.0,83.0,100.0,23.9,90.0,5.2
2023-08-24 10:00:00,158.0,0.0,158.0,100.0,23.9,90.0,4.1
2023-08-24 11:00:00,312.0,4.0,308.0,100.0,24.4,87.0,2.6
2023-08-24 12:00:00,512.0,32.0,481.0,100.0,25.6,77.0,2.6
2023-08-24 13:00:00,548.0,78.0,475.0,100.0,27.2,67.0,3.1
2023-08-24 14:00:00,692.0,397.0,359.0,90.0,28.3,61.0,2.6
2023-08-24 15:00:00,439.0,208.0,295.0,70.0,28.3,61.0,5.7
2023-08-24 16:00:00,310.0,136.0,241.0,80.0,27.8,67.0,4.6
2023-08-24 17:00:00,233.0,206.0,173.0,100.0,27.8,67.0,4.6
2023-08-24 18:00:00,22.0,0.0,22.0,100.0,26.7,69.0,2.1
2023-08-24 19:00:00,0.0,0.0,0.0,100.0,26.1,72.0,4.1
2023-08-24 20:00:00,0.0,0.0,0.0,80.0,26.1,74.0,3.1
2023-08-24 21:00:00,0.0,0.0,0.0,50.0,26.1,74.0,2.1
2023-08-24 22:00:00,0.0,0.0,0.0,50.0,23.3,82.0,2.1
2023-08-24 23:00:00,0.0,0.0,0.0,10.0,23.3,90.0,0.0
2023-08-25 00:00:00,0.0,0.0,0.0,30.0,23.3,97.0,0.0
2023-08-25 01:00:00,0.0,0.0,0.0,0.0,23.3,97.0,0.0
2023-08-25 02:00:00,0.0,0.0,0.0,0.0,23.3,97.0,0.0
2023-08-25 03:00:00,0.0,0.0,0.0,80.0,23.3,97.0,0.0
2023-08-25 04:00:00,0.0,0.0,0.0,80.0,23.3,94.0,0.0
2023-08-25 05:00:00,0.0,0.0,0.0,80.0,23.3,94.0,2.1
2023-08-25 06:00:00,61.0,125.0,46.0,90.0,23.3,94.0,1.5
2023-08-25 07:00:00,215.0,299.0,114.0,90.0,24.4,90.0,2.6
2023-08-25 08:00:00,383.0,354.0,189.0,90.0,26.7,79.0,1.5
2023-08-25 09:00:00,685.0,635.0,224.0,70.0,27.8,69.0,2.6
2023-08-25 10:00:00,745.0,518.0,299.0,50.0,29.4,61.0,2.6
2023-08-25 11:00:00,969.0,595.0,408.0,70.0,30.0,63.0,4.6
2023-08-25 12:00:00,812.0,446.0,381.0,50.0,30.0,61.0,4.6
2023-08-25 13:00:00,931.0,588.0,384.0,90.0,30.0,57.0,4.6
2023-08-25 14:00:00,795.0,577.0,313.0,90.0,30.0,59.0,2.6
2023-08-25 15:00:00,567.0,412.0,282.0,90.0,30.0,59.0,4.1
2023-08-25 16:00:00,401.0,405.0,197.0,80.0,29.4,61.0,4.1
2023-08-25 17:00:00,187.0,184.0,134.0,100.0,29.4,61.0,5.2
2023-08-25 18:00:00,35.0,25.0,32.0,90.0,28.9,63.0,3.6
2023-08-25 19:00:00,0.0,0.0,0.0,100.0,28.3,65.0,4.1
2023-08-25 20:00:00,0.0,0.0,0.0,100.0,28.3,67.0,3.1
2023-08-25 21:00:00,0.0,0.0,0.0,80.0,28.3,67.0,3.6
2023-08-25 22:00:00,0.0,0.0,0.0,100.0,28.3,67.0,1.5
2023-08-25 23:00:00,0.0,0.0,0.0,100.0,26.7,77.0,2.1
2023-08-26 00:00:00,0.0,0.0,0.0,100.0,26.1,79.0,0.0
2023-08-26 01:00:00,0.0,0.0,0.0,100.0,25.6,85.0,2.6
2023-08-26 02:00:00,0.0,0.0,0.0,80.0,25.6,85.0,1.5
2023-08-26 03:00:00,0.0,0.0,0.0,80.0,25.6,85.0,2.6
2023-08-26 04:00:00,0.0,0.0,0.0,100.0,25.6,82.0,0.0
2023-08-26 05:00:00,0.0,0.0,0.0,90.0,25.0,85.0,3.1
2023-08-26 06:00:00,67.0,100.0,55.0,50.0,25.6,82.0,3.1
2023-08-26 07:00:00,232.0,165.0,177.0,90.0,26.7,79.0,3.1
2023-08-26 08:00:00,238.0,1.0,237.0,90.0,27.2,79.0,4.1
2023-08-26 09:00:00,400.0,20.0,386.0,100.0,28.3,74.0,2.6
2023-08-26 10:00:00,614.0,135.0,498.0,100.0,29.4,67.0,3.6
2023-08-26 11:00:00,459.0,8.0,451.0,100.0,29.4,70.0,3.6
2023-08-26 12:00:00,693.0,154.0,544.0,90.0,30.0,68.0,4.6
2023-08-26 13:00:00,460.0,38.0,425.0,90.0,30.0,65.0,3.6
2023-08-26 14:00:00,662.0,227.0,473.0,100.0,30.6,65.0,4.1
2023-08-26 15:00:00,620.0,488.0,284.0,80.0,30.6,63.0,4.1
2023-08-26 16:00:00,431.0,447.0,207.0,80.0,30.0,65.0,3.1
2023-08-26 17:00:00,189.0,283.0,108.0,50.0,29.4,65.0,3.6
2023-08-26 18:00:00,26.0,36.0,22.0,60.0,28.9,67.0,3.1
2023-08-26 19:00:00,0.0,0.0,0.0,60.0,28.3,72.0,0.0
2023-08-26 20:00:00,0.0,0.0,0.0,50.0,28.3,72.0,0.0
2023-08-26 21:00:00,0.0,0.0,0.0,50.0,27.8,74.0,0.0
2023-08-26 22:00:00,0.0,0.0,0.0,40.0,27.8,74.0,0.0
2023-08-26 23:00:00,0.0,0.0,0.0,30.0,27.8,77.0,2.6
2023-08-27 00:00:00,0.0,0.0,0.0,50.0,27.8,77.0,2.6
2023-08-27 01:00:00,0.0,0.0,0.0,30.0,25.6,88.0,2.6
2023-08-27 02:00:00,0.0,0.0,0.0,0.0,25.6,88.0,1.5
2023-08-27 03:00:00,0.0,0.0,0.0,0.0,25.0,91.0,2.1
2023-08-27 04:00:00,0.0,0.0,0.0,0.0,25.0,91.0,0.0
2023-08-27 05:00:00,0.0,0.0,0.0,40.0,25.0,91.0,0.0
2023-08-27 06:00:00,39.0,42.0,34.0,80.0,25.0,91.0,2.1
2023-08-27 07:00:00,186.0,156.0,134.0,80.0,26.7,85.0,1.5
2023-08-27 08:00:00,401.0,323.0,225.0,70.0,27.8,72.0,0.0
2023-08-27 09:00:00,619.0,440.0,301.0,80.0,29.4,65.0,0.0
2023-08-27 10:00:00,805.0,462.0,408.0,70.0,30.6,57.0,2.6
2023-08-27 11:00:00,864.0,384.0,503.0,60.0,30.6,61.0,3.6
2023-08-27 12:00:00,904.0,468.0,453.0,40.0,31.7,54.0,7.2
2023-08-27 13:00:00,813.0,422.0,422.0,30.0,31.1,63.0,6.7
2023-08-27 14:00:00,786.0,431.0,427.0,20.0,30.6,63.0,6.7
2023-08-27 15:00:00,524.0,305.0,315.0,30.0,29.4,61.0,5.2
2023-08-27 16:00:00,414.0,475.0,178.0,20.0,29.4,55.0,5.2
2023-08-27 17:00:00,184.0,305.0,98.0,30.0,29.4,51.0,5.2
2023-08-27 18:00:00,13.0,0.0,13.0,50.0,28.3,59.0,5.2
2023-08-27 19:00:00,0.0,0.0,0.0,30.0,27.8,65.0,4.1
2023-08-27 20:00:00,0.0,0.0,0.0,30.0,27.8,69.0,3.6
2023-08-27 21:00:00,0.0,0.0,0.0,20.0,27.8,65.0,3.6
2023-08-27 22:00:00,0.0,0.0,0.0,0.0,27.8,65.0,3.6
2023-08-27 23:00:00,0.0,0.0,0.0,0.0,27.8,65.0,3.1
2023-08-28 00:00:00,0.0,0.0,0.0,10.0,27.2,67.0,3.1
2023-08-28 01:00:00,0.0,0.0,0.0,0.0,27.2,69.0,4.1
2023-08-28 02:00:00,0.0,0.0,0.0,0.0,27.2,67.0,4.6
2023-08-28 03:00:00,0.0,0.0,0.0,0.0,26.7,69.0,2.6
2023-08-28 04:00:00,0.0,0.0,0.0,20.0,26.1,72.0,1.5
2023-08-28 05:00:00,0.0,0.0,0.0,20.0,25.6,77.0,1.5
2023-08-28 06:00:00,41.0,97.0,30.0,0.0,25.0,82.0,2.6
2023-08-28 07:00:00,244.0,446.0,95.0,0.0,27.8,67.0,1.5
2023-08-28 08:00:00,431.0,458.0,182.0,40.0,29.4,63.0,3.6
2023-08-28 09:00:00,589.0,370.0,322.0,60.0,29.4,61.0,4.1
2023-08-28 10:00:00,565.0,236.0,363.0,60.0,30.6,59.0,5.2
2023-08-28 11:00:00,765.0,391.0,398.0,50.0,30.6,61.0,6.2
2023-08-28 12:00:00,820.0,607.0,237.0,30.0,30.6,61.0,6.2
2023-08-28 13:00:00,881.0,757.0,181.0,20.0,31.1,59.0,5.2
2023-08-28 14:00:00,795.0,737.0,184.0,20.0,31.1,55.0,6.2
2023-08-28 15:00:00,562.0,547.0,189.0,20.0,30.6,53.0,4.1
2023-08-28 16:00:00,425.0,605.0,126.0,20.0,30.6,55.0,5.7
2023-08-28 17:00:00,185.0,399.0,74.0,30.0,29.4,63.0,4.1
2023-08-28 18:00:00,27.0,31.0,23.0,40.0,28.9,63.0,5.2
2023-08-28 19:00:00,0.0,0.0,0.0,0.0,28.3,65.0,4.6
2023-08-28 20:00:00,0.0,0.0,0.0,10.0,28.3,67.0,3.6
2023-08-28 21:00:00,0.0,0.0,0.0,10.0,28.3,70.0,4.6
2023-08-28 22:00:00,0.0,0.0,0.0,10.0,28.3,72.0,5.7
2023-08-28 23:00:00,0.0,0.0,0.0,20.0,28.3,72.0,4.6
2023-08-29 00:00:00,0.0,0.0,0.0,20.0,27.8,77.0,3.6
2023-08-29 01:00:00,0.0,0.0,0.0,30.0,27.2,79.0,2.6
2023-08-29 02:00:00,0.0,0.0,0.0,0.0,27.2,79.0,2.1
2023-08-29 03:00:00,0.0,0.0,0.0,10.0,27.2,79.0,2.6
2023-08-29 04:00:00,0.0,0.0,0.0,10.0,27.2,82.0,3.6
2023-08-29 05:00:00,0.0,0.0,0.0,20.0,27.2,82.0,3.1
2023-08-29 06:00:00,45.0,105.0,33.0,10.0,27.8,77.0,3.1
2023-08-29 07:00:00,229.0,371.0,106.0,20.0,28.3,74.0,3.1
2023-08-29 08:00:00,267.0,125.0,199.0,60.0,30.0,68.0,5.2
2023-08-29 09:00:00,558.0,391.0,276.0,70.0,30.0,68.0,5.2
2023-08-29 10:00:00,753.0,503.0,323.0,50.0,30.0,68.0,5.2
2023-08-29 11:00:00,797.0,529.0,302.0,50.0,31.1,59.0,5.7
2023-08-29 12:00:00,734.0,453.0,299.0,50.0,30.6,63.0,5.7
2023-08-29 13:00:00,822.0,545.0,319.0,50.0,31.1,61.0,6.2
2023-08-29 14:00:00,725.0,548.0,272.0,40.0,31.1,61.0,5.2
2023-08-29 15:00:00,586.0,561.0,204.0,40.0,31.1,57.0,4.6
2023-08-29 16:00:00,373.0,386.0,183.0,40.0,30.6,59.0,4.6
2023-08-29 17:00:00,149.0,142.0,110.0,50.0,30.0,57.0,2.6
2023-08-29 18:00:00,21.0,17.0,19.0,40.0,29.4,63.0,3.6
2023-08-29 19:00:00,0.0,0.0,0.0,20.0,28.9,65.0,2.6
2023-08-29 20:00:00,0.0,0.0,0.0,10.0,28.9,67.0,3.6
2023-08-29 21:00:00,0.0,0.0,0.0,0.0,28.3,67.0,3.1
2023-08-29 22:00:00,0.0,0.0,0.0,0.0,28.3,67.0,3.1
2023-08-29 23:00:00,0.0,0.0,0.0,0.0,27.8,72.0,1.5
2023-08-30 00:00:00,0.0,0.0,0.0,0.0,26.7,77.0,1.5
2023-08-30 01:00:00,0.0,0.0,0.0,0.0,26.7,79.0,0.0
2023-08-30 02:00:00,0.0,0.0,0.0,20.0,26.7,79.0,2.6
2023-08-30 03:00:00,0.0,0.0,0.0,10.0,26.1,85.0,1.5
2023-08-30 04:00:00,0.0,0.0,0.0,20.0,26.7,82.0,2.1
2023-08-30 05:00:00,0.0,0.0,0.0,60.0,26.7,77.0,3.6
2023-08-30 06:00:00,39.0,8.0,38.0,70.0,27.2,77.0,3.6
2023-08-30 07:00:00,157.0,117.0,118.0,80.0,29.4,70.0,6.2
2023-08-30 08:00:00,268.0,59.0,237.0,90.0,29.4,70.0,4.6
2023-08-30 09:00:00,513.0,159.0,399.0,80.0,30.0,68.0,3.6
2023-08-30 10:00:00,545.0,98.0,461.0,80.0,31.1,59.0,5.2
2023-08-30 11:00:00,818.0,424.0,421.0,80.0,31.7,55.0,6.2
2023-08-30 12:00:00,646.0,232.0,423.0,80.0,30.6,61.0,5.7
2023-08-30 13:00:00,679.0,338.0,367.0,80.0,30.6,63.0,5.7
2023-08-30 14:00:00,435.0,66.0,380.0,100.0,30.6,63.0,3.6
2023-08-30 15:00:00,225.0,56.0,187.0,100.0,26.1,82.0,4.1
2023-08-30 16:00:00,223.0,23.0,212.0,90.0,28.9,65.0,3.1
2023-08-30 17:00:00,128.0,31.0,119.0,80.0,28.9,63.0,5.2
2023-08-30 18:00:00,16.0,0.0,16.0,80.0,26.7,74.0,3.6
2023-08-30 19:00:00,0.0,0.0,0.0,30.0,26.1,77.0,2.6
2023-08-30 20:00:00,0.0,0.0,0.0,0.0,26.1,77.0,2.6
2023-08-30 21:00:00,0.0,0.0,0.0,10.0,26.1,79.0,3.6
2023-08-30 22:00:00,0.0,0.0,0.0,10.0,26.1,82.0,2.1
2023-08-30 23:00:00,0.0,0.0,0.0,60.0,25.6,85.0,2.1
2023-08-31 00:00:00,0.0,0.0,0.0,70.0,25.6,88.0,5.7
2023-08-31 01:00:00,0.0,0.0,0.0,50.0,24.4,85.0,2.6
2023-08-31 02:00:00,0.0,0.0,0.0,20.0,24.4,82.0,2.6
2023-08-31 03:00:00,0.0,0.0,0.0,60.0,24.4,90.0,4.6
2023-08-31 04:00:00,0.0,0.0,0.0,50.0,25.0,91.0,1.5
2023-08-31 05:00:00,0.0,0.0,0.0,60.0,24.4,94.0,2.6
2023-08-31 06:00:00,44.0,5.0,44.0,70.0,25.6,91.0,2.6
2023-08-31 07:00:00,133.0,69.0,110.0,80.0,26.7,85.0,3.6
2023-08-31 08:00:00,258.0,125.0,191.0,80.0,26.1,85.0,3.6
2023-08-31 09:00:00,555.0,420.0,253.0,50.0,28.9,74.0,4.1
2023-08-31 10:00:00,722.0,503.0,293.0,50.0,30.6,65.0,5.2
2023-08-31 11:00:00,817.0,504.0,346.0,40.0,30.6,55.0,5.2
2023-08-31 12:00:00,938.0,527.0,434.0,70.0,30.6,57.0,5.2
2023-08-31 13:00:00,827.0,495.0,373.0,70.0,31.1,57.0,6.2
2023-08-31 14:00:00,714.0,476.0,323.0,60.0,30.6,57.0,6.2
2023-08-31 15:00:00,603.0,505.0,263.0,70.0,30.6,55.0,5.2
2023-08-31 16:00:00,326.0,251.0,204.0,80.0,30.0,63.0,6.7
2023-08-31 17:00:00,152.0,83.0,129.0,80.0,30.0,63.0,6.2
2023-08-31 18:00:00,27.0,4.0,27.0,80.0,29.2,68.0,5.2
2023-08-31 19:00:00,0.0,0.0,0.0,50.0,28.6,71.0,5.1
2023-08-31 20:00:00,0.0,0.0,0.0,50.0,28.4,72.0,3.3
2023-08-31 21:00:00,0.0,0.0,0.0,50.0,28.2,73.0,2.4
2023-08-31 22:00:00,0.0,0.0,0.0,0.0,28.1,73.0,2.7
2023-08-31 23:00:00,0.0,0.0,0.0,0.0,27.8,75.0,2.4
2023-09-01 00:00:00,0.0,0.0,0.0,30.0,27.7,76.0,2.2
2023-09-01 01:00:00,0.0,0.0,0.0,70.0,27.5,77.0,2.4
2023-09-01 02:00:00,0.0,0.0,0.0,70.0,27.5,77.0,2.0
2023-09-01 03:00:00,0.0,0.0,0.0,80.0,26.5,81.0,1.6
2023-09-01 04:00:00,0.0,0.0,0.0,90.0,26.2,79.0,0.7
2023-09-01 05:00:00,0.0,0.0,0.0,90.0,26.3,81.0,2.1
2023-09-01 06:00:00,44.0,15.0,40.0,90.0,26.1,85.0,0.0
2023-09-01 07:00:00,115.0,8.0,108.0,90.0,28.3,79.0,1.5
2023-09-01 08:00:00,243.0,74.0,200.0,90.0,28.9,72.0,3.1
2023-09-01 09:00:00,520.0,199.0,377.0,90.0,28.9,74.0,4.6
2023-09-01 10:00:00,453.0,137.0,338.0,80.0,30.0,70.0,3.6
2023-09-01 11:00:00,721.0,357.0,395.0,80.0,31.7,59.0,4.6
2023-09-01 12:00:00,811.0,521.0,327.0,80.0,31.1,63.0,4.6
2023-09-01 13:00:00,743.0,373.0,411.0,80.0,31.1,63.0,5.2
2023-09-01 14:00:00,743.0,538.0,302.0,80.0,31.7,61.0,4.6
2023-09-01 15:00:00,440.0,269.0,260.0,80.0,30.0,67.0,5.2
2023-09-01 16:00:00,203.0,34.0,183.0,80.0,28.9,74.0,4.6
2023-09-01 17:00:00,110.0,110.0,78.0,80.0,28.9,74.0,4.1
2023-09-01 18:00:00,17.0,9.0,16.0,80.0,28.3,74.0,3.6
2023-09-01 19:00:00,0.0,0.0,0.0,80.0,28.3,77.0,4.1
2023-09-01 20:00:00,0.0,0.0,0.0,80.0,28.3,77.0,4.1
2023-09-01 21:00:00,0.0,0.0,0.0,70.0,28.3,77.0,3.6
2023-09-01 22:00:00,0.0,0.0,0.0,70.0,27.8,79.0,4.1
2023-09-01 23:00:00,0.0,0.0,0.0,50.0,27.2,82.0,1.5
2023-09-02 00:00:00,0.0,0.0,0.0,50.0,27.2,79.0,1.0
2023-09-02 01:00:00,0.0,0.0,0.0,70.0,26.7,82.0,1.5
2023-09-02 02:00:00,0.0,0.0,0.0,50.0,26.7,85.0,2.1
2023-09-02 03:00:00,0.0,0.0,0.0,50.0,26.1,85.0,0.0
2023-09-02 04:00:00,0.0,0.0,0.0,30.0,26.7,82.0,1.5
2023-09-02 05:00:00,0.0,0.0,0.0,80.0,26.7,85.0,2.1
2023-09-02 06:00:00,50.0,100.0,38.0,80.0,27.2,79.0,1.5
2023-09-02 07:00:00,238.0,355.0,103.0,80.0,29.4,67.0,4.1
2023-09-02 08:00:00,291.0,235.0,162.0,100.0,29.4,70.0,4.6
2023-09-02 09:00:00,133.0,0.0,150.0,100.0,25.0,87.0,2.6
2023-09-02 10:00:00,229.0,23.0,210.0,100.0,25.0,91.0,3.1
2023-09-02 11:00:00,489.0,80.0,414.0,90.0,26.7,88.0,2.6
2023-09-02 12:00:00,789.0,388.0,419.0,90.0,27.8,85.0,1.5
2023-09-02 13:00:00,447.0,90.0,363.0,100.0,29.4,75.0,3.1
2023-09-02 14:00:00,212.0,25.0,192.0,100.0,26.1,82.0,6.2
2023-09-02 15:00:00,333.0,75.0,277.0,100.0,28.3,72.0,3.1
2023-09-02 16:00:00,217.0,1.0,219.0,100.0,28.9,77.0,3.6
2023-09-02 17:00:00,104.0,51.0,87.0,100.0,28.3,79.0,3.1
2023-09-02 18:00:00,15.0,4.0,15.0,100.0,27.8,82.0,3.1
2023-09-02 19:00:00,0.0,0.0,0.0,90.0,27.8,82.0,3.6
2023-09-02 20:00:00,0.0,0.0,0.0,90.0,26.7,82.0,6.2
2023-09-02 21:00:00,0.0,0.0,0.0,70.0,25.6,91.0,1.0
2023-09-02 22:00:00,0.0,0.0,0.0,70.0,25.6,85.0,2.1
2023-09-02 23:00:00,0.0,0.0,0.0,40.0,26.1,82.0,2.1
2023-09-03 00:00:00,0.0,0.0,0.0,30.0,25.6,88.0,1.5
2023-09-03 01:00:00,0.0,0.0,0.0,30.0,25.6,88.0,1.0
2023-09-03 02:00:00,0.0,0.0,0.0,40.0,25.6,91.0,0.0
2023-09-03 03:00:00,0.0,0.0,0.0,40.0,25.6,91.0,2.1
2023-09-03 04:00:00,0.0,0.0,0.0,40.0,25.6,91.0,0.0
2023-09-03 05:00:00,0.0,0.0,0.0,70.0,25.6,91.0,1.5
2023-09-03 06:00:00,45.0,58.0,38.0,70.0,25.6,94.0,1.0
2023-09-03 07:00:00,207.0,152.0,165.0,70.0,28.3,79.0,4.1
2023-09-03 08:00:00,448.0,427.0,215.0,50.0,29.4,70.0,3.1
2023-09-03 09:00:00,634.0,573.0,220.0,50.0,30.0,67.0,5.2
2023-09-03 10:00:00,732.0,464.0,337.0,50.0,30.6,65.0,4.6
2023-09-03 11:00:00,891.0,769.0,165.0,40.0,31.1,61.0,4.1
2023-09-03 12:00:00,795.0,481.0,341.0,50.0,30.6,65.0,5.2
2023-09-03 13:00:00,866.0,621.0,297.0,30.0,30.6,65.0,5.2
2023-09-03 14:00:00,822.0,758.0,183.0,20.0,30.6,63.0,5.2
2023-09-03 15:00:00,631.0,697.0,153.0,20.0,30.6,63.0,4.1
2023-09-03 16:00:00,382.0,515.0,124.0,50.0,30.0,67.0,4.6
2023-09-03 17:00:00,159.0,297.0,73.0,50.0,29.4,72.0,4.6
2023-09-03 18:00:00,22.0,23.0,19.0,30.0,28.3,72.0,3.6
2023-09-03 19:00:00,0.0,0.0,0.0,30.0,27.8,77.0,3.6
2023-09-03 20:00:00,0.0,0.0,0.0,30.0,27.8,77.0,3.1
2023-09-03 21:00:00,0.0,0.0,0.0,50.0,27.8,74.0,1.5
2023-09-03 22:00:00,0.0,0.0,0.0,30.0,27.2,77.0,3.1
2023-09-03 23:00:00,0.0,0.0,0.0,40.0,27.2,77.0,3.1
2023-09-04 00:00:00,0.0,0.0,0.0,40.0,27.8,79.0,3.6
2023-09-04 01:00:00,0.0,0.0,0.0,30.0,27.2,77.0,3.1
2023-09-04 02:00:00,0.0,0.0,0.0,20.0,27.2,74.0,3.1
2023-09-04 03:00:00,0.0,0.0,0.0,20.0,26.7,77.0,2.6
2023-09-04 04:00:00,0.0,0.0,0.0,10.0,26.7,77.0,3.1
2023-09-04 05:00:00,0.0,0.0,0.0,20.0,26.1,79.0,1.5
2023-09-04 06:00:00,31.0,8.0,30.0,40.0,26.1,79.0,2.1
2023-09-04 07:00:00,233.0,408.0,89.0,40.0,28.9,70.0,3.1
2023-09-04 08:00:00,427.0,479.0,173.0,50.0,30.0,65.0,4.1
2023-09-04 09:00:00,526.0,298.0,310.0,60.0,29.4,67.0,3.6
2023-09-04 10:00:00,675.0,363.0,365.0,50.0,30.0,65.0,4.1
2023-09-04 11:00:00,844.0,585.0,301.0,50.0,30.6,61.0,3.6
2023-09-04 12:00:00,954.0,728.0,232.0,80.0,31.1,57.0,3.6
2023-09-04 13:00:00,816.0,515.0,348.0,50.0,31.1,55.0,4.1
2023-09-04 14:00:00,750.0,681.0,188.0,60.0,30.6,61.0,4.1
2023-09-04 15:00:00,562.0,356.0,327.0,80.0,30.0,67.0,3.6
2023-09-04 16:00:00,161.0,33.0,146.0,80.0,28.3,74.0,2.6
2023-09-04 17:00:00,124.0,49.0,112.0,50.0,29.4,70.0,3.6
2023-09-04 18:00:00,16.0,1.0,16.0,30.0,28.3,72.0,3.6
2023-09-04 19:00:00,0.0,0.0,0.0,30.0,28.3,74.0,3.6
2023-09-04 20:00:00,0.0,0.0,0.0,40.0,27.8,72.0,4.1
2023-09-04 21:00:00,0.0,0.0,0.0,40.0,27.8,69.0,3.1
2023-09-04 22:00:00,0.0,0.0,0.0,10.0,27.2,72.0,3.6
2023-09-04 23:00:00,0.0,0.0,0.0,70.0,27.2,72.0,2.6
2023-09-05 00:00:00,0.0,0.0,0.0,20.0,27.2,72.0,2.6
2023-09-05 01:00:00,0.0,0.0,0.0,0.0,27.2,72.0,2.1
2023-09-05 02:00:00,0.0,0.0,0.0,60.0,26.7,77.0,0.0
2023-09-05 03:00:00,0.0,0.0,0.0,30.0,26.1,82.0,1.5
2023-09-05 04:00:00,0.0,0.0,0.0,30.0,25.6,82.0,1.5
2023-09-05 05:00:00,0.0,0.0,0.0,80.0,26.1,82.0,0.0
2023-09-05 06:00:00,39.0,24.0,36.0,80.0,26.7,79.0,0.0
2023-09-05 07:00:00,219.0,340.0,104.0,80.0,28.9,74.0,2.1
2023-09-05 08:00:00,331.0,98.0,278.0,80.0,28.9,70.0,2.6
2023-09-05 09:00:00,554.0,385.0,278.0,70.0,30.0,63.0,2.6
2023-09-05 10:00:00,657.0,318.0,391.0,70.0,30.6,59.0,2.1
2023-09-05 11:00:00,764.0,459.0,339.0,80.0,31.1,61.0,4.1
2023-09-05 12:00:00,935.0,680.0,264.0,80.0,31.7,59.0,5.2
2023-09-05 13:00:00,725.0,413.0,351.0,80.0,31.7,61.0,5.2
2023-09-05 14:00:00,500.0,343.0,225.0,90.0,26.7,79.0,5.7
2023-09-05 15:00:00,323.0,97.0,260.0,80.0,28.3,74.0,0.0
2023-09-05 16:00:00,235.0,96.0,187.0,80.0,29.4,70.0,2.6
2023-09-05 17:00:00,118.0,114.0,90.0,50.0,28.9,72.0,2.1
2023-09-05 18:00:00,11.0,7.0,10.0,80.0,27.8,77.0,3.1
2023-09-05 19:00:00,0.0,0.0,0.0,40.0,27.8,79.0,1.5
2023-09-05 20:00:00,0.0,0.0,0.0,70.0,27.2,79.0,0.0
2023-09-05 21:00:00,0.0,0.0,0.0,10.0,27.2,79.0,2.1
2023-09-05 22:00:00,0.0,0.0,0.0,20.0,26.7,82.0,1.5
2023-09-05 23:00:00,0.0,0.0,0.0,40.0,26.7,82.0,0.0
2023-09-06 00:00:00,0.0,0.0,0.0,60.0,26.7,85.0,0.0
2023-09-06 01:00:00,0.0,0.0,0.0,40.0,26.1,85.0,2.6
2023-09-06 02:00:00,0.0,0.0,0.0,50.0,25.6,88.0,2.6
2023-09-06 03:00:00,0.0,0.0,0.0,50.0,25.6,82.0,1.5
2023-09-06 04:00:00,0.0,0.0,0.0,50.0,25.0,87.0,0.0
2023-09-06 05:00:00,0.0,0.0,0.0,50.0,24.4,87.0,0.0
2023-09-06 06:00:00,38.0,73.0,30.0,30.0,25.0,91.0,0.0
2023-09-06 07:00:00,194.0,233.0,120.0,40.0,27.2,79.0,3.1
2023-09-06 08:00:00,446.0,608.0,128.0,10.0,28.9,72.0,3.6
2023-09-06 09:00:00,669.0,707.0,167.0,40.0,30.6,61.0,3.1
2023-09-06 10:00:00,787.0,667.0,227.0,40.0,31.1,57.0,3.1
2023-09-06 11:00:00,772.0,498.0,311.0,50.0,31.7,61.0,2.6
2023-09-06 12:00:00,914.0,754.0,183.0,50.0,31.7,61.0,3.6
2023-09-06 13:00:00,435.0,233.0,224.0,80.0,29.4,63.0,3.1
2023-09-06 14:00:00,609.0,326.0,346.0,70.0,25.0,87.0,3.6
2023-09-06 15:00:00,524.0,437.0,239.0,50.0,27.8,79.0,5.2
2023-09-06 16:00:00,287.0,207.0,193.0,30.0,28.9,70.0,1.0
2023-09-06 17:00:00,121.0,97.0,99.0,40.0,27.2,77.0,2.1
2023-09-06 18:00:00,14.0,0.0,14.0,70.0,27.2,74.0,1.0
2023-09-06 19:00:00,0.0,0.0,0.0,40.0,26.7,77.0,1.0
2023-09-06 20:00:00,0.0,0.0,0.0,50.0,26.1,85.0,1.0
2023-09-06 21:00:00,0.0,0.0,0.0,80.0,26.7,79.0,2.6
2023-09-06 22:00:00,0.0,0.0,0.0,50.0,25.6,88.0,2.1
2023-09-06 23:00:00,0.0,0.0,0.0,80.0,26.1,85.0,2.1
2023-09-07 00:00:00,0.0,0.0,0.0,80.0,25.6,88.0,0.0
2023-09-07 01:00:00,0.0,0.0,0.0,50.0,25.0,87.0,0.0
2023-09-07 02:00:00,0.0,0.0,0.0,20.0,25.0,91.0,0.0
2023-09-07 03:00:00,0.0,0.0,0.0,20.0,24.4,94.0,1.0
2023-09-07 04:00:00,0.0,0.0,0.0,80.0,25.0,87.0,2.6
2023-09-07 05:00:00,0.0,0.0,0.0,50.0,24.4,87.0,2.6
2023-09-07 06:00:00,49.0,92.0,35.0,0.0,24.4,90.0,2.6
2023-09-07 07:00:00,233.0,450.0,85.0,10.0,26.7,79.0,1.5
2023-09-07 08:00:00,467.0,633.0,125.0,10.0,28.3,72.0,3.1
2023-09-07 09:00:00,680.0,727.0,150.0,20.0,30.0,67.0,4.1
2023-09-07 10:00:00,840.0,778.0,171.0,20.0,30.6,63.0,3.6
2023-09-07 11:00:00,955.0,758.0,209.0,50.0,31.1,61.0,3.6
2023-09-07 12:00:00,740.0,347.0,419.0,50.0,31.7,55.0,4.1
2023-09-07 13:00:00,810.0,559.0,308.0,20.0,31.7,63.0,5.2
2023-09-07 14:00:00,406.0,97.0,331.0,70.0,28.3,65.0,6.2
2023-09-07 15:00:00,261.0,159.0,158.0,80.0,26.7,69.0,5.2
2023-09-07 16:00:00,125.0,98.0,81.0,80.0,25.0,71.0,3.6
2023-09-07 17:00:00,100.0,70.0,83.0,60.0,25.0,71.0,2.1
2023-09-07 18:00:00,10.0,1.0,12.0,60.0,25.0,71.0,2.6
2023-09-07 19:00:00,0.0,0.0,0.0,70.0,25.0,74.0,0.0
2023-09-07 20:00:00,0.0,0.0,0.0,50.0,25.6,74.0,0.0
2023-09-07 21:00:00,0.0,0.0,0.0,40.0,25.0,71.0,0.0
2023-09-07 22:00:00,0.0,0.0,0.0,20.0,25.0,79.0,1.5
2023-09-07 23:00:00,0.0,0.0,0.0,10.0,24.4,82.0,0.0
2023-09-08 00:00:00,0.0,0.0,0.0,0.0,24.4,79.0,0.0
2023-09-08 01:00:00,0.0,0.0,0.0,10.0,23.9,82.0,0.0
2023-09-08 02:00:00,0.0,0.0,0.0,20.0,23.3,87.0,1.0
2023-09-08 03:00:00,0.0,0.0,0.0,10.0,23.3,87.0,1.0
2023-09-08 04:00:00,0.0,0.0,0.0,10.0,23.3,87.0,2.1
2023-09-08 05:00:00,0.0,0.0,0.0,0.0,23.3,87.0,2.1
2023-09-08 06:00:00,54.0,154.0,31.0,0.0,25.0,82.0,0.0
2023-09-08 07:00:00,241.0,538.0,69.0,0.0,27.8,77.0,2.6
2023-09-08 08:00:00,485.0,706.0,99.0,10.0,28.9,72.0,2.6
2023-09-08 09:00:00,656.0,631.0,209.0,50.0,29.4,65.0,4.1
2023-09-08 10:00:00,771.0,627.0,251.0,70.0,30.6,65.0,4.1
2023-09-08 11:00:00,909.0,802.0,171.0,60.0,31.1,61.0,4.1
2023-09-08 12:00:00,787.0,564.0,256.0,50.0,31.1,59.0,5.2
2023-09-08 13:00:00,817.0,606.0,280.0,50.0,31.1,57.0,4.6
2023-09-08 14:00:00,770.0,756.0,133.0,50.0,30.0,55.0,7.2
2023-09-08 15:00:00,616.0,727.0,115.0,40.0,30.0,61.0,5.7
2023-09-08 16:00:00,384.0,645.0,91.0,20.0,28.3,67.0,3.6
2023-09-08 17:00:00,147.0,278.0,78.0,30.0,28.9,61.0,2.6
2023-09-08 18:00:00,28.0,81.0,18.0,30.0,28.3,63.0,2.1
2023-09-08 19:00:00,0.0,0.0,0.0,10.0,27.8,63.0,1.5
2023-09-08 20:00:00,0.0,0.0,0.0,30.0,27.8,69.0,1.5
2023-09-08 21:00:00,0.0,0.0,0.0,20.0,26.7,77.0,3.1
2023-09-08 22:00:00,0.0,0.0,0.0,20.0,26.7,77.0,2.1
2023-09-08 23:00:00,0.0,0.0,0.0,10.0,26.1,79.0,2.6
2023-09-09 00:00:00,0.0,0.0,0.0,30.0,26.1,79.0,2.1
2023-09-09 01:00:00,0.0,0.0,0.0,20.0,26.1,79.0,2.1
2023-09-09 02:00:00,0.0,0.0,0.0,40.0,25.0,87.0,2.1
2023-09-09 03:00:00,0.0,0.0,0.0,40.0,26.1,79.0,2.1
2023-09-09 04:00:00,0.0,0.0,0.0,40.0,24.4,90.0,1.0
2023-09-09 05:00:00,0.0,0.0,0.0,30.0,25.0,85.0,2.1
2023-09-09 06:00:00,45.0,4.0,45.0,100.0,25.6,85.0,1.5
2023-09-09 07:00:00,146.0,108.0,125.0,90.0,27.2,79.0,1.5
2023-09-09 08:00:00,386.0,263.0,254.0,90.0,28.9,72.0,2.6
2023-09-09 09:00:00,582.0,459.0,257.0,80.0,30.0,65.0,3.1
2023-09-09 10:00:00,809.0,675.0,239.0,70.0,31.1,57.0,2.6
2023-09-09 11:00:00,937.0,679.0,277.0,80.0,31.1,55.0,3.1
2023-09-09 12:00:00,956.0,684.0,270.0,80.0,31.7,57.0,4.6
2023-09-09 13:00:00,695.0,364.0,369.0,40.0,31.7,55.0,4.6
2023-09-09 14:00:00,757.0,660.0,190.0,70.0,31.1,57.0,3.6
2023-09-09 15:00:00,594.0,677.0,152.0,30.0,31.1,57.0,5.7
2023-09-09 16:00:00,353.0,507.0,109.0,50.0,30.6,63.0,4.6
2023-09-09 17:00:00,123.0,206.0,74.0,70.0,29.4,65.0,4.6
2023-09-09 18:00:00,24.0,0.0,24.0,70.0,28.9,65.0,3.1
2023-09-09 19:00:00,0.0,0.0,0.0,20.0,28.3,69.0,2.6
2023-09-09 20:00:00,0.0,0.0,0.0,30.0,28.3,69.0,3.1
2023-09-09 21:00:00,0.0,0.0,0.0,40.0,27.8,72.0,3.1
2023-09-09 22:00:00,0.0,0.0,0.0,50.0,25.6,82.0,2.1
2023-09-09 23:00:00,0.0,0.0,0.0,80.0,26.1,79.0,3.1
2023-09-10 00:00:00,0.0,0.0,0.0,80.0,25.6,88.0,2.6
2023-09-10 01:00:00,0.0,0.0,0.0,90.0,25.6,91.0,2.6
2023-09-10 02:00:00,0.0,0.0,0.0,80.0,25.0,87.0,1.0
2023-09-10 03:00:00,0.0,0.0,0.0,60.0,25.0,87.0,1.5
2023-09-10 04:00:00,0.0,0.0,0.0,40.0,25.0,87.0,2.6
2023-09-10 05:00:00,0.0,0.0,0.0,40.0,25.0,87.0,2.6
2023-09-10 06:00:00,26.0,7.0,24.0,50.0,25.0,87.0,2.6
2023-09-10 07:00:00,205.0,298.0,111.0,50.0,25.6,85.0,1.5
2023-09-10 08:00:00,363.0,338.0,184.0,70.0,28.3,74.0,2.6
2023-09-10 09:00:00,609.0,470.0,276.0,80.0,30.0,77.0,3.6
2023-09-10 10:00:00,512.0,164.0,375.0,80.0,30.6,59.0,4.1
2023-09-10 11:00:00,909.0,677.0,261.0,80.0,31.1,57.0,4.6
2023-09-10 12:00:00,744.0,405.0,313.0,90.0,31.1,59.0,4.6
2023-09-10 13:00:00,679.0,297.0,424.0,90.0,31.1,57.0,4.6
2023-09-10 14:00:00,586.0,208.0,419.0,90.0,30.6,59.0,5.2
2023-09-10 15:00:00,498.0,262.0,322.0,90.0,30.6,61.0,4.6
2023-09-10 16:00:00,319.0,356.0,153.0,80.0,30.0,61.0,5.2
2023-09-10 17:00:00,80.0,40.0,71.0,80.0,29.4,67.0,3.6
2023-09-10 18:00:00,19.0,1.0,19.0,90.0,28.9,70.0,3.1
2023-09-10 19:00:00,0.0,0.0,0.0,100.0,28.3,72.0,2.6
2023-09-10 20:00:00,0.0,0.0,0.0,100.0,24.4,90.0,5.2
2023-09-10 21:00:00,0.0,0.0,0.0,100.0,25.0,87.0,3.1
2023-09-10 22:00:00,0.0,0.0,0.0,40.0,25.0,91.0,3.1
2023-09-10 23:00:00,0.0,0.0,0.0,30.0,25.0,91.0,2.1
2023-09-11 00:00:00,0.0,0.0,0.0,20.0,25.0,91.0,2.6
2023-09-11 01:00:00,0.0,0.0,0.0,30.0,25.0,91.0,2.6
2023-09-11 02:00:00,0.0,0.0,0.0,20.0,24.4,90.0,1.5
2023-09-11 03:00:00,0.0,0.0,0.0,30.0,24.4,87.0,2.1
2023-09-11 04:00:00,0.0,0.0,0.0,20.0,24.4,90.0,1.5
2023-09-11 05:00:00,0.0,0.0,0.0,60.0,24.4,90.0,2.6
2023-09-11 06:00:00,47.0,60.0,38.0,70.0,25.0,91.0,3.1
2023-09-11 07:00:00,182.0,124.0,147.0,40.0,26.7,85.0,3.1
2023-09-11 08:00:00,317.0,227.0,198.0,80.0,28.3,77.0,0.0
2023-09-11 09:00:00,557.0,365.0,297.0,80.0,29.4,75.0,3.1
2023-09-11 10:00:00,675.0,526.0,235.0,70.0,30.6,63.0,4.6
2023-09-11 11:00:00,862.0,568.0,343.0,80.0,30.6,65.0,5.7
2023-09-11 12:00:00,794.0,443.0,382.0,80.0,30.6,65.0,5.2
2023-09-11 13:00:00,811.0,738.0,155.0,50.0,31.1,63.0,6.2
2023-09-11 14:00:00,689.0,539.0,262.0,70.0,31.7,59.0,3.1
2023-09-11 15:00:00,582.0,639.0,143.0,50.0,31.1,59.0,5.2
2023-09-11 16:00:00,277.0,215.0,182.0,90.0,30.0,63.0,5.2
2023-09-11 17:00:00,92.0,7.0,86.0,90.0,28.9,70.0,4.1
2023-09-11 18:00:00,13.0,7.0,13.0,90.0,28.3,72.0,4.6
2023-09-11 19:00:00,0.0,0.0,0.0,90.0,27.8,77.0,4.1
2023-09-11 20:00:00,0.0,0.0,0.0,70.0,27.8,72.0,2.6
2023-09-11 21:00:00,0.0,0.0,0.0,80.0,27.8,74.0,2.6
2023-09-11 22:00:00,0.0,0.0,0.0,50.0,27.8,77.0,3.1
2023-09-11 23:00:00,0.0,0.0,0.0,70.0,27.8,77.0,0.0
2023-09-12 00:00:00,0.0,0.0,0.0,100.0,27.2,82.0,1.5
2023-09-12 01:00:00,0.0,0.0,0.0,90.0,26.7,88.0,2.6
2023-09-12 02:00:00,0.0,0.0,0.0,90.0,26.7,85.0,2.1
2023-09-12 03:00:00,0.0,0.0,0.0,70.0,25.0,87.0,1.5
2023-09-12 04:00:00,0.0,0.0,0.0,40.0,25.0,94.0,2.1
2023-09-12 05:00:00,0.0,0.0,0.0,80.0,25.6,94.0,2.6
2023-09-12 06:00:00,32.0,5.0,32.0,90.0,26.1,82.0,3.6
2023-09-12 07:00:00,139.0,72.0,114.0,100.0,27.8,79.0,3.6
2023-09-12 08:00:00,295.0,146.0,218.0,100.0,28.3,77.0,5.2
2023-09-12 09:00:00,477.0,210.0,329.0,100.0,30.0,72.0,4.6
2023-09-12 10:00:00,524.0,186.0,371.0,100.0,29.4,75.0,6.7
2023-09-12 11:00:00,706.0,339.0,397.0,100.0,30.6,65.0,5.2
2023-09-12 12:00:00,806.0,533.0,314.0,100.0,30.6,65.0,6.7
2023-09-12 13:00:00,661.0,276.0,424.0,100.0,30.6,68.0,6.7
2023-09-12 14:00:00,515.0,338.0,238.0,100.0,28.3,74.0,4.1
2023-09-12 15:00:00,472.0,282.0,274.0,100.0,30.0,72.0,6.2
2023-09-12 16:00:00,309.0,312.0,150.0,90.0,29.4,72.0,5.7
2023-09-12 17:00:00,96.0,82.0,74.0,90.0,28.3,74.0,5.2
2023-09-12 18:00:00,15.0,0.0,16.0,100.0,25.6,85.0,2.1
2023-09-12 19:00:00,0.0,0.0,0.0,100.0,27.2,79.0,3.6
2023-09-12 20:00:00,0.0,0.0,0.0,100.0,27.8,74.0,4.6
2023-09-12 21:00:00,0.0,0.0,0.0,100.0,27.8,74.0,3.1
2023-09-12 22:00:00,0.0,0.0,0.0,80.0,27.2,77.0,5.7
2023-09-12 23:00:00,0.0,0.0,0.0,80.0,27.8,77.0,4.1
2023-09-13 00:00:00,0.0,0.0,0.0,70.0,27.2,77.0,4.6
2023-09-13 01:00:00,0.0,0.0,0.0,50.0,27.2,74.0,3.6
2023-09-13 02:00:00,0.0,0.0,0.0,50.0,27.2,74.0,3.6
2023-09-13 03:00:00,0.0,0.0,0.0,50.0,27.2,74.0,3.6
2023-09-13 04:00:00,0.0,0.0,0.0,50.0,27.2,74.0,3.6
2023-09-13 05:00:00,0.0,0.0,0.0,40.0,27.2,74.0,3.6
2023-09-13 06:00:00,33.0,29.0,29.0,50.0,27.8,74.0,3.1
2023-09-13 07:00:00,184.0,187.0,120.0,80.0,28.3,74.0,4.1
2023-09-13 08:00:00,367.0,289.0,217.0,70.0,30.0,67.0,5.2
2023-09-13 09:00:00,569.0,395.0,287.0,80.0,30.6,65.0,6.2
2023-09-13 10:00:00,700.0,447.0,336.0,70.0,30.6,63.0,6.2
2023-09-13 11:00:00,708.0,323.0,414.0,60.0,30.6,63.0,6.7
2023-09-13 12:00:00,823.0,527.0,338.0,70.0,30.6,63.0,7.2
2023-09-13 13:00:00,810.0,558.0,319.0,70.0,31.7,54.0,4.1
2023-09-13 14:00:00,643.0,497.0,255.0,80.0,31.1,63.0,4.1
2023-09-13 15:00:00,463.0,357.0,236.0,40.0,30.0,63.0,7.2
2023-09-13 16:00:00,298.0,332.0,149.0,40.0,30.0,65.0,5.2
2023-09-13 17:00:00,105.0,140.0,75.0,40.0,29.4,65.0,5.2
2023-09-13 18:00:00,11.0,5.0,11.0,40.0,28.3,67.0,3.1
2023-09-13 19:00:00,0.0,0.0,0.0,20.0,28.3,67.0,3.1
2023-09-13 20:00:00,0.0,0.0,0.0,20.0,27.8,72.0,4.1
2023-09-13 21:00:00,0.0,0.0,0.0,40.0,27.8,72.0,4.1
2023-09-13 22:00:00,0.0,0.0,0.0,30.0,27.8,72.0,3.1
2023-09-13 23:00:00,0.0,0.0,0.0,20.0,27.2,74.0,2.6
2023-09-14 00:00:00,0.0,0.0,0.0,10.0,27.2,72.0,2.1
2023-09-14 01:00:00,0.0,0.0,0.0,10.0,26.1,79.0,2.1
2023-09-14 02:00:00,0.0,0.0,0.0,10.0,25.0,85.0,1.5
2023-09-14 03:00:00,0.0,0.0,0.0,0.0,25.0,85.0,0.0
2023-09-14 04:00:00,0.0,0.0,0.0,0.0,24.4,87.0,2.1
2023-09-14 05:00:00,0.0,0.0,0.0,10.0,25.0,85.0,1.5
2023-09-14 06:00:00,33.0,5.0,32.0,60.0,25.0,85.0,2.6
2023-09-14 07:00:00,195.0,277.0,114.0,10.0,27.2,74.0,2.1
2023-09-14 08:00:00,389.0,358.0,202.0,50.0,28.9,63.0,2.1
2023-09-14 09:00:00,684.0,662.0,204.0,60.0,28.9,67.0,4.6
2023-09-14 10:00:00,669.0,429.0,315.0,70.0,30.0,63.0,4.6
2023-09-14 11:00:00,610.0,167.0,468.0,100.0,30.6,63.0,4.1
2023-09-14 12:00:00,540.0,149.0,411.0,100.0,29.4,65.0,4.6
2023-09-14 13:00:00,287.0,0.0,297.0,100.0,29.4,65.0,3.1
2023-09-14 14:00:00,196.0,5.0,192.0,100.0,25.6,79.0,5.2
2023-09-14 15:00:00,153.0,7.0,148.0,100.0,23.9,93.0,4.1
2023-09-14 16:00:00,63.0,20.0,52.0,100.0,24.4,90.0,2.1
2023-09-14 17:00:00,44.0,0.0,52.0,100.0,25.0,87.0,4.1
2023-09-14 18:00:00,14.0,3.0,12.0,90.0,24.4,90.0,3.6
2023-09-14 19:00:00,0.0,0.0,0.0,80.0,24.4,90.0,3.1
2023-09-14 20:00:00,0.0,0.0,0.0,80.0,24.4,90.0,2.6
2023-09-14 21:00:00,0.0,0.0,0.0,90.0,23.9,93.0,2.6
2023-09-14 22:00:00,0.0,0.0,0.0,80.0,24.4,90.0,2.1
2023-09-14 23:00:00,0.0,0.0,0.0,70.0,24.4,87.0,3.1
2023-09-15 00:00:00,0.0,0.0,0.0,10.0,23.9,90.0,3.6
2023-09-15 01:00:00,0.0,0.0,0.0,10.0,24.4,87.0,2.6
2023-09-15 02:00:00,0.0,0.0,0.0,30.0,23.9,90.0,2.6
2023-09-15 03:00:00,0.0,0.0,0.0,70.0,23.3,93.0,2.1
2023-09-15 04:00:00,0.0,0.0,0.0,80.0,23.3,93.0,1.5
2023-09-15 05:00:00,0.0,0.0,0.0,90.0,23.3,93.0,3.6
2023-09-15 06:00:00,25.0,2.0,25.0,70.0,23.3,93.0,3.6
2023-09-15 07:00:00,158.0,122.0,120.0,80.0,23.9,87.0,2.6
2023-09-15 08:00:00,105.0,10.0,99.0,90.0,24.4,85.0,4.1
2023-09-15 09:00:00,552.0,425.0,256.0,40.0,27.8,67.0,4.1
2023-09-15 10:00:00,705.0,534.0,262.0,50.0,29.4,65.0,5.2
2023-09-15 11:00:00,928.0,684.0,257.0,70.0,30.6,57.0,5.7
2023-09-15 12:00:00,835.0,656.0,229.0,50.0,30.0,63.0,6.7
2023-09-15 13:00:00,770.0,620.0,225.0,70.0,29.4,61.0,6.2
2023-09-15 14:00:00,602.0,411.0,283.0,80.0,30.0,61.0,5.7
2023-09-15 15:00:00,340.0,184.0,226.0,90.0,29.4,61.0,5.7
2023-09-15 16:00:00,312.0,355.0,159.0,80.0,28.9,67.0,5.2
2023-09-15 17:00:00,87.0,53.0,84.0,70.0,28.3,69.0,4.1
2023-09-15 18:00:00,14.0,20.0,11.0,40.0,27.2,77.0,3.6
2023-09-15 19:00:00,0.0,0.0,0.0,20.0,26.7,77.0,3.1
2023-09-15 20:00:00,0.0,0.0,0.0,30.0,27.2,74.0,3.1
2023-09-15 21:00:00,0.0,0.0,0.0,70.0,26.7,77.0,2.1
2023-09-15 22:00:00,0.0,0.0,0.0,80.0,25.0,79.0,4.6
2023-09-15 23:00:00,0.0,0.0,0.0,80.0,25.0,79.0,3.1
2023-09-16 00:00:00,0.0,0.0,0.0,60.0,25.6,82.0,3.1
2023-09-16 01:00:00,0.0,0.0,0.0,20.0,25.6,82.0,2.6
2023-09-16 02:00:00,0.0,0.0,0.0,0.0,24.4,87.0,2.1
2023-09-16 03:00:00,0.0,0.0,0.0,10.0,24.4,87.0,1.5
2023-09-16 04:00:00,0.0,0.0,0.0,20.0,23.9,90.0,1.5
2023-09-16 05:00:00,0.0,0.0,0.0,70.0,23.9,93.0,2.6
2023-09-16 06:00:00,44.0,54.0,38.0,70.0,24.4,87.0,3.6
2023-09-16 07:00:00,215.0,290.0,112.0,80.0,26.7,77.0,3.6
2023-09-16 08:00:00,269.0,296.0,115.0,80.0,27.2,77.0,3.6
2023-09-16 09:00:00,439.0,254.0,262.0,80.0,28.9,70.0,3.1
2023-09-16 10:00:00,452.0,201.0,286.0,80.0,30.0,65.0,4.1
2023-09-16 11:00:00,632.0,332.0,333.0,80.0,30.6,61.0,4.1
2023-09-16 12:00:00,557.0,230.0,345.0,80.0,30.6,61.0,5.7
2023-09-16 13:00:00,735.0,266.0,505.0,70.0,30.0,63.0,4.6
2023-09-16 14:00:00,648.0,522.0,247.0,60.0,30.0,63.0,5.7
2023-09-16 15:00:00,571.0,686.0,132.0,30.0,29.4,61.0,5.2
2023-09-16 16:00:00,307.0,348.0,151.0,50.0,29.4,63.0,4.1
2023-09-16 17:00:00,109.0,262.0,56.0,20.0,27.2,74.0,3.6
2023-09-16 18:00:00,17.0,32.0,13.0,20.0,26.1,69.0,3.6
2023-09-16 19:00:00,0.0,0.0,0.0,10.0,25.6,74.0,2.6
2023-09-16 20:00:00,0.0,0.0,0.0,60.0,25.6,82.0,2.6
2023-09-16 21:00:00,0.0,0.0,0.0,20.0,25.6,85.0,2.1
2023-09-16 22:00:00,0.0,0.0,0.0,10.0,25.6,82.0,2.6
2023-09-16 23:00:00,0.0,0.0,0.0,0.0,25.6,79.0,2.1
2023-09-17 00:00:00,0.0,0.0,0.0,0.0,25.0,85.0,1.5
2023-09-17 01:00:00,0.0,0.0,0.0,0.0,25.0,85.0,2.1
2023-09-17 02:00:00,0.0,0.0,0.0,10.0,24.4,85.0,2.6
2023-09-17 03:00:00,0.0,0.0,0.0,10.0,23.9,87.0,2.1
2023-09-17 04:00:00,0.0,0.0,0.0,30.0,23.3,90.0,2.6
2023-09-17 05:00:00,0.0,0.0,0.0,10.0,23.9,87.0,2.1
2023-09-17 06:00:00,35.0,33.0,31.0,20.0,23.9,90.0,2.1
2023-09-17 07:00:00,190.0,253.0,107.0,40.0,27.2,77.0,1.0
2023-09-17 08:00:00,453.0,597.0,118.0,40.0,29.4,70.0,2.1
2023-09-17 09:00:00,646.0,720.0,141.0,30.0,30.0,63.0,3.1
2023-09-17 10:00:00,750.0,607.0,250.0,30.0,30.6,63.0,3.1
2023-09-17 11:00:00,899.0,781.0,174.0,40.0,30.6,63.0,3.6
2023-09-17 12:00:00,920.0,787.0,165.0,40.0,30.6,63.0,5.2
2023-09-17 13:00:00,865.0,793.0,177.0,30.0,31.1,61.0,5.2
2023-09-17 14:00:00,755.0,763.0,160.0,20.0,31.1,63.0,5.2
2023-09-17 15:00:00,479.0,386.0,242.0,40.0,29.4,67.0,4.1
2023-09-17 16:00:00,260.0,176.0,186.0,40.0,26.7,69.0,4.6
2023-09-17 17:00:00,103.0,178.0,68.0,30.0,26.7,72.0,2.1
2023-09-17 18:00:00,10.0,2.0,10.0,30.0,27.2,67.0,1.5
2023-09-17 19:00:00,0.0,0.0,0.0,20.0,26.7,74.0,1.0
2023-09-17 20:00:00,0.0,0.0,0.0,10.0,26.1,82.0,1.0
2023-09-17 21:00:00,0.0,0.0,0.0,0.0,25.6,85.0,1.0
2023-09-17 22:00:00,0.0,0.0,0.0,0.0,25.6,85.0,2.1
2023-09-17 23:00:00,0.0,0.0,0.0,10.0,25.6,85.0,2.1
2023-09-18 00:00:00,0.0,0.0,0.0,60.0,25.6,88.0,0.0
2023-09-18 01:00:00,0.0,0.0,0.0,40.0,25.6,88.0,1.5
2023-09-18 02:00:00,0.0,0.0,0.0,50.0,25.6,85.0,1.5
2023-09-18 03:00:00,0.0,0.0,0.0,80.0,25.0,91.0,0.0
2023-09-18 04:00:00,0.0,0.0,0.0,80.0,25.0,91.0,0.0
2023-09-18 05:00:00,0.0,0.0,0.0,90.0,25.0,87.0,1.5
2023-09-18 06:00:00,29.0,3.0,29.0,90.0,25.0,91.0,2.1
2023-09-18 07:00:00,148.0,154.0,104.0,90.0,27.2,79.0,2.6
2023-09-18 08:00:00,390.0,259.0,244.0,90.0,29.4,72.0,3.1
2023-09-18 09:00:00,430.0,126.0,345.0,90.0,29.4,72.0,3.1
2023-09-18 10:00:00,378.0,66.0,324.0,90.0,30.6,61.0,4.1
2023-09-18 11:00:00,737.0,550.0,246.0,80.0,31.1,63.0,4.1
2023-09-18 12:00:00,351.0,94.0,264.0,80.0,29.4,70.0,4.1
2023-09-18 13:00:00,200.0,1.0,224.0,100.0,29.4,72.0,1.5
2023-09-18 14:00:00,200.0,1.0,195.0,90.0,28.9,72.0,3.6
2023-09-18 15:00:00,128.0,1.0,161.0,90.0,28.9,72.0,3.6
2023-09-18 16:00:00,101.0,49.0,79.0,100.0,28.9,72.0,4.1
2023-09-18 17:00:00,52.0,3.0,51.0,100.0,27.2,67.0,4.6
2023-09-18 18:00:00,9.0,0.0,9.0,100.0,27.2,72.0,1.5
2023-09-18 19:00:00,0.0,0.0,0.0,100.0,26.1,82.0,2.1
2023-09-18 20:00:00,0.0,0.0,0.0,100.0,22.8,93.0,3.6
2023-09-18 21:00:00,0.0,0.0,0.0,100.0,23.3,93.0,3.6
2023-09-18 22:00:00,0.0,0.0,0.0,100.0,23.3,93.0,2.6
2023-09-18 23:00:00,0.0,0.0,0.0,100.0,23.9,93.0,3.1
2023-09-19 00:00:00,0.0,0.0,0.0,100.0,23.9,97.0,1.5
2023-09-19 01:00:00,0.0,0.0,0.0,100.0,24.4,94.0,0.0
2023-09-19 02:00:00,0.0,0.0,0.0,100.0,25.0,94.0,0.0
2023-09-19 03:00:00,0.0,0.0,0.0,100.0,25.0,91.0,1.5
2023-09-19 04:00:00,0.0,0.0,0.0,100.0,25.0,91.0,0.0
2023-09-19 05:00:00,0.0,0.0,0.0,100.0,25.0,94.0,0.0
2023-09-19 06:00:00,20.0,2.0,20.0,100.0,25.6,91.0,1.5
2023-09-19 07:00:00,89.0,0.0,95.0,100.0,25.0,91.0,0.0
2023-09-19 08:00:00,177.0,23.0,163.0,100.0,26.7,88.0,2.1
2023-09-19 09:00:00,267.0,42.0,238.0,100.0,27.8,88.0,1.0
2023-09-19 10:00:00,189.0,1.0,233.0,100.0,25.0,82.0,5.7
2023-09-19 11:00:00,314.0,88.0,235.0,100.0,23.9,87.0,2.1
2023-09-19 12:00:00,522.0,285.0,262.0,100.0,25.0,87.0,2.6
2023-09-19 13:00:00,159.0,3.0,157.0,100.0,24.4,90.0,0.0
2023-09-19 14:00:00,124.0,8.0,120.0,100.0,23.9,87.0,2.1
2023-09-19 15:00:00,236.0,5.0,233.0,100.0,25.6,88.0,4.1
2023-09-19 16:00:00,81.0,0.0,88.0,100.0,24.4,94.0,3.1
2023-09-19 17:00:00,32.0,0.0,36.0,100.0,24.4,90.0,4.1
2023-09-19 18:00:00,2.0,0.0,4.0,100.0,23.9,93.0,5.7
2023-09-19 19:00:00,0.0,0.0,0.0,100.0,22.8,97.0,4.1
2023-09-19 20:00:00,0.0,0.0,0.0,80.0,23.3,93.0,3.6
2023-09-19 21:00:00,0.0,0.0,0.0,90.0,23.9,93.0,1.5
2023-09-19 22:00:00,0.0,0.0,0.0,90.0,23.9,97.0,0.0
2023-09-19 23:00:00,0.0,0.0,0.0,90.0,23.9,97.0,0.0
2023-09-20 00:00:00,0.0,0.0,0.0,100.0,23.9,97.0,0.0
2023-09-20 01:00:00,0.0,0.0,0.0,100.0,23.9,93.0,4.6
2023-09-20 02:00:00,0.0,0.0,0.0,100.0,22.8,93.0,5.2
2023-09-20 03:00:00,0.0,0.0,0.0,100.0,22.8,90.0,2.6
2023-09-20 04:00:00,0.0,0.0,0.0,100.0,23.3,87.0,3.1
2023-09-20 05:00:00,0.0,0.0,0.0,100.0,23.3,90.0,1.5
2023-09-20 06:00:00,15.0,0.0,19.0,100.0,24.4,85.0,2.6
2023-09-20 07:00:00,104.0,41.0,94.0,100.0,26.1,82.0,2.1
2023-09-20 08:00:00,222.0,23.0,208.0,100.0,27.2,79.0,3.6
2023-09-20 09:00:00,274.0,21.0,264.0,100.0,27.8,77.0,3.6
2023-09-20 10:00:00,298.0,1.0,297.0,100.0,27.8,79.0,4.1
2023-09-20 11:00:00,351.0,11.0,341.0,100.0,27.8,85.0,3.1
2023-09-20 12:00:00,192.0,0.0,192.0,100.0,25.0,91.0,5.2
2023-09-20 13:00:00,209.0,5.0,205.0,100.0,24.4,90.0,1.5
2023-09-20 14:00:00,175.0,21.0,159.0,100.0,25.0,91.0,3.1
2023-09-20 15:00:00,163.0,0.0,182.0,100.0,26.1,88.0,2.1
2023-09-20 16:00:00,168.0,4.0,167.0,100.0,26.7,82.0,2.6
2023-09-20 17:00:00,29.0,3.0,30.0,100.0,26.7,85.0,2.6
2023-09-20 18:00:00,8.0,0.0,8.0,100.0,26.7,88.0,0.0
2023-09-20 19:00:00,0.0,0.0,0.0,100.0,22.8,90.0,6.7
2023-09-20 20:00:00,0.0,0.0,0.0,100.0,22.8,93.0,3.1
2023-09-20 21:00:00,0.0,0.0,0.0,100.0,22.8,93.0,2.1
2023-09-20 22:00:00,0.0,0.0,0.0,100.0,22.8,93.0,1.5
2023-09-20 23:00:00,0.0,0.0,0.0,100.0,23.3,93.0,2.1
2023-09-21 00:00:00,0.0,0.0,0.0,100.0,23.3,93.0,3.1
2023-09-21 01:00:00,0.0,0.0,0.0,100.0,23.9,90.0,3.1
2023-09-21 02:00:00,0.0,0.0,0.0,100.0,25.0,87.0,2.6
2023-09-21 03:00:00,0.0,0.0,0.0,100.0,25.6,90.0,1.5
2023-09-21 04:00:00,0.0,0.0,0.0,100.0,25.6,90.0,2.1
2023-09-21 05:00:00,0.0,0.0,0.0,100.0,26.1,87.0,2.6
2023-09-21 06:00:00,34.0,0.0,34.0,100.0,26.7,84.0,2.1
2023-09-21 07:00:00,104.0,0.0,104.0,100.0,26.7,87.0,1.0
2023-09-21 08:00:00,54.0,0.0,70.0,100.0,23.9,76.0,6.2
2023-09-21 09:00:00,193.0,1.0,193.0,100.0,22.8,71.0,12.9
2023-09-21 10:00:00,235.0,1.0,235.0,100.0,23.9,76.0,4.6
2023-09-21 11:00:00,244.0,1.0,243.0,100.0,22.8,87.0,4.6
2023-09-21 12:00:00,281.0,0.0,281.0,100.0,22.8,90.0,3.6
2023-09-21 13:00:00,232.0,0.0,232.0,100.0,23.9,84.0,6.2
2023-09-21 14:00:00,212.0,1.0,212.0,100.0,23.9,84.0,3.6
2023-09-21 15:00:00,147.0,19.0,139.0,100.0,25.0,81.0,4.6
2023-09-21 16:00:00,84.0,0.0,99.0,100.0,25.6,81.0,3.1
2023-09-21 17:00:00,37.0,35.0,31.0,100.0,25.6,84.0,2.1
2023-09-21 18:00:00,2.0,0.0,2.0,100.0,25.0,87.0,1.5
2023-09-21 19:00:00,0.0,0.0,0.0,100.0,25.6,84.0,3.1
2023-09-21 20:00:00,0.0,0.0,0.0,100.0,25.6,90.0,3.6
2023-09-21 21:00:00,0.0,0.0,0.0,100.0,22.8,90.0,4.6
2023-09-21 22:00:00,0.0,0.0,0.0,100.0,22.8,81.0,4.1
2023-09-21 23:00:00,0.0,0.0,0.0,100.0,23.3,87.0,2.1
2023-09-22 00:00:00,0.0,0.0,0.0,100.0,22.8,90.0,2.6
2023-09-22 01:00:00,0.0,0.0,0.0,100.0,23.3,90.0,2.6
2023-09-22 02:00:00,0.0,0.0,0.0,100.0,23.3,93.0,2.1
2023-09-22 03:00:00,0.0,0.0,0.0,100.0,25.0,90.0,3.1
2023-09-22 04:00:00,0.0,0.0,0.0,100.0,26.1,81.0,4.6
2023-09-22 05:00:00,0.0,0.0,0.0,100.0,26.7,84.0,5.7
2023-09-22 06:00:00,31.0,16.0,23.0,100.0,26.7,81.0,5.7
2023-09-22 07:00:00,105.0,11.0,98.0,90.0,27.2,82.0,5.2
2023-09-22 08:00:00,393.0,332.0,224.0,50.0,27.8,79.0,5.7
2023-09-22 09:00:00,600.0,510.0,252.0,50.0,28.9,74.0,8.2
2023-09-22 10:00:00,684.0,354.0,395.0,50.0,29.4,72.0,7.2
2023-09-22 11:00:00,897.0,766.0,181.0,50.0,29.4,69.0,7.7
2023-09-22 12:00:00,878.0,768.0,191.0,50.0,29.4,69.0,7.2
2023-09-22 13:00:00,757.0,530.0,305.0,80.0,30.0,67.0,7.2
2023-09-22 14:00:00,605.0,412.0,299.0,80.0,29.4,67.0,5.7
2023-09-22 15:00:00,483.0,452.0,207.0,80.0,29.4,69.0,5.2
2023-09-22 16:00:00,212.0,163.0,164.0,80.0,28.9,69.0,4.6
2023-09-22 17:00:00,69.0,38.0,62.0,80.0,28.3,74.0,5.7
2023-09-22 18:00:00,7.0,0.0,7.0,80.0,27.2,76.0,2.6
2023-09-22 19:00:00,0.0,0.0,0.0,30.0,27.2,79.0,3.1
2023-09-22 20:00:00,0.0,0.0,0.0,40.0,27.2,82.0,2.6
2023-09-22 21:00:00,0.0,0.0,0.0,20.0,26.7,81.0,3.1
2023-09-22 22:00:00,0.0,0.0,0.0,10.0,26.7,81.0,1.5
2023-09-22 23:00:00,0.0,0.0,0.0,20.0,26.1,87.0,0.0
2023-09-23 00:00:00,0.0,0.0,0.0,30.0,26.1,84.0,1.5
2023-09-23 01:00:00,0.0,0.0,0.0,20.0,25.6,87.0,2.6
2023-09-23 02:00:00,0.0,0.0,0.0,30.0,26.1,84.0,1.0
2023-09-23 03:00:00,0.0,0.0,0.0,10.0,25.0,90.0,0.0
2023-09-23 04:00:00,0.0,0.0,0.0,30.0,24.4,93.0,1.0
2023-09-23 05:00:00,0.0,0.0,0.0,40.0,24.4,93.0,2.6
2023-09-23 06:00:00,33.0,16.0,31.0,80.0,23.9,93.0,0.0
2023-09-23 07:00:00,86.0,40.0,86.0,50.0,25.6,84.0,1.0
2023-09-23 08:00:00,357.0,345.0,186.0,60.0,28.3,74.0,0.0
2023-09-23 09:00:00,583.0,540.0,218.0,60.0,28.3,76.0,2.1
2023-09-23 10:00:00,734.0,601.0,244.0,50.0,30.0,67.0,3.1
2023-09-23 11:00:00,811.0,585.0,290.0,60.0,30.0,67.0,2.6
2023-09-23 12:00:00,584.0,226.0,371.0,70.0,30.0,65.0,2.6
2023-09-23 13:00:00,139.0,0.0,180.0,100.0,25.6,81.0,3.1
2023-09-23 14:00:00,442.0,99.0,368.0,80.0,26.1,79.0,1.0
2023-09-23 15:00:00,416.0,144.0,331.0,90.0,27.2,71.0,1.0
2023-09-23 16:00:00,154.0,97.0,117.0,80.0,26.1,81.0,3.1
2023-09-23 17:00:00,53.0,44.0,47.0,80.0,25.6,81.0,1.0
2023-09-23 18:00:00,5.0,0.0,5.0,80.0,25.0,84.0,2.1
2023-09-23 19:00:00,0.0,0.0,0.0,90.0,25.0,84.0,1.0
2023-09-23 20:00:00,0.0,0.0,0.0,100.0,24.4,87.0,5.7
2023-09-23 21:00:00,0.0,0.0,0.0,100.0,22.2,96.0,3.6
2023-09-23 22:00:00,0.0,0.0,0.0,100.0,22.8,93.0,2.1
2023-09-23 23:00:00,0.0,0.0,0.0,100.0,23.9,93.0,3.1
2023-09-24 00:00:00,0.0,0.0,0.0,100.0,23.9,93.0,2.6
2023-09-24 01:00:00,0.0,0.0,0.0,100.0,23.9,96.0,3.1
2023-09-24 02:00:00,0.0,0.0,0.0,100.0,23.9,93.0,2.1
2023-09-24 03:00:00,0.0,0.0,0.0,100.0,23.9,90.0,1.0
2023-09-24 04:00:00,0.0,0.0,0.0,100.0,23.3,93.0,1.0
2023-09-24 05:00:00,0.0,0.0,0.0,90.0,22.8,93.0,1.5
2023-09-24 06:00:00,29.0,1.0,28.0,90.0,23.3,90.0,1.5
2023-09-24 07:00:00,77.0,33.0,68.0,90.0,23.9,90.0,1.5
2023-09-24 08:00:00,303.0,215.0,196.0,90.0,25.6,81.0,3.1
2023-09-24 09:00:00,521.0,374.0,268.0,90.0,27.2,74.0,3.1
2023-09-24 10:00:00,614.0,445.0,256.0,90.0,28.3,69.0,4.1
2023-09-24 11:00:00,879.0,721.0,242.0,80.0,29.4,65.0,4.1
2023-09-24 12:00:00,784.0,554.0,290.0,70.0,28.9,67.0,4.1
2023-09-24 13:00:00,819.0,703.0,224.0,70.0,29.4,60.0,4.6
2023-09-24 14:00:00,567.0,346.0,307.0,80.0,28.9,62.0,3.1
2023-09-24 15:00:00,315.0,55.0,280.0,80.0,28.9,62.0,5.2
2023-09-24 16:00:00,198.0,95.0,161.0,90.0,28.3,69.0,5.2
2023-09-24 17:00:00,53.0,19.0,50.0,90.0,27.8,69.0,5.7
2023-09-24 18:00:00,2.0,0.0,2.0,90.0,27.2,71.0,4.1
2023-09-24 19:00:00,0.0,0.0,0.0,70.0,26.7,76.0,3.1
2023-09-24 20:00:00,0.0,0.0,0.0,50.0,26.1,76.0,1.5
2023-09-24 21:00:00,0.0,0.0,0.0,40.0,25.6,81.0,2.1
2023-09-24 22:00:00,0.0,0.0,0.0,40.0,25.0,84.0,1.5
2023-09-24 23:00:00,0.0,0.0,0.0,40.0,25.0,84.0,2.1
2023-09-25 00:00:00,0.0,0.0,0.0,30.0,25.0,84.0,2.6
2023-09-25 01:00:00,0.0,0.0,0.0,10.0,24.4,81.0,2.1
2023-09-25 02:00:00,0.0,0.0,0.0,40.0,23.9,87.0,2.1
2023-09-25 03:00:00,0.0,0.0,0.0,30.0,23.9,89.0,0.0
2023-09-25 04:00:00,0.0,0.0,0.0,30.0,23.9,87.0,2.6
2023-09-25 05:00:00,0.0,0.0,0.0,50.0,23.3,90.0,0.0
2023-09-25 06:00:00,45.0,67.0,37.0,50.0,23.9,87.0,2.1
2023-09-25 07:00:00,169.0,249.0,95.0,50.0,26.1,79.0,3.6
2023-09-25 08:00:00,380.0,371.0,195.0,50.0,27.8,74.0,3.6
2023-09-25 09:00:00,658.0,630.0,198.0,70.0,29.4,60.0,4.1
2023-09-25 10:00:00,683.0,539.0,247.0,50.0,30.0,58.0,4.6
2023-09-25 11:00:00,905.0,785.0,168.0,40.0,30.0,61.0,4.6
2023-09-25 12:00:00,857.0,738.0,197.0,40.0,30.6,57.0,4.6
2023-09-25 13:00:00,801.0,683.0,223.0,40.0,30.0,61.0,3.1
2023-09-25 14:00:00,722.0,705.0,201.0,50.0,30.0,61.0,6.2
2023-09-25 15:00:00,412.0,403.0,177.0,40.0,29.4,60.0,7.2
2023-09-25 16:00:00,312.0,544.0,101.0,20.0,28.9,67.0,7.2
2023-09-25 17:00:00,75.0,186.0,45.0,30.0,28.3,69.0,7.2
2023-09-25 18:00:00,4.0,3.0,3.0,40.0,27.8,69.0,3.1
2023-09-25 19:00:00,0.0,0.0,0.0,30.0,27.2,71.0,4.1
2023-09-25 20:00:00,0.0,0.0,0.0,30.0,27.2,76.0,3.1
2023-09-25 21:00:00,0.0,0.0,0.0,30.0,26.1,81.0,2.1
2023-09-25 22:00:00,0.0,0.0,0.0,20.0,25.0,84.0,2.6
2023-09-25 23:00:00,0.0,0.0,0.0,20.0,25.0,84.0,2.1
2023-09-26 00:00:00,0.0,0.0,0.0,20.0,24.4,87.0,2.1
2023-09-26 01:00:00,0.0,0.0,0.0,20.0,24.4,90.0,0.0
2023-09-26 02:00:00,0.0,0.0,0.0,20.0,23.9,90.0,0.0
2023-09-26 03:00:00,0.0,0.0,0.0,40.0,23.3,90.0,2.6
2023-09-26 04:00:00,0.0,0.0,0.0,20.0,23.3,90.0,3.6
2023-09-26 05:00:00,0.0,0.0,0.0,20.0,23.3,93.0,0.0
2023-09-26 06:00:00,17.0,1.0,16.0,30.0,23.3,93.0,0.0
2023-09-26 07:00:00,138.0,58.0,124.0,30.0,25.6,84.0,2.6
2023-09-26 08:00:00,379.0,411.0,186.0,0.0,27.8,74.0,2.6
2023-09-26 09:00:00,609.0,530.0,242.0,10.0,29.4,67.0,2.6
2023-09-26 10:00:00,788.0,594.0,269.0,30.0,31.1,59.0,1.0
2023-09-26 11:00:00,864.0,628.0,285.0,30.0,32.2,51.0,0.0
2023-09-26 12:00:00,659.0,238.0,452.0,50.0,32.2,53.0,3.6
2023-09-26 13:00:00,652.0,346.0,361.0,40.0,30.0,58.0,2.6
2023-09-26 14:00:00,466.0,135.0,367.0,50.0,30.6,61.0,3.1
2023-09-26 15:00:00,473.0,432.0,218.0,50.0,31.7,61.0,3.1
2023-09-26 16:00:00,228.0,173.0,163.0,40.0,29.4,67.0,3.6
2023-09-26 17:00:00,55.0,19.0,52.0,50.0,28.3,71.0,3.1
2023-09-26 18:00:00,3.0,0.0,3.0,30.0,27.8,76.0,3.1
2023-09-26 19:00:00,0.0,0.0,0.0,20.0,27.2,79.0,3.1
2023-09-26 20:00:00,0.0,0.0,0.0,10.0,27.2,76.0,2.6
2023-09-26 21:00:00,0.0,0.0,0.0,20.0,26.1,84.0,2.6
2023-09-26 22:00:00,0.0,0.0,0.0,20.0,25.6,90.0,2.6
2023-09-26 23:00:00,0.0,0.0,0.0,10.0,25.6,90.0,3.1
2023-09-27 00:00:00,0.0,0.0,0.0,10.0,25.0,93.0,3.1
2023-09-27 01:00:00,0.0,0.0,0.0,10.0,24.4,93.0,2.6
2023-09-27 02:00:00,0.0,0.0,0.0,10.0,24.4,93.0,3.1
2023-09-27 03:00:00,0.0,0.0,0.0,10.0,23.9,96.0,3.1
2023-09-27 04:00:00,0.0,0.0,0.0,10.0,23.9,93.0,3.1
2023-09-27 05:00:00,0.0,0.0,0.0,10.0,23.3,96.0,2.1
2023-09-27 06:00:00,44.0,71.0,30.0,20.0,23.9,96.0,1.5
2023-09-27 07:00:00,208.0,448.0,76.0,10.0,25.6,90.0,3.6
2023-09-27 08:00:00,466.0,638.0,120.0,20.0,27.8,76.0,2.6
2023-09-27 09:00:00,568.0,517.0,218.0,60.0,29.4,65.0,3.1
2023-09-27 10:00:00,818.0,791.0,183.0,60.0,30.6,63.0,2.6
2023-09-27 11:00:00,868.0,796.0,140.0,40.0,30.6,57.0,3.6
2023-09-27 12:00:00,917.0,826.0,167.0,20.0,31.7,51.0,4.1
2023-09-27 13:00:00,849.0,789.0,162.0,30.0,31.7,50.0,4.1
2023-09-27 14:00:00,721.0,733.0,145.0,40.0,31.7,50.0,4.1
2023-09-27 15:00:00,470.0,533.0,162.0,40.0,31.7,51.0,5.7
2023-09-27 16:00:00,270.0,307.0,151.0,40.0,30.6,55.0,3.1
2023-09-27 17:00:00,83.0,205.0,44.0,40.0,29.4,60.0,7.2
2023-09-27 18:00:00,3.0,1.0,2.0,40.0,27.8,69.0,3.6
2023-09-27 19:00:00,0.0,0.0,0.0,0.0,27.2,74.0,2.1
2023-09-27 20:00:00,0.0,0.0,0.0,0.0,26.7,79.0,2.6
2023-09-27 21:00:00,0.0,0.0,0.0,0.0,25.6,84.0,2.6
2023-09-27 22:00:00,0.0,0.0,0.0,0.0,25.0,87.0,2.1
2023-09-27 23:00:00,0.0,0.0,0.0,0.0,25.0,90.0,2.1
2023-09-28 00:00:00,0.0,0.0,0.0,0.0,24.4,93.0,2.1
2023-09-28 01:00:00,0.0,0.0,0.0,20.0,24.4,93.0,3.1
2023-09-28 02:00:00,0.0,0.0,0.0,20.0,24.4,93.0,2.6
2023-09-28 03:00:00,0.0,0.0,0.0,30.0,23.9,100.0,2.1
2023-09-28 04:00:00,0.0,0.0,0.0,30.0,23.9,96.0,2.1
2023-09-28 05:00:00,0.0,0.0,0.0,40.0,23.9,96.0,1.5
2023-09-28 06:00:00,33.0,59.0,26.0,30.0,24.4,93.0,0.0
2023-09-28 07:00:00,173.0,261.0,97.0,30.0,26.1,87.0,1.0
2023-09-28 08:00:00,381.0,458.0,149.0,40.0,27.8,74.0,1.5
2023-09-28 09:00:00,543.0,404.0,268.0,80.0,28.9,52.0,2.6
2023-09-28 10:00:00,364.0,61.0,319.0,80.0,28.3,67.0,3.1
2023-09-28 11:00:00,590.0,273.0,351.0,80.0,26.1,79.0,4.6
2023-09-28 12:00:00,488.0,283.0,243.0,80.0,25.6,79.0,5.2
2023-09-28 13:00:00,207.0,38.0,172.0,90.0,24.4,93.0,4.1
2023-09-28 14:00:00,260.0,74.0,206.0,90.0,25.0,84.0,3.1
2023-09-28 15:00:00,345.0,112.0,277.0,70.0,27.2,76.0,2.1
2023-09-28 16:00:00,217.0,274.0,111.0,70.0,26.1,81.0,3.6
2023-09-28 17:00:00,66.0,33.0,58.0,60.0,25.6,79.0,1.5
2023-09-28 18:00:00,0.0,1.0,0.0,90.0,25.0,87.0,2.1
2023-09-28 19:00:00,0.0,0.0,0.0,60.0,25.0,87.0,1.5
2023-09-28 20:00:00,0.0,0.0,0.0,90.0,24.4,84.0,4.6
2023-09-28 21:00:00,0.0,0.0,0.0,20.0,23.9,84.0,1.5
2023-09-28 22:00:00,0.0,0.0,0.0,10.0,23.3,87.0,2.6
2023-09-28 23:00:00,0.0,0.0,0.0,0.0,23.3,90.0,4.1
2023-09-29 00:00:00,0.0,0.0,0.0,60.0,22.8,93.0,3.6
2023-09-29 01:00:00,0.0,0.0,0.0,10.0,22.8,93.0,3.1
2023-09-29 02:00:00,0.0,0.0,0.0,10.0,22.8,93.0,1.5
2023-09-29 03:00:00,0.0,0.0,0.0,70.0,22.8,93.0,1.5
2023-09-29 04:00:00,0.0,0.0,0.0,30.0,22.8,93.0,1.0
2023-09-29 05:00:00,0.0,0.0,0.0,70.0,22.8,96.0,0.0
2023-09-29 06:00:00,29.0,21.0,27.0,90.0,22.8,93.0,2.1
2023-09-29 07:00:00,146.0,108.0,107.0,90.0,23.9,90.0,1.5
2023-09-29 08:00:00,294.0,144.0,215.0,90.0,26.1,87.0,2.1
2023-09-29 09:00:00,347.0,129.0,260.0,90.0,27.2,82.0,2.1
2023-09-29 10:00:00,269.0,73.0,217.0,100.0,27.8,76.0,0.0
2023-09-29 11:00:00,320.0,86.0,254.0,90.0,26.7,76.0,2.6
2023-09-29 12:00:00,135.0,6.0,130.0,100.0,27.8,74.0,2.1
2023-09-29 13:00:00,555.0,241.0,362.0,90.0,26.1,69.0,2.6
2023-09-29 14:00:00,431.0,295.0,217.0,90.0,26.1,81.0,4.6
2023-09-29 15:00:00,315.0,197.0,200.0,80.0,26.7,81.0,4.6
2023-09-29 16:00:00,152.0,71.0,123.0,80.0,26.1,79.0,2.1
2023-09-29 17:00:00,62.0,50.0,50.0,90.0,26.1,81.0,2.6
2023-09-29 18:00:00,2.0,0.0,2.0,70.0,25.6,84.0,2.6
2023-09-29 19:00:00,0.0,0.0,0.0,50.0,25.6,90.0,2.6
2023-09-29 20:00:00,0.0,0.0,0.0,30.0,25.6,87.0,2.1
2023-09-29 21:00:00,0.0,0.0,0.0,0.0,25.0,90.0,2.1
2023-09-29 22:00:00,0.0,0.0,0.0,0.0,25.0,87.0,2.6
2023-09-29 23:00:00,0.0,0.0,0.0,0.0,25.0,87.0,1.5
2023-09-30 00:00:00,0.0,0.0,0.0,0.0,25.0,87.0,0.0
2023-09-30 01:00:00,0.0,0.0,0.0,0.0,25.0,90.0,0.0
2023-09-30 02:00:00,0.0,0.0,0.0,0.0,24.4,90.0,2.1
2023-09-30 03:00:00,0.0,0.0,0.0,10.0,24.4,90.0,2.1
2023-09-30 04:00:00,0.0,0.0,0.0,10.0,24.4,90.0,2.1
2023-09-30 05:00:00,0.0,0.0,0.0,30.0,23.9,93.0,2.1
2023-09-30 06:00:00,42.0,121.0,27.0,40.0,24.4,93.0,1.5
2023-09-30 07:00:00,213.0,473.0,77.0,60.0,27.2,79.0,2.1
2023-09-30 08:00:00,381.0,362.0,177.0,90.0,28.3,76.0,2.6
2023-09-30 09:00:00,533.0,443.0,238.0,90.0,29.4,72.0,3.1
2023-09-30 10:00:00,539.0,318.0,289.0,100.0,29.4,67.0,4.6
2023-09-30 11:00:00,609.0,191.0,451.0,90.0,30.0,69.0,4.6
2023-09-30 12:00:00,349.0,21.0,340.0,100.0,28.9,69.0,3.6
2023-09-30 13:00:00,480.0,121.0,380.0,90.0,28.3,76.0,2.1
2023-09-30 14:00:00,537.0,331.0,299.0,80.0,28.3,69.0,2.1
2023-09-30 15:00:00,199.0,13.0,207.0,90.0,28.3,71.0,4.1
2023-09-30 16:00:00,129.0,40.0,114.0,100.0,26.1,74.0,4.6
2023-09-30 17:00:00,52.0,59.0,44.0,90.0,26.1,76.0,1.5
2023-09-30 18:00:00,2.0,1.0,2.0,80.0,25.5,80.0,0.3
2023-09-30 19:00:00,0.0,0.0,0.0,90.0,25.4,82.0,1.3
2023-09-30 20:00:00,0.0,0.0,0.0,60.0,25.3,81.0,1.5
2023-09-30 21:00:00,0.0,0.0,0.0,40.0,25.0,84.0,1.2
2023-09-30 22:00:00,0.0,0.0,0.0,40.0,25.0,84.0,1.9
2023-09-30 23:00:00,0.0,0.0,0.0,40.0,24.9,85.0,1.8
2023-10-01 00:00:00,0.0,0.0,0.0,20.0,25.1,86.0,2.3
2023-10-01 01:00:00,0.0,0.0,0.0,30.0,25.2,86.0,2.6
2023-10-01 02:00:00,0.0,0.0,0.0,30.0,25.4,86.0,2.8
2023-10-01 03:00:00,0.0,0.0,0.0,40.0,25.6,86.0,2.9
2023-10-01 04:00:00,0.0,0.0,0.0,40.0,25.6,88.0,3.2
2023-10-01 05:00:00,0.0,0.0,0.0,40.0,25.7,91.0,3.4
2023-10-01 06:00:00,44.0,122.0,29.0,40.0,25.6,94.0,3.6
2023-10-01 07:00:00,176.0,310.0,88.0,50.0,26.0,92.0,4.5
2023-10-01 08:00:00,256.0,83.0,216.0,60.0,26.3,90.0,5.3
2023-10-01 09:00:00,434.0,187.0,310.0,70.0,26.7,88.0,6.2
2023-10-01 10:00:00,540.0,268.0,326.0,70.0,27.2,83.0,6.4
2023-10-01 11:00:00,696.0,387.0,358.0,80.0,27.8,79.0,6.5
2023-10-01 12:00:00,693.0,470.0,284.0,80.0,28.3,74.0,6.7
2023-10-01 13:00:00,575.0,240.0,379.0,70.0,28.1,75.0,6.2
2023-10-01 14:00:00,502.0,277.0,308.0,70.0,28.0,76.0,5.7
2023-10-01 15:00:00,370.0,198.0,260.0,60.0,27.8,77.0,5.2
2023-10-01 16:00:00,257.0,401.0,114.0,60.0,27.4,79.0,5.0
2023-10-01 17:00:00,56.0,19.0,53.0,50.0,27.1,80.0,4.8
2023-10-01 18:00:00,1.0,2.0,0.0,50.0,26.7,82.0,4.6
2023-10-01 19:00:00,0.0,0.0,0.0,40.0,26.3,83.0,3.9
2023-10-01 20:00:00,0.0,0.0,0.0,40.0,26.0,84.0,3.3
2023-10-01 21:00:00,0.0,0.0,0.0,30.0,25.6,85.0,2.6
2023-10-01 22:00:00,0.0,0.0,0.0,30.0,25.4,86.0,2.6
2023-10-01 23:00:00,0.0,0.0,0.0,20.0,25.2,86.0,2.6
2023-10-02 00:00:00,0.0,0.0,0.0,20.0,25.0,87.0,2.6
2023-10-02 01:00:00,0.0,0.0,0.0,20.0,24.8,88.0,2.4
2023-10-02 02:00:00,0.0,0.0,0.0,30.0,24.6,89.0,2.3
2023-10-02 03:00:00,0.0,0.0,0.0,30.0,24.4,90.0,2.1
2023-10-02 04:00:00,0.0,0.0,0.0,30.0,24.2,91.0,2.3
2023-10-02 05:00:00,0.0,0.0,0.0,40.0,24.1,93.0,2.4
2023-10-02 06:00:00,38.0,65.0,31.0,40.0,23.9,94.0,2.6
2023-10-02 07:00:00,148.0,109.0,116.0,60.0,24.6,92.0,2.2
2023-10-02 08:00:00,245.0,99.0,196.0,70.0,25.4,90.0,1.9
2023-10-02 09:00:00,237.0,1.0,271.0,90.0,26.1,88.0,1.5
2023-10-02 10:00:00,365.0,88.0,295.0,90.0,27.0,83.0,2.4
2023-10-02 11:00:00,659.0,486.0,240.0,80.0,28.0,79.0,3.2
2023-10-02 12:00:00,767.0,542.0,257.0,80.0,28.9,74.0,4.1
2023-10-02 13:00:00,683.0,417.0,338.0,70.0,28.9,72.0,4.1
2023-10-02 14:00:00,620.0,556.0,223.0,60.0,28.9,69.0,4.1
2023-10-02 15:00:00,462.0,601.0,119.0,50.0,28.9,67.0,4.1
2023-10-02 16:00:00,273.0,443.0,99.0,50.0,28.0,70.0,3.9
2023-10-02 17:00:00,70.0,130.0,43.0,60.0,27.0,74.0,3.8
2023-10-02 18:00:00,0.0,1.0,0.0,60.0,26.1,77.0,3.6
2023-10-02 19:00:00,0.0,0.0,0.0,50.0,25.5,79.0,2.9
2023-10-02 20:00:00,0.0,0.0,0.0,40.0,25.0,80.0,2.2
2023-10-02 21:00:00,0.0,0.0,0.0,30.0,24.4,82.0,1.5
2023-10-02 22:00:00,0.0,0.0,0.0,30.0,24.0,85.0,1.7
2023-10-02 23:00:00,0.0,0.0,0.0,30.0,23.7,87.0,1.9
2023-10-03 00:00:00,0.0,0.0,0.0,30.0,23.3,90.0,2.1
2023-10-03 01:00:00,0.0,0.0,0.0,30.0,23.1,91.0,1.9
2023-10-03 02:00:00,0.0,0.0,0.0,30.0,23.0,92.0,1.7
2023-10-03 03:00:00,0.0,0.0,0.0,30.0,22.8,93.0,1.5
2023-10-03 04:00:00,0.0,0.0,0.0,40.0,22.8,93.0,1.7
2023-10-03 05:00:00,0.0,0.0,0.0,60.0,22.8,93.0,1.9
2023-10-03 06:00:00,26.0,11.0,25.0,70.0,22.8,93.0,2.1
2023-10-03 07:00:00,169.0,249.0,100.0,50.0,24.3,86.0,2.1
2023-10-03 08:00:00,427.0,548.0,139.0,20.0,25.7,79.0,2.1
2023-10-03 09:00:00,616.0,671.0,172.0,0.0,27.2,72.0,2.1
2023-10-03 10:00:00,783.0,729.0,194.0,20.0,27.9,70.0,2.6
2023-10-03 11:00:00,543.0,253.0,355.0,50.0,28.7,67.0,3.1
2023-10-03 12:00:00,618.0,317.0,343.0,70.0,29.4,65.0,3.6
2023-10-03 13:00:00,621.0,362.0,328.0,70.0,28.9,67.0,3.9
2023-10-03 14:00:00,589.0,467.0,262.0,80.0,28.3,70.0,4.3
2023-10-03 15:00:00,344.0,272.0,195.0,80.0,27.8,72.0,4.6
2023-10-03 16:00:00,219.0,222.0,140.0,90.0,27.4,74.0,4.1
2023-10-03 17:00:00,52.0,34.0,44.0,90.0,27.1,75.0,3.6
2023-10-03 18:00:00,0.0,0.0,0.0,100.0,26.7,77.0,3.1
2023-10-03 19:00:00,0.0,0.0,0.0,90.0,25.9,81.0,3.3
2023-10-03 20:00:00,0.0,0.0,0.0,90.0,25.2,86.0,3.4
2023-10-03 21:00:00,0.0,0.0,0.0,80.0,24.4,90.0,3.6
2023-10-03 22:00:00,0.0,0.0,0.0,60.0,24.0,92.0,3.6
2023-10-03 23:00:00,0.0,0.0,0.0,40.0,23.7,95.0,3.6
2023-10-04 00:00:00,0.0,0.0,0.0,20.0,23.3,97.0,3.6
2023-10-04 01:00:00,0.0,0.0,0.0,40.0,23.5,96.0,3.4
2023-10-04 02:00:00,0.0,0.0,0.0,70.0,23.7,95.0,3.3
2023-10-04 03:00:00,0.0,0.0,0.0,90.0,23.9,94.0,3.1
2023-10-04 04:00:00,0.0,0.0,0.0,60.0,23.5,95.0,3.3
2023-10-04 05:00:00,0.0,0.0,0.0,40.0,23.2,96.0,3.4
2023-10-04 06:00:00,38.0,105.0,26.0,10.0,22.8,97.0,3.6
2023-10-04 07:00:00,203.0,418.0,76.0,10.0,24.1,89.0,3.6
2023-10-04 08:00:00,424.0,621.0,117.0,10.0,25.4,80.0,3.6
2023-10-04 09:00:00,610.0,709.0,147.0,10.0,26.7,72.0,3.6
2023-10-04 10:00:00,750.0,732.0,173.0,20.0,27.6,67.0,3.8
2023-10-04 11:00:00,835.0,757.0,189.0,30.0,28.5,62.0,3.9
2023-10-04 12:00:00,854.0,774.0,188.0,40.0,29.4,57.0,4.1
2023-10-04 13:00:00,795.0,742.0,188.0,40.0,29.4,58.0,4.3
2023-10-04 14:00:00,689.0,729.0,160.0,30.0,29.4,58.0,4.4
2023-10-04 15:00:00,385.0,333.0,205.0,30.0,29.4,59.0,4.6
2023-10-04 16:00:00,223.0,277.0,127.0,40.0,28.7,60.0,4.1
2023-10-04 17:00:00,59.0,129.0,44.0,50.0,27.9,62.0,3.6
2023-10-04 18:00:00,1.0,0.0,1.0,60.0,27.2,63.0,3.1
2023-10-04 19:00:00,0.0,0.0,0.0,40.0,26.8,68.0,3.1
2023-10-04 20:00:00,0.0,0.0,0.0,20.0,26.5,74.0,3.1
2023-10-04 21:00:00,0.0,0.0,0.0,0.0,26.1,79.0,3.1
2023-10-04 22:00:00,0.0,0.0,0.0,10.0,25.4,82.0,2.9
2023-10-04 23:00:00,0.0,0.0,0.0,30.0,24.6,84.0,2.8
2023-10-05 00:00:00,0.0,0.0,0.0,40.0,23.9,87.0,2.6
2023-10-05 01:00:00,0.0,0.0,0.0,40.0,23.9,89.0,2.6
2023-10-05 02:00:00,0.0,0.0,0.0,30.0,23.9,92.0,2.6
2023-10-05 03:00:00,0.0,0.0,0.0,30.0,23.9,94.0,2.6
2023-10-05 04:00:00,0.0,0.0,0.0,30.0,24.1,92.0,2.8
2023-10-05 05:00:00,0.0,0.0,0.0,30.0,24.2,89.0,2.9
2023-10-05 06:00:00,37.0,71.0,28.0,30.0,24.4,87.0,3.1
2023-10-05 07:00:00,185.0,360.0,74.0,50.0,26.1,80.0,3.6
2023-10-05 08:00:00,308.0,220.0,203.0,60.0,27.7,72.0,4.1
2023-10-05 09:00:00,414.0,269.0,238.0,80.0,29.4,65.0,4.6
2023-10-05 10:00:00,537.0,230.0,359.0,80.0,29.4,65.0,5.0
2023-10-05 11:00:00,832.0,648.0,277.0,70.0,29.4,65.0,5.3
2023-10-05 12:00:00,670.0,254.0,456.0,70.0,29.4,65.0,5.7
2023-10-05 13:00:00,501.0,207.0,334.0,80.0,29.2,67.0,5.9
2023-10-05 14:00:00,555.0,430.0,253.0,90.0,29.1,68.0,6.0
2023-10-05 15:00:00,232.0,168.0,141.0,100.0,28.9,70.0,6.2
2023-10-05 16:00:00,105.0,32.0,94.0,100.0,27.8,77.0,5.9
2023-10-05 17:00:00,41.0,2.0,40.0,100.0,26.7,84.0,5.5
2023-10-05 18:00:00,0.0,0.0,0.0,100.0,25.6,91.0,5.2
2023-10-05 19:00:00,0.0,0.0,0.0,100.0,25.4,91.0,4.8
2023-10-05 20:00:00,0.0,0.0,0.0,100.0,25.2,90.0,4.5
2023-10-05 21:00:00,0.0,0.0,0.0,100.0,25.0,90.0,4.1
2023-10-05 22:00:00,0.0,0.0,0.0,90.0,25.2,88.0,3.6
2023-10-05 23:00:00,0.0,0.0,0.0,90.0,25.4,87.0,3.1
2023-10-06 00:00:00,0.0,0.0,0.0,80.0,25.6,85.0,2.6
2023-10-06 01:00:00,0.0,0.0,0.0,60.0,25.6,86.0,2.6
2023-10-06 02:00:00,0.0,0.0,0.0,50.0,25.6,87.0,2.6
2023-10-06 03:00:00,0.0,0.0,0.0,30.0,25.6,88.0,2.6
2023-10-06 04:00:00,0.0,0.0,0.0,30.0,25.6,89.0,2.2
2023-10-06 05:00:00,0.0,0.0,0.0,40.0,25.6,90.0,1.9
2023-10-06 06:00:00,29.0,57.0,22.0,40.0,25.6,91.0,1.5
2023-10-06 07:00:00,195.0,386.0,89.0,40.0,26.9,85.0,2.4
2023-10-06 08:00:00,350.0,307.0,199.0,50.0,28.1,78.0,3.2
2023-10-06 09:00:00,588.0,599.0,196.0,50.0,29.4,72.0,4.1
2023-10-06 10:00:00,644.0,472.0,277.0,60.0,29.8,69.0,4.5
2023-10-06 11:00:00,691.0,510.0,258.0,70.0,30.2,66.0,4.8
2023-10-06 12:00:00,722.0,529.0,268.0,80.0,30.6,63.0,5.2
2023-10-06 13:00:00,819.0,732.0,183.0,60.0,30.4,65.0,5.7
2023-10-06 14:00:00,678.0,728.0,157.0,30.0,30.2,66.0,6.2
2023-10-06 15:00:00,491.0,660.0,126.0,10.0,30.0,68.0,6.7
2023-10-06 16:00:00,274.0,497.0,87.0,10.0,29.4,70.0,5.8
2023-10-06 17:00:00,65.0,147.0,40.0,10.0,28.9,72.0,5.0
2023-10-06 18:00:00,0.0,0.0,0.0,10.0,28.3,74.0,4.1
2023-10-06 19:00:00,0.0,0.0,0.0,10.0,27.8,76.0,3.6
2023-10-06 20:00:00,0.0,0.0,0.0,0.0,27.2,77.0,3.1
2023-10-06 21:00:00,0.0,0.0,0.0,0.0,26.7,79.0,2.6
2023-10-06 22:00:00,0.0,0.0,0.0,0.0,27.1,77.0,3.1
2023-10-06 23:00:00,0.0,0.0,0.0,10.0,27.4,76.0,3.6
2023-10-07 00:00:00,0.0,0.0,0.0,10.0,27.8,74.0,4.1
2023-10-07 01:00:00,0.0,0.0,0.0,10.0,27.8,74.0,3.8
2023-10-07 02:00:00,0.0,0.0,0.0,10.0,27.8,74.0,3.4
2023-10-07 03:00:00,0.0,0.0,0.0,10.0,27.8,74.0,3.1
2023-10-07 04:00:00,0.0,0.0,0.0,20.0,27.6,76.0,3.1
2023-10-07 05:00:00,0.0,0.0,0.0,40.0,27.4,77.0,3.1
2023-10-07 06:00:00,29.0,49.0,23.0,50.0,27.2,79.0,3.1
2023-10-07 07:00:00,148.0,80.0,126.0,60.0,28.3,74.0,3.4
2023-10-07 08:00:00,316.0,240.0,201.0,70.0,29.5,70.0,3.8
2023-10-07 09:00:00,553.0,546.0,190.0,80.0,30.6,65.0,4.1
2023-10-07 10:00:00,666.0,465.0,304.0,80.0,30.6,64.0,4.1
2023-10-07 11:00:00,537.0,189.0,373.0,90.0,30.6,64.0,4.1
2023-10-07 12:00:00,482.0,288.0,233.0,90.0,30.6,63.0,4.1
2023-10-07 13:00:00,575.0,456.0,215.0,80.0,30.8,62.0,5.3
2023-10-07 14:00:00,529.0,435.0,231.0,60.0,30.9,62.0,6.5
2023-10-07 15:00:00,392.0,361.0,198.0,50.0,31.1,61.0,7.7
2023-10-07 16:00:00,226.0,300.0,125.0,60.0,30.0,65.0,5.8
2023-10-07 17:00:00,53.0,96.0,41.0,70.0,28.9,70.0,4.0
2023-10-07 18:00:00,0.0,0.0,0.0,80.0,27.8,74.0,2.1
2023-10-07 19:00:00,0.0,0.0,0.0,60.0,27.6,75.0,2.1
2023-10-07 20:00:00,0.0,0.0,0.0,50.0,27.4,76.0,2.1
2023-10-07 21:00:00,0.0,0.0,0.0,30.0,27.2,77.0,2.1
2023-10-07 22:00:00,0.0,0.0,0.0,30.0,26.8,79.0,1.9
2023-10-07 23:00:00,0.0,0.0,0.0,20.0,26.5,80.0,1.7
2023-10-08 00:00:00,0.0,0.0,0.0,20.0,26.1,82.0,1.5
2023-10-08 01:00:00,0.0,0.0,0.0,20.0,26.1,82.0,1.5
2023-10-08 02:00:00,0.0,0.0,0.0,20.0,26.1,82.0,1.5
2023-10-08 03:00:00,0.0,0.0,0.0,20.0,26.1,82.0,1.5
2023-10-08 04:00:00,0.0,0.0,0.0,30.0,26.3,81.0,1.7
2023-10-08 05:00:00,0.0,0.0,0.0,30.0,26.5,80.0,1.9
2023-10-08 06:00:00,21.0,21.0,19.0,40.0,26.7,79.0,2.1
2023-10-08 07:00:00,143.0,168.0,98.0,50.0,27.6,75.0,2.9
2023-10-08 08:00:00,308.0,177.0,223.0,70.0,28.5,71.0,3.8
2023-10-08 09:00:00,323.0,112.0,251.0,80.0,29.4,67.0,4.6
2023-10-08 10:00:00,526.0,277.0,312.0,80.0,30.2,63.0,4.8
2023-10-08 11:00:00,570.0,262.0,350.0,70.0,30.9,58.0,5.0
2023-10-08 12:00:00,809.0,678.0,225.0,70.0,31.7,54.0,5.2
2023-10-08 13:00:00,723.0,540.0,296.0,70.0,31.1,56.0,5.2
2023-10-08 14:00:00,487.0,328.0,265.0,80.0,30.6,59.0,5.2
2023-10-08 15:00:00,423.0,493.0,163.0,80.0,30.0,61.0,5.2
2023-10-08 16:00:00,229.0,368.0,103.0,80.0,29.3,65.0,4.2
2023-10-08 17:00:00,53.0,75.0,44.0,80.0,28.5,68.0,3.1
2023-10-08 18:00:00,0.0,0.0,0.0,80.0,27.8,72.0,2.1
2023-10-08 19:00:00,0.0,0.0,0.0,60.0,27.2,75.0,2.8
2023-10-08 20:00:00,0.0,0.0,0.0,50.0,26.7,79.0,3.4
2023-10-08 21:00:00,0.0,0.0,0.0,30.0,26.1,82.0,4.1
2023-10-08 22:00:00,0.0,0.0,0.0,40.0,25.7,82.0,3.6
2023-10-08 23:00:00,0.0,0.0,0.0,60.0,25.4,82.0,3.1
2023-10-09 00:00:00,0.0,0.0,0.0,70.0,25.0,82.0,2.6
2023-10-09 01:00:00,0.0,0.0,0.0,60.0,24.4,84.0,2.4
2023-10-09 02:00:00,0.0,0.0,0.0,40.0,23.9,85.0,2.3
2023-10-09 03:00:00,0.0,0.0,0.0,30.0,23.3,87.0,2.1
2023-10-09 04:00:00,0.0,0.0,0.0,40.0,23.3,85.0,2.3
2023-10-09 05:00:00,0.0,0.0,0.0,40.0,23.3,84.0,2.4
2023-10-09 06:00:00,25.0,3.0,24.0,50.0,23.3,82.0,2.6
2023-10-09 07:00:00,138.0,136.0,101.0,40.0,24.8,75.0,2.6
2023-10-09 08:00:00,365.0,377.0,186.0,40.0,26.3,68.0,2.6
2023-10-09 09:00:00,642.0,710.0,147.0,30.0,27.8,61.0,2.6
2023-10-09 10:00:00,673.0,439.0,335.0,30.0,28.3,57.0,3.1
2023-10-09 11:00:00,769.0,612.0,252.0,40.0,28.9,53.0,3.6
2023-10-09 12:00:00,816.0,660.0,255.0,40.0,29.4,49.0,4.1
2023-10-09 13:00:00,749.0,644.0,237.0,30.0,29.4,48.0,4.1
2023-10-09 14:00:00,626.0,657.0,173.0,20.0,29.4,47.0,4.1
2023-10-09 15:00:00,494.0,676.0,117.0,10.0,29.4,46.0,4.1
2023-10-09 16:00:00,210.0,311.0,108.0,10.0,28.5,54.0,3.8
2023-10-09 17:00:00,47.0,36.0,43.0,20.0,27.6,61.0,3.4
2023-10-09 18:00:00,0.0,0.0,0.0,20.0,26.7,69.0,3.1
2023-10-09 19:00:00,0.0,0.0,0.0,30.0,26.3,71.0,2.6
2023-10-09 20:00:00,0.0,0.0,0.0,30.0,26.0,72.0,2.0
2023-10-09 21:00:00,0.0,0.0,0.0,40.0,25.6,74.0,1.5
2023-10-09 22:00:00,0.0,0.0,0.0,40.0,24.8,77.0,1.7
2023-10-09 23:00:00,0.0,0.0,0.0,50.0,24.1,81.0,1.9
2023-10-10 00:00:00,0.0,0.0,0.0,50.0,23.3,84.0,2.1
2023-10-10 01:00:00,0.0,0.0,0.0,40.0,23.1,83.0,1.9
2023-10-10 02:00:00,0.0,0.0,0.0,40.0,23.0,82.0,1.7
2023-10-10 03:00:00,0.0,0.0,0.0,30.0,22.8,81.0,1.5
2023-10-10 04:00:00,0.0,0.0,0.0,30.0,22.6,83.0,2.0
2023-10-10 05:00:00,0.0,0.0,0.0,30.0,22.4,85.0,2.6
2023-10-10 06:00:00,40.0,124.0,25.0,30.0,22.2,87.0,3.1
2023-10-10 07:00:00,198.0,493.0,61.0,30.0,24.1,77.0,3.1
2023-10-10 08:00:00,441.0,726.0,84.0,20.0,25.9,68.0,3.1
2023-10-10 09:00:00,636.0,819.0,101.0,20.0,27.8,58.0,3.1
2023-10-10 10:00:00,773.0,843.0,131.0,20.0,28.5,56.0,3.1
2023-10-10 11:00:00,848.0,863.0,130.0,20.0,29.3,53.0,3.1
2023-10-10 12:00:00,853.0,847.0,144.0,20.0,30.0,51.0,3.1
2023-10-10 13:00:00,796.0,842.0,130.0,10.0,29.8,52.0,3.4
2023-10-10 14:00:00,669.0,818.0,117.0,10.0,29.6,54.0,3.8
2023-10-10 15:00:00,480.0,758.0,94.0,0.0,29.4,55.0,4.1
2023-10-10 16:00:00,264.0,601.0,66.0,0.0,28.5,58.0,3.6
2023-10-10 17:00:00,58.0,216.0,32.0,0.0,27.6,62.0,3.1
2023-10-10 18:00:00,0.0,0.0,0.0,0.0,26.7,65.0,2.6
2023-10-10 19:00:00,0.0,0.0,0.0,0.0,26.3,68.0,2.6
2023-10-10 20:00:00,0.0,0.0,0.0,0.0,26.0,71.0,2.6
2023-10-10 21:00:00,0.0,0.0,0.0,0.0,25.6,74.0,2.6
2023-10-10 22:00:00,0.0,0.0,0.0,0.0,25.0,76.0,2.1
2023-10-10 23:00:00,0.0,0.0,0.0,10.0,24.5,77.0,1.5
2023-10-11 00:00:00,0.0,0.0,0.0,10.0,23.9,79.0,1.0
2023-10-11 01:00:00,0.0,0.0,0.0,10.0,23.3,81.0,1.2
2023-10-11 02:00:00,0.0,0.0,0.0,0.0,22.8,82.0,1.3
2023-10-11 03:00:00,0.0,0.0,0.0,0.0,22.2,84.0,1.5
2023-10-11 04:00:00,0.0,0.0,0.0,0.0,22.4,84.0,1.9
2023-10-11 05:00:00,0.0,0.0,0.0,0.0,22.6,84.0,2.2
2023-10-11 06:00:00,41.0,173.0,20.0,0.0,22.8,84.0,2.6
2023-10-11 07:00:00,215.0,634.0,43.0,0.0,24.8,77.0,2.8
2023-10-11 08:00:00,447.0,806.0,65.0,10.0,26.9,70.0,2.9
2023-10-11 09:00:00,639.0,882.0,77.0,10.0,28.9,63.0,3.1
2023-10-11 10:00:00,753.0,878.0,93.0,10.0,29.3,59.0,3.6
2023-10-11 11:00:00,864.0,916.0,104.0,20.0,29.6,55.0,4.1
2023-10-11 12:00:00,885.0,923.0,94.0,20.0,30.0,51.0,4.6
2023-10-11 13:00:00,828.0,910.0,94.0,20.0,29.8,53.0,5.0
2023-10-11 14:00:00,695.0,863.0,99.0,30.0,29.6,55.0,5.3
2023-10-11 15:00:00,499.0,797.0,80.0,30.0,29.4,57.0,5.7
2023-10-11 16:00:00,274.0,669.0,49.0,20.0,28.5,61.0,5.0
2023-10-11 17:00:00,66.0,301.0,28.0,20.0,27.6,65.0,4.3
2023-10-11 18:00:00,0.0,0.0,0.0,10.0,26.7,69.0,3.6
2023-10-11 19:00:00,0.0,0.0,0.0,30.0,26.3,71.0,3.4
2023-10-11 20:00:00,0.0,0.0,0.0,40.0,26.0,74.0,3.3
2023-10-11 21:00:00,0.0,0.0,0.0,60.0,25.6,76.0,3.1
2023-10-11 22:00:00,0.0,0.0,0.0,60.0,25.4,75.0,2.8
2023-10-11 23:00:00,0.0,0.0,0.0,70.0,25.2,75.0,2.4
2023-10-12 00:00:00,0.0,0.0,0.0,70.0,25.0,74.0,2.1
2023-10-12 01:00:00,0.0,0.0,0.0,50.0,24.1,77.0,2.3
2023-10-12 02:00:00,0.0,0.0,0.0,30.0,23.1,81.0,2.4
2023-10-12 03:00:00,0.0,0.0,0.0,10.0,22.2,84.0,2.6
2023-10-12 04:00:00,0.0,0.0,0.0,20.0,22.4,84.0,2.2
2023-10-12 05:00:00,0.0,0.0,0.0,40.0,22.6,84.0,1.9
2023-10-12 06:00:00,33.0,95.0,22.0,50.0,22.8,84.0,1.5
2023-10-12 07:00:00,177.0,363.0,82.0,60.0,24.8,77.0,2.7
2023-10-12 08:00:00,427.0,606.0,144.0,70.0,26.9,70.0,4.0
2023-10-12 09:00:00,550.0,557.0,195.0,80.0,28.9,63.0,5.2
2023-10-12 10:00:00,685.0,558.0,261.0,80.0,29.1,63.0,5.5
2023-10-12 11:00:00,748.0,548.0,294.0,90.0,29.2,63.0,5.9
2023-10-12 12:00:00,709.0,490.0,300.0,90.0,29.4,63.0,6.2
2023-10-12 13:00:00,748.0,663.0,213.0,90.0,28.9,64.0,5.3
2023-10-12 14:00:00,332.0,73.0,288.0,90.0,28.3,64.0,4.5
2023-10-12 15:00:00,222.0,63.0,190.0,90.0,27.8,65.0,3.6
2023-10-12 16:00:00,113.0,19.0,108.0,90.0,27.6,67.0,4.1
2023-10-12 17:00:00,41.0,41.0,36.0,80.0,27.4,70.0,4.7
2023-10-12 18:00:00,0.0,0.0,0.0,80.0,27.2,72.0,5.2
2023-10-12 19:00:00,0.0,0.0,0.0,80.0,26.7,73.0,3.8
2023-10-12 20:00:00,0.0,0.0,0.0,80.0,26.1,75.0,2.4
2023-10-12 21:00:00,0.0,0.0,0.0,80.0,25.6,76.0,1.0
2023-10-12 22:00:00,0.0,0.0,0.0,90.0,25.4,78.0,1.0
2023-10-12 23:00:00,0.0,0.0,0.0,90.0,25.2,80.0,1.0
2023-10-13 00:00:00,0.0,0.0,0.0,100.0,25.0,82.0,1.0
2023-10-13 01:00:00,0.0,0.0,0.0,100.0,24.8,83.0,1.2
2023-10-13 02:00:00,0.0,0.0,0.0,100.0,24.6,84.0,1.3
2023-10-13 03:00:00,0.0,0.0,0.0,100.0,24.4,85.0,1.5
2023-10-13 04:00:00,0.0,0.0,0.0,100.0,24.6,84.0,1.5
2023-10-13 05:00:00,0.0,0.0,0.0,100.0,24.8,83.0,1.5
2023-10-13 06:00:00,14.0,0.0,14.0,100.0,25.0,82.0,1.5
2023-10-13 07:00:00,72.0,2.0,72.0,100.0,24.4,84.0,2.5
2023-10-13 08:00:00,141.0,8.0,137.0,100.0,23.9,85.0,3.6
2023-10-13 09:00:00,135.0,6.0,131.0,100.0,23.3,87.0,4.6
2023-10-13 10:00:00,311.0,4.0,308.0,100.0,23.3,88.0,4.1
2023-10-13 11:00:00,385.0,4.0,382.0,100.0,23.3,89.0,3.6
2023-10-13 12:00:00,201.0,2.0,199.0,100.0,23.3,90.0,3.1
2023-10-13 13:00:00,361.0,2.0,360.0,100.0,23.5,89.0,3.6
2023-10-13 14:00:00,297.0,1.0,297.0,100.0,23.7,88.0,4.1
2023-10-13 15:00:00,209.0,1.0,208.0,100.0,23.9,87.0,4.6
2023-10-13 16:00:00,113.0,0.0,112.0,100.0,24.3,84.0,4.6
2023-10-13 17:00:00,20.0,0.0,24.0,100.0,24.6,82.0,4.6
2023-10-13 18:00:00,0.0,0.0,0.0,100.0,25.0,79.0,4.6
2023-10-13 19:00:00,0.0,0.0,0.0,100.0,25.4,78.0,4.8
2023-10-13 20:00:00,0.0,0.0,0.0,100.0,25.7,78.0,5.0
2023-10-13 21:00:00,0.0,0.0,0.0,100.0,26.1,77.0,5.2
2023-10-13 22:00:00,0.0,0.0,0.0,100.0,25.5,79.0,5.2
2023-10-13 23:00:00,0.0,0.0,0.0,100.0,25.0,80.0,5.2
2023-10-14 00:00:00,0.0,0.0,0.0,100.0,24.4,82.0,5.2
2023-10-14 01:00:00,0.0,0.0,0.0,100.0,24.6,81.0,4.8
2023-10-14 02:00:00,0.0,0.0,0.0,100.0,24.8,80.0,4.5
2023-10-14 03:00:00,0.0,0.0,0.0,100.0,25.0,79.0,4.1
2023-10-14 04:00:00,0.0,0.0,0.0,100.0,24.3,84.0,3.2
2023-10-14 05:00:00,0.0,0.0,0.0,100.0,23.5,88.0,2.4
2023-10-14 06:00:00,7.0,1.0,6.0,100.0,22.8,93.0,1.5
2023-10-14 07:00:00,104.0,0.0,104.0,100.0,23.2,93.0,2.2
2023-10-14 08:00:00,199.0,0.0,199.0,100.0,23.5,94.0,2.9
2023-10-14 09:00:00,284.0,1.0,283.0,100.0,23.9,94.0,3.6
2023-10-14 10:00:00,373.0,0.0,373.0,100.0,23.5,95.0,3.1
2023-10-14 11:00:00,433.0,1.0,432.0,100.0,23.2,96.0,2.6
2023-10-14 12:00:00,230.0,1.0,229.0,100.0,22.8,97.0,2.1
2023-10-14 13:00:00,399.0,1.0,398.0,100.0,22.8,96.0,2.4
2023-10-14 14:00:00,303.0,1.0,303.0,100.0,22.8,94.0,2.8
2023-10-14 15:00:00,134.0,0.0,134.0,100.0,22.8,93.0,3.1
2023-10-14 16:00:00,137.0,1.0,137.0,100.0,23.0,93.0,3.1
2023-10-14 17:00:00,36.0,0.0,36.0,100.0,23.1,93.0,3.1
2023-10-14 18:00:00,0.0,0.0,0.0,100.0,23.3,93.0,3.1
2023-10-14 19:00:00,0.0,0.0,0.0,100.0,23.1,93.0,2.9
2023-10-14 20:00:00,0.0,0.0,0.0,100.0,23.0,93.0,2.8
2023-10-14 21:00:00,0.0,0.0,0.0,100.0,22.8,93.0,2.6
2023-10-14 22:00:00,0.0,0.0,0.0,100.0,23.0,93.0,2.9
2023-10-14 23:00:00,0.0,0.0,0.0,100.0,23.1,93.0,3.3
2023-10-15 00:00:00,0.0,0.0,0.0,100.0,23.3,93.0,3.6
2023-10-15 01:00:00,0.0,0.0,0.0,100.0,23.5,93.0,3.3
2023-10-15 02:00:00,0.0,0.0,0.0,90.0,23.7,94.0,2.9
2023-10-15 03:00:00,0.0,0.0,0.0,90.0,23.9,94.0,2.6
2023-10-15 04:00:00,0.0,0.0,0.0,90.0,23.7,93.0,2.4
2023-10-15 05:00:00,0.0,0.0,0.0,100.0,23.5,91.0,2.3
2023-10-15 06:00:00,15.0,3.0,14.0,100.0,23.3,90.0,2.1
2023-10-15 07:00:00,105.0,44.0,93.0,90.0,24.2,88.0,2.4
2023-10-15 08:00:00,278.0,210.0,179.0,90.0,25.2,87.0,2.8
2023-10-15 09:00:00,340.0,131.0,259.0,80.0,26.1,85.0,3.1
2023-10-15 10:00:00,653.0,513.0,242.0,80.0,26.1,84.0,3.3
2023-10-15 11:00:00,554.0,281.0,321.0,90.0,26.1,83.0,3.4
2023-10-15 12:00:00,351.0,161.0,217.0,90.0,26.1,82.0,3.6
2023-10-15 13:00:00,479.0,108.0,393.0,90.0,26.8,79.0,3.6
2023-10-15 14:00:00,370.0,69.0,327.0,90.0,27.6,75.0,3.6
2023-10-15 15:00:00,396.0,264.0,245.0,90.0,28.3,72.0,3.6
2023-10-15 16:00:00,219.0,309.0,109.0,70.0,27.6,75.0,3.1
2023-10-15 17:00:00,45.0,33.0,41.0,60.0,26.8,79.0,2.6
2023-10-15 18:00:00,0.0,0.0,0.0,40.0,26.1,82.0,2.1
2023-10-15 19:00:00,0.0,0.0,0.0,40.0,25.7,84.0,2.3
2023-10-15 20:00:00,0.0,0.0,0.0,50.0,25.4,85.0,2.4
2023-10-15 21:00:00,0.0,0.0,0.0,50.0,25.0,87.0,2.6
2023-10-15 22:00:00,0.0,0.0,0.0,40.0,24.4,89.0,2.4
2023-10-15 23:00:00,0.0,0.0,0.0,30.0,23.9,91.0,2.3
2023-10-16 00:00:00,0.0,0.0,0.0,20.0,23.3,93.0,2.1
2023-10-16 01:00:00,0.0,0.0,0.0,50.0,23.1,94.0,2.4
2023-10-16 02:00:00,0.0,0.0,0.0,70.0,23.0,96.0,2.8
2023-10-16 03:00:00,0.0,0.0,0.0,100.0,22.8,97.0,3.1
2023-10-16 04:00:00,0.0,0.0,0.0,100.0,22.6,96.0,2.8
2023-10-16 05:00:00,0.0,0.0,0.0,100.0,22.4,94.0,2.4
2023-10-16 06:00:00,27.0,9.0,22.0,100.0,22.2,93.0,2.1
2023-10-16 07:00:00,102.0,36.0,92.0,100.0,23.3,89.0,2.6
2023-10-16 08:00:00,240.0,96.0,195.0,100.0,24.5,86.0,3.1
2023-10-16 09:00:00,448.0,299.0,249.0,100.0,25.6,82.0,3.6
2023-10-16 10:00:00,544.0,377.0,265.0,80.0,26.3,79.0,3.6
2023-10-16 11:00:00,699.0,508.0,287.0,50.0,27.1,77.0,3.6
2023-10-16 12:00:00,773.0,637.0,253.0,30.0,27.8,74.0,3.6
2023-10-16 13:00:00,760.0,773.0,126.0,40.0,28.2,72.0,4.5
2023-10-16 14:00:00,546.0,484.0,228.0,50.0,28.5,69.0,5.3
2023-10-16 15:00:00,293.0,99.0,245.0,60.0,28.9,67.0,6.2
2023-10-16 16:00:00,88.0,43.0,90.0,50.0,28.2,69.0,5.0
2023-10-16 17:00:00,30.0,12.0,29.0,40.0,27.4,72.0,3.8
2023-10-16 18:00:00,0.0,0.0,0.0,30.0,26.7,74.0,2.6
2023-10-16 19:00:00,0.0,0.0,0.0,20.0,26.1,77.0,2.9
2023-10-16 20:00:00,0.0,0.0,0.0,10.0,25.6,79.0,3.3
2023-10-16 21:00:00,0.0,0.0,0.0,0.0,25.0,82.0,3.6
2023-10-16 22:00:00,0.0,0.0,0.0,0.0,24.4,85.0,3.6
2023-10-16 23:00:00,0.0,0.0,0.0,0.0,23.9,87.0,3.6
2023-10-17 00:00:00,0.0,0.0,0.0,0.0,23.3,90.0,3.6
2023-10-17 01:00:00,0.0,0.0,0.0,30.0,23.1,91.0,4.1
2023-10-17 02:00:00,0.0,0.0,0.0,70.0,23.0,92.0,4.7
2023-10-17 03:00:00,0.0,0.0,0.0,100.0,22.8,93.0,5.2
2023-10-17 04:00:00,0.0,0.0,0.0,100.0,22.8,92.0,4.8
2023-10-17 05:00:00,0.0,0.0,0.0,90.0,22.8,91.0,4.5
2023-10-17 06:00:00,26.0,4.0,25.0,90.0,22.8,90.0,4.1
2023-10-17 07:00:00,128.0,97.0,102.0,60.0,24.1,86.0,4.3
2023-10-17 08:00:00,340.0,399.0,160.0,40.0,25.4,81.0,4.4
2023-10-17 09:00:00,610.0,747.0,132.0,10.0,26.7,77.0,4.6
2023-10-17 10:00:00,690.0,696.0,176.0,20.0,27.6,72.0,4.8
2023-10-17 11:00:00,786.0,794.0,148.0,40.0,28.5,66.0,5.0
2023-10-17 12:00:00,718.0,494.0,317.0,50.0,29.4,61.0,5.2
2023-10-17 13:00:00,676.0,559.0,250.0,50.0,29.0,62.0,4.8
2023-10-17 14:00:00,555.0,532.0,208.0,50.0,28.7,64.0,4.5
2023-10-17 15:00:00,442.0,610.0,132.0,50.0,28.3,65.0,4.1
2023-10-17 16:00:00,168.0,193.0,109.0,40.0,27.6,67.0,3.6
2023-10-17 17:00:00,35.0,50.0,30.0,30.0,26.8,70.0,3.1
2023-10-17 18:00:00,0.0,0.0,0.0,20.0,26.1,72.0,2.6
2023-10-17 19:00:00,0.0,0.0,0.0,10.0,25.4,75.0,2.8
2023-10-17 20:00:00,0.0,0.0,0.0,10.0,24.6,79.0,2.9
2023-10-17 21:00:00,0.0,0.0,0.0,0.0,23.9,82.0,3.1
2023-10-17 22:00:00,0.0,0.0,0.0,30.0,23.5,85.0,2.9
2023-10-17 23:00:00,0.0,0.0,0.0,50.0,23.2,87.0,2.8
2023-10-18 00:00:00,0.0,0.0,0.0,80.0,22.8,90.0,2.6
2023-10-18 01:00:00,0.0,0.0,0.0,50.0,22.4,90.0,2.4
2023-10-18 02:00:00,0.0,0.0,0.0,30.0,22.1,90.0,2.3
2023-10-18 03:00:00,0.0,0.0,0.0,0.0,21.7,90.0,2.1
2023-10-18 04:00:00,0.0,0.0,0.0,0.0,21.5,89.0,2.4
2023-10-18 05:00:00,0.0,0.0,0.0,0.0,21.3,88.0,2.8
2023-10-18 06:00:00,26.0,14.0,24.0,0.0,21.1,87.0,3.1
2023-10-18 07:00:00,152.0,286.0,81.0,0.0,22.4,83.0,3.1
2023-10-18 08:00:00,374.0,517.0,135.0,0.0,23.7,78.0,3.1
2023-10-18 09:00:00,599.0,639.0,175.0,0.0,25.0,74.0,3.1
2023-10-18 10:00:00,739.0,703.0,196.0,20.0,25.9,69.0,3.1
2023-10-18 11:00:00,593.0,340.0,318.0,50.0,26.9,63.0,3.1
2023-10-18 12:00:00,657.0,403.0,330.0,70.0,27.8,58.0,3.1
2023-10-18 13:00:00,517.0,103.0,444.0,70.0,27.6,61.0,3.1
2023-10-18 14:00:00,547.0,475.0,235.0,60.0,27.4,64.0,3.1
2023-10-18 15:00:00,347.0,344.0,179.0,60.0,27.2,67.0,3.1
2023-10-18 16:00:00,127.0,54.0,111.0,50.0,26.8,69.0,2.9
2023-10-18 17:00:00,37.0,77.0,28.0,40.0,26.5,70.0,2.8
2023-10-18 18:00:00,0.0,0.0,0.0,30.0,26.1,72.0,2.6
2023-10-18 19:00:00,0.0,0.0,0.0,30.0,25.9,73.0,2.2
2023-10-18 20:00:00,0.0,0.0,0.0,30.0,25.8,73.0,1.9
2023-10-18 21:00:00,0.0,0.0,0.0,30.0,25.6,74.0,1.5
2023-10-18 22:00:00,0.0,0.0,0.0,40.0,24.8,78.0,1.7
2023-10-18 23:00:00,0.0,0.0,0.0,40.0,24.1,83.0,1.9
2023-10-19 00:00:00,0.0,0.0,0.0,50.0,23.3,87.0,2.1
2023-10-19 01:00:00,0.0,0.0,0.0,50.0,22.8,87.0,1.9
2023-10-19 02:00:00,0.0,0.0,0.0,50.0,22.2,87.0,1.7
2023-10-19 03:00:00,0.0,0.0,0.0,50.0,21.7,87.0,1.5
2023-10-19 04:00:00,0.0,0.0,0.0,40.0,21.5,88.0,1.9
2023-10-19 05:00:00,0.0,0.0,0.0,40.0,21.3,89.0,2.2
2023-10-19 06:00:00,33.0,75.0,24.0,30.0,21.1,90.0,2.6
2023-10-19 07:00:00,176.0,458.0,63.0,20.0,23.0,84.0,2.1
2023-10-19 08:00:00,413.0,744.0,72.0,10.0,24.8,78.0,1.5
2023-10-19 09:00:00,604.0,834.0,92.0,0.0,26.7,72.0,1.0
2023-10-19 10:00:00,759.0,881.0,103.0,20.0,27.6,67.0,1.4
2023-10-19 11:00:00,628.0,310.0,384.0,40.0,28.5,62.0,1.7
2023-10-19 12:00:00,400.0,124.0,329.0,60.0,29.4,57.0,2.1
2023-10-19 13:00:00,374.0,88.0,308.0,70.0,29.2,58.0,2.9
2023-10-19 14:00:00,558.0,569.0,188.0,70.0,29.1,60.0,3.8
2023-10-19 15:00:00,320.0,380.0,135.0,80.0,28.9,61.0,4.6
2023-10-19 16:00:00,205.0,385.0,92.0,70.0,28.2,65.0,4.1
2023-10-19 17:00:00,44.0,63.0,37.0,60.0,27.4,68.0,3.6
2023-10-19 18:00:00,0.0,0.0,0.0,50.0,26.7,72.0,3.1
2023-10-19 19:00:00,0.0,0.0,0.0,40.0,25.6,76.0,2.6
2023-10-19 20:00:00,0.0,0.0,0.0,30.0,24.4,80.0,2.0
2023-10-19 21:00:00,0.0,0.0,0.0,20.0,23.3,84.0,1.5
2023-10-19 22:00:00,0.0,0.0,0.0,40.0,23.3,86.0,1.9
2023-10-19 23:00:00,0.0,0.0,0.0,60.0,23.3,88.0,2.2
2023-10-20 00:00:00,0.0,0.0,0.0,80.0,23.3,90.0,2.6
2023-10-20 01:00:00,0.0,0.0,0.0,70.0,23.3,91.0,2.2
2023-10-20 02:00:00,0.0,0.0,0.0,60.0,23.3,92.0,1.9
2023-10-20 03:00:00,0.0,0.0,0.0,50.0,23.3,93.0,1.5
2023-10-20 04:00:00,0.0,0.0,0.0,70.0,23.1,93.0,1.5
2023-10-20 05:00:00,0.0,0.0,0.0,80.0,23.0,93.0,1.5
2023-10-20 06:00:00,25.0,18.0,23.0,100.0,22.8,93.0,1.5
2023-10-20 07:00:00,123.0,127.0,93.0,80.0,24.6,84.0,2.0
2023-10-20 08:00:00,373.0,523.0,140.0,60.0,26.5,76.0,2.6
2023-10-20 09:00:00,594.0,708.0,119.0,40.0,28.3,67.0,3.1
2023-10-20 10:00:00,607.0,473.0,260.0,60.0,28.5,66.0,3.3
2023-10-20 11:00:00,658.0,391.0,345.0,70.0,28.7,66.0,3.4
2023-10-20 12:00:00,574.0,298.0,334.0,90.0,28.9,65.0,3.6
2023-10-20 13:00:00,402.0,72.0,348.0,90.0,27.6,71.0,3.6
2023-10-20 14:00:00,416.0,190.0,294.0,100.0,26.3,76.0,3.6
2023-10-20 15:00:00,186.0,19.0,175.0,100.0,25.0,82.0,3.6
2023-10-20 16:00:00,71.0,0.0,78.0,90.0,24.6,83.0,2.7
2023-10-20 17:00:00,31.0,0.0,33.0,90.0,24.3,83.0,1.9
2023-10-20 18:00:00,0.0,0.0,0.0,80.0,23.9,84.0,1.0
2023-10-20 19:00:00,0.0,0.0,0.0,80.0,24.1,84.0,1.0
2023-10-20 20:00:00,0.0,0.0,0.0,80.0,24.2,85.0,1.0
2023-10-20 21:00:00,0.0,0.0,0.0,80.0,24.4,85.0,1.0
2023-10-20 22:00:00,0.0,0.0,0.0,60.0,24.6,85.0,1.4
2023-10-20 23:00:00,0.0,0.0,0.0,50.0,24.8,85.0,1.7
2023-10-21 00:00:00,0.0,0.0,0.0,30.0,25.0,85.0,2.1
2023-10-21 01:00:00,0.0,0.0,0.0,30.0,24.8,87.0,1.7
2023-10-21 02:00:00,0.0,0.0,0.0,30.0,24.6,88.0,1.4
2023-10-21 03:00:00,0.0,0.0,0.0,30.0,24.4,90.0,1.0
2023-10-21 04:00:00,0.0,0.0,0.0,50.0,24.2,89.0,1.4
2023-10-21 05:00:00,0.0,0.0,0.0,60.0,24.1,88.0,1.7
2023-10-21 06:00:00,31.0,15.0,29.0,80.0,23.9,87.0,2.1
2023-10-21 07:00:00,131.0,85.0,110.0,80.0,25.2,83.0,2.9
2023-10-21 08:00:00,325.0,244.0,217.0,70.0,26.5,78.0,3.8
2023-10-21 09:00:00,553.0,616.0,151.0,70.0,27.8,74.0,4.6
2023-10-21 10:00:00,538.0,388.0,254.0,80.0,27.6,76.0,4.3
2023-10-21 11:00:00,282.0,30.0,274.0,90.0,27.4,77.0,3.9
2023-10-21 12:00:00,449.0,106.0,363.0,100.0,27.2,79.0,3.6
2023-10-21 13:00:00,387.0,53.0,346.0,100.0,27.4,77.0,3.4
2023-10-21 14:00:00,280.0,8.0,274.0,100.0,27.6,76.0,3.3
2023-10-21 15:00:00,140.0,8.0,136.0,100.0,27.8,74.0,3.1
2023-10-21 16:00:00,140.0,170.0,92.0,90.0,26.9,78.0,2.9
2023-10-21 17:00:00,37.0,10.0,36.0,90.0,25.9,81.0,2.8
2023-10-21 18:00:00,0.0,0.0,0.0,80.0,25.0,85.0,2.6
2023-10-21 19:00:00,0.0,0.0,0.0,80.0,25.2,85.0,2.4
2023-10-21 20:00:00,0.0,0.0,0.0,90.0,25.4,85.0,2.3
2023-10-21 21:00:00,0.0,0.0,0.0,90.0,25.6,85.0,2.1
2023-10-21 22:00:00,0.0,0.0,0.0,80.0,25.6,86.0,2.4
2023-10-21 23:00:00,0.0,0.0,0.0,80.0,25.6,87.0,2.8
2023-10-22 00:00:00,0.0,0.0,0.0,70.0,25.6,88.0,3.1
2023-10-22 01:00:00,0.0,0.0,0.0,70.0,25.0,89.0,2.8
2023-10-22 02:00:00,0.0,0.0,0.0,70.0,24.5,89.0,2.4
2023-10-22 03:00:00,0.0,0.0,0.0,70.0,23.9,90.0,2.1
2023-10-22 04:00:00,0.0,0.0,0.0,70.0,23.9,90.0,1.7
2023-10-22 05:00:00,0.0,0.0,0.0,80.0,23.9,90.0,1.4
2023-10-22 06:00:00,17.0,15.0,15.0,80.0,23.9,90.0,1.0
2023-10-22 07:00:00,122.0,162.0,82.0,80.0,25.2,86.0,2.0
2023-10-22 08:00:00,227.0,115.0,176.0,80.0,26.5,81.0,3.1
2023-10-22 09:00:00,460.0,422.0,206.0,80.0,27.8,77.0,4.1
2023-10-22 10:00:00,505.0,349.0,251.0,90.0,28.0,77.0,4.8
2023-10-22 11:00:00,483.0,100.0,404.0,90.0,28.1,77.0,5.5
2023-10-22 12:00:00,537.0,263.0,323.0,100.0,28.3,77.0,6.2
2023-10-22 13:00:00,302.0,73.0,252.0,100.0,27.4,79.0,5.5
2023-10-22 14:00:00,310.0,122.0,230.0,100.0,26.5,80.0,4.8
2023-10-22 15:00:00,156.0,2.0,155.0,100.0,25.6,82.0,4.1
2023-10-22 16:00:00,79.0,17.0,74.0,100.0,25.8,83.0,6.3
2023-10-22 17:00:00,20.0,0.0,20.0,100.0,25.9,84.0,8.6
2023-10-22 18:00:00,0.0,0.0,0.0,100.0,26.1,85.0,10.8
2023-10-22 19:00:00,0.0,0.0,0.0,100.0,25.5,87.0,8.2
2023-10-22 20:00:00,0.0,0.0,0.0,90.0,25.0,88.0,5.7
2023-10-22 21:00:00,0.0,0.0,0.0,90.0,24.4,90.0,3.1
2023-10-22 22:00:00,0.0,0.0,0.0,90.0,24.2,91.0,2.9
2023-10-22 23:00:00,0.0,0.0,0.0,90.0,24.1,93.0,2.8
2023-10-23 00:00:00,0.0,0.0,0.0,90.0,23.9,94.0,2.6
2023-10-23 01:00:00,0.0,0.0,0.0,90.0,23.9,93.0,2.1
2023-10-23 02:00:00,0.0,0.0,0.0,80.0,23.9,91.0,1.5
2023-10-23 03:00:00,0.0,0.0,0.0,80.0,23.9,90.0,1.0
2023-10-23 04:00:00,0.0,0.0,0.0,90.0,23.3,91.0,2.2
2023-10-23 05:00:00,0.0,0.0,0.0,90.0,22.8,92.0,3.4
2023-10-23 06:00:00,7.0,0.0,10.0,100.0,22.2,93.0,4.6
2023-10-23 07:00:00,70.0,3.0,69.0,100.0,21.8,89.0,5.5
2023-10-23 08:00:00,148.0,1.0,147.0,100.0,21.5,85.0,6.3
2023-10-23 09:00:00,217.0,1.0,217.0,100.0,21.1,81.0,7.2
2023-10-23 10:00:00,189.0,0.0,230.0,100.0,21.5,77.0,6.5
2023-10-23 11:00:00,228.0,18.0,213.0,100.0,21.8,72.0,5.9
2023-10-23 12:00:00,328.0,14.0,319.0,100.0,22.2,68.0,5.2
2023-10-23 13:00:00,274.0,1.0,273.0,100.0,22.6,65.0,5.2
2023-10-23 14:00:00,346.0,109.0,274.0,100.0,22.9,62.0,5.2
2023-10-23 15:00:00,199.0,40.0,179.0,100.0,23.3,59.0,5.2
2023-10-23 16:00:00,90.0,69.0,70.0,90.0,22.9,62.0,4.2
2023-10-23 17:00:00,32.0,1.0,32.0,80.0,22.6,65.0,3.1
2023-10-23 18:00:00,0.0,0.0,0.0,70.0,22.2,68.0,2.1
2023-10-23 19:00:00,0.0,0.0,0.0,60.0,21.7,71.0,2.9
2023-10-23 20:00:00,0.0,0.0,0.0,50.0,21.1,73.0,3.8
2023-10-23 21:00:00,0.0,0.0,0.0,40.0,20.6,76.0,4.6
2023-10-23 22:00:00,0.0,0.0,0.0,30.0,20.0,77.0,4.1
2023-10-23 23:00:00,0.0,0.0,0.0,10.0,19.5,77.0,3.6
2023-10-24 00:00:00,0.0,0.0,0.0,0.0,18.9,78.0,3.1
2023-10-24 01:00:00,0.0,0.0,0.0,0.0,18.5,79.0,2.6
2023-10-24 02:00:00,0.0,0.0,0.0,0.0,18.2,80.0,2.0
2023-10-24 03:00:00,0.0,0.0,0.0,0.0,17.8,81.0,1.5
2023-10-24 04:00:00,0.0,0.0,0.0,30.0,17.8,80.0,1.7
2023-10-24 05:00:00,0.0,0.0,0.0,50.0,17.8,79.0,1.9
2023-10-24 06:00:00,25.0,20.0,22.0,80.0,17.8,78.0,2.1
2023-10-24 07:00:00,156.0,330.0,79.0,80.0,19.3,74.0,3.1
2023-10-24 08:00:00,360.0,454.0,163.0,90.0,20.7,70.0,4.2
2023-10-24 09:00:00,552.0,600.0,191.0,90.0,22.2,66.0,5.2
2023-10-24 10:00:00,752.0,726.0,190.0,80.0,23.1,61.0,5.5
2023-10-24 11:00:00,765.0,656.0,249.0,60.0,24.1,55.0,5.9
2023-10-24 12:00:00,772.0,769.0,167.0,50.0,25.0,50.0,6.2
2023-10-24 13:00:00,772.0,764.0,163.0,50.0,25.2,49.0,6.0
2023-10-24 14:00:00,573.0,589.0,203.0,40.0,25.4,48.0,5.9
2023-10-24 15:00:00,430.0,640.0,113.0,40.0,25.6,47.0,5.7
2023-10-24 16:00:00,185.0,429.0,69.0,40.0,24.5,50.0,4.8
2023-10-24 17:00:00,35.0,84.0,26.0,30.0,23.3,52.0,4.0
2023-10-24 18:00:00,0.0,0.0,0.0,30.0,22.2,55.0,3.1
2023-10-24 19:00:00,0.0,0.0,0.0,20.0,21.5,58.0,2.8
2023-10-24 20:00:00,0.0,0.0,0.0,10.0,20.7,60.0,2.4
2023-10-24 21:00:00,0.0,0.0,0.0,0.0,20.0,63.0,2.1
2023-10-24 22:00:00,0.0,0.0,0.0,0.0,19.8,63.0,2.1
2023-10-24 23:00:00,0.0,0.0,0.0,0.0,19.6,63.0,2.1
2023-10-25 00:00:00,0.0,0.0,0.0,0.0,19.4,63.0,2.1
2023-10-25 01:00:00,0.0,0.0,0.0,0.0,18.9,68.0,2.4
2023-10-25 02:00:00,0.0,0.0,0.0,0.0,18.3,73.0,2.8
2023-10-25 03:00:00,0.0,0.0,0.0,0.0,17.8,78.0,3.1
2023-10-25 04:00:00,0.0,0.0,0.0,10.0,17.6,78.0,2.8
2023-10-25 05:00:00,0.0,0.0,0.0,10.0,17.4,78.0,2.4
2023-10-25 06:00:00,26.0,78.0,17.0,20.0,17.2,78.0,2.1
2023-10-25 07:00:00,166.0,449.0,62.0,20.0,19.8,72.0,2.6
2023-10-25 08:00:00,324.0,407.0,149.0,20.0,22.4,66.0,3.1
2023-10-25 09:00:00,589.0,767.0,118.0,20.0,25.0,60.0,3.6
2023-10-25 10:00:00,634.0,550.0,237.0,30.0,25.0,58.0,4.6
2023-10-25 11:00:00,672.0,499.0,278.0,50.0,25.0,56.0,5.7
2023-10-25 12:00:00,491.0,198.0,340.0,60.0,25.0,54.0,6.7
2023-10-25 13:00:00,763.0,791.0,184.0,50.0,25.0,53.0,6.2
2023-10-25 14:00:00,442.0,289.0,258.0,50.0,25.0,53.0,5.7
2023-10-25 15:00:00,373.0,527.0,126.0,40.0,25.0,52.0,5.2
2023-10-25 16:00:00,193.0,401.0,70.0,50.0,24.6,54.0,4.7
2023-10-25 17:00:00,32.0,57.0,25.0,70.0,24.3,56.0,4.1
2023-10-25 18:00:00,0.0,0.0,0.0,80.0,23.9,58.0,3.6
2023-10-25 19:00:00,0.0,0.0,0.0,90.0,23.3,61.0,3.4
2023-10-25 20:00:00,0.0,0.0,0.0,90.0,22.8,65.0,3.3
2023-10-25 21:00:00,0.0,0.0,0.0,100.0,22.2,68.0,3.1
2023-10-25 22:00:00,0.0,0.0,0.0,80.0,21.7,71.0,3.1
2023-10-25 23:00:00,0.0,0.0,0.0,50.0,21.1,73.0,3.1
2023-10-26 00:00:00,0.0,0.0,0.0,30.0,20.6,76.0,3.1
2023-10-26 01:00:00,0.0,0.0,0.0,20.0,20.2,78.0,2.4
2023-10-26 02:00:00,0.0,0.0,0.0,10.0,19.8,79.0,1.7
2023-10-26 03:00:00,0.0,0.0,0.0,0.0,19.4,81.0,1.0
2023-10-26 04:00:00,0.0,0.0,0.0,30.0,19.6,80.0,1.9
2023-10-26 05:00:00,0.0,0.0,0.0,60.0,19.8,79.0,2.7
2023-10-26 06:00:00,23.0,11.0,19.0,90.0,20.0,78.0,3.6
2023-10-26 07:00:00,80.0,11.0,76.0,80.0,22.0,72.0,3.8
2023-10-26 08:00:00,317.0,418.0,135.0,70.0,24.1,66.0,3.9
2023-10-26 09:00:00,541.0,623.0,173.0,60.0,26.1,60.0,4.1
2023-10-26 10:00:00,524.0,375.0,255.0,50.0,26.3,59.0,4.6
2023-10-26 11:00:00,551.0,290.0,325.0,50.0,26.5,59.0,5.2
2023-10-26 12:00:00,681.0,574.0,231.0,40.0,26.7,58.0,5.7
2023-10-26 13:00:00,658.0,632.0,198.0,40.0,26.5,57.0,5.5
2023-10-26 14:00:00,446.0,291.0,284.0,30.0,26.3,57.0,5.4
2023-10-26 15:00:00,351.0,406.0,164.0,30.0,26.1,56.0,5.2
2023-10-26 16:00:00,187.0,462.0,65.0,20.0,25.4,58.0,4.7
2023-10-26 17:00:00,35.0,63.0,27.0,20.0,24.6,60.0,4.1
2023-10-26 18:00:00,0.0,0.0,0.0,10.0,23.9,62.0,3.6
2023-10-26 19:00:00,0.0,0.0,0.0,10.0,23.0,64.0,3.9
2023-10-26 20:00:00,0.0,0.0,0.0,0.0,22.0,66.0,4.3
2023-10-26 21:00:00,0.0,0.0,0.0,0.0,21.1,68.0,4.6
2023-10-26 22:00:00,0.0,0.0,0.0,0.0,20.7,71.0,4.4
2023-10-26 23:00:00,0.0,0.0,0.0,0.0,20.4,73.0,4.3
2023-10-27 00:00:00,0.0,0.0,0.0,0.0,20.0,76.0,4.1
2023-10-27 01:00:00,0.0,0.0,0.0,0.0,19.8,78.0,4.5
2023-10-27 02:00:00,0.0,0.0,0.0,0.0,19.6,79.0,4.8
2023-10-27 03:00:00,0.0,0.0,0.0,0.0,19.4,81.0,5.2
2023-10-27 04:00:00,0.0,0.0,0.0,0.0,19.4,81.0,5.2
2023-10-27 05:00:00,0.0,0.0,0.0,0.0,19.4,81.0,5.2
2023-10-27 06:00:00,30.0,70.0,18.0,0.0,19.4,81.0,5.2
2023-10-27 07:00:00,169.0,508.0,49.0,0.0,20.9,75.0,5.5
2023-10-27 08:00:00,388.0,725.0,75.0,0.0,22.4,70.0,5.9
2023-10-27 09:00:00,585.0,821.0,95.0,0.0,23.9,64.0,6.2
2023-10-27 10:00:00,721.0,869.0,108.0,0.0,24.6,58.0,5.9
2023-10-27 11:00:00,793.0,892.0,114.0,0.0,25.4,53.0,5.5
2023-10-27 12:00:00,804.0,894.0,115.0,0.0,26.1,47.0,5.2
2023-10-27 13:00:00,739.0,875.0,110.0,0.0,26.1,47.0,4.3
2023-10-27 14:00:00,604.0,831.0,98.0,0.0,26.1,47.0,3.5
2023-10-27 15:00:00,414.0,745.0,79.0,0.0,26.1,47.0,2.6
2023-10-27 16:00:00,198.0,556.0,53.0,0.0,25.5,53.0,2.6
2023-10-27 17:00:00,40.0,124.0,24.0,0.0,25.0,60.0,2.6
2023-10-27 18:00:00,0.0,0.0,0.0,0.0,24.4,66.0,2.6
2023-10-27 19:00:00,0.0,0.0,0.0,0.0,23.1,68.0,2.6
2023-10-27 20:00:00,0.0,0.0,0.0,0.0,21.9,71.0,2.6
2023-10-27 21:00:00,0.0,0.0,0.0,0.0,20.6,73.0,2.6
2023-10-27 22:00:00,0.0,0.0,0.0,0.0,20.4,77.0,2.4
2023-10-27 23:00:00,0.0,0.0,0.0,10.0,20.2,80.0,2.3
2023-10-28 00:00:00,0.0,0.0,0.0,10.0,20.0,84.0,2.1
2023-10-28 01:00:00,0.0,0.0,0.0,10.0,19.8,83.0,2.8
2023-10-28 02:00:00,0.0,0.0,0.0,0.0,19.6,82.0,3.4
2023-10-28 03:00:00,0.0,0.0,0.0,0.0,19.4,81.0,4.1
2023-10-28 04:00:00,0.0,0.0,0.0,0.0,19.2,79.0,4.1
2023-10-28 05:00:00,0.0,0.0,0.0,0.0,19.1,77.0,4.1
2023-10-28 06:00:00,30.0,121.0,15.0,0.0,18.9,75.0,4.1
2023-10-28 07:00:00,176.0,602.0,37.0,0.0,20.9,72.0,3.6
2023-10-28 08:00:00,392.0,782.0,58.0,10.0,23.0,70.0,3.1
2023-10-28 09:00:00,586.0,867.0,73.0,10.0,25.0,67.0,2.6
2023-10-28 10:00:00,717.0,895.0,85.0,20.0,25.7,61.0,2.8
2023-10-28 11:00:00,711.0,652.0,211.0,30.0,26.5,55.0,2.9
2023-10-28 12:00:00,604.0,495.0,219.0,40.0,27.2,49.0,3.1
2023-10-28 13:00:00,560.0,372.0,288.0,40.0,27.0,51.0,3.3
2023-10-28 14:00:00,481.0,455.0,207.0,30.0,26.9,52.0,3.4
2023-10-28 15:00:00,393.0,683.0,82.0,30.0,26.7,54.0,3.6
2023-10-28 16:00:00,144.0,299.0,66.0,30.0,26.1,58.0,3.1
2023-10-28 17:00:00,42.0,152.0,23.0,30.0,25.6,63.0,2.6
2023-10-28 18:00:00,0.0,0.0,0.0,30.0,25.0,67.0,2.1
2023-10-28 19:00:00,0.0,0.0,0.0,20.0,24.1,71.0,2.1
2023-10-28 20:00:00,0.0,0.0,0.0,10.0,23.1,75.0,2.1
2023-10-28 21:00:00,0.0,0.0,0.0,0.0,22.2,79.0,2.1
2023-10-28 22:00:00,0.0,0.0,0.0,0.0,21.8,82.0,2.4
2023-10-28 23:00:00,0.0,0.0,0.0,10.0,21.5,84.0,2.8
2023-10-29 00:00:00,0.0,0.0,0.0,10.0,21.1,87.0,3.1
2023-10-29 01:00:00,0.0,0.0,0.0,20.0,20.9,88.0,2.8
2023-10-29 02:00:00,0.0,0.0,0.0,30.0,20.8,89.0,2.4
2023-10-29 03:00:00,0.0,0.0,0.0,40.0,20.6,90.0,2.1
2023-10-29 04:00:00,0.0,0.0,0.0,30.0,20.8,88.0,2.8
2023-10-29 05:00:00,0.0,0.0,0.0,30.0,20.9,86.0,3.4
2023-10-29 06:00:00,23.0,32.0,17.0,20.0,21.1,84.0,4.1
2023-10-29 07:00:00,110.0,137.0,80.0,40.0,23.0,77.0,4.8
2023-10-29 08:00:00,259.0,189.0,180.0,60.0,24.8,69.0,5.5
2023-10-29 09:00:00,353.0,88.0,302.0,80.0,26.7,62.0,6.2
2023-10-29 10:00:00,516.0,224.0,359.0,80.0,27.1,60.0,7.2
2023-10-29 11:00:00,478.0,126.0,382.0,80.0,27.4,58.0,8.3
2023-10-29 12:00:00,580.0,298.0,350.0,80.0,27.8,56.0,9.3
2023-10-29 13:00:00,589.0,291.0,380.0,70.0,27.4,55.0,9.6
2023-10-29 14:00:00,577.0,679.0,140.0,60.0,27.1,53.0,10.0
2023-10-29 15:00:00,416.0,621.0,112.0,50.0,26.7,52.0,10.3
2023-10-29 16:00:00,184.0,406.0,70.0,50.0,26.1,54.0,8.8
2023-10-29 17:00:00,25.0,4.0,24.0,50.0,25.6,56.0,7.2
2023-10-29 18:00:00,0.0,0.0,0.0,50.0,25.0,58.0,5.7
2023-10-29 19:00:00,0.0,0.0,0.0,30.0,24.8,59.0,6.0
2023-10-29 20:00:00,0.0,0.0,0.0,20.0,24.6,59.0,6.4
2023-10-29 21:00:00,0.0,0.0,0.0,0.0,24.4,60.0,6.7
2023-10-29 22:00:00,0.0,0.0,0.0,0.0,24.2,64.0,6.7
2023-10-29 23:00:00,0.0,0.0,0.0,10.0,24.1,67.0,6.7
2023-10-30 00:00:00,0.0,0.0,0.0,10.0,23.9,71.0,6.7
2023-10-30 01:00:00,0.0,0.0,0.0,30.0,23.7,75.0,6.7
2023-10-30 02:00:00,0.0,0.0,0.0,60.0,23.5,80.0,6.7
2023-10-30 03:00:00,0.0,0.0,0.0,80.0,23.3,84.0,6.7
2023-10-30 04:00:00,0.0,0.0,0.0,80.0,23.7,82.0,6.5
2023-10-30 05:00:00,0.0,0.0,0.0,90.0,24.0,81.0,6.4
2023-10-30 06:00:00,13.0,5.0,13.0,90.0,24.4,79.0,6.2
2023-10-30 07:00:00,80.0,64.0,66.0,90.0,25.2,77.0,7.2
2023-10-30 08:00:00,278.0,236.0,173.0,90.0,25.9,74.0,8.3
2023-10-30 09:00:00,446.0,320.0,234.0,90.0,26.7,72.0,9.3
2023-10-30 10:00:00,448.0,76.0,399.0,90.0,26.7,72.0,9.3
2023-10-30 11:00:00,251.0,0.0,250.0,100.0,26.7,72.0,9.3
2023-10-30 12:00:00,215.0,0.0,264.0,100.0,26.7,72.0,9.3
2023-10-30 13:00:00,261.0,0.0,266.0,100.0,26.5,73.0,8.3
2023-10-30 14:00:00,235.0,41.0,210.0,100.0,26.3,73.0,7.2
2023-10-30 15:00:00,198.0,7.0,198.0,100.0,26.1,74.0,6.2
2023-10-30 16:00:00,104.0,91.0,82.0,100.0,25.5,78.0,5.5
2023-10-30 17:00:00,22.0,13.0,21.0,100.0,25.0,83.0,4.8
2023-10-30 18:00:00,0.0,0.0,0.0,100.0,24.4,87.0,4.1
2023-10-30 19:00:00,0.0,0.0,0.0,100.0,24.0,88.0,3.2
2023-10-30 20:00:00,0.0,0.0,0.0,100.0,23.7,89.0,2.4
2023-10-30 21:00:00,0.0,0.0,0.0,100.0,23.3,90.0,1.5
2023-10-30 22:00:00,0.0,0.0,0.0,100.0,23.9,88.0,3.1
2023-10-30 23:00:00,0.0,0.0,0.0,100.0,24.4,87.0,4.6
2023-10-31 00:00:00,0.0,0.0,0.0,100.0,25.0,85.0,6.2
2023-10-31 01:00:00,0.0,0.0,0.0,100.0,24.8,85.0,4.6
2023-10-31 02:00:00,0.0,0.0,0.0,100.0,24.6,85.0,3.1
2023-10-31 03:00:00,0.0,0.0,0.0,100.0,24.4,85.0,1.5
2023-10-31 04:00:00,0.0,0.0,0.0,100.0,23.7,86.0,1.7
2023-10-31 05:00:00,0.0,0.0,0.0,100.0,22.9,86.0,1.9
2023-10-31 06:00:00,0.0,0.0,2.0,100.0,22.2,87.0,2.1
2023-10-31 07:00:00,100.0,9.0,98.0,100.0,22.4,88.0,2.1
2023-10-31 08:00:00,131.0,2.0,131.0,100.0,22.6,89.0,2.1
2023-10-31 09:00:00,153.0,1.0,161.0,100.0,22.8,90.0,2.1
2023-10-31 10:00:00,413.0,114.0,334.0,100.0,23.5,88.0,2.3
2023-10-31 11:00:00,176.0,0.0,217.0,100.0,24.3,87.0,2.4
2023-10-31 12:00:00,270.0,18.0,256.0,100.0,25.0,85.0,2.6
2023-10-31 13:00:00,294.0,3.0,292.0,100.0,24.6,86.0,3.6
2023-10-31 14:00:00,232.0,8.0,227.0,100.0,24.3,86.0,4.7
2023-10-31 15:00:00,95.0,0.0,112.0,100.0,23.9,87.0,5.7
2023-10-31 16:00:00,82.0,2.0,81.0,100.0,23.5,88.0,4.5
2023-10-31 17:00:00,21.0,0.0,21.0,100.0,23.2,89.0,3.3
2023-10-31 18:00:00,0.0,0.0,0.0,100.0,23.1,89.0,2.3
2023-10-31 19:00:00,0.0,0.0,0.0,100.0,23.7,85.0,2.5
2023-10-31 20:00:00,0.0,0.0,0.0,100.0,24.1,84.0,2.6
2023-10-31 21:00:00,0.0,0.0,0.0,100.0,24.4,82.0,2.8
2023-10-31 22:00:00,0.0,0.0,0.0,100.0,24.5,83.0,3.1
2023-10-31 23:00:00,0.0,0.0,0.0,100.0,24.6,83.0,3.3
2023-11-01 00:00:00,0.0,0.0,0.0,30.0,25.0,82.0,3.4
2023-11-01 01:00:00,0.0,0.0,0.0,40.0,25.0,81.0,3.3
2023-11-01 02:00:00,0.0,0.0,0.0,50.0,24.9,83.0,3.2
2023-11-01 03:00:00,0.0,0.0,0.0,30.0,24.9,82.0,2.9
2023-11-01 04:00:00,0.0,0.0,0.0,20.0,24.9,82.0,2.8
2023-11-01 05:00:00,0.0,0.0,0.0,20.0,25.0,84.0,3.1
2023-11-01 06:00:00,13.0,4.0,13.0,30.0,24.4,87.0,3.1
2023-11-01 07:00:00,115.0,188.0,76.0,30.0,26.1,82.0,4.6
2023-11-01 08:00:00,331.0,575.0,94.0,50.0,27.8,74.0,6.2
2023-11-01 09:00:00,432.0,338.0,240.0,70.0,28.3,70.0,5.7
2023-11-01 10:00:00,526.0,341.0,289.0,90.0,28.3,70.0,5.2
2023-11-01 11:00:00,617.0,408.0,305.0,90.0,28.3,70.0,6.2
2023-11-01 12:00:00,550.0,161.0,426.0,100.0,27.8,72.0,7.2
2023-11-01 13:00:00,430.0,120.0,347.0,100.0,27.8,72.0,6.7
2023-11-01 14:00:00,327.0,155.0,229.0,100.0,27.8,72.0,6.2
2023-11-01 15:00:00,204.0,15.0,197.0,100.0,27.8,72.0,6.7
2023-11-01 16:00:00,104.0,19.0,101.0,100.0,27.2,74.0,6.2
2023-11-01 17:00:00,18.0,2.0,18.0,100.0,27.2,74.0,5.7
2023-11-01 18:00:00,0.0,0.0,0.0,80.0,27.2,67.0,6.2
2023-11-01 19:00:00,0.0,0.0,0.0,60.0,26.7,72.0,5.7
2023-11-01 20:00:00,0.0,0.0,0.0,100.0,26.7,74.0,5.7
2023-11-01 21:00:00,0.0,0.0,0.0,90.0,26.7,74.0,4.1
2023-11-01 22:00:00,0.0,0.0,0.0,90.0,26.7,74.0,3.6
2023-11-01 23:00:00,0.0,0.0,0.0,90.0,26.7,74.0,4.1
2023-11-02 00:00:00,0.0,0.0,0.0,100.0,26.7,74.0,5.2
2023-11-02 01:00:00,0.0,0.0,0.0,100.0,26.7,77.0,3.6
2023-11-02 02:00:00,0.0,0.0,0.0,100.0,26.7,77.0,2.6
2023-11-02 03:00:00,0.0,0.0,0.0,100.0,26.1,79.0,1.5
2023-11-02 04:00:00,0.0,0.0,0.0,100.0,25.0,85.0,3.6
2023-11-02 05:00:00,0.0,0.0,0.0,100.0,24.4,87.0,2.6
2023-11-02 06:00:00,3.0,0.0,6.0,100.0,25.0,85.0,3.1
2023-11-02 07:00:00,50.0,6.0,49.0,100.0,25.6,82.0,4.6
2023-11-02 08:00:00,154.0,0.0,182.0,100.0,26.7,79.0,5.7
2023-11-02 09:00:00,277.0,12.0,271.0,100.0,27.2,77.0,6.2
2023-11-02 10:00:00,394.0,133.0,304.0,100.0,27.8,74.0,6.2
2023-11-02 11:00:00,276.0,8.0,266.0,100.0,27.2,77.0,5.2
2023-11-02 12:00:00,295.0,85.0,231.0,100.0,27.2,77.0,4.1
2023-11-02 13:00:00,229.0,34.0,206.0,100.0,27.2,77.0,5.2
2023-11-02 14:00:00,240.0,70.0,200.0,100.0,27.2,74.0,5.7
2023-11-02 15:00:00,202.0,69.0,171.0,100.0,27.2,74.0,5.7
2023-11-02 16:00:00,72.0,13.0,68.0,100.0,25.6,74.0,2.6
2023-11-02 17:00:00,25.0,11.0,24.0,90.0,25.6,82.0,2.6
2023-11-02 18:00:00,0.0,0.0,0.0,90.0,25.6,77.0,2.6
2023-11-02 19:00:00,0.0,0.0,0.0,90.0,25.6,79.0,1.5
2023-11-02 20:00:00,0.0,0.0,0.0,30.0,25.6,82.0,3.1
2023-11-02 21:00:00,0.0,0.0,0.0,10.0,25.0,85.0,2.6
2023-11-02 22:00:00,0.0,0.0,0.0,50.0,25.6,82.0,3.1
2023-11-02 23:00:00,0.0,0.0,0.0,50.0,25.0,76.0,2.1
2023-11-03 00:00:00,0.0,0.0,0.0,80.0,24.4,82.0,2.6
2023-11-03 01:00:00,0.0,0.0,0.0,80.0,23.9,85.0,3.1
2023-11-03 02:00:00,0.0,0.0,0.0,80.0,23.9,85.0,1.5
2023-11-03 03:00:00,0.0,0.0,0.0,80.0,23.9,87.0,2.1
2023-11-03 04:00:00,0.0,0.0,0.0,80.0,23.9,87.0,1.5
2023-11-03 05:00:00,0.0,0.0,0.0,80.0,23.9,87.0,1.5
2023-11-03 06:00:00,16.0,10.0,15.0,90.0,23.9,87.0,1.5
2023-11-03 07:00:00,60.0,12.0,58.0,100.0,24.4,90.0,2.6
2023-11-03 08:00:00,248.0,258.0,145.0,80.0,26.7,79.0,3.1
2023-11-03 09:00:00,293.0,25.0,278.0,100.0,27.2,77.0,3.6
2023-11-03 10:00:00,293.0,162.0,169.0,100.0,25.6,79.0,6.2
2023-11-03 11:00:00,337.0,211.0,175.0,90.0,26.7,82.0,2.6
2023-11-03 12:00:00,213.0,19.0,197.0,90.0,26.7,82.0,3.1
2023-11-03 13:00:00,246.0,25.0,231.0,90.0,26.7,79.0,3.6
2023-11-03 14:00:00,223.0,8.0,219.0,100.0,26.7,82.0,4.1
2023-11-03 15:00:00,171.0,50.0,150.0,100.0,25.6,82.0,4.1
2023-11-03 16:00:00,49.0,44.0,37.0,100.0,25.0,82.0,3.1
2023-11-03 17:00:00,22.0,8.0,21.0,90.0,24.4,82.0,2.6
2023-11-03 18:00:00,0.0,0.0,0.0,80.0,24.4,82.0,2.1
2023-11-03 19:00:00,0.0,0.0,0.0,70.0,24.4,82.0,2.1
2023-11-03 20:00:00,0.0,0.0,0.0,90.0,24.4,82.0,3.6
2023-11-03 21:00:00,0.0,0.0,0.0,100.0,24.4,82.0,7.2
2023-11-03 22:00:00,0.0,0.0,0.0,100.0,23.9,79.0,3.6
2023-11-03 23:00:00,0.0,0.0,0.0,100.0,23.3,84.0,3.6
2023-11-04 00:00:00,0.0,0.0,0.0,100.0,23.3,84.0,4.1
2023-11-04 01:00:00,0.0,0.0,0.0,100.0,22.2,90.0,2.1
2023-11-04 02:00:00,0.0,0.0,0.0,60.0,22.2,90.0,2.6
2023-11-04 03:00:00,0.0,0.0,0.0,30.0,22.2,90.0,1.5
2023-11-04 04:00:00,0.0,0.0,0.0,20.0,21.7,90.0,2.1
2023-11-04 05:00:00,0.0,0.0,0.0,80.0,21.7,90.0,2.1
2023-11-04 06:00:00,5.0,2.0,5.0,80.0,22.2,93.0,3.1
2023-11-04 07:00:00,115.0,222.0,69.0,30.0,22.8,90.0,3.6
2023-11-04 08:00:00,308.0,464.0,123.0,30.0,23.9,85.0,5.2
2023-11-04 09:00:00,236.0,80.0,191.0,80.0,25.6,79.0,5.2
2023-11-04 10:00:00,588.0,529.0,210.0,80.0,26.7,72.0,5.2
2023-11-04 11:00:00,242.0,0.0,273.0,100.0,26.7,72.0,4.6
2023-11-04 12:00:00,324.0,24.0,305.0,100.0,26.7,74.0,3.6
2023-11-04 13:00:00,202.0,0.0,202.0,100.0,26.7,74.0,6.7
2023-11-04 14:00:00,112.0,10.0,106.0,100.0,26.7,72.0,6.2
2023-11-04 15:00:00,86.0,1.0,85.0,100.0,25.0,79.0,6.7
2023-11-04 16:00:00,95.0,26.0,89.0,100.0,25.0,76.0,4.6
2023-11-04 17:00:00,17.0,0.0,20.0,100.0,25.0,74.0,5.2
2023-11-04 18:00:00,0.0,0.0,0.0,100.0,25.0,74.0,5.2
2023-11-04 19:00:00,0.0,0.0,0.0,100.0,23.9,82.0,6.7
2023-11-04 20:00:00,0.0,0.0,0.0,100.0,23.3,79.0,3.1
2023-11-04 21:00:00,0.0,0.0,0.0,100.0,23.3,82.0,2.6
2023-11-04 22:00:00,0.0,0.0,0.0,100.0,23.3,84.0,3.1
2023-11-04 23:00:00,0.0,0.0,0.0,100.0,22.8,84.0,2.6
2023-11-05 00:00:00,0.0,0.0,0.0,100.0,22.2,90.0,3.6
2023-11-05 01:00:00,0.0,0.0,0.0,100.0,22.2,87.0,3.1
2023-11-05 02:00:00,0.0,0.0,0.0,100.0,22.2,87.0,3.1
2023-11-05 03:00:00,0.0,0.0,0.0,100.0,21.7,90.0,2.6
2023-11-05 04:00:00,0.0,0.0,0.0,100.0,21.7,90.0,3.1
2023-11-05 05:00:00,0.0,0.0,0.0,100.0,21.7,90.0,2.6
2023-11-05 06:00:00,8.0,1.0,8.0,100.0,22.2,87.0,2.6
2023-11-05 07:00:00,100.0,91.0,82.0,90.0,22.8,90.0,2.6
2023-11-05 08:00:00,214.0,119.0,166.0,100.0,24.4,85.0,4.1
2023-11-05 09:00:00,500.0,711.0,104.0,30.0,26.7,67.0,5.2
2023-11-05 10:00:00,370.0,116.0,291.0,100.0,27.8,63.0,5.2
2023-11-05 11:00:00,699.0,645.0,217.0,80.0,27.8,65.0,5.2
2023-11-05 12:00:00,719.0,701.0,185.0,80.0,27.8,67.0,6.2
2023-11-05 13:00:00,329.0,80.0,275.0,90.0,26.7,65.0,5.7
2023-11-05 14:00:00,324.0,70.0,283.0,100.0,26.7,69.0,5.2
2023-11-05 15:00:00,312.0,414.0,136.0,80.0,26.7,67.0,4.6
2023-11-05 16:00:00,102.0,50.0,90.0,100.0,25.0,76.0,5.7
2023-11-05 17:00:00,17.0,0.0,17.0,100.0,25.0,79.0,6.2
2023-11-05 18:00:00,0.0,0.0,0.0,100.0,25.0,76.0,6.2
2023-11-05 19:00:00,0.0,0.0,0.0,100.0,25.0,76.0,8.8
2023-11-05 20:00:00,0.0,0.0,0.0,100.0,25.0,76.0,6.2
2023-11-05 21:00:00,0.0,0.0,0.0,90.0,25.0,74.0,6.2
2023-11-05 22:00:00,0.0,0.0,0.0,90.0,25.0,74.0,6.2
2023-11-05 23:00:00,0.0,0.0,0.0,50.0,25.0,71.0,5.7
2023-11-06 00:00:00,0.0,0.0,0.0,80.0,25.0,69.0,6.7
2023-11-06 01:00:00,0.0,0.0,0.0,80.0,25.0,71.0,4.1
2023-11-06 02:00:00,0.0,0.0,0.0,90.0,24.4,74.0,5.2
2023-11-06 03:00:00,0.0,0.0,0.0,90.0,24.4,76.0,4.1
2023-11-06 04:00:00,0.0,0.0,0.0,90.0,24.4,79.0,4.1
2023-11-06 05:00:00,0.0,0.0,0.0,90.0,25.0,71.0,5.2
2023-11-06 06:00:00,13.0,7.0,12.0,90.0,24.4,71.0,4.1
2023-11-06 07:00:00,113.0,198.0,67.0,90.0,25.0,76.0,6.2
2023-11-06 08:00:00,227.0,53.0,206.0,100.0,25.6,77.0,6.7
2023-11-06 09:00:00,420.0,325.0,237.0,70.0,27.2,67.0,8.8
2023-11-06 10:00:00,470.0,317.0,254.0,30.0,26.7,69.0,7.7
2023-11-06 11:00:00,474.0,106.0,399.0,80.0,27.8,67.0,8.2
2023-11-06 12:00:00,551.0,329.0,303.0,100.0,26.7,69.0,8.8
2023-11-06 13:00:00,403.0,132.0,311.0,100.0,27.2,67.0,8.2
2023-11-06 14:00:00,374.0,156.0,246.0,100.0,27.2,65.0,9.3
2023-11-06 15:00:00,284.0,311.0,153.0,80.0,26.7,67.0,7.7
2023-11-06 16:00:00,134.0,193.0,89.0,80.0,26.1,69.0,8.8
2023-11-06 17:00:00,31.0,15.0,29.0,80.0,26.1,72.0,7.2
2023-11-06 18:00:00,0.0,0.0,0.0,80.0,25.6,71.0,5.7
2023-11-06 19:00:00,0.0,0.0,0.0,80.0,25.6,74.0,5.2
2023-11-06 20:00:00,0.0,0.0,0.0,80.0,25.0,76.0,4.1
2023-11-06 21:00:00,0.0,0.0,0.0,80.0,24.4,79.0,6.2
2023-11-06 22:00:00,0.0,0.0,0.0,80.0,23.9,85.0,3.1
2023-11-06 23:00:00,0.0,0.0,0.0,50.0,25.0,79.0,5.2
2023-11-07 00:00:00,0.0,0.0,0.0,60.0,24.4,79.0,4.1
2023-11-07 01:00:00,0.0,0.0,0.0,60.0,24.4,82.0,4.1
2023-11-07 02:00:00,0.0,0.0,0.0,60.0,24.4,82.0,3.6
2023-11-07 03:00:00,0.0,0.0,0.0,40.0,23.3,84.0,3.1
2023-11-07 04:00:00,0.0,0.0,0.0,10.0,22.2,87.0,3.1
2023-11-07 05:00:00,0.0,0.0,0.0,10.0,21.7,90.0,3.1
2023-11-07 06:00:00,22.0,73.0,14.0,20.0,21.7,87.0,3.1
2023-11-07 07:00:00,145.0,467.0,44.0,10.0,22.8,84.0,5.2
2023-11-07 08:00:00,348.0,704.0,66.0,10.0,24.4,82.0,4.1
2023-11-07 09:00:00,411.0,453.0,163.0,20.0,26.7,72.0,4.6
2023-11-07 10:00:00,623.0,674.0,169.0,30.0,27.2,63.0,5.7
2023-11-07 11:00:00,671.0,618.0,217.0,30.0,27.8,63.0,4.1
2023-11-07 12:00:00,621.0,554.0,214.0,30.0,27.8,63.0,6.2
2023-11-07 13:00:00,639.0,679.0,174.0,20.0,28.3,61.0,4.6
2023-11-07 14:00:00,580.0,822.0,87.0,10.0,28.3,63.0,5.7
2023-11-07 15:00:00,376.0,730.0,71.0,0.0,27.8,61.0,5.7
2023-11-07 16:00:00,175.0,527.0,48.0,0.0,27.2,63.0,5.7
2023-11-07 17:00:00,24.0,29.0,21.0,40.0,26.1,69.0,6.2
2023-11-07 18:00:00,0.0,0.0,0.0,40.0,25.6,69.0,4.1
2023-11-07 19:00:00,0.0,0.0,0.0,70.0,25.0,76.0,3.6
2023-11-07 20:00:00,0.0,0.0,0.0,40.0,23.9,79.0,4.6
2023-11-07 21:00:00,0.0,0.0,0.0,0.0,23.3,79.0,4.6
2023-11-07 22:00:00,0.0,0.0,0.0,0.0,22.8,82.0,3.6
2023-11-07 23:00:00,0.0,0.0,0.0,0.0,22.2,84.0,3.6
2023-11-08 00:00:00,0.0,0.0,0.0,0.0,21.1,87.0,4.1
2023-11-08 01:00:00,0.0,0.0,0.0,0.0,21.1,87.0,3.6
2023-11-08 02:00:00,0.0,0.0,0.0,10.0,20.6,87.0,3.1
2023-11-08 03:00:00,0.0,0.0,0.0,80.0,20.6,90.0,4.1
2023-11-08 04:00:00,0.0,0.0,0.0,10.0,20.6,90.0,2.6
2023-11-08 05:00:00,0.0,0.0,0.0,0.0,20.6,90.0,5.2
2023-11-08 06:00:00,9.0,2.0,9.0,20.0,21.1,87.0,4.1
2023-11-08 07:00:00,99.0,174.0,65.0,30.0,21.7,87.0,5.2
2023-11-08 08:00:00,316.0,616.0,70.0,40.0,22.8,82.0,5.2
2023-11-08 09:00:00,517.0,672.0,134.0,60.0,25.0,71.0,6.7
2023-11-08 10:00:00,604.0,625.0,184.0,70.0,26.1,69.0,6.2
2023-11-08 11:00:00,559.0,282.0,352.0,50.0,27.2,58.0,8.2
2023-11-08 12:00:00,706.0,707.0,185.0,50.0,27.2,60.0,8.2
2023-11-08 13:00:00,352.0,110.0,277.0,80.0,27.2,58.0,7.2
2023-11-08 14:00:00,225.0,59.0,191.0,90.0,25.6,67.0,8.2
2023-11-08 15:00:00,259.0,266.0,147.0,70.0,26.1,65.0,8.8
2023-11-08 16:00:00,123.0,215.0,74.0,40.0,26.1,60.0,6.2
2023-11-08 17:00:00,15.0,5.0,15.0,50.0,25.6,62.0,6.7
2023-11-08 18:00:00,0.0,0.0,0.0,50.0,25.0,64.0,4.6
2023-11-08 19:00:00,0.0,0.0,0.0,50.0,22.8,82.0,4.6
2023-11-08 20:00:00,0.0,0.0,0.0,80.0,23.9,74.0,8.8
2023-11-08 21:00:00,0.0,0.0,0.0,80.0,23.3,79.0,5.7
2023-11-08 22:00:00,0.0,0.0,0.0,100.0,23.9,74.0,8.2
2023-11-08 23:00:00,0.0,0.0,0.0,100.0,24.4,66.0,6.7
2023-11-09 00:00:00,0.0,0.0,0.0,90.0,24.4,69.0,6.2
2023-11-09 01:00:00,0.0,0.0,0.0,90.0,24.4,69.0,5.7
2023-11-09 02:00:00,0.0,0.0,0.0,100.0,23.9,71.0,5.2
2023-11-09 03:00:00,0.0,0.0,0.0,100.0,23.9,74.0,6.7
2023-11-09 04:00:00,0.0,0.0,0.0,60.0,23.3,76.0,6.7
2023-11-09 05:00:00,0.0,0.0,0.0,20.0,23.3,74.0,7.7
2023-11-09 06:00:00,17.0,37.0,13.0,40.0,23.3,74.0,6.7
2023-11-09 07:00:00,70.0,33.0,65.0,80.0,23.9,71.0,7.7
2023-11-09 08:00:00,312.0,578.0,89.0,20.0,23.9,69.0,8.8
2023-11-09 09:00:00,524.0,780.0,93.0,20.0,24.4,66.0,8.8
2023-11-09 10:00:00,667.0,820.0,111.0,30.0,25.6,64.0,7.7
2023-11-09 11:00:00,641.0,447.0,312.0,60.0,25.6,64.0,7.7
2023-11-09 12:00:00,509.0,396.0,219.0,80.0,26.1,60.0,8.8
2023-11-09 13:00:00,629.0,651.0,188.0,70.0,26.1,62.0,8.8
2023-11-09 14:00:00,281.0,87.0,234.0,100.0,25.6,64.0,7.7
2023-11-09 15:00:00,157.0,19.0,150.0,100.0,25.0,62.0,7.2
2023-11-09 16:00:00,93.0,4.0,92.0,100.0,25.0,60.0,6.7
2023-11-09 17:00:00,11.0,1.0,10.0,100.0,25.0,60.0,5.7
2023-11-09 18:00:00,0.0,0.0,0.0,100.0,25.0,60.0,4.1
2023-11-09 19:00:00,0.0,0.0,0.0,100.0,22.8,82.0,6.7
2023-11-09 20:00:00,0.0,0.0,0.0,90.0,22.8,82.0,4.1
2023-11-09 21:00:00,0.0,0.0,0.0,90.0,23.3,79.0,4.1
2023-11-09 22:00:00,0.0,0.0,0.0,90.0,23.9,74.0,3.6
2023-11-09 23:00:00,0.0,0.0,0.0,90.0,23.9,69.0,3.6
2023-11-10 00:00:00,0.0,0.0,0.0,100.0,23.9,71.0,3.1
2023-11-10 01:00:00,0.0,0.0,0.0,100.0,22.2,84.0,3.1
2023-11-10 02:00:00,0.0,0.0,0.0,100.0,21.7,87.0,3.6
2023-11-10 03:00:00,0.0,0.0,0.0,100.0,21.1,87.0,4.1
2023-11-10 04:00:00,0.0,0.0,0.0,100.0,21.1,87.0,3.1
2023-11-10 05:00:00,0.0,0.0,0.0,100.0,21.1,87.0,2.6
2023-11-10 06:00:00,14.0,8.0,13.0,90.0,21.1,87.0,3.1
2023-11-10 07:00:00,99.0,189.0,64.0,50.0,21.1,87.0,3.1
2023-11-10 08:00:00,335.0,755.0,47.0,30.0,22.8,82.0,2.6
2023-11-10 09:00:00,457.0,508.0,182.0,60.0,24.4,71.0,4.1
2023-11-10 10:00:00,335.0,95.0,272.0,90.0,23.3,74.0,8.2
2023-11-10 11:00:00,467.0,163.0,345.0,90.0,22.8,76.0,8.2
2023-11-10 12:00:00,708.0,799.0,128.0,50.0,23.3,69.0,8.8
2023-11-10 13:00:00,700.0,907.0,57.0,30.0,22.8,66.0,9.8
2023-11-10 14:00:00,561.0,884.0,61.0,0.0,22.8,62.0,7.7
2023-11-10 15:00:00,384.0,807.0,48.0,0.0,22.8,59.0,7.7
2023-11-10 16:00:00,178.0,565.0,53.0,40.0,22.8,55.0,6.7
2023-11-10 17:00:00,36.0,144.0,19.0,40.0,21.7,61.0,4.1
2023-11-10 18:00:00,0.0,0.0,0.0,0.0,20.6,66.0,4.6
2023-11-10 19:00:00,0.0,0.0,0.0,10.0,20.0,68.0,4.1
2023-11-10 20:00:00,0.0,0.0,0.0,0.0,18.9,73.0,4.1
2023-11-10 21:00:00,0.0,0.0,0.0,0.0,17.8,73.0,4.6
2023-11-10 22:00:00,0.0,0.0,0.0,0.0,16.7,78.0,5.2
2023-11-10 23:00:00,0.0,0.0,0.0,0.0,16.1,75.0,6.2
2023-11-11 00:00:00,0.0,0.0,0.0,0.0,15.6,75.0,6.2
2023-11-11 01:00:00,0.0,0.0,0.0,0.0,15.6,75.0,7.2
2023-11-11 02:00:00,0.0,0.0,0.0,0.0,15.6,75.0,6.2
2023-11-11 03:00:00,0.0,0.0,0.0,0.0,15.6,78.0,5.7
2023-11-11 04:00:00,0.0,0.0,0.0,0.0,15.0,84.0,4.6
2023-11-11 05:00:00,0.0,0.0,0.0,0.0,15.0,84.0,5.2
2023-11-11 06:00:00,19.0,26.0,15.0,60.0,15.0,81.0,5.2
2023-11-11 07:00:00,127.0,374.0,46.0,40.0,15.6,75.0,5.2
2023-11-11 08:00:00,337.0,681.0,71.0,20.0,17.8,68.0,5.2
2023-11-11 09:00:00,526.0,799.0,95.0,10.0,20.6,61.0,5.7
2023-11-11 10:00:00,658.0,834.0,108.0,10.0,22.2,59.0,6.2
2023-11-11 11:00:00,739.0,878.0,107.0,20.0,23.9,54.0,5.7
2023-11-11 12:00:00,623.0,548.0,227.0,30.0,24.4,50.0,6.7
2023-11-11 13:00:00,582.0,595.0,182.0,50.0,25.0,48.0,7.7
2023-11-11 14:00:00,526.0,671.0,150.0,30.0,25.0,43.0,7.7
2023-11-11 15:00:00,295.0,491.0,94.0,40.0,25.0,42.0,4.6
2023-11-11 16:00:00,136.0,335.0,62.0,40.0,23.9,52.0,6.2
2023-11-11 17:00:00,29.0,96.0,18.0,50.0,22.8,50.0,4.1
2023-11-11 18:00:00,0.0,0.0,0.0,40.0,20.6,57.0,3.1
2023-11-11 19:00:00,0.0,0.0,0.0,30.0,20.0,61.0,3.1
2023-11-11 20:00:00,0.0,0.0,0.0,20.0,20.0,66.0,6.7
2023-11-11 21:00:00,0.0,0.0,0.0,0.0,19.4,68.0,5.2
2023-11-11 22:00:00,0.0,0.0,0.0,10.0,17.8,75.0,4.6
2023-11-11 23:00:00,0.0,0.0,0.0,20.0,17.8,75.0,4.1
2023-11-12 00:00:00,0.0,0.0,0.0,0.0,17.2,78.0,4.1
2023-11-12 01:00:00,0.0,0.0,0.0,0.0,16.7,81.0,4.1
2023-11-12 02:00:00,0.0,0.0,0.0,0.0,16.7,78.0,4.6
2023-11-12 03:00:00,0.0,0.0,0.0,20.0,16.1,81.0,3.6
2023-11-12 04:00:00,0.0,0.0,0.0,40.0,15.6,84.0,3.6
2023-11-12 05:00:00,0.0,0.0,0.0,40.0,16.1,78.0,3.6
2023-11-12 06:00:00,14.0,23.0,11.0,50.0,15.6,81.0,4.1
2023-11-12 07:00:00,118.0,387.0,42.0,30.0,16.7,75.0,5.2
2023-11-12 08:00:00,280.0,449.0,112.0,40.0,18.9,65.0,4.1
2023-11-12 09:00:00,467.0,561.0,167.0,20.0,21.7,57.0,3.1
2023-11-12 10:00:00,545.0,468.0,238.0,40.0,23.3,48.0,4.1
2023-11-12 11:00:00,755.0,870.0,122.0,30.0,24.4,45.0,6.7
2023-11-12 12:00:00,762.0,882.0,111.0,10.0,24.4,42.0,6.2
2023-11-12 13:00:00,697.0,862.0,110.0,10.0,25.0,42.0,4.6
2023-11-12 14:00:00,556.0,794.0,95.0,20.0,25.0,40.0,6.7
2023-11-12 15:00:00,376.0,711.0,79.0,20.0,24.4,43.0,5.2
2023-11-12 16:00:00,151.0,421.0,60.0,20.0,23.9,43.0,4.6
2023-11-12 17:00:00,30.0,119.0,16.0,10.0,22.8,46.0,4.6
2023-11-12 18:00:00,0.0,0.0,0.0,0.0,20.6,55.0,3.1
2023-11-12 19:00:00,0.0,0.0,0.0,10.0,20.0,59.0,2.6
2023-11-12 20:00:00,0.0,0.0,0.0,0.0,18.9,65.0,3.1
2023-11-12 21:00:00,0.0,0.0,0.0,20.0,18.3,68.0,3.6
2023-11-12 22:00:00,0.0,0.0,0.0,20.0,18.3,68.0,3.1
2023-11-12 23:00:00,0.0,0.0,0.0,60.0,18.3,68.0,3.6
2023-11-13 00:00:00,0.0,0.0,0.0,60.0,18.3,68.0,4.1
2023-11-13 01:00:00,0.0,0.0,0.0,60.0,17.8,73.0,3.6
2023-11-13 02:00:00,0.0,0.0,0.0,70.0,16.7,81.0,3.6
2023-11-13 03:00:00,0.0,0.0,0.0,40.0,16.7,81.0,3.6
2023-11-13 04:00:00,0.0,0.0,0.0,50.0,16.7,81.0,3.6
2023-11-13 05:00:00,0.0,0.0,0.0,40.0,16.1,84.0,3.6
2023-11-13 06:00:00,6.0,0.0,6.0,90.0,16.1,84.0,4.6
2023-11-13 07:00:00,74.0,44.0,66.0,90.0,17.2,78.0,4.6
2023-11-13 08:00:00,184.0,75.0,158.0,100.0,19.4,68.0,4.6
2023-11-13 09:00:00,424.0,333.0,246.0,30.0,22.2,59.0,4.6
2023-11-13 10:00:00,502.0,400.0,240.0,80.0,23.9,56.0,4.1
2023-11-13 11:00:00,526.0,411.0,232.0,80.0,25.0,50.0,4.6
2023-11-13 12:00:00,590.0,436.0,280.0,70.0,25.0,48.0,4.1
2023-11-13 13:00:00,325.0,129.0,239.0,90.0,25.0,48.0,4.1
2023-11-13 14:00:00,377.0,340.0,150.0,90.0,25.0,48.0,4.1
2023-11-13 15:00:00,195.0,110.0,148.0,90.0,24.4,50.0,5.7
2023-11-13 16:00:00,113.0,154.0,79.0,90.0,24.4,48.0,5.2
2023-11-13 17:00:00,12.0,7.0,11.0,70.0,23.3,52.0,4.1
2023-11-13 18:00:00,0.0,0.0,0.0,60.0,21.7,59.0,3.6
2023-11-13 19:00:00,0.0,0.0,0.0,70.0,21.1,64.0,3.1
2023-11-13 20:00:00,0.0,0.0,0.0,80.0,20.0,68.0,3.6
2023-11-13 21:00:00,0.0,0.0,0.0,50.0,20.0,68.0,3.6
2023-11-13 22:00:00,0.0,0.0,0.0,70.0,20.0,71.0,3.6
2023-11-13 23:00:00,0.0,0.0,0.0,80.0,19.4,73.0,3.1
2023-11-14 00:00:00,0.0,0.0,0.0,50.0,19.4,76.0,3.6
2023-11-14 01:00:00,0.0,0.0,0.0,80.0,19.4,76.0,3.6
2023-11-14 02:00:00,0.0,0.0,0.0,90.0,19.4,76.0,3.1
2023-11-14 03:00:00,0.0,0.0,0.0,70.0,19.4,76.0,3.1
2023-11-14 04:00:00,0.0,0.0,0.0,80.0,19.4,76.0,3.1
2023-11-14 05:00:00,0.0,0.0,0.0,100.0,19.4,78.0,3.6
2023-11-14 06:00:00,4.0,4.0,4.0,90.0,20.0,76.0,3.6
2023-11-14 07:00:00,52.0,28.0,48.0,90.0,20.0,76.0,3.6
2023-11-14 08:00:00,106.0,24.0,99.0,90.0,22.8,69.0,6.7
2023-11-14 09:00:00,326.0,162.0,241.0,80.0,24.4,64.0,8.8
2023-11-14 10:00:00,487.0,346.0,262.0,80.0,25.0,56.0,8.2
2023-11-14 11:00:00,575.0,393.0,299.0,80.0,26.7,49.0,10.3
2023-11-14 12:00:00,552.0,426.0,244.0,80.0,26.1,54.0,8.8
2023-11-14 13:00:00,538.0,508.0,203.0,80.0,25.6,56.0,8.2
2023-11-14 14:00:00,484.0,513.0,198.0,80.0,26.1,54.0,9.8
2023-11-14 15:00:00,303.0,411.0,137.0,70.0,25.6,54.0,7.7
2023-11-14 16:00:00,103.0,184.0,64.0,90.0,25.0,56.0,8.8
2023-11-14 17:00:00,21.0,11.0,19.0,100.0,24.4,60.0,7.2
2023-11-14 18:00:00,0.0,0.0,0.0,90.0,23.9,62.0,7.2
2023-11-14 19:00:00,0.0,0.0,0.0,80.0,23.9,60.0,5.7
2023-11-14 20:00:00,0.0,0.0,0.0,90.0,23.9,60.0,8.2
2023-11-14 21:00:00,0.0,0.0,0.0,100.0,23.9,60.0,7.7
2023-11-14 22:00:00,0.0,0.0,0.0,90.0,23.9,56.0,8.2
2023-11-14 23:00:00,0.0,0.0,0.0,100.0,23.9,60.0,8.2
2023-11-15 00:00:00,0.0,0.0,0.0,90.0,23.9,56.0,6.7
2023-11-15 01:00:00,0.0,0.0,0.0,90.0,23.9,60.0,6.7
2023-11-15 02:00:00,0.0,0.0,0.0,90.0,23.9,58.0,6.2
2023-11-15 03:00:00,0.0,0.0,0.0,100.0,23.9,60.0,7.2
2023-11-15 04:00:00,0.0,0.0,0.0,90.0,23.9,60.0,5.7
2023-11-15 05:00:00,0.0,0.0,0.0,90.0,23.9,60.0,4.6
2023-11-15 06:00:00,11.0,4.0,9.0,100.0,23.9,62.0,4.1
2023-11-15 07:00:00,55.0,28.0,51.0,100.0,23.9,64.0,6.7
2023-11-15 08:00:00,160.0,110.0,118.0,100.0,24.4,62.0,8.2
2023-11-15 09:00:00,286.0,129.0,219.0,100.0,25.0,60.0,8.2
2023-11-15 10:00:00,347.0,100.0,283.0,100.0,25.6,58.0,7.7
2023-11-15 11:00:00,242.0,0.0,252.0,100.0,25.6,60.0,7.7
2023-11-15 12:00:00,381.0,136.0,284.0,100.0,25.6,60.0,8.8
2023-11-15 13:00:00,313.0,0.0,312.0,100.0,25.6,58.0,8.8
2023-11-15 14:00:00,235.0,11.0,228.0,100.0,25.6,62.0,8.2
2023-11-15 15:00:00,174.0,12.0,169.0,100.0,25.0,62.0,7.7
2023-11-15 16:00:00,40.0,0.0,39.0,100.0,25.0,64.0,6.2
2023-11-15 17:00:00,8.0,0.0,8.0,100.0,25.0,67.0,6.7
2023-11-15 18:00:00,0.0,0.0,0.0,100.0,25.0,64.0,9.3
2023-11-15 19:00:00,0.0,0.0,0.0,100.0,25.0,64.0,7.7
2023-11-15 20:00:00,0.0,0.0,0.0,100.0,25.0,67.0,8.2
2023-11-15 21:00:00,0.0,0.0,0.0,80.0,25.0,64.0,7.7
2023-11-15 22:00:00,0.0,0.0,0.0,80.0,25.0,64.0,8.2
2023-11-15 23:00:00,0.0,0.0,0.0,90.0,25.0,64.0,6.2
2023-11-16 00:00:00,0.0,0.0,0.0,90.0,25.0,64.0,7.7
2023-11-16 01:00:00,0.0,0.0,0.0,100.0,25.0,69.0,7.2
2023-11-16 02:00:00,0.0,0.0,0.0,100.0,25.0,67.0,6.7
2023-11-16 03:00:00,0.0,0.0,0.0,100.0,25.0,67.0,7.2
2023-11-16 04:00:00,0.0,0.0,0.0,100.0,25.0,64.0,8.2
2023-11-16 05:00:00,0.0,0.0,0.0,100.0,25.0,62.0,8.8
2023-11-16 06:00:00,9.0,4.0,6.0,100.0,25.6,60.0,6.7
2023-11-16 07:00:00,53.0,24.0,49.0,100.0,25.6,62.0,6.2
2023-11-16 08:00:00,145.0,18.0,139.0,100.0,25.6,67.0,7.7
2023-11-16 09:00:00,209.0,47.0,182.0,100.0,25.6,67.0,8.8
2023-11-16 10:00:00,381.0,144.0,285.0,100.0,25.6,64.0,9.3
2023-11-16 11:00:00,453.0,262.0,269.0,100.0,26.7,60.0,8.8
2023-11-16 12:00:00,326.0,46.0,295.0,100.0,26.7,58.0,10.3
2023-11-16 13:00:00,261.0,0.0,264.0,100.0,26.7,52.0,8.2
2023-11-16 14:00:00,216.0,28.0,197.0,100.0,26.7,51.0,8.8
2023-11-16 15:00:00,203.0,138.0,148.0,100.0,26.1,54.0,8.2
2023-11-16 16:00:00,68.0,6.0,67.0,100.0,25.6,56.0,9.3
2023-11-16 17:00:00,22.0,1.0,22.0,90.0,25.0,56.0,7.2
2023-11-16 18:00:00,0.0,0.0,0.0,80.0,24.4,58.0,6.7
2023-11-16 19:00:00,0.0,0.0,0.0,70.0,24.4,58.0,6.7
2023-11-16 20:00:00,0.0,0.0,0.0,40.0,23.9,58.0,4.6
2023-11-16 21:00:00,0.0,0.0,0.0,40.0,24.4,58.0,6.2
2023-11-16 22:00:00,0.0,0.0,0.0,50.0,23.9,66.0,7.7
2023-11-16 23:00:00,0.0,0.0,0.0,40.0,23.9,62.0,7.2
2023-11-17 00:00:00,0.0,0.0,0.0,20.0,23.9,58.0,7.2
2023-11-17 01:00:00,0.0,0.0,0.0,60.0,23.9,56.0,7.7
2023-11-17 02:00:00,0.0,0.0,0.0,40.0,23.9,56.0,6.7
2023-11-17 03:00:00,0.0,0.0,0.0,50.0,23.9,58.0,7.7
2023-11-17 04:00:00,0.0,0.0,0.0,60.0,23.9,60.0,5.7
2023-11-17 05:00:00,0.0,0.0,0.0,50.0,23.9,60.0,7.7
2023-11-17 06:00:00,9.0,17.0,5.0,30.0,23.9,60.0,6.7
2023-11-17 07:00:00,103.0,374.0,41.0,20.0,24.4,58.0,9.3
2023-11-17 08:00:00,314.0,667.0,66.0,20.0,24.4,58.0,7.7
2023-11-17 09:00:00,409.0,472.0,163.0,30.0,25.6,54.0,9.3
2023-11-17 10:00:00,558.0,606.0,171.0,40.0,26.7,51.0,10.8
2023-11-17 11:00:00,743.0,859.0,111.0,30.0,27.2,51.0,8.2
2023-11-17 12:00:00,756.0,862.0,106.0,30.0,27.2,51.0,8.8
2023-11-17 13:00:00,567.0,554.0,203.0,30.0,26.7,54.0,8.2
2023-11-17 14:00:00,531.0,794.0,95.0,20.0,26.7,52.0,8.8
2023-11-17 15:00:00,265.0,283.0,154.0,40.0,26.1,56.0,7.2
2023-11-17 16:00:00,119.0,271.0,74.0,10.0,25.6,56.0,7.7
2023-11-17 17:00:00,24.0,49.0,18.0,40.0,25.0,56.0,7.7
2023-11-17 18:00:00,0.0,0.0,0.0,30.0,25.0,56.0,5.2
2023-11-17 19:00:00,0.0,0.0,0.0,70.0,25.0,58.0,6.2
2023-11-17 20:00:00,0.0,0.0,0.0,60.0,25.0,64.0,7.7
2023-11-17 21:00:00,0.0,0.0,0.0,70.0,24.4,66.0,7.2
2023-11-17 22:00:00,0.0,0.0,0.0,40.0,23.9,69.0,7.2
2023-11-17 23:00:00,0.0,0.0,0.0,80.0,23.9,69.0,7.7
2023-11-18 00:00:00,0.0,0.0,0.0,60.0,23.9,66.0,6.2
2023-11-18 01:00:00,0.0,0.0,0.0,60.0,23.9,66.0,6.2
2023-11-18 02:00:00,0.0,0.0,0.0,60.0,23.9,66.0,5.7
2023-11-18 03:00:00,0.0,0.0,0.0,60.0,23.9,64.0,6.2
2023-11-18 04:00:00,0.0,0.0,0.0,100.0,23.9,60.0,6.7
2023-11-18 05:00:00,0.0,0.0,0.0,70.0,23.9,60.0,5.7
2023-11-18 06:00:00,10.0,16.0,6.0,20.0,23.9,58.0,5.2
2023-11-18 07:00:00,93.0,197.0,61.0,30.0,23.9,58.0,7.2
2023-11-18 08:00:00,285.0,565.0,85.0,30.0,24.4,56.0,7.2
2023-11-18 09:00:00,474.0,668.0,125.0,20.0,25.6,54.0,7.7
2023-11-18 10:00:00,635.0,832.0,97.0,30.0,26.1,50.0,8.2
2023-11-18 11:00:00,707.0,809.0,120.0,50.0,26.7,47.0,8.2
2023-11-18 12:00:00,549.0,246.0,376.0,100.0,26.7,49.0,8.2
2023-11-18 13:00:00,517.0,443.0,227.0,60.0,27.2,46.0,8.8
2023-11-18 14:00:00,412.0,398.0,193.0,60.0,26.7,52.0,6.7
2023-11-18 15:00:00,228.0,82.0,195.0,70.0,26.7,54.0,7.2
2023-11-18 16:00:00,105.0,159.0,71.0,50.0,26.1,58.0,5.7
2023-11-18 17:00:00,25.0,97.0,13.0,10.0,25.0,60.0,5.7
2023-11-18 18:00:00,0.0,0.0,0.0,30.0,25.0,62.0,5.2
2023-11-18 19:00:00,0.0,0.0,0.0,0.0,24.4,66.0,6.2
2023-11-18 20:00:00,0.0,0.0,0.0,10.0,24.4,66.0,5.7
2023-11-18 21:00:00,0.0,0.0,0.0,30.0,24.4,66.0,6.2
2023-11-18 22:00:00,0.0,0.0,0.0,20.0,24.4,66.0,6.7
2023-11-18 23:00:00,0.0,0.0,0.0,10.0,24.4,64.0,8.2
2023-11-19 00:00:00,0.0,0.0,0.0,30.0,23.9,64.0,6.2
2023-11-19 01:00:00,0.0,0.0,0.0,40.0,23.9,66.0,6.7
2023-11-19 02:00:00,0.0,0.0,0.0,80.0,23.9,64.0,7.2
2023-11-19 03:00:00,0.0,0.0,0.0,80.0,23.9,69.0,6.2
2023-11-19 04:00:00,0.0,0.0,0.0,10.0,23.3,66.0,6.7
2023-11-19 05:00:00,0.0,0.0,0.0,10.0,22.8,64.0,4.1
2023-11-19 06:00:00,8.0,11.0,7.0,10.0,22.2,64.0,4.1
2023-11-19 07:00:00,108.0,378.0,41.0,10.0,24.4,58.0,6.2
2023-11-19 08:00:00,305.0,650.0,70.0,20.0,24.4,60.0,7.7
2023-11-19 09:00:00,494.0,767.0,79.0,30.0,25.6,60.0,7.7
2023-11-19 10:00:00,561.0,584.0,192.0,50.0,26.7,51.0,8.2
2023-11-19 11:00:00,569.0,487.0,227.0,90.0,26.7,49.0,7.7
2023-11-19 12:00:00,580.0,343.0,342.0,70.0,26.7,47.0,6.7
2023-11-19 13:00:00,665.0,789.0,125.0,50.0,26.7,51.0,6.2
2023-11-19 14:00:00,501.0,670.0,136.0,40.0,26.7,47.0,4.6
2023-11-19 15:00:00,320.0,615.0,78.0,20.0,26.1,49.0,5.2
2023-11-19 16:00:00,140.0,393.0,50.0,50.0,25.6,52.0,4.6
2023-11-19 17:00:00,21.0,39.0,16.0,30.0,24.4,58.0,3.1
2023-11-19 18:00:00,0.0,0.0,0.0,20.0,23.9,62.0,3.1
2023-11-19 19:00:00,0.0,0.0,0.0,0.0,23.9,62.0,2.1
2023-11-19 20:00:00,0.0,0.0,0.0,0.0,23.9,64.0,2.1
2023-11-19 21:00:00,0.0,0.0,0.0,0.0,21.1,73.0,2.1
2023-11-19 22:00:00,0.0,0.0,0.0,0.0,21.1,73.0,2.6
2023-11-19 23:00:00,0.0,0.0,0.0,0.0,20.6,73.0,2.6
2023-11-20 00:00:00,0.0,0.0,0.0,0.0,20.6,73.0,2.6
2023-11-20 01:00:00,0.0,0.0,0.0,0.0,20.0,76.0,3.1
2023-11-20 02:00:00,0.0,0.0,0.0,0.0,19.4,78.0,2.1
2023-11-20 03:00:00,0.0,0.0,0.0,20.0,19.4,78.0,2.1
2023-11-20 04:00:00,0.0,0.0,0.0,10.0,19.4,78.0,2.1
2023-11-20 05:00:00,0.0,0.0,0.0,0.0,19.4,78.0,2.1
2023-11-20 06:00:00,9.0,11.0,6.0,40.0,18.9,81.0,2.6
2023-11-20 07:00:00,88.0,121.0,69.0,80.0,18.9,87.0,3.1
2023-11-20 08:00:00,280.0,568.0,81.0,40.0,20.6,84.0,2.6
2023-11-20 09:00:00,465.0,658.0,123.0,90.0,23.3,74.0,2.6
2023-11-20 10:00:00,642.0,780.0,119.0,50.0,25.6,54.0,2.6
2023-11-20 11:00:00,566.0,523.0,205.0,70.0,26.7,47.0,2.6
2023-11-20 12:00:00,631.0,612.0,206.0,80.0,26.7,49.0,4.6
2023-11-20 13:00:00,656.0,809.0,99.0,40.0,27.2,46.0,3.6
2023-11-20 14:00:00,552.0,787.0,95.0,30.0,27.2,46.0,3.6
2023-11-20 15:00:00,295.0,522.0,90.0,30.0,26.7,51.0,6.2
2023-11-20 16:00:00,129.0,325.0,63.0,40.0,25.6,54.0,3.1
2023-11-20 17:00:00,14.0,13.0,12.0,30.0,24.4,62.0,3.1
2023-11-20 18:00:00,0.0,0.0,0.0,60.0,24.4,58.0,3.6
2023-11-20 19:00:00,0.0,0.0,0.0,20.0,23.3,64.0,4.1
2023-11-20 20:00:00,0.0,0.0,0.0,10.0,21.1,76.0,3.1
2023-11-20 21:00:00,0.0,0.0,0.0,0.0,20.6,79.0,3.6
2023-11-20 22:00:00,0.0,0.0,0.0,0.0,20.0,78.0,3.6
2023-11-20 23:00:00,0.0,0.0,0.0,0.0,19.4,76.0,3.6
2023-11-21 00:00:00,0.0,0.0,0.0,0.0,19.4,76.0,3.6
2023-11-21 01:00:00,0.0,0.0,0.0,0.0,19.4,78.0,3.1
2023-11-21 02:00:00,0.0,0.0,0.0,0.0,19.4,87.0,3.1
2023-11-21 03:00:00,0.0,0.0,0.0,0.0,19.4,87.0,3.1
2023-11-21 04:00:00,0.0,0.0,0.0,0.0,18.3,87.0,2.6
2023-11-21 05:00:00,0.0,0.0,0.0,30.0,18.3,90.0,2.6
2023-11-21 06:00:00,1.0,1.0,1.0,60.0,18.9,93.0,2.6
2023-11-21 07:00:00,86.0,200.0,55.0,30.0,19.4,93.0,2.6
2023-11-21 08:00:00,203.0,56.0,183.0,90.0,21.1,84.0,5.2
2023-11-21 09:00:00,468.0,766.0,92.0,0.0,22.2,71.0,4.6
2023-11-21 10:00:00,626.0,826.0,107.0,0.0,23.9,58.0,3.6
2023-11-21 11:00:00,707.0,853.0,115.0,0.0,24.4,56.0,5.2
2023-11-21 12:00:00,722.0,854.0,116.0,0.0,25.0,52.0,5.2
2023-11-21 13:00:00,668.0,834.0,111.0,10.0,25.0,52.0,5.2
2023-11-21 14:00:00,504.0,754.0,99.0,10.0,25.0,52.0,3.1
2023-11-21 15:00:00,355.0,678.0,74.0,10.0,25.6,49.0,3.6
2023-11-21 16:00:00,145.0,431.0,50.0,20.0,25.0,48.0,3.6
2023-11-21 17:00:00,17.0,23.0,14.0,50.0,23.9,54.0,3.1
2023-11-21 18:00:00,0.0,0.0,0.0,0.0,21.1,64.0,3.6
2023-11-21 19:00:00,0.0,0.0,0.0,0.0,20.0,68.0,3.6
2023-11-21 20:00:00,0.0,0.0,0.0,0.0,19.4,68.0,4.1
2023-11-21 21:00:00,0.0,0.0,0.0,0.0,17.8,73.0,2.6
2023-11-21 22:00:00,0.0,0.0,0.0,0.0,17.2,73.0,2.6
2023-11-21 23:00:00,0.0,0.0,0.0,0.0,16.1,78.0,2.6
2023-11-22 00:00:00,0.0,0.0,0.0,0.0,16.1,81.0,3.6
2023-11-22 01:00:00,0.0,0.0,0.0,0.0,16.1,84.0,3.6
2023-11-22 02:00:00,0.0,0.0,0.0,0.0,15.6,84.0,3.6
2023-11-22 03:00:00,0.0,0.0,0.0,0.0,15.6,84.0,3.6
2023-11-22 04:00:00,0.0,0.0,0.0,0.0,14.4,84.0,3.1
2023-11-22 05:00:00,0.0,0.0,0.0,0.0,13.9,87.0,3.1
2023-11-22 06:00:00,12.0,44.0,6.0,20.0,13.3,80.0,2.6
2023-11-22 07:00:00,100.0,458.0,31.0,10.0,14.4,75.0,3.1
2023-11-22 08:00:00,312.0,740.0,50.0,10.0,17.8,56.0,4.1
2023-11-22 09:00:00,499.0,860.0,63.0,0.0,20.0,49.0,5.2
2023-11-22 10:00:00,634.0,899.0,76.0,10.0,21.7,48.0,4.1
2023-11-22 11:00:00,710.0,932.0,74.0,10.0,22.8,50.0,3.6
2023-11-22 12:00:00,643.0,638.0,199.0,30.0,23.9,50.0,4.1
2023-11-22 13:00:00,528.0,321.0,320.0,40.0,23.9,50.0,3.6
2023-11-22 14:00:00,415.0,489.0,150.0,20.0,23.9,52.0,4.6
2023-11-22 15:00:00,313.0,508.0,117.0,30.0,23.9,52.0,4.6
2023-11-22 16:00:00,104.0,165.0,70.0,40.0,23.9,54.0,5.7
2023-11-22 17:00:00,30.0,65.0,22.0,70.0,22.8,57.0,3.6
2023-11-22 18:00:00,0.0,0.0,0.0,70.0,22.2,59.0,3.6
2023-11-22 19:00:00,0.0,0.0,0.0,50.0,22.2,62.0,3.6
2023-11-22 20:00:00,0.0,0.0,0.0,50.0,22.2,62.0,4.1
2023-11-22 21:00:00,0.0,0.0,0.0,40.0,21.7,61.0,3.6
2023-11-22 22:00:00,0.0,0.0,0.0,80.0,18.3,75.0,3.1
2023-11-22 23:00:00,0.0,0.0,0.0,50.0,21.7,64.0,4.1
2023-11-23 00:00:00,0.0,0.0,0.0,70.0,21.7,66.0,5.2
2023-11-23 01:00:00,0.0,0.0,0.0,50.0,21.7,66.0,4.6
2023-11-23 02:00:00,0.0,0.0,0.0,70.0,21.7,66.0,3.6
2023-11-23 03:00:00,0.0,0.0,0.0,70.0,21.7,71.0,7.2
2023-11-23 04:00:00,0.0,0.0,0.0,70.0,21.7,76.0,4.1
2023-11-23 05:00:00,0.0,0.0,0.0,50.0,21.7,76.0,5.2
2023-11-23 06:00:00,4.0,3.0,2.0,90.0,21.7,79.0,6.2
2023-11-23 07:00:00,35.0,0.0,44.0,90.0,22.2,76.0,7.7
2023-11-23 08:00:00,123.0,26.0,113.0,90.0,22.2,76.0,8.8
2023-11-23 09:00:00,98.0,37.0,78.0,100.0,22.2,79.0,4.1
2023-11-23 10:00:00,262.0,85.0,208.0,70.0,23.3,76.0,7.7
2023-11-23 11:00:00,563.0,348.0,325.0,50.0,25.0,69.0,7.2
2023-11-23 12:00:00,520.0,258.0,344.0,50.0,25.0,67.0,9.3
2023-11-23 13:00:00,474.0,340.0,260.0,60.0,26.1,62.0,9.3
2023-11-23 14:00:00,408.0,456.0,161.0,80.0,25.6,67.0,9.3
2023-11-23 15:00:00,247.0,145.0,192.0,50.0,25.6,64.0,9.3
2023-11-23 16:00:00,127.0,339.0,59.0,60.0,25.0,67.0,8.2
2023-11-23 17:00:00,23.0,45.0,18.0,30.0,24.4,69.0,5.7
2023-11-23 18:00:00,0.0,0.0,0.0,10.0,23.9,74.0,4.6
2023-11-23 19:00:00,0.0,0.0,0.0,60.0,23.9,74.0,4.1
2023-11-23 20:00:00,0.0,0.0,0.0,70.0,23.9,74.0,4.6
2023-11-23 21:00:00,0.0,0.0,0.0,50.0,23.3,74.0,4.1
2023-11-23 22:00:00,0.0,0.0,0.0,40.0,23.3,74.0,3.6
2023-11-23 23:00:00,0.0,0.0,0.0,50.0,22.8,76.0,2.6
2023-11-24 00:00:00,0.0,0.0,0.0,50.0,22.8,79.0,3.1
2023-11-24 01:00:00,0.0,0.0,0.0,40.0,22.8,76.0,3.1
2023-11-24 02:00:00,0.0,0.0,0.0,20.0,22.2,79.0,2.6
2023-11-24 03:00:00,0.0,0.0,0.0,20.0,21.7,81.0,3.1
2023-11-24 04:00:00,0.0,0.0,0.0,20.0,21.7,81.0,2.6
2023-11-24 05:00:00,0.0,0.0,0.0,20.0,22.2,79.0,2.6
2023-11-24 06:00:00,2.0,2.0,2.0,40.0,21.7,81.0,2.6
2023-11-24 07:00:00,90.0,259.0,46.0,80.0,22.8,79.0,3.1
2023-11-24 08:00:00,249.0,434.0,102.0,80.0,24.4,74.0,4.6
2023-11-24 09:00:00,430.0,627.0,95.0,90.0,25.6,71.0,5.7
2023-11-24 10:00:00,532.0,471.0,242.0,90.0,26.1,69.0,5.7
2023-11-24 11:00:00,568.0,357.0,325.0,90.0,26.7,67.0,5.2
2023-11-24 12:00:00,540.0,396.0,266.0,90.0,26.7,65.0,5.2
2023-11-24 13:00:00,578.0,675.0,146.0,90.0,27.2,63.0,4.6
2023-11-24 14:00:00,280.0,196.0,175.0,80.0,27.2,63.0,4.1
2023-11-24 15:00:00,222.0,121.0,177.0,90.0,26.7,65.0,4.1
2023-11-24 16:00:00,106.0,122.0,82.0,60.0,26.7,67.0,3.6
2023-11-24 17:00:00,24.0,24.0,18.0,80.0,25.6,71.0,2.6
2023-11-24 18:00:00,0.0,0.0,0.0,30.0,24.4,76.0,2.1
2023-11-24 19:00:00,0.0,0.0,0.0,0.0,23.3,79.0,2.1
2023-11-24 20:00:00,0.0,0.0,0.0,0.0,22.8,82.0,2.6
2023-11-24 21:00:00,0.0,0.0,0.0,0.0,22.2,84.0,3.1
2023-11-24 22:00:00,0.0,0.0,0.0,0.0,21.1,87.0,3.1
2023-11-24 23:00:00,0.0,0.0,0.0,0.0,21.1,87.0,2.6
2023-11-25 00:00:00,0.0,0.0,0.0,0.0,21.1,87.0,3.1
2023-11-25 01:00:00,0.0,0.0,0.0,70.0,21.1,90.0,4.1
2023-11-25 02:00:00,0.0,0.0,0.0,0.0,21.1,84.0,2.6
2023-11-25 03:00:00,0.0,0.0,0.0,0.0,20.6,87.0,3.1
2023-11-25 04:00:00,0.0,0.0,0.0,100.0,20.6,90.0,6.2
2023-11-25 05:00:00,0.0,0.0,0.0,20.0,20.6,87.0,3.6
2023-11-25 06:00:00,4.0,2.0,3.0,100.0,20.6,87.0,4.6
2023-11-25 07:00:00,38.0,1.0,38.0,100.0,20.6,87.0,4.6
2023-11-25 08:00:00,146.0,17.0,139.0,90.0,20.6,87.0,4.1
2023-11-25 09:00:00,413.0,574.0,126.0,50.0,22.2,79.0,5.2
2023-11-25 10:00:00,601.0,775.0,127.0,50.0,23.3,74.0,6.2
2023-11-25 11:00:00,382.0,112.0,306.0,80.0,23.9,69.0,6.2
2023-11-25 12:00:00,588.0,562.0,195.0,80.0,25.0,64.0,4.6
2023-11-25 13:00:00,499.0,395.0,248.0,80.0,25.6,62.0,5.2
2023-11-25 14:00:00,282.0,56.0,250.0,70.0,25.6,62.0,6.2
2023-11-25 15:00:00,344.0,614.0,108.0,50.0,25.0,62.0,4.6
2023-11-25 16:00:00,135.0,390.0,57.0,20.0,23.3,62.0,6.7
2023-11-25 17:00:00,25.0,68.0,16.0,20.0,22.2,62.0,6.7
2023-11-25 18:00:00,0.0,0.0,0.0,0.0,20.6,66.0,5.7
2023-11-25 19:00:00,0.0,0.0,0.0,0.0,19.4,68.0,4.6
2023-11-25 20:00:00,0.0,0.0,0.0,0.0,18.3,73.0,4.6
2023-11-25 21:00:00,0.0,0.0,0.0,0.0,17.8,78.0,5.7
2023-11-25 22:00:00,0.0,0.0,0.0,0.0,17.2,81.0,4.6
2023-11-25 23:00:00,0.0,0.0,0.0,0.0,16.7,84.0,3.1
2023-11-26 00:00:00,0.0,0.0,0.0,0.0,16.7,81.0,3.6
2023-11-26 01:00:00,0.0,0.0,0.0,0.0,16.1,84.0,3.6
2023-11-26 02:00:00,0.0,0.0,0.0,0.0,15.6,87.0,3.1
2023-11-26 03:00:00,0.0,0.0,0.0,0.0,15.0,87.0,2.1
2023-11-26 04:00:00,0.0,0.0,0.0,0.0,14.4,87.0,2.6
2023-11-26 05:00:00,0.0,0.0,0.0,0.0,13.9,90.0,3.1
2023-11-26 06:00:00,5.0,16.0,3.0,10.0,14.4,87.0,2.1
2023-11-26 07:00:00,84.0,288.0,44.0,20.0,15.6,87.0,2.1
2023-11-26 08:00:00,295.0,666.0,62.0,20.0,20.0,68.0,2.1
2023-11-26 09:00:00,488.0,798.0,78.0,20.0,23.3,54.0,4.6
2023-11-26 10:00:00,605.0,813.0,83.0,40.0,23.9,48.0,4.1
2023-11-26 11:00:00,620.0,621.0,201.0,50.0,25.0,50.0,5.7
2023-11-26 12:00:00,597.0,617.0,175.0,50.0,25.0,48.0,6.2
2023-11-26 13:00:00,662.0,803.0,111.0,50.0,25.0,50.0,6.2
2023-11-26 14:00:00,407.0,392.0,198.0,50.0,24.4,52.0,4.6
2023-11-26 15:00:00,292.0,463.0,114.0,50.0,23.9,52.0,4.6
2023-11-26 16:00:00,105.0,145.0,77.0,70.0,23.3,54.0,4.6
2023-11-26 17:00:00,20.0,13.0,18.0,80.0,22.8,55.0,3.6
2023-11-26 18:00:00,0.0,0.0,0.0,70.0,22.2,59.0,4.1
2023-11-26 19:00:00,0.0,0.0,0.0,80.0,21.1,64.0,3.1
2023-11-26 20:00:00,0.0,0.0,0.0,90.0,21.7,61.0,4.1
2023-11-26 21:00:00,0.0,0.0,0.0,80.0,21.7,55.0,3.1
2023-11-26 22:00:00,0.0,0.0,0.0,80.0,21.7,57.0,2.6
2023-11-26 23:00:00,0.0,0.0,0.0,70.0,21.7,59.0,2.1
2023-11-27 00:00:00,0.0,0.0,0.0,60.0,21.7,61.0,2.1
2023-11-27 01:00:00,0.0,0.0,0.0,80.0,17.8,75.0,2.1
2023-11-27 02:00:00,0.0,0.0,0.0,50.0,17.8,78.0,3.1
2023-11-27 03:00:00,0.0,0.0,0.0,20.0,17.8,81.0,2.1
2023-11-27 04:00:00,0.0,0.0,0.0,0.0,17.8,75.0,2.1
2023-11-27 05:00:00,0.0,0.0,0.0,60.0,17.2,81.0,2.6
2023-11-27 06:00:00,2.0,2.0,1.0,90.0,17.2,81.0,3.1
2023-11-27 07:00:00,46.0,36.0,41.0,90.0,17.8,78.0,2.1
2023-11-27 08:00:00,179.0,126.0,137.0,90.0,21.1,64.0,3.1
2023-11-27 09:00:00,394.0,485.0,155.0,80.0,22.2,62.0,2.1
2023-11-27 10:00:00,339.0,176.0,232.0,80.0,23.3,58.0,2.1
2023-11-27 11:00:00,528.0,492.0,200.0,80.0,24.4,54.0,3.1
2023-11-27 12:00:00,306.0,73.0,257.0,80.0,25.0,52.0,3.1
2023-11-27 13:00:00,485.0,443.0,205.0,50.0,25.6,49.0,3.6
2023-11-27 14:00:00,454.0,459.0,211.0,80.0,25.6,49.0,3.1
2023-11-27 15:00:00,264.0,227.0,177.0,100.0,25.0,54.0,3.6
2023-11-27 16:00:00,75.0,24.0,70.0,100.0,25.0,56.0,3.6
2023-11-27 17:00:00,22.0,10.0,21.0,90.0,23.3,62.0,2.6
2023-11-27 18:00:00,0.0,0.0,0.0,90.0,22.8,66.0,2.1
2023-11-27 19:00:00,0.0,0.0,0.0,80.0,22.2,71.0,2.1
2023-11-27 20:00:00,0.0,0.0,0.0,90.0,21.7,73.0,1.5
2023-11-27 21:00:00,0.0,0.0,0.0,60.0,21.1,73.0,2.1
2023-11-27 22:00:00,0.0,0.0,0.0,30.0,20.6,76.0,2.1
2023-11-27 23:00:00,0.0,0.0,0.0,30.0,20.0,76.0,2.1
2023-11-28 00:00:00,0.0,0.0,0.0,0.0,17.8,84.0,2.1
2023-11-28 01:00:00,0.0,0.0,0.0,20.0,17.8,84.0,2.1
2023-11-28 02:00:00,0.0,0.0,0.0,0.0,17.2,87.0,2.1
2023-11-28 03:00:00,0.0,0.0,0.0,0.0,17.2,90.0,2.1
2023-11-28 04:00:00,0.0,0.0,0.0,0.0,17.2,90.0,2.1
2023-11-28 05:00:00,0.0,0.0,0.0,0.0,17.2,87.0,2.1
2023-11-28 06:00:00,5.0,21.0,2.0,10.0,17.2,84.0,2.1
2023-11-28 07:00:00,82.0,389.0,30.0,10.0,18.3,84.0,2.1
2023-11-28 08:00:00,279.0,661.0,62.0,20.0,21.7,68.0,2.6
2023-11-28 09:00:00,464.0,768.0,81.0,30.0,23.9,60.0,2.6
2023-11-28 10:00:00,603.0,802.0,87.0,40.0,25.0,54.0,4.6
2023-11-28 11:00:00,551.0,471.0,236.0,70.0,25.6,54.0,4.6
2023-11-28 12:00:00,684.0,805.0,109.0,50.0,26.1,49.0,4.6
2023-11-28 13:00:00,527.0,579.0,162.0,40.0,26.1,49.0,4.1
2023-11-28 14:00:00,523.0,770.0,115.0,50.0,26.1,52.0,4.6
2023-11-28 15:00:00,323.0,596.0,95.0,40.0,25.6,52.0,4.6
2023-11-28 16:00:00,139.0,437.0,53.0,20.0,25.0,58.0,3.1
2023-11-28 17:00:00,24.0,95.0,12.0,10.0,23.3,66.0,2.1
2023-11-28 18:00:00,0.0,0.0,0.0,10.0,23.3,69.0,2.6
2023-11-28 19:00:00,0.0,0.0,0.0,0.0,22.8,71.0,3.6
2023-11-28 20:00:00,0.0,0.0,0.0,0.0,22.8,71.0,3.1
2023-11-28 21:00:00,0.0,0.0,0.0,0.0,22.8,71.0,3.1
2023-11-28 22:00:00,0.0,0.0,0.0,10.0,22.8,74.0,2.1
2023-11-28 23:00:00,0.0,0.0,0.0,10.0,22.2,73.0,2.6
2023-11-29 00:00:00,0.0,0.0,0.0,40.0,22.2,76.0,2.1
2023-11-29 01:00:00,0.0,0.0,0.0,30.0,22.2,79.0,2.1
2023-11-29 02:00:00,0.0,0.0,0.0,40.0,22.2,79.0,3.1
2023-11-29 03:00:00,0.0,0.0,0.0,20.0,22.2,79.0,3.6
2023-11-29 04:00:00,0.0,0.0,0.0,20.0,22.2,79.0,3.6
2023-11-29 05:00:00,0.0,0.0,0.0,20.0,22.2,82.0,3.6
2023-11-29 06:00:00,3.0,9.0,2.0,70.0,22.8,82.0,3.6
2023-11-29 07:00:00,57.0,84.0,46.0,70.0,22.8,84.0,2.6
2023-11-29 08:00:00,202.0,225.0,130.0,90.0,24.4,76.0,4.6
2023-11-29 09:00:00,268.0,67.0,235.0,100.0,25.6,69.0,7.7
2023-11-29 10:00:00,299.0,123.0,226.0,100.0,25.6,69.0,6.7
2023-11-29 11:00:00,262.0,100.0,195.0,100.0,25.6,67.0,5.2
2023-11-29 12:00:00,239.0,12.0,231.0,100.0,25.6,69.0,4.1
2023-11-29 13:00:00,345.0,88.0,289.0,90.0,25.6,71.0,6.2
2023-11-29 14:00:00,143.0,84.0,99.0,90.0,25.0,74.0,6.7
2023-11-29 15:00:00,150.0,55.0,129.0,90.0,25.0,74.0,4.6
2023-11-29 16:00:00,70.0,31.0,64.0,90.0,24.4,76.0,3.1
2023-11-29 17:00:00,1.0,0.0,1.0,100.0,23.9,79.0,2.6
2023-11-29 18:00:00,0.0,0.0,0.0,100.0,23.3,82.0,2.6
2023-11-29 19:00:00,0.0,0.0,0.0,100.0,23.3,82.0,2.6
2023-11-29 20:00:00,0.0,0.0,0.0,100.0,23.3,82.0,3.1
2023-11-29 21:00:00,0.0,0.0,0.0,100.0,23.3,84.0,2.6
2023-11-29 22:00:00,0.0,0.0,0.0,70.0,23.3,84.0,2.1
2023-11-29 23:00:00,0.0,0.0,0.0,100.0,22.2,87.0,1.5
2023-11-30 00:00:00,0.0,0.0,0.0,100.0,22.2,90.0,2.1
2023-11-30 01:00:00,0.0,0.0,0.0,100.0,22.2,87.0,2.1
2023-11-30 02:00:00,0.0,0.0,0.0,100.0,22.2,87.0,2.1
2023-11-30 03:00:00,0.0,0.0,0.0,80.0,21.7,90.0,2.1
2023-11-30 04:00:00,0.0,0.0,0.0,90.0,22.2,87.0,2.1
2023-11-30 05:00:00,0.0,0.0,0.0,50.0,22.2,87.0,2.1
2023-11-30 06:00:00,2.0,0.0,2.0,50.0,22.2,90.0,2.1
2023-11-30 07:00:00,63.0,115.0,48.0,40.0,22.2,97.0,2.6
2023-11-30 08:00:00,219.0,293.0,125.0,70.0,25.0,85.0,3.1
2023-11-30 09:00:00,180.0,102.0,130.0,90.0,26.7,79.0,4.1
2023-11-30 10:00:00,225.0,44.0,198.0,90.0,27.2,74.0,4.6
2023-11-30 11:00:00,515.0,371.0,264.0,80.0,27.2,67.0,3.6
2023-11-30 12:00:00,519.0,362.0,277.0,70.0,27.8,65.0,3.6
2023-11-30 13:00:00,452.0,235.0,303.0,80.0,28.3,59.0,3.1
2023-11-30 14:00:00,323.0,307.0,162.0,90.0,27.8,65.0,3.6
2023-11-30 15:00:00,144.0,29.0,132.0,90.0,26.7,72.0,4.6
2023-11-30 16:00:00,74.0,52.0,63.0,80.0,26.1,74.0,4.1
2023-11-30 17:00:00,13.0,4.0,14.0,60.0,25.0,79.0,4.1
2023-11-30 18:00:00,0.0,0.0,0.0,70.0,23.5,76.0,4.1
2023-11-30 19:00:00,0.0,0.0,0.0,80.0,22.2,73.0,5.0
2023-11-30 20:00:00,0.0,0.0,0.0,70.0,21.3,68.0,4.5
2023-11-30 21:00:00,0.0,0.0,0.0,20.0,19.7,68.0,3.8
2023-11-30 22:00:00,0.0,0.0,0.0,10.0,19.1,62.0,4.0
2023-11-30 23:00:00,0.0,0.0,0.0,10.0,18.2,62.0,4.1
2023-12-01 00:00:00,0.0,0.0,0.0,100.0,17.4,58.0,4.7
2023-12-01 01:00:00,0.0,0.0,0.0,90.0,16.7,56.0,5.0
2023-12-01 02:00:00,0.0,0.0,0.0,90.0,15.8,55.0,5.3
2023-12-01 03:00:00,0.0,0.0,0.0,80.0,14.6,54.0,5.7
2023-12-01 04:00:00,0.0,0.0,0.0,70.0,13.4,51.0,6.3
2023-12-01 05:00:00,0.0,0.0,0.0,60.0,12.1,48.0,7.0
2023-12-01 06:00:00,0.0,1.0,0.0,50.0,10.6,46.0,7.7
2023-12-01 07:00:00,63.0,194.0,39.0,50.0,12.1,48.0,7.5
2023-12-01 08:00:00,187.0,322.0,84.0,40.0,13.5,49.0,7.4
2023-12-01 09:00:00,365.0,431.0,158.0,40.0,15.0,51.0,7.2
2023-12-01 10:00:00,533.0,650.0,145.0,30.0,16.7,45.0,6.9
2023-12-01 11:00:00,674.0,847.0,112.0,10.0,18.3,38.0,6.5
2023-12-01 12:00:00,613.0,743.0,113.0,0.0,20.0,32.0,6.2
2023-12-01 13:00:00,607.0,797.0,108.0,0.0,20.2,34.0,5.7
2023-12-01 14:00:00,473.0,731.0,88.0,10.0,20.4,37.0,5.1
2023-12-01 15:00:00,306.0,597.0,80.0,10.0,20.6,39.0,4.6
2023-12-01 16:00:00,125.0,338.0,59.0,20.0,19.1,46.0,5.3
2023-12-01 17:00:00,15.0,21.0,13.0,30.0,17.6,53.0,6.0
2023-12-01 18:00:00,0.0,0.0,0.0,40.0,16.1,60.0,6.7
2023-12-01 19:00:00,0.0,0.0,0.0,40.0,15.4,63.0,6.2
2023-12-01 20:00:00,0.0,0.0,0.0,30.0,14.6,66.0,5.7
2023-12-01 21:00:00,0.0,0.0,0.0,30.0,13.9,69.0,5.2
2023-12-01 22:00:00,0.0,0.0,0.0,40.0,13.5,74.0,4.2
2023-12-01 23:00:00,0.0,0.0,0.0,50.0,13.2,78.0,3.1
2023-12-02 00:00:00,0.0,0.0,0.0,60.0,12.8,83.0,2.1
2023-12-02 01:00:00,0.0,0.0,0.0,60.0,13.3,82.0,2.6
2023-12-02 02:00:00,0.0,0.0,0.0,70.0,13.9,81.0,3.1
2023-12-02 03:00:00,0.0,0.0,0.0,70.0,14.4,80.0,3.6
2023-12-02 04:00:00,0.0,0.0,0.0,70.0,16.3,71.0,4.8
2023-12-02 05:00:00,0.0,0.0,0.0,80.0,18.1,62.0,6.0
2023-12-02 06:00:00,0.0,0.0,0.0,80.0,20.0,53.0,7.2
2023-12-02 07:00:00,43.0,33.0,39.0,80.0,20.6,52.0,6.5
2023-12-02 08:00:00,142.0,46.0,128.0,90.0,21.1,52.0,5.9
2023-12-02 09:00:00,258.0,145.0,186.0,90.0,21.7,51.0,5.2
2023-12-02 10:00:00,434.0,359.0,191.0,90.0,22.2,51.0,6.4
2023-12-02 11:00:00,580.0,388.0,299.0,90.0,22.8,50.0,7.6
2023-12-02 12:00:00,451.0,304.0,251.0,90.0,23.3,50.0,8.8
2023-12-02 13:00:00,355.0,99.0,293.0,90.0,22.9,50.0,8.1
2023-12-02 14:00:00,167.0,1.0,164.0,100.0,22.6,51.0,7.4
2023-12-02 15:00:00,162.0,60.0,139.0,100.0,22.2,51.0,6.7
2023-12-02 16:00:00,83.0,39.0,75.0,90.0,21.8,52.0,6.0
2023-12-02 17:00:00,15.0,4.0,15.0,80.0,21.5,54.0,5.3
2023-12-02 18:00:00,0.0,0.0,0.0,70.0,21.1,55.0,4.6
2023-12-02 19:00:00,0.0,0.0,0.0,70.0,21.1,55.0,4.4
2023-12-02 20:00:00,0.0,0.0,0.0,70.0,21.1,55.0,4.3
2023-12-02 21:00:00,0.0,0.0,0.0,70.0,21.1,55.0,4.1
2023-12-02 22:00:00,0.0,0.0,0.0,70.0,21.1,56.0,4.1
2023-12-02 23:00:00,0.0,0.0,0.0,70.0,21.1,56.0,4.1
2023-12-03 00:00:00,0.0,0.0,0.0,70.0,21.1,57.0,4.1
2023-12-03 01:00:00,0.0,0.0,0.0,70.0,21.1,62.0,3.8
2023-12-03 02:00:00,0.0,0.0,0.0,80.0,21.1,66.0,3.4
2023-12-03 03:00:00,0.0,0.0,0.0,80.0,21.1,71.0,3.1
2023-12-03 04:00:00,0.0,0.0,0.0,80.0,21.1,68.0,2.9
2023-12-03 05:00:00,0.0,0.0,0.0,90.0,21.1,64.0,2.8
2023-12-03 06:00:00,0.0,0.0,0.0,90.0,21.1,61.0,2.6
2023-12-03 07:00:00,46.0,47.0,40.0,90.0,22.4,59.0,4.3
2023-12-03 08:00:00,157.0,137.0,114.0,90.0,23.7,56.0,6.0
2023-12-03 09:00:00,361.0,453.0,145.0,90.0,25.0,54.0,7.7
2023-12-03 10:00:00,493.0,372.0,271.0,90.0,25.0,53.0,7.9
2023-12-03 11:00:00,453.0,284.0,266.0,100.0,25.0,53.0,8.0
2023-12-03 12:00:00,549.0,486.0,224.0,100.0,25.0,52.0,8.2
2023-12-03 13:00:00,292.0,74.0,246.0,100.0,24.6,55.0,7.5
2023-12-03 14:00:00,234.0,40.0,210.0,100.0,24.3,57.0,6.9
2023-12-03 15:00:00,138.0,12.0,133.0,100.0,23.9,60.0,6.2
2023-12-03 16:00:00,76.0,36.0,69.0,100.0,23.3,61.0,5.0
2023-12-03 17:00:00,12.0,4.0,11.0,90.0,22.8,63.0,3.8
2023-12-03 18:00:00,0.0,0.0,0.0,90.0,22.2,64.0,2.6
2023-12-03 19:00:00,0.0,0.0,0.0,90.0,22.2,65.0,2.6
2023-12-03 20:00:00,0.0,0.0,0.0,90.0,22.2,67.0,2.6
2023-12-03 21:00:00,0.0,0.0,0.0,90.0,22.2,68.0,2.6
2023-12-03 22:00:00,0.0,0.0,0.0,90.0,21.5,73.0,2.2
2023-12-03 23:00:00,0.0,0.0,0.0,90.0,20.7,79.0,1.9
2023-12-04 00:00:00,0.0,0.0,0.0,90.0,20.0,84.0,1.5
2023-12-04 01:00:00,0.0,0.0,0.0,90.0,20.0,83.0,1.3
2023-12-04 02:00:00,0.0,0.0,0.0,80.0,20.0,82.0,1.2
2023-12-04 03:00:00,0.0,0.0,0.0,80.0,20.0,81.0,1.0
2023-12-04 04:00:00,0.0,0.0,0.0,90.0,20.4,78.0,1.5
2023-12-04 05:00:00,0.0,0.0,0.0,90.0,20.7,76.0,2.1
2023-12-04 06:00:00,0.0,0.0,0.0,100.0,21.1,73.0,2.6
2023-12-04 07:00:00,35.0,0.0,35.0,100.0,22.2,71.0,2.6
2023-12-04 08:00:00,99.0,1.0,98.0,100.0,23.3,68.0,2.6
2023-12-04 09:00:00,219.0,1.0,218.0,100.0,24.4,66.0,2.6
2023-12-04 10:00:00,281.0,121.0,212.0,100.0,24.8,63.0,2.2
2023-12-04 11:00:00,405.0,163.0,296.0,100.0,25.2,61.0,1.9
2023-12-04 12:00:00,404.0,143.0,308.0,100.0,25.6,58.0,1.5
2023-12-04 13:00:00,349.0,79.0,301.0,100.0,25.4,60.0,2.0
2023-12-04 14:00:00,215.0,1.0,230.0,100.0,25.2,62.0,2.6
2023-12-04 15:00:00,148.0,5.0,146.0,100.0,25.0,64.0,3.1
2023-12-04 16:00:00,75.0,27.0,70.0,100.0,24.4,66.0,3.8
2023-12-04 17:00:00,13.0,8.0,13.0,100.0,23.9,69.0,4.5
2023-12-04 18:00:00,0.0,0.0,0.0,100.0,23.3,71.0,5.2
2023-12-04 19:00:00,0.0,0.0,0.0,100.0,22.8,68.0,4.8
2023-12-04 20:00:00,0.0,0.0,0.0,100.0,22.2,66.0,4.5
2023-12-04 21:00:00,0.0,0.0,0.0,100.0,21.7,63.0,4.1
2023-12-04 22:00:00,0.0,0.0,0.0,100.0,21.3,68.0,4.1
2023-12-04 23:00:00,0.0,0.0,0.0,100.0,21.0,73.0,4.1
2023-12-05 00:00:00,0.0,0.0,0.0,100.0,20.6,78.0,4.1
2023-12-05 01:00:00,0.0,0.0,0.0,100.0,20.4,80.0,3.6
2023-12-05 02:00:00,0.0,0.0,0.0,100.0,20.2,82.0,3.1
2023-12-05 03:00:00,0.0,0.0,0.0,100.0,20.0,84.0,2.6
2023-12-05 04:00:00,0.0,0.0,0.0,90.0,19.6,84.0,3.5
2023-12-05 05:00:00,0.0,0.0,0.0,70.0,19.3,84.0,4.3
2023-12-05 06:00:00,1.0,0.0,0.0,60.0,18.9,84.0,5.2
2023-12-05 07:00:00,54.0,97.0,43.0,70.0,19.6,81.0,4.8
2023-12-05 08:00:00,222.0,335.0,102.0,90.0,20.4,79.0,4.5
2023-12-05 09:00:00,295.0,205.0,197.0,100.0,21.1,76.0,4.1
2023-12-05 10:00:00,323.0,41.0,295.0,90.0,22.6,73.0,3.8
2023-12-05 11:00:00,490.0,434.0,203.0,90.0,24.1,70.0,3.4
2023-12-05 12:00:00,645.0,558.0,274.0,80.0,25.6,67.0,3.1
2023-12-05 13:00:00,344.0,156.0,248.0,90.0,25.0,71.0,3.6
2023-12-05 14:00:00,167.0,57.0,137.0,90.0,24.5,75.0,4.1
2023-12-05 15:00:00,144.0,8.0,141.0,100.0,23.9,79.0,4.6
2023-12-05 16:00:00,93.0,76.0,79.0,90.0,23.2,83.0,3.8
2023-12-05 17:00:00,13.0,11.0,11.0,90.0,22.4,86.0,2.9
2023-12-05 18:00:00,0.0,0.0,0.0,80.0,21.7,90.0,2.1
2023-12-05 19:00:00,0.0,0.0,0.0,70.0,21.5,91.0,1.7
2023-12-05 20:00:00,0.0,0.0,0.0,60.0,21.3,92.0,1.4
2023-12-05 21:00:00,0.0,0.0,0.0,50.0,21.1,93.0,1.0
2023-12-05 22:00:00,0.0,0.0,0.0,30.0,20.4,91.0,0.7
2023-12-05 23:00:00,0.0,0.0,0.0,20.0,19.6,89.0,0.3
2023-12-06 00:00:00,0.0,0.0,0.0,0.0,18.9,87.0,0.0
2023-12-06 01:00:00,0.0,0.0,0.0,20.0,18.5,87.0,0.7
2023-12-06 02:00:00,0.0,0.0,0.0,30.0,18.2,87.0,1.4
2023-12-06 03:00:00,0.0,0.0,0.0,50.0,17.8,87.0,2.1
2023-12-06 04:00:00,0.0,0.0,0.0,40.0,16.9,89.0,2.4
2023-12-06 05:00:00,0.0,0.0,0.0,30.0,15.9,91.0,2.8
2023-12-06 06:00:00,1.0,1.0,0.0,20.0,15.0,93.0,3.1
2023-12-06 07:00:00,61.0,209.0,37.0,20.0,17.0,82.0,2.9
2023-12-06 08:00:00,265.0,624.0,58.0,10.0,19.1,72.0,2.8
2023-12-06 09:00:00,462.0,763.0,78.0,10.0,21.1,61.0,2.6
2023-12-06 10:00:00,543.0,736.0,112.0,30.0,22.6,57.0,3.1
2023-12-06 11:00:00,544.0,566.0,175.0,40.0,24.1,52.0,3.6
2023-12-06 12:00:00,615.0,661.0,175.0,60.0,25.6,48.0,4.1
2023-12-06 13:00:00,612.0,698.0,179.0,70.0,25.4,47.0,4.1
2023-12-06 14:00:00,359.0,309.0,198.0,70.0,25.2,46.0,4.1
2023-12-06 15:00:00,271.0,398.0,121.0,80.0,25.0,45.0,4.1
2023-12-06 16:00:00,97.0,74.0,83.0,80.0,23.5,47.0,3.9
2023-12-06 17:00:00,18.0,18.0,16.0,90.0,22.1,49.0,3.8
2023-12-06 18:00:00,0.0,0.0,0.0,90.0,20.6,51.0,3.6
2023-12-06 19:00:00,0.0,0.0,0.0,90.0,20.2,49.0,2.4
2023-12-06 20:00:00,0.0,0.0,0.0,100.0,19.8,47.0,1.2
2023-12-06 21:00:00,0.0,0.0,0.0,100.0,19.4,45.0,0.0
2023-12-06 22:00:00,0.0,0.0,0.0,100.0,19.2,49.0,1.5
2023-12-06 23:00:00,0.0,0.0,0.0,100.0,19.1,52.0,3.1
2023-12-07 00:00:00,0.0,0.0,0.0,100.0,18.9,56.0,4.6
2023-12-07 01:00:00,0.0,0.0,0.0,80.0,18.0,61.0,4.4
2023-12-07 02:00:00,0.0,0.0,0.0,70.0,17.0,67.0,4.3
2023-12-07 03:00:00,0.0,0.0,0.0,50.0,16.1,72.0,4.1
2023-12-07 04:00:00,0.0,0.0,0.0,60.0,15.7,75.0,4.5
2023-12-07 05:00:00,0.0,0.0,0.0,80.0,15.4,77.0,4.8
2023-12-07 06:00:00,0.0,0.0,0.0,90.0,15.0,80.0,5.2
2023-12-07 07:00:00,38.0,12.0,36.0,90.0,16.1,73.0,6.4
2023-12-07 08:00:00,169.0,128.0,131.0,80.0,17.2,65.0,7.6
2023-12-07 09:00:00,264.0,156.0,191.0,80.0,18.3,58.0,8.8
2023-12-07 10:00:00,488.0,481.0,208.0,60.0,20.3,50.0,8.4
2023-12-07 11:00:00,583.0,539.0,233.0,30.0,22.4,41.0,8.1
2023-12-07 12:00:00,637.0,714.0,164.0,10.0,24.4,33.0,7.7
2023-12-07 13:00:00,580.0,689.0,154.0,10.0,23.9,35.0,7.5
2023-12-07 14:00:00,444.0,584.0,140.0,10.0,23.3,38.0,7.4
2023-12-07 15:00:00,349.0,716.0,67.0,10.0,22.8,40.0,7.2
2023-12-07 16:00:00,148.0,482.0,45.0,10.0,21.5,44.0,6.7
2023-12-07 17:00:00,13.0,10.0,11.0,20.0,20.2,48.0,6.2
2023-12-07 18:00:00,0.0,0.0,0.0,20.0,18.9,52.0,5.7
2023-12-07 19:00:00,0.0,0.0,0.0,40.0,17.8,59.0,5.9
2023-12-07 20:00:00,0.0,0.0,0.0,50.0,16.7,65.0,6.0
2023-12-07 21:00:00,0.0,0.0,0.0,70.0,15.6,72.0,6.2
2023-12-07 22:00:00,0.0,0.0,0.0,80.0,15.4,73.0,5.5
2023-12-07 23:00:00,0.0,0.0,0.0,90.0,15.2,74.0,4.8
2023-12-08 00:00:00,0.0,0.0,0.0,100.0,15.0,75.0,4.1
2023-12-08 01:00:00,0.0,0.0,0.0,80.0,14.8,75.0,4.3
2023-12-08 02:00:00,0.0,0.0,0.0,60.0,14.6,75.0,4.4
2023-12-08 03:00:00,0.0,0.0,0.0,40.0,14.4,75.0,4.6
2023-12-08 04:00:00,0.0,0.0,0.0,40.0,13.9,78.0,4.6
2023-12-08 05:00:00,0.0,0.0,0.0,30.0,13.3,80.0,4.6
2023-12-08 06:00:00,0.0,0.0,0.0,30.0,12.8,83.0,4.6
2023-12-08 07:00:00,50.0,165.0,32.0,30.0,14.8,76.0,4.4
2023-12-08 08:00:00,104.0,99.0,87.0,40.0,16.9,70.0,4.3
2023-12-08 09:00:00,424.0,729.0,83.0,40.0,18.9,63.0,4.1
2023-12-08 10:00:00,478.0,528.0,169.0,60.0,20.0,56.0,6.0
2023-12-08 11:00:00,483.0,341.0,261.0,70.0,21.1,50.0,7.9
2023-12-08 12:00:00,525.0,396.0,237.0,90.0,22.2,43.0,9.8
2023-12-08 13:00:00,428.0,349.0,212.0,90.0,22.0,44.0,9.3
2023-12-08 14:00:00,455.0,504.0,158.0,80.0,21.9,46.0,8.7
2023-12-08 15:00:00,174.0,23.0,167.0,80.0,21.7,47.0,8.2
2023-12-08 16:00:00,64.0,54.0,55.0,80.0,21.3,49.0,7.5
2023-12-08 17:00:00,6.0,6.0,6.0,70.0,21.0,51.0,6.9
2023-12-08 18:00:00,0.0,0.0,0.0,70.0,20.6,53.0,6.2
2023-12-08 19:00:00,0.0,0.0,0.0,70.0,20.2,53.0,5.5
2023-12-08 20:00:00,0.0,0.0,0.0,70.0,19.8,54.0,4.8
2023-12-08 21:00:00,0.0,0.0,0.0,70.0,19.4,54.0,4.1
2023-12-08 22:00:00,0.0,0.0,0.0,80.0,19.4,56.0,3.8
2023-12-08 23:00:00,0.0,0.0,0.0,80.0,19.4,57.0,3.4
2023-12-09 00:00:00,0.0,0.0,0.0,90.0,19.4,59.0,3.1
2023-12-09 01:00:00,0.0,0.0,0.0,60.0,17.6,69.0,3.1
2023-12-09 02:00:00,0.0,0.0,0.0,40.0,15.7,80.0,3.1
2023-12-09 03:00:00,0.0,0.0,0.0,10.0,13.9,90.0,3.1
2023-12-09 04:00:00,0.0,0.0,0.0,20.0,13.9,89.0,3.4
2023-12-09 05:00:00,0.0,0.0,0.0,30.0,13.9,87.0,3.8
2023-12-09 06:00:00,0.0,0.0,0.0,40.0,13.9,86.0,4.1
2023-12-09 07:00:00,55.0,186.0,36.0,40.0,16.1,78.0,4.1
2023-12-09 08:00:00,226.0,502.0,76.0,40.0,18.4,71.0,4.1
2023-12-09 09:00:00,400.0,587.0,130.0,40.0,20.6,63.0,4.1
2023-12-09 10:00:00,319.0,270.0,163.0,40.0,21.5,57.0,5.5
2023-12-09 11:00:00,591.0,607.0,197.0,40.0,22.4,50.0,6.8
2023-12-09 12:00:00,540.0,583.0,155.0,40.0,23.3,44.0,8.2
2023-12-09 13:00:00,573.0,733.0,122.0,30.0,22.9,45.0,8.2
2023-12-09 14:00:00,443.0,615.0,123.0,20.0,22.6,47.0,8.2
2023-12-09 15:00:00,322.0,655.0,75.0,10.0,22.2,48.0,8.2
2023-12-09 16:00:00,133.0,472.0,41.0,10.0,21.7,51.0,7.0
2023-12-09 17:00:00,21.0,58.0,15.0,0.0,21.1,54.0,5.8
2023-12-09 18:00:00,0.0,0.0,0.0,0.0,20.6,57.0,4.6
2023-12-09 19:00:00,0.0,0.0,0.0,0.0,20.4,58.0,4.3
2023-12-09 20:00:00,0.0,0.0,0.0,10.0,20.2,58.0,3.9
2023-12-09 21:00:00,0.0,0.0,0.0,10.0,20.0,59.0,3.6
2023-12-09 22:00:00,0.0,0.0,0.0,30.0,20.2,58.0,3.6
2023-12-09 23:00:00,0.0,0.0,0.0,60.0,20.4,58.0,3.6
2023-12-10 00:00:00,0.0,0.0,0.0,80.0,20.6,57.0,3.6
2023-12-10 01:00:00,0.0,0.0,0.0,90.0,19.3,62.0,3.4
2023-12-10 02:00:00,0.0,0.0,0.0,90.0,18.0,67.0,3.3
2023-12-10 03:00:00,0.0,0.0,0.0,100.0,16.7,72.0,3.1
2023-12-10 04:00:00,0.0,0.0,0.0,90.0,16.7,73.0,3.1
2023-12-10 05:00:00,0.0,0.0,0.0,90.0,16.7,74.0,3.1
2023-12-10 06:00:00,0.0,0.0,0.0,80.0,16.7,75.0,3.1
2023-12-10 07:00:00,32.0,33.0,29.0,80.0,18.0,70.0,3.4
2023-12-10 08:00:00,165.0,135.0,125.0,80.0,19.3,66.0,3.8
2023-12-10 09:00:00,257.0,210.0,162.0,80.0,20.6,61.0,4.1
2023-12-10 10:00:00,152.0,1.0,178.0,90.0,20.8,61.0,3.2
2023-12-10 11:00:00,386.0,94.0,326.0,90.0,20.9,61.0,2.4
2023-12-10 12:00:00,214.0,0.0,258.0,100.0,21.1,61.0,1.5
2023-12-10 13:00:00,263.0,53.0,230.0,100.0,21.7,59.0,2.9
2023-12-10 14:00:00,342.0,163.0,255.0,100.0,22.2,57.0,4.3
2023-12-10 15:00:00,112.0,1.0,120.0,100.0,22.8,55.0,5.7
2023-12-10 16:00:00,76.0,50.0,67.0,80.0,22.2,56.0,5.3
2023-12-10 17:00:00,13.0,10.0,12.0,70.0,21.7,58.0,5.0
2023-12-10 18:00:00,0.0,0.0,0.0,50.0,21.1,59.0,4.6
2023-12-10 19:00:00,0.0,0.0,0.0,50.0,20.7,60.0,3.9
2023-12-10 20:00:00,0.0,0.0,0.0,50.0,20.4,60.0,3.3
2023-12-10 21:00:00,0.0,0.0,0.0,50.0,20.0,61.0,2.6
2023-12-10 22:00:00,0.0,0.0,0.0,60.0,19.3,67.0,2.6
2023-12-10 23:00:00,0.0,0.0,0.0,70.0,18.5,72.0,2.6
2023-12-11 00:00:00,0.0,0.0,0.0,80.0,17.8,78.0,2.6
2023-12-11 01:00:00,0.0,0.0,0.0,80.0,18.9,73.0,2.2
2023-12-11 02:00:00,0.0,0.0,0.0,90.0,20.0,68.0,1.9
2023-12-11 03:00:00,0.0,0.0,0.0,90.0,21.1,63.0,1.5
2023-12-11 04:00:00,0.0,0.0,0.0,90.0,20.2,69.0,1.9
2023-12-11 05:00:00,0.0,0.0,0.0,100.0,19.2,75.0,2.2
2023-12-11 06:00:00,0.0,0.0,0.0,100.0,18.3,81.0,2.6
2023-12-11 07:00:00,46.0,58.0,40.0,80.0,20.7,67.0,3.8
2023-12-11 08:00:00,170.0,248.0,97.0,60.0,23.2,53.0,5.0
2023-12-11 09:00:00,334.0,501.0,105.0,40.0,25.6,39.0,6.2
2023-12-11 10:00:00,547.0,797.0,78.0,40.0,25.4,42.0,5.9
2023-12-11 11:00:00,615.0,688.0,172.0,50.0,25.2,45.0,5.5
2023-12-11 12:00:00,608.0,663.0,172.0,50.0,25.0,48.0,5.2
2023-12-11 13:00:00,505.0,388.0,266.0,50.0,24.8,49.0,5.0
2023-12-11 14:00:00,357.0,372.0,164.0,60.0,24.6,51.0,4.8
2023-12-11 15:00:00,255.0,265.0,156.0,60.0,24.4,52.0,4.6
2023-12-11 16:00:00,129.0,330.0,65.0,60.0,23.7,54.0,3.6
2023-12-11 17:00:00,23.0,44.0,17.0,50.0,22.9,55.0,2.5
2023-12-11 18:00:00,0.0,0.0,0.0,50.0,22.2,57.0,1.5
2023-12-11 19:00:00,0.0,0.0,0.0,50.0,20.9,67.0,1.5
2023-12-11 20:00:00,0.0,0.0,0.0,40.0,19.6,77.0,1.5
2023-12-11 21:00:00,0.0,0.0,0.0,40.0,18.3,87.0,1.5
2023-12-11 22:00:00,0.0,0.0,0.0,30.0,18.3,87.0,1.5
2023-12-11 23:00:00,0.0,0.0,0.0,30.0,18.3,87.0,1.5
2023-12-12 00:00:00,0.0,0.0,0.0,20.0,18.3,87.0,1.5
2023-12-12 01:00:00,0.0,0.0,0.0,20.0,18.1,86.0,1.0
2023-12-12 02:00:00,0.0,0.0,0.0,10.0,18.0,85.0,0.5
2023-12-12 03:00:00,0.0,0.0,0.0,10.0,17.8,84.0,0.0
2023-12-12 04:00:00,0.0,0.0,0.0,10.0,17.2,86.0,0.3
2023-12-12 05:00:00,0.0,0.0,0.0,20.0,16.7,88.0,0.7
2023-12-12 06:00:00,0.0,0.0,0.0,20.0,16.1,90.0,1.0
2023-12-12 07:00:00,49.0,166.0,31.0,40.0,18.9,82.0,2.7
2023-12-12 08:00:00,220.0,434.0,94.0,60.0,21.6,74.0,4.5
2023-12-12 09:00:00,366.0,492.0,143.0,80.0,24.4,66.0,6.2
2023-12-12 10:00:00,395.0,306.0,219.0,80.0,24.8,65.0,6.4
2023-12-12 11:00:00,610.0,571.0,243.0,90.0,25.2,65.0,6.5
2023-12-12 12:00:00,426.0,269.0,250.0,90.0,25.6,64.0,6.7
2023-12-12 13:00:00,370.0,172.0,264.0,90.0,25.4,66.0,6.2
2023-12-12 14:00:00,267.0,69.0,231.0,100.0,25.2,67.0,5.7
2023-12-12 15:00:00,237.0,223.0,134.0,100.0,25.0,69.0,5.2
2023-12-12 16:00:00,104.0,125.0,75.0,100.0,24.4,71.0,4.7
2023-12-12 17:00:00,5.0,1.0,5.0,100.0,23.9,74.0,4.1
2023-12-12 18:00:00,0.0,0.0,0.0,100.0,23.3,76.0,3.6
2023-12-12 19:00:00,0.0,0.0,0.0,90.0,23.1,77.0,3.8
2023-12-12 20:00:00,0.0,0.0,0.0,90.0,23.0,78.0,3.9
2023-12-12 21:00:00,0.0,0.0,0.0,80.0,22.8,79.0,4.1
2023-12-12 22:00:00,0.0,0.0,0.0,80.0,22.8,79.0,4.3
2023-12-12 23:00:00,0.0,0.0,0.0,70.0,22.8,79.0,4.4
2023-12-13 00:00:00,0.0,0.0,0.0,70.0,22.8,79.0,4.6
2023-12-13 01:00:00,0.0,0.0,0.0,80.0,22.8,81.0,4.4
2023-12-13 02:00:00,0.0,0.0,0.0,80.0,22.8,82.0,4.3
2023-12-13 03:00:00,0.0,0.0,0.0,90.0,22.8,84.0,4.1
2023-12-13 04:00:00,0.0,0.0,0.0,90.0,22.8,84.0,3.8
2023-12-13 05:00:00,0.0,0.0,0.0,100.0,22.8,84.0,3.4
2023-12-13 06:00:00,0.0,0.0,0.0,100.0,22.8,84.0,3.1
2023-12-13 07:00:00,30.0,21.0,28.0,100.0,23.2,81.0,3.3
2023-12-13 08:00:00,119.0,49.0,105.0,100.0,23.5,79.0,3.4
2023-12-13 09:00:00,246.0,72.0,214.0,100.0,23.9,76.0,3.6
2023-12-13 10:00:00,431.0,295.0,259.0,90.0,25.0,69.0,4.1
2023-12-13 11:00:00,442.0,186.0,323.0,90.0,26.1,63.0,4.7
2023-12-13 12:00:00,596.0,645.0,166.0,80.0,27.2,56.0,5.2
2023-12-13 13:00:00,442.0,329.0,242.0,80.0,27.2,55.0,4.7
2023-12-13 14:00:00,273.0,130.0,208.0,80.0,27.2,55.0,4.1
2023-12-13 15:00:00,283.0,342.0,153.0,80.0,27.2,54.0,3.6
2023-12-13 16:00:00,99.0,141.0,72.0,50.0,26.1,61.0,3.3
2023-12-13 17:00:00,19.0,27.0,16.0,30.0,25.0,69.0,2.9
2023-12-13 18:00:00,0.0,0.0,0.0,0.0,23.9,76.0,2.6
2023-12-13 19:00:00,0.0,0.0,0.0,0.0,23.0,80.0,2.2
2023-12-13 20:00:00,0.0,0.0,0.0,0.0,22.0,83.0,1.9
2023-12-13 21:00:00,0.0,0.0,0.0,0.0,21.1,87.0,1.5
2023-12-13 22:00:00,0.0,0.0,0.0,0.0,20.7,89.0,1.7
2023-12-13 23:00:00,0.0,0.0,0.0,0.0,20.4,91.0,1.9
2023-12-14 00:00:00,0.0,0.0,0.0,0.0,20.0,93.0,2.1
2023-12-14 01:00:00,0.0,0.0,0.0,0.0,19.4,94.0,2.3
2023-12-14 02:00:00,0.0,0.0,0.0,0.0,18.9,96.0,2.4
2023-12-14 03:00:00,0.0,0.0,0.0,0.0,18.3,97.0,2.6
2023-12-14 04:00:00,0.0,0.0,0.0,30.0,18.3,97.0,1.7
2023-12-14 05:00:00,0.0,0.0,0.0,50.0,18.3,97.0,0.9
2023-12-14 06:00:00,0.0,0.0,0.0,80.0,18.3,97.0,0.0
2023-12-14 07:00:00,46.0,64.0,39.0,80.0,19.8,92.0,0.5
2023-12-14 08:00:00,177.0,135.0,139.0,70.0,21.3,86.0,1.0
2023-12-14 09:00:00,305.0,286.0,176.0,70.0,22.8,81.0,1.5
2023-12-14 10:00:00,571.0,631.0,182.0,70.0,24.1,73.0,1.9
2023-12-14 11:00:00,604.0,636.0,197.0,80.0,25.4,66.0,2.2
2023-12-14 12:00:00,670.0,661.0,237.0,80.0,26.7,58.0,2.6
2023-12-14 13:00:00,527.0,612.0,151.0,80.0,26.3,60.0,3.3
2023-12-14 14:00:00,342.0,267.0,204.0,80.0,26.0,62.0,3.9
2023-12-14 15:00:00,309.0,504.0,119.0,80.0,25.6,64.0,4.6
2023-12-14 16:00:00,110.0,107.0,89.0,70.0,24.8,72.0,4.3
2023-12-14 17:00:00,20.0,53.0,14.0,60.0,24.1,79.0,3.9
2023-12-14 18:00:00,0.0,0.0,0.0,50.0,23.3,87.0,3.6
2023-12-14 19:00:00,0.0,0.0,0.0,40.0,22.8,89.0,2.9
2023-12-14 20:00:00,0.0,0.0,0.0,40.0,22.2,91.0,2.2
2023-12-14 21:00:00,0.0,0.0,0.0,30.0,21.7,93.0,1.5
2023-12-14 22:00:00,0.0,0.0,0.0,30.0,21.3,94.0,1.3
2023-12-14 23:00:00,0.0,0.0,0.0,30.0,21.0,96.0,1.2
2023-12-15 00:00:00,0.0,0.0,0.0,30.0,20.6,97.0,1.0
2023-12-15 01:00:00,0.0,0.0,0.0,20.0,20.6,97.0,1.5
2023-12-15 02:00:00,0.0,0.0,0.0,20.0,20.6,97.0,2.1
2023-12-15 03:00:00,0.0,0.0,0.0,10.0,20.6,97.0,2.6
2023-12-15 04:00:00,0.0,0.0,0.0,10.0,20.6,97.0,2.1
2023-12-15 05:00:00,0.0,0.0,0.0,0.0,20.6,97.0,1.5
2023-12-15 06:00:00,0.0,0.0,0.0,0.0,20.6,97.0,1.0
2023-12-15 07:00:00,43.0,127.0,30.0,10.0,22.3,88.0,1.9
2023-12-15 08:00:00,198.0,434.0,74.0,20.0,23.9,80.0,2.7
2023-12-15 09:00:00,380.0,560.0,130.0,30.0,25.6,71.0,3.6
2023-12-15 10:00:00,443.0,461.0,181.0,50.0,26.0,69.0,4.5
2023-12-15 11:00:00,491.0,431.0,216.0,60.0,26.3,67.0,5.3
2023-12-15 12:00:00,414.0,293.0,222.0,80.0,26.7,65.0,6.2
2023-12-15 13:00:00,449.0,246.0,299.0,80.0,26.5,68.0,6.0
2023-12-15 14:00:00,318.0,181.0,224.0,80.0,26.3,71.0,5.9
2023-12-15 15:00:00,267.0,382.0,123.0,80.0,26.1,74.0,5.7
2023-12-15 16:00:00,114.0,162.0,82.0,70.0,25.4,78.0,5.0
2023-12-15 17:00:00,15.0,7.0,15.0,60.0,24.6,83.0,4.3
2023-12-15 18:00:00,0.0,0.0,0.0,50.0,23.9,87.0,3.6
2023-12-15 19:00:00,0.0,0.0,0.0,30.0,23.3,90.0,3.1
2023-12-15 20:00:00,0.0,0.0,0.0,20.0,22.8,94.0,2.6
2023-12-15 21:00:00,0.0,0.0,0.0,0.0,22.2,97.0,2.1
2023-12-15 22:00:00,0.0,0.0,0.0,10.0,22.0,97.0,1.9
2023-12-15 23:00:00,0.0,0.0,0.0,10.0,21.9,97.0,1.7
2023-12-16 00:00:00,0.0,0.0,0.0,20.0,21.7,97.0,1.5
2023-12-16 01:00:00,0.0,0.0,0.0,20.0,21.5,97.0,1.5
2023-12-16 02:00:00,0.0,0.0,0.0,20.0,21.3,97.0,1.5
2023-12-16 03:00:00,0.0,0.0,0.0,20.0,21.1,97.0,1.5
2023-12-16 04:00:00,0.0,0.0,0.0,40.0,21.1,97.0,1.7
2023-12-16 05:00:00,0.0,0.0,0.0,70.0,21.1,97.0,1.9
2023-12-16 06:00:00,0.0,0.0,0.0,90.0,21.1,97.0,2.1
2023-12-16 07:00:00,37.0,31.0,34.0,90.0,22.6,88.0,2.8
2023-12-16 08:00:00,168.0,157.0,124.0,90.0,24.1,80.0,3.4
2023-12-16 09:00:00,316.0,386.0,143.0,90.0,25.6,71.0,4.1
2023-12-16 10:00:00,543.0,701.0,144.0,90.0,26.1,67.0,4.5
2023-12-16 11:00:00,584.0,543.0,238.0,80.0,26.7,64.0,4.8
2023-12-16 12:00:00,615.0,611.0,214.0,80.0,27.2,60.0,5.2
2023-12-16 13:00:00,441.0,342.0,231.0,80.0,26.7,64.0,5.4
2023-12-16 14:00:00,318.0,202.0,213.0,80.0,26.1,67.0,5.5
2023-12-16 15:00:00,262.0,277.0,157.0,80.0,25.6,71.0,5.7
2023-12-16 16:00:00,89.0,110.0,67.0,50.0,24.7,76.0,5.0
2023-12-16 17:00:00,23.0,62.0,16.0,30.0,23.7,82.0,4.3
2023-12-16 18:00:00,0.0,0.0,0.0,0.0,22.8,87.0,3.6
2023-12-16 19:00:00,0.0,0.0,0.0,10.0,22.4,88.0,3.3
2023-12-16 20:00:00,0.0,0.0,0.0,20.0,22.1,89.0,2.9
2023-12-16 21:00:00,0.0,0.0,0.0,30.0,21.7,90.0,2.6
2023-12-16 22:00:00,0.0,0.0,0.0,20.0,21.1,91.0,2.4
2023-12-16 23:00:00,0.0,0.0,0.0,10.0,20.6,92.0,2.3
2023-12-17 00:00:00,0.0,0.0,0.0,0.0,20.0,93.0,2.1
2023-12-17 01:00:00,0.0,0.0,0.0,0.0,19.8,93.0,1.7
2023-12-17 02:00:00,0.0,0.0,0.0,0.0,19.6,93.0,1.4
2023-12-17 03:00:00,0.0,0.0,0.0,0.0,19.4,93.0,1.0
2023-12-17 04:00:00,0.0,0.0,0.0,20.0,19.2,95.0,1.2
2023-12-17 05:00:00,0.0,0.0,0.0,40.0,19.1,98.0,1.3
2023-12-17 06:00:00,0.0,0.0,0.0,60.0,18.9,100.0,1.5
2023-12-17 07:00:00,50.0,123.0,37.0,70.0,20.9,91.0,2.2
2023-12-17 08:00:00,195.0,376.0,90.0,70.0,23.0,83.0,2.9
2023-12-17 09:00:00,375.0,553.0,129.0,80.0,25.0,74.0,3.6
2023-12-17 10:00:00,391.0,165.0,298.0,80.0,25.7,69.0,3.1
2023-12-17 11:00:00,375.0,277.0,199.0,90.0,26.5,65.0,2.6
2023-12-17 12:00:00,621.0,521.0,236.0,90.0,27.2,60.0,2.1
2023-12-17 13:00:00,337.0,221.0,201.0,90.0,27.4,59.0,2.4
2023-12-17 14:00:00,458.0,499.0,199.0,80.0,27.6,57.0,2.8
2023-12-17 15:00:00,287.0,384.0,142.0,80.0,27.8,56.0,3.1
2023-12-17 16:00:00,94.0,49.0,83.0,80.0,26.7,64.0,3.1
2023-12-17 17:00:00,20.0,22.0,18.0,70.0,25.5,71.0,3.1
2023-12-17 18:00:00,0.0,0.0,0.0,70.0,24.4,79.0,3.1
2023-12-17 19:00:00,0.0,0.0,0.0,70.0,23.9,80.0,3.3
2023-12-17 20:00:00,0.0,0.0,0.0,80.0,23.3,80.0,3.4
2023-12-17 21:00:00,0.0,0.0,0.0,80.0,22.8,81.0,3.6
2023-12-17 22:00:00,0.0,0.0,0.0,50.0,22.1,84.0,2.9
2023-12-17 23:00:00,0.0,0.0,0.0,30.0,21.3,87.0,2.2
2023-12-18 00:00:00,0.0,0.0,0.0,0.0,20.6,90.0,1.5
2023-12-18 01:00:00,0.0,0.0,0.0,10.0,20.2,91.0,2.4
2023-12-18 02:00:00,0.0,0.0,0.0,20.0,19.8,92.0,3.2
2023-12-18 03:00:00,0.0,0.0,0.0,30.0,19.4,93.0,4.1
2023-12-18 04:00:00,0.0,0.0,0.0,40.0,19.4,92.0,3.6
2023-12-18 05:00:00,0.0,0.0,0.0,60.0,19.4,91.0,3.1
2023-12-18 06:00:00,0.0,0.0,0.0,70.0,19.4,90.0,2.6
2023-12-18 07:00:00,47.0,99.0,36.0,80.0,21.1,85.0,3.5
2023-12-18 08:00:00,154.0,161.0,109.0,90.0,22.7,79.0,4.3
2023-12-18 09:00:00,241.0,30.0,228.0,100.0,24.4,74.0,5.2
2023-12-18 10:00:00,358.0,158.0,267.0,100.0,24.4,75.0,5.2
2023-12-18 11:00:00,342.0,52.0,308.0,100.0,24.4,75.0,5.2
2023-12-18 12:00:00,322.0,127.0,237.0,100.0,24.4,76.0,5.2
2023-12-18 13:00:00,299.0,40.0,273.0,100.0,24.2,77.0,5.4
2023-12-18 14:00:00,364.0,266.0,223.0,100.0,24.1,78.0,5.5
2023-12-18 15:00:00,167.0,26.0,157.0,100.0,23.9,79.0,5.7
2023-12-18 16:00:00,63.0,0.0,73.0,90.0,23.5,81.0,4.7
2023-12-18 17:00:00,20.0,21.0,18.0,90.0,23.2,82.0,3.6
2023-12-18 18:00:00,0.0,0.0,0.0,80.0,22.8,84.0,2.6
2023-12-18 19:00:00,0.0,0.0,0.0,70.0,22.6,85.0,2.6
2023-12-18 20:00:00,0.0,0.0,0.0,50.0,22.4,86.0,2.6
2023-12-18 21:00:00,0.0,0.0,0.0,40.0,22.2,87.0,2.6
2023-12-18 22:00:00,0.0,0.0,0.0,40.0,21.8,90.0,2.4
2023-12-18 23:00:00,0.0,0.0,0.0,40.0,21.5,94.0,2.3
2023-12-19 00:00:00,0.0,0.0,0.0,40.0,21.1,97.0,2.1
2023-12-19 01:00:00,0.0,0.0,0.0,30.0,20.7,97.0,2.3
2023-12-19 02:00:00,0.0,0.0,0.0,20.0,20.4,97.0,2.4
2023-12-19 03:00:00,0.0,0.0,0.0,10.0,20.0,97.0,2.6
2023-12-19 04:00:00,0.0,0.0,0.0,30.0,20.6,94.0,2.8
2023-12-19 05:00:00,0.0,0.0,0.0,50.0,21.1,90.0,2.9
2023-12-19 06:00:00,0.0,0.0,0.0,70.0,21.7,87.0,3.1
2023-12-19 07:00:00,54.0,195.0,33.0,60.0,22.6,83.0,4.1
2023-12-19 08:00:00,207.0,542.0,56.0,40.0,23.5,80.0,5.2
2023-12-19 09:00:00,410.0,737.0,72.0,30.0,24.4,76.0,6.2
2023-12-19 10:00:00,387.0,311.0,225.0,30.0,25.3,70.0,6.5
2023-12-19 11:00:00,572.0,624.0,176.0,40.0,26.3,64.0,6.9
2023-12-19 12:00:00,646.0,838.0,87.0,40.0,27.2,58.0,7.2
2023-12-19 13:00:00,600.0,796.0,91.0,50.0,27.0,59.0,7.2
2023-12-19 14:00:00,457.0,643.0,124.0,60.0,26.9,59.0,7.2
2023-12-19 15:00:00,240.0,205.0,162.0,70.0,26.7,60.0,7.2
2023-12-19 16:00:00,125.0,235.0,77.0,50.0,25.4,66.0,6.0
2023-12-19 17:00:00,29.0,94.0,18.0,20.0,24.1,73.0,4.8
2023-12-19 18:00:00,0.0,0.0,0.0,0.0,22.8,79.0,3.6
2023-12-19 19:00:00,0.0,0.0,0.0,10.0,22.4,82.0,3.6
2023-12-19 20:00:00,0.0,0.0,0.0,10.0,22.1,84.0,3.6
2023-12-19 21:00:00,0.0,0.0,0.0,20.0,21.7,87.0,3.6
2023-12-19 22:00:00,0.0,0.0,0.0,20.0,22.1,87.0,4.3
2023-12-19 23:00:00,0.0,0.0,0.0,20.0,22.4,87.0,5.0
2023-12-20 00:00:00,0.0,0.0,0.0,20.0,22.8,87.0,5.7
2023-12-20 01:00:00,0.0,0.0,0.0,50.0,23.2,86.0,6.4
2023-12-20 02:00:00,0.0,0.0,0.0,70.0,23.5,85.0,7.0
2023-12-20 03:00:00,0.0,0.0,0.0,100.0,23.9,84.0,7.7
2023-12-20 04:00:00,0.0,0.0,0.0,80.0,21.9,85.0,6.2
2023-12-20 05:00:00,0.0,0.0,0.0,70.0,19.8,86.0,4.6
2023-12-20 06:00:00,0.0,0.0,0.0,50.0,17.8,87.0,3.1
2023-12-20 07:00:00,36.0,92.0,27.0,50.0,18.7,81.0,4.6
2023-12-20 08:00:00,160.0,163.0,115.0,50.0,19.7,76.0,6.2
2023-12-20 09:00:00,337.0,471.0,130.0,50.0,20.6,70.0,7.7
2023-12-20 10:00:00,549.0,729.0,104.0,60.0,20.8,68.0,7.2
2023-12-20 11:00:00,490.0,266.0,318.0,80.0,20.9,65.0,6.7
2023-12-20 12:00:00,545.0,391.0,270.0,90.0,21.1,63.0,6.2
2023-12-20 13:00:00,463.0,363.0,239.0,80.0,20.5,65.0,6.2
2023-12-20 14:00:00,312.0,176.0,221.0,60.0,20.0,68.0,6.2
2023-12-20 15:00:00,266.0,379.0,119.0,50.0,19.4,70.0,6.2
2023-12-20 16:00:00,120.0,198.0,79.0,40.0,18.3,74.0,5.0
2023-12-20 17:00:00,26.0,57.0,19.0,40.0,17.2,77.0,3.8
2023-12-20 18:00:00,0.0,0.0,0.0,30.0,16.1,81.0,2.6
2023-12-20 19:00:00,0.0,0.0,0.0,20.0,15.5,83.0,3.1
2023-12-20 20:00:00,0.0,0.0,0.0,10.0,15.0,85.0,3.6
2023-12-20 21:00:00,0.0,0.0,0.0,0.0,14.4,87.0,4.1
2023-12-20 22:00:00,0.0,0.0,0.0,0.0,13.9,88.0,3.8
2023-12-20 23:00:00,0.0,0.0,0.0,0.0,13.3,89.0,3.4
2023-12-21 00:00:00,0.0,0.0,0.0,0.0,12.8,90.0,3.1
2023-12-21 01:00:00,0.0,0.0,0.0,0.0,12.4,86.0,2.4
2023-12-21 02:00:00,0.0,0.0,0.0,0.0,12.1,81.0,1.7
2023-12-21 03:00:00,0.0,0.0,0.0,0.0,11.7,77.0,1.0
2023-12-21 04:00:00,0.0,0.0,0.0,0.0,11.1,81.0,1.4
2023-12-21 05:00:00,0.0,0.0,0.0,0.0,10.6,85.0,1.7
2023-12-21 06:00:00,0.0,0.0,0.0,0.0,10.0,89.0,2.1
2023-12-21 07:00:00,54.0,300.0,22.0,0.0,12.4,82.0,3.3
2023-12-21 08:00:00,234.0,697.0,42.0,0.0,14.8,74.0,4.5
2023-12-21 09:00:00,424.0,834.0,58.0,0.0,17.2,67.0,5.7
2023-12-21 10:00:00,572.0,895.0,69.0,0.0,18.5,60.0,6.2
2023-12-21 11:00:00,665.0,929.0,75.0,0.0,19.8,54.0,6.7
2023-12-21 12:00:00,690.0,940.0,77.0,0.0,21.1,47.0,7.2
2023-12-21 13:00:00,643.0,927.0,74.0,0.0,21.1,46.0,6.5
2023-12-21 14:00:00,527.0,876.0,70.0,10.0,21.1,46.0,5.9
2023-12-21 15:00:00,358.0,792.0,55.0,10.0,21.1,45.0,5.2
2023-12-21 16:00:00,161.0,597.0,37.0,10.0,20.0,51.0,4.5
2023-12-21 17:00:00,30.0,131.0,15.0,0.0,18.9,57.0,3.8
2023-12-21 18:00:00,0.0,0.0,0.0,0.0,17.8,63.0,3.1
2023-12-21 19:00:00,0.0,0.0,0.0,0.0,17.2,65.0,2.4
2023-12-21 20:00:00,0.0,0.0,0.0,0.0,16.7,68.0,1.7
2023-12-21 21:00:00,0.0,0.0,0.0,0.0,16.1,70.0,1.0
2023-12-21 22:00:00,0.0,0.0,0.0,0.0,15.0,75.0,1.2
2023-12-21 23:00:00,0.0,0.0,0.0,0.0,13.9,81.0,1.3
2023-12-22 00:00:00,0.0,0.0,0.0,0.0,12.8,86.0,1.5
2023-12-22 01:00:00,0.0,0.0,0.0,0.0,13.0,84.0,1.7
2023-12-22 02:00:00,0.0,0.0,0.0,0.0,13.1,82.0,1.9
2023-12-22 03:00:00,0.0,0.0,0.0,0.0,13.3,80.0,2.1
2023-12-22 04:00:00,0.0,0.0,0.0,20.0,12.8,83.0,2.6
2023-12-22 05:00:00,0.0,0.0,0.0,50.0,12.2,86.0,3.1
2023-12-22 06:00:00,0.0,0.0,0.0,70.0,11.7,89.0,3.6
2023-12-22 07:00:00,50.0,115.0,37.0,60.0,13.5,73.0,4.1
2023-12-22 08:00:00,202.0,463.0,76.0,50.0,15.4,57.0,4.7
2023-12-22 09:00:00,394.0,666.0,102.0,40.0,17.2,41.0,5.2
2023-12-22 10:00:00,528.0,798.0,81.0,30.0,18.7,38.0,5.5
2023-12-22 11:00:00,589.0,769.0,101.0,30.0,20.2,35.0,5.9
2023-12-22 12:00:00,683.0,901.0,95.0,20.0,21.7,32.0,6.2
2023-12-22 13:00:00,610.0,855.0,84.0,10.0,21.7,33.0,5.9
2023-12-22 14:00:00,524.0,860.0,75.0,10.0,21.7,34.0,5.5
2023-12-22 15:00:00,360.0,788.0,57.0,0.0,21.7,35.0,5.2
2023-12-22 16:00:00,158.0,567.0,40.0,10.0,20.0,41.0,4.5
2023-12-22 17:00:00,29.0,110.0,17.0,10.0,18.4,48.0,3.8
2023-12-22 18:00:00,0.0,0.0,0.0,20.0,16.7,54.0,3.1
2023-12-22 19:00:00,0.0,0.0,0.0,10.0,15.9,58.0,3.1
2023-12-22 20:00:00,0.0,0.0,0.0,10.0,15.2,63.0,3.1
2023-12-22 21:00:00,0.0,0.0,0.0,0.0,14.4,67.0,3.1
2023-12-22 22:00:00,0.0,0.0,0.0,0.0,14.4,69.0,3.4
2023-12-22 23:00:00,0.0,0.0,0.0,0.0,14.4,70.0,3.8
2023-12-23 00:00:00,0.0,0.0,0.0,0.0,14.4,72.0,4.1
2023-12-23 01:00:00,0.0,0.0,0.0,0.0,14.0,75.0,4.1
2023-12-23 02:00:00,0.0,0.0,0.0,0.0,13.7,77.0,4.1
2023-12-23 03:00:00,0.0,0.0,0.0,0.0,13.3,80.0,4.1
2023-12-23 04:00:00,0.0,0.0,0.0,30.0,13.3,82.0,3.8
2023-12-23 05:00:00,0.0,0.0,0.0,50.0,13.3,84.0,3.4
2023-12-23 06:00:00,0.0,0.0,0.0,80.0,13.3,86.0,3.1
2023-12-23 07:00:00,49.0,61.0,42.0,80.0,16.5,78.0,4.8
2023-12-23 08:00:00,134.0,102.0,107.0,70.0,19.6,70.0,6.5
2023-12-23 09:00:00,398.0,671.0,79.0,70.0,22.8,62.0,8.2
2023-12-23 10:00:00,384.0,281.0,266.0,80.0,22.6,59.0,8.4
2023-12-23 11:00:00,563.0,497.0,248.0,80.0,22.4,56.0,8.6
2023-12-23 12:00:00,632.0,616.0,227.0,90.0,22.2,53.0,8.8
2023-12-23 13:00:00,599.0,755.0,126.0,90.0,22.0,52.0,8.1
2023-12-23 14:00:00,492.0,664.0,125.0,100.0,21.9,52.0,7.4
2023-12-23 15:00:00,331.0,558.0,93.0,100.0,21.7,51.0,6.7
2023-12-23 16:00:00,128.0,230.0,79.0,80.0,21.3,52.0,5.8
2023-12-23 17:00:00,32.0,63.0,24.0,70.0,21.0,54.0,5.0
2023-12-23 18:00:00,0.0,0.0,0.0,50.0,20.6,55.0,4.1
2023-12-23 19:00:00,0.0,0.0,0.0,50.0,20.8,57.0,4.6
2023-12-23 20:00:00,0.0,0.0,0.0,50.0,20.9,59.0,5.2
2023-12-23 21:00:00,0.0,0.0,0.0,50.0,21.1,61.0,5.7
2023-12-23 22:00:00,0.0,0.0,0.0,50.0,20.7,63.0,5.3
2023-12-23 23:00:00,0.0,0.0,0.0,50.0,20.4,66.0,5.0
2023-12-24 00:00:00,0.0,0.0,0.0,50.0,20.0,68.0,4.6
2023-12-24 01:00:00,0.0,0.0,0.0,40.0,20.0,70.0,4.6
2023-12-24 02:00:00,0.0,0.0,0.0,40.0,20.0,71.0,4.6
2023-12-24 03:00:00,0.0,0.0,0.0,30.0,20.0,73.0,4.6
2023-12-24 04:00:00,0.0,0.0,0.0,50.0,20.0,75.0,4.1
2023-12-24 05:00:00,0.0,0.0,0.0,60.0,20.0,76.0,3.6
2023-12-24 06:00:00,0.0,0.0,0.0,80.0,20.0,78.0,3.1
2023-12-24 07:00:00,29.0,5.0,29.0,90.0,21.1,74.0,5.3
2023-12-24 08:00:00,164.0,130.0,128.0,90.0,22.2,70.0,7.6
2023-12-24 09:00:00,145.0,22.0,135.0,100.0,23.3,66.0,9.8
2023-12-24 10:00:00,450.0,402.0,228.0,90.0,23.7,63.0,9.8
2023-12-24 11:00:00,544.0,441.0,265.0,80.0,24.0,59.0,9.8
2023-12-24 12:00:00,604.0,567.0,234.0,70.0,24.4,56.0,9.8
2023-12-24 13:00:00,601.0,762.0,129.0,80.0,24.2,55.0,9.3
2023-12-24 14:00:00,484.0,693.0,113.0,90.0,24.1,55.0,8.7
2023-12-24 15:00:00,300.0,311.0,179.0,100.0,23.9,54.0,8.2
2023-12-24 16:00:00,126.0,137.0,98.0,90.0,23.0,58.0,7.2
2023-12-24 17:00:00,19.0,5.0,18.0,80.0,22.0,62.0,6.2
2023-12-24 18:00:00,0.0,0.0,0.0,70.0,21.1,66.0,5.2
2023-12-24 19:00:00,0.0,0.0,0.0,60.0,20.7,69.0,4.5
2023-12-24 20:00:00,0.0,0.0,0.0,60.0,20.4,73.0,3.8
2023-12-24 21:00:00,0.0,0.0,0.0,50.0,20.0,76.0,3.1
2023-12-24 22:00:00,0.0,0.0,0.0,30.0,20.0,74.0,3.1
2023-12-24 23:00:00,0.0,0.0,0.0,20.0,20.0,72.0,3.1
2023-12-25 00:00:00,0.0,0.0,0.0,0.0,20.0,70.0,3.1
2023-12-25 01:00:00,0.0,0.0,0.0,0.0,19.1,75.0,2.6
2023-12-25 02:00:00,0.0,0.0,0.0,0.0,18.1,79.0,2.0
2023-12-25 03:00:00,0.0,0.0,0.0,0.0,17.2,84.0,1.5
2023-12-25 04:00:00,0.0,0.0,0.0,30.0,16.7,86.0,1.7
2023-12-25 05:00:00,0.0,0.0,0.0,60.0,16.1,88.0,1.9
2023-12-25 06:00:00,0.0,0.0,0.0,90.0,15.6,90.0,2.1
2023-12-25 07:00:00,49.0,117.0,31.0,90.0,17.4,84.0,2.1
2023-12-25 08:00:00,177.0,243.0,111.0,90.0,19.3,77.0,2.1
2023-12-25 09:00:00,327.0,431.0,140.0,90.0,21.1,71.0,2.1
2023-12-25 10:00:00,446.0,490.0,172.0,80.0,22.2,67.0,2.4
2023-12-25 11:00:00,593.0,654.0,178.0,80.0,23.3,62.0,2.8
2023-12-25 12:00:00,625.0,673.0,185.0,70.0,24.4,58.0,3.1
2023-12-25 13:00:00,604.0,694.0,176.0,70.0,24.4,58.0,3.3
2023-12-25 14:00:00,509.0,666.0,158.0,80.0,24.4,58.0,3.4
2023-12-25 15:00:00,278.0,290.0,165.0,80.0,24.4,58.0,3.6
2023-12-25 16:00:00,124.0,215.0,78.0,80.0,23.5,64.0,3.3
2023-12-25 17:00:00,24.0,26.0,21.0,70.0,22.6,70.0,2.9
2023-12-25 18:00:00,0.0,0.0,0.0,70.0,21.7,76.0,2.6
2023-12-25 19:00:00,0.0,0.0,0.0,60.0,20.8,77.0,2.6
2023-12-25 20:00:00,0.0,0.0,0.0,40.0,19.8,77.0,2.6
2023-12-25 21:00:00,0.0,0.0,0.0,30.0,18.9,78.0,2.6
2023-12-25 22:00:00,0.0,0.0,0.0,50.0,19.1,78.0,2.2
2023-12-25 23:00:00,0.0,0.0,0.0,80.0,19.2,78.0,1.9
2023-12-26 00:00:00,0.0,0.0,0.0,100.0,19.4,78.0,1.5
2023-12-26 01:00:00,0.0,0.0,0.0,100.0,19.4,82.0,1.9
2023-12-26 02:00:00,0.0,0.0,0.0,100.0,19.4,86.0,2.2
2023-12-26 03:00:00,0.0,0.0,0.0,100.0,19.4,90.0,2.6
2023-12-26 04:00:00,0.0,0.0,0.0,100.0,18.7,89.0,3.5
2023-12-26 05:00:00,0.0,0.0,0.0,100.0,17.9,88.0,4.3
2023-12-26 06:00:00,0.0,0.0,0.0,100.0,17.2,87.0,5.2
2023-12-26 07:00:00,28.0,1.0,28.0,100.0,17.4,83.0,5.5
2023-12-26 08:00:00,87.0,0.0,87.0,100.0,17.6,79.0,5.9
2023-12-26 09:00:00,146.0,9.0,142.0,100.0,17.8,75.0,6.2
2023-12-26 10:00:00,416.0,353.0,218.0,70.0,18.7,70.0,5.9
2023-12-26 11:00:00,626.0,731.0,163.0,30.0,19.7,66.0,5.5
2023-12-26 12:00:00,664.0,868.0,97.0,0.0,20.6,61.0,5.2
2023-12-26 13:00:00,624.0,859.0,93.0,0.0,21.0,57.0,5.2
2023-12-26 14:00:00,510.0,810.0,83.0,0.0,21.3,53.0,5.2
2023-12-26 15:00:00,349.0,723.0,67.0,0.0,21.7,49.0,5.2
2023-12-26 16:00:00,157.0,518.0,45.0,0.0,20.4,54.0,5.2
2023-12-26 17:00:00,29.0,92.0,18.0,0.0,19.1,58.0,5.2
2023-12-26 18:00:00,0.0,0.0,0.0,0.0,17.8,63.0,5.2
2023-12-26 19:00:00,0.0,0.0,0.0,10.0,16.5,68.0,5.4
2023-12-26 20:00:00,0.0,0.0,0.0,10.0,15.2,72.0,5.5
2023-12-26 21:00:00,0.0,0.0,0.0,20.0,13.9,77.0,5.7
2023-12-26 22:00:00,0.0,0.0,0.0,10.0,13.3,80.0,4.8
2023-12-26 23:00:00,0.0,0.0,0.0,10.0,12.8,83.0,4.0
2023-12-27 00:00:00,0.0,0.0,0.0,0.0,12.2,86.0,3.1
2023-12-27 01:00:00,0.0,0.0,0.0,0.0,12.0,87.0,3.1
2023-12-27 02:00:00,0.0,0.0,0.0,0.0,11.9,88.0,3.1
2023-12-27 03:00:00,0.0,0.0,0.0,0.0,11.7,89.0,3.1
2023-12-27 04:00:00,0.0,0.0,0.0,10.0,11.5,89.0,3.1
2023-12-27 05:00:00,0.0,0.0,0.0,10.0,11.3,89.0,3.1
2023-12-27 06:00:00,0.0,0.0,0.0,20.0,11.1,89.0,3.1
2023-12-27 07:00:00,46.0,160.0,29.0,20.0,13.9,81.0,3.1
2023-12-27 08:00:00,171.0,351.0,96.0,30.0,16.6,73.0,3.1
2023-12-27 09:00:00,421.0,752.0,73.0,30.0,19.4,65.0,3.1
2023-12-27 10:00:00,577.0,814.0,92.0,40.0,20.3,60.0,4.1
2023-12-27 11:00:00,646.0,819.0,112.0,60.0,21.3,54.0,5.2
2023-12-27 12:00:00,680.0,798.0,125.0,70.0,22.2,49.0,6.2
2023-12-27 13:00:00,593.0,663.0,183.0,70.0,22.4,49.0,6.2
2023-12-27 14:00:00,453.0,520.0,178.0,70.0,22.6,48.0,6.2
2023-12-27 15:00:00,252.0,236.0,160.0,70.0,22.8,48.0,6.2
2023-12-27 16:00:00,140.0,307.0,73.0,70.0,21.9,54.0,5.2
2023-12-27 17:00:00,28.0,68.0,20.0,60.0,20.9,59.0,4.1
2023-12-27 18:00:00,0.0,0.0,0.0,60.0,20.0,65.0,3.1
2023-12-27 19:00:00,0.0,0.0,0.0,50.0,20.4,66.0,3.6
2023-12-27 20:00:00,0.0,0.0,0.0,40.0,20.7,67.0,4.1
2023-12-27 21:00:00,0.0,0.0,0.0,30.0,21.1,68.0,4.6
2023-12-27 22:00:00,0.0,0.0,0.0,30.0,19.6,73.0,4.1
2023-12-27 23:00:00,0.0,0.0,0.0,20.0,18.2,79.0,3.6
2023-12-28 00:00:00,0.0,0.0,0.0,20.0,16.7,84.0,3.1
2023-12-28 01:00:00,0.0,0.0,0.0,50.0,17.8,80.0,3.1
2023-12-28 02:00:00,0.0,0.0,0.0,70.0,18.9,77.0,3.1
2023-12-28 03:00:00,0.0,0.0,0.0,100.0,20.0,73.0,3.1
2023-12-28 04:00:00,0.0,0.0,0.0,90.0,18.5,79.0,2.8
2023-12-28 05:00:00,0.0,0.0,0.0,80.0,17.1,84.0,2.4
2023-12-28 06:00:00,0.0,0.0,0.0,70.0,15.6,90.0,2.1
2023-12-28 07:00:00,48.0,140.0,33.0,50.0,18.2,77.0,3.6
2023-12-28 08:00:00,217.0,597.0,58.0,20.0,20.7,64.0,5.2
2023-12-28 09:00:00,413.0,846.0,47.0,0.0,23.3,51.0,6.7
2023-12-28 10:00:00,502.0,711.0,106.0,20.0,23.7,53.0,7.9
2023-12-28 11:00:00,557.0,679.0,128.0,30.0,24.0,54.0,9.1
2023-12-28 12:00:00,446.0,342.0,222.0,50.0,24.4,56.0,10.3
2023-12-28 13:00:00,525.0,553.0,182.0,70.0,24.0,56.0,9.6
2023-12-28 14:00:00,293.0,171.0,203.0,80.0,23.7,57.0,8.9
2023-12-28 15:00:00,177.0,87.0,143.0,100.0,23.3,57.0,8.2
2023-12-28 16:00:00,89.0,34.0,82.0,100.0,22.9,58.0,8.2
2023-12-28 17:00:00,23.0,13.0,21.0,90.0,22.6,58.0,8.2
2023-12-28 18:00:00,0.0,0.0,0.0,90.0,22.2,59.0,8.2
2023-12-28 19:00:00,0.0,0.0,0.0,70.0,21.8,60.0,7.5
2023-12-28 20:00:00,0.0,0.0,0.0,50.0,21.5,60.0,6.9
2023-12-28 21:00:00,0.0,0.0,0.0,30.0,21.1,61.0,6.2
2023-12-28 22:00:00,0.0,0.0,0.0,40.0,21.3,61.0,6.4
2023-12-28 23:00:00,0.0,0.0,0.0,60.0,21.5,61.0,6.5
2023-12-29 00:00:00,0.0,0.0,0.0,70.0,21.7,61.0,6.7
2023-12-29 01:00:00,0.0,0.0,0.0,70.0,21.5,61.0,6.5
2023-12-29 02:00:00,0.0,0.0,0.0,70.0,21.3,61.0,6.4
2023-12-29 03:00:00,0.0,0.0,0.0,70.0,21.1,61.0,6.2
2023-12-29 04:00:00,0.0,0.0,0.0,80.0,21.3,60.0,6.0
2023-12-29 05:00:00,0.0,0.0,0.0,90.0,21.5,60.0,5.9
2023-12-29 06:00:00,0.0,0.0,0.0,100.0,21.7,59.0,5.7
2023-12-29 07:00:00,23.0,8.0,23.0,100.0,21.9,61.0,6.2
2023-12-29 08:00:00,127.0,21.0,122.0,90.0,22.0,64.0,6.7
2023-12-29 09:00:00,301.0,288.0,166.0,90.0,22.2,66.0,7.2
2023-12-29 10:00:00,351.0,92.0,299.0,90.0,22.8,63.0,6.5
2023-12-29 11:00:00,409.0,104.0,343.0,90.0,23.3,61.0,5.9
2023-12-29 12:00:00,307.0,228.0,157.0,90.0,23.9,58.0,5.2
2023-12-29 13:00:00,528.0,638.0,131.0,80.0,23.7,61.0,5.4
2023-12-29 14:00:00,270.0,123.0,210.0,60.0,23.5,63.0,5.5
2023-12-29 15:00:00,297.0,455.0,118.0,50.0,23.3,66.0,5.7
2023-12-29 16:00:00,141.0,164.0,105.0,70.0,22.6,69.0,4.8
2023-12-29 17:00:00,23.0,16.0,21.0,80.0,21.8,73.0,4.0
2023-12-29 18:00:00,0.0,0.0,0.0,100.0,21.1,76.0,3.1
2023-12-29 19:00:00,0.0,0.0,0.0,80.0,21.1,74.0,4.3
2023-12-29 20:00:00,0.0,0.0,0.0,60.0,21.1,73.0,5.5
2023-12-29 21:00:00,0.0,0.0,0.0,40.0,21.1,71.0,6.7
2023-12-29 22:00:00,0.0,0.0,0.0,50.0,20.7,75.0,6.5
2023-12-29 23:00:00,0.0,0.0,0.0,70.0,20.4,80.0,6.4
2023-12-30 00:00:00,0.0,0.0,0.0,80.0,20.0,84.0,6.2
2023-12-30 01:00:00,0.0,0.0,0.0,80.0,20.6,76.0,6.4
2023-12-30 02:00:00,0.0,0.0,0.0,80.0,21.1,67.0,6.5
2023-12-30 03:00:00,0.0,0.0,0.0,80.0,21.7,59.0,6.7
2023-12-30 04:00:00,0.0,0.0,0.0,70.0,21.5,60.0,6.7
2023-12-30 05:00:00,0.0,0.0,0.0,60.0,21.3,62.0,6.7
2023-12-30 06:00:00,0.0,0.0,0.0,50.0,21.1,63.0,6.7
2023-12-30 07:00:00,40.0,68.0,33.0,60.0,21.7,60.0,7.2
2023-12-30 08:00:00,153.0,174.0,106.0,60.0,22.2,58.0,7.7
2023-12-30 09:00:00,385.0,532.0,125.0,70.0,22.8,55.0,8.2
2023-12-30 10:00:00,368.0,285.0,209.0,60.0,23.3,53.0,8.6
2023-12-30 11:00:00,514.0,495.0,200.0,50.0,23.9,50.0,8.9
2023-12-30 12:00:00,632.0,770.0,127.0,40.0,24.4,48.0,9.3
2023-12-30 13:00:00,535.0,548.0,195.0,30.0,24.2,50.0,8.8
2023-12-30 14:00:00,495.0,677.0,134.0,30.0,24.1,53.0,8.2
2023-12-30 15:00:00,285.0,425.0,116.0,20.0,23.9,55.0,7.7
2023-12-30 16:00:00,156.0,462.0,54.0,10.0,23.3,56.0,7.0
2023-12-30 17:00:00,29.0,89.0,19.0,10.0,22.8,58.0,6.4
2023-12-30 18:00:00,0.0,0.0,0.0,0.0,22.2,59.0,5.7
2023-12-30 19:00:00,0.0,0.0,0.0,0.0,22.0,60.0,6.0
2023-12-30 20:00:00,0.0,0.0,0.0,10.0,21.9,62.0,6.4
2023-12-30 21:00:00,0.0,0.0,0.0,10.0,21.7,63.0,6.7
2023-12-30 22:00:00,0.0,0.0,0.0,10.0,21.7,66.0,6.4
2023-12-30 23:00:00,0.0,0.0,0.0,20.0,21.7,68.0,6.0
2023-12-31 00:00:00,0.0,0.0,0.0,20.0,21.7,71.0,5.7
2023-12-31 01:00:00,0.0,0.0,0.0,20.0,21.5,71.0,5.5
2023-12-31 02:00:00,0.0,0.0,0.0,20.0,21.3,71.0,5.4
2023-12-31 03:00:00,0.0,0.0,0.0,20.0,21.1,71.0,5.2
2023-12-31 04:00:00,0.0,0.0,0.0,40.0,20.9,75.0,4.8
2023-12-31 05:00:00,0.0,0.0,0.0,50.0,20.8,80.0,4.5
2023-12-31 06:00:00,0.0,0.0,0.0,70.0,20.6,84.0,4.1
2023-12-31 07:00:00,45.0,133.0,31.0,60.0,21.7,77.0,5.1
2023-12-31 08:00:00,201.0,445.0,77.0,60.0,22.8,71.0,6.2
2023-12-31 09:00:00,385.0,627.0,117.0,50.0,23.9,64.0,7.2
2023-12-31 10:00:00,547.0,781.0,113.0,50.0,24.3,63.0,7.4
2023-12-31 11:00:00,657.0,791.0,121.0,60.0,24.6,61.0,7.5
2023-12-31 12:00:00,690.0,804.0,135.0,60.0,25.0,60.0,7.7
2023-12-31 13:00:00,640.0,784.0,112.0,60.0,24.6,62.0,7.4
2023-12-31 14:00:00,450.0,340.0,270.0,50.0,24.3,64.0,7.0
2023-12-31 15:00:00,369.0,676.0,82.0,50.0,23.9,66.0,6.7
2023-12-31 16:00:00,136.0,250.0,80.0,50.0,23.3,68.0,6.7
2023-12-31 17:00:00,31.0,89.0,22.0,50.0,22.8,69.0,6.7
2023-12-31 18:00:00,0.0,0.0,0.0,50.0,22.2,71.0,6.7
2023-12-31 19:00:00,0.0,0.0,0.0,50.0,22.2,69.0,6.5
2023-12-31 20:00:00,0.0,0.0,0.0,50.0,22.2,68.0,6.4
2023-12-31 21:00:00,0.0,0.0,0.0,50.0,22.2,66.0,6.2
2023-12-31 22:00:00,0.0,0.0,0.0,50.0,22.2,67.0,6.0
2023-12-31 23:00:00,0.0,0.0,0.0,60.0,22.2,67.0,5.9
